customer_id,customer_name,email,phone,city,gender,registration_date,customer_segment
1,Ramesh Verma,ramesh.verma495@outlook.com,7239980629,Pune,Female,2019-04-16,New
2,Deepak Gupta,deepak.gupta505@rediffmail.com,9452970852,Delhi,Male,2022-06-15,Premium
3,Vihaan Kapoor,vihaan.kapoor995@outlook.com,9244739576,Kanpur,Female,2022-08-02,New
4,Priya Singh,priya.singh209@gmail.com,8786250248,Indore,Male,2022-02-01,New
5,Sanjay Joshi,sanjay.joshi872@outlook.com,8700894595,Bengaluru,Other,2020-01-30,New
6,Ayaan Kumar,ayaan.kumar661@yahoo.com,7665667552,Ludhiana,Other,2024-11-04,New
7,Isha Nair,isha.nair347@yahoo.com,7180939663,Ahmedabad,Male,2021-06-29,Premium
8,,isha.verma900@rediffmail.com,9941998493,Kanpur  ,Other,2019-11-19,VIP
9,Arjun Iyer,arjun.iyer224outlook.com,9748079890,Bhopal,Male,2024-06-04,Premium
10,Karan Agarwal,karan.agarwal583@hotmail.com,8349803208,Bengaluru,Other,2022-01-26,Regular
11,Sanjay Chopra,sanjay.chopra978@hotmail.com,8058541792,Nashik,Female,2021-02-20,VIP
12,Ayaan Chopra,ayaan.chopra290@yahoo.com,7807334384,Mumbai,Other,2019-03-06,Regular
13,Deepak Sharma,deepak.sharma271@hotmail.com,9955410256,Bhopal,Male,2022-11-05,Regular
14,Rahul Pillai,rahul.pillai85@rediffmail.com,8721894863,Mumbai,Male,2022-02-13,New
15,Amit Reddy,amit.reddy138@rediffmail.com,9398600170,Ludhiana,Male,2022-08-17,VIP
16,Ramesh Pillai,ramesh.pillai8@yahoo.com,7611923779,Bhopal,Male,2019-08-09,New
17,Myra Pillai,myra.pillai621@rediffmail.com,7961330693,Delhi,Male,2020-01-20,Premium
18,Aditya Rao,aditya.rao412@gmail.com,8089640270,Hyderabad,Other,2020-01-31,Premium
19,Sneha Reddy,sneha.reddy525@hotmail.com,7601081889,Ludhiana,Male,2019-08-11,VIP
20,Aarav Desai,aarav.desai25@yahoo.com,7731361918,Hyderabad,Male,2021-09-05,Regular
21,Riya Kumar,riya.kumar781@outlook.com,7995301101,Nashik,Male,2024-10-31,New
22,,deepak.bhatt665@hotmail.com,8000260294,Ahmed@b@d,Female,2022-05-15,VIP
23,Reyansh Reddy,reyansh.reddy167@rediffmail.com,9954306805,Kanpur,Female,2019-01-08,Premium
24,Sai Desai,sai.desai108yahoo.com,+91-7655181723,Ludhiana,Male,2023-07-28,Regular
25,Saanvi Kumar,saanvi.kumar732@gmail.com,8297924635,Bengaluru,Other,2021-05-06,VIP
26,Meera Nair,meera.nair613@gmail,9411180151,Patna,Other,2024-09-21,VIP
27,Suresh Reddy,suresh.reddy262@gmail.com,9271755306,Kolkata,Female,2022-10-06,VIP
28,Aadhya Gupta,aadhya.gupta162@gmail.com,8442027106,Agra,Other,2021-07-03,Regular
29,Aarav Singh,aarav.singh959@yahoo.com,7822545528,Pune,Male,2022-03-14,New
30,Vivaan Mehta,vivaan.mehta908@yahoo.com,9537400165,Patna,Female,2024-06-19,Regular
31,Shreya Pillai,shreya.pillai415@gmail.com,8236701314,Pune,Female,2019-08-23,Regular
32,Priya Patel,priya.patel626@hotmail.com,8106803828,Bengaluru,Female,2021-12-22,New
33,Ramesh Nair,ramesh.nair827@gmail.com,9134511774,Vadodara,Male,2024-04-10,Regular
34,Anika Pillai,anika.pillai143@hotmail.com,7650523097,Kolkata,Male,2022-03-14,New
35,Aadhya Kumar,aadhya.kumar598@outlook.com,8602057317,Patna,Other,2021-05-19,Premium
36,Priya Patel,priya.patel804@outlook.com,9506256095,Mumbai,Male,2021-11-22,New
37,Shreya Chopra,shreya.chopra268@yahoo.com,9462282950,Chennai,Male,2024-01-28,New
38,Kritika Mehta,kritika.mehta980@yahoo.com,9106104142,Vadodara,Female,2022-05-14,Regular
39,Neha Joshi,neha.joshi697@hotmail.com,7836194962,Pune,Female,2023-02-09,VIP
40,Arjun Verma,arjun.verma699@hotmail.com,9077527536,Kolkata,Other,2023-08-03,New
41,Anika Bansal,anika.bansal390@outlook.com,7233410826,Bengaluru,Female,2024-02-04,VIP
42,Nikhil Bansal,nikhil.bansal323@rediffmail.com,7026514833,Kolkata,Female,2022-05-17,VIP
43,Arjun Bhatt,arjun.bhatt871@rediffmail.com,9030986840,Chennai,Male,2021-10-16,Regular
44,Diya Singh,diya.singh20yahoo.com,8132751855,Patna,Female,2022-09-26,Regular
45,Pari Reddy,pari.reddy94@outlook,7425587239,Ahmedabad,Other,2023-09-28,New
45,Pari Reddy,pari.reddy94@outlook,7425587239,Ahmedabad,Other,2023-09-28,New
46,,vivaan.mehta817@outlook,9119237739,Patna  ,Other,2023-11-19,Premium
47,Saanvi Iyer,saanvi.iyer247@rediffmail.com,7688500303,Bhopal,Other,2021-02-26,Premium
48,Kavya Singh,kavya.singh162@yahoo,9546584095,Lucknow,Other,2021-08-26,Premium
49,Myra Rao,myra.rao203@gmail.com,8857841119,Bengaluru,Female,2024-10-04,Premium
50,Priya Malhotra,priya.malhotra548@outlook.com,+91-9901714208,Nashik,Male,2022-05-13,Regular
51,Karan Malhotra,karan.malhotra88@hotmail.com,7004281152,Indore,Male,2021-09-08,Premium
52,Manish Agarwal,manish.agarwal127@outlook.com,8811467329,Nagpur,Other,2021-04-06,Premium
53,Neha Iyer,neha.iyer347@hotmail.com,7487295525,Indore,Male,2019-01-01,Premium
54,Aarav Singh,aarav.singh41@hotmail.com,8354545956,Pune,Male,2023-08-09,Premium
55,Vihaan Reddy,vihaan.reddy833@yahoo.com,8566423850,Chennai,Female,2020-07-23,Regular
56,Shreya Rao,shreya.rao482@outlook.com,9553111500,Nashik,Male,2024-08-01,Regular
57,Ramesh Chopra,ramesh.chopra822@outlook.com,7497554591,Vadodara,Male,2024-06-05,New
58,Anika Patel,anika.patel372@yahoo.com,9907996026,Surat,Other,2022-12-31,Regular
59,Sunita Verma,sunita.verma376@yahoo.com,7261635458,Patna,Other,2024-08-11,Regular
60,Ishaan Bhatt,ishaan.bhatt852@rediffmail.com,7208195,Kolkata,Other,2024-03-09,Premium
61,Ishaan Nair,ishaan.nair823rediffmail.com,9949436387,Mumbai,Female,2020-11-08,Premium
62,Anika Joshi,anika.joshi238@yahoo.com,8917934680,Bhopal,Male,2019-10-13,New
63,Ramesh Reddy,ramesh.reddy557@yahoo.com,9332659644,Bhopal,Male,2020-08-06,Premium
64,Ayaan Joshi,ayaan.joshi189@outlook.com,7977478379,Chennai,Male,2019-10-28,VIP
65,Arjun Chopra,arjun.chopra363@gmail.com,8562798007,Nagpur,Female,2022-05-06,Premium
66,Aarav Nair,aarav.nair695@outlook.com,8993528862,Mumbai,Other,2022-08-16,New
67,Riya Bansal,riya.bansal917hotmail.com,7857154699,Jaipur,Male,2023-02-26,New
68,Divya Sharma,divya.sharma913@outlook.com,8260133022,Delhi,Female,2021-12-16,Regular
69,Reyansh Nair,reyansh.nair565@hotmail.com,7263076612,Surat,Male,2019-12-11,Regular
70,Aditya Sharma,aditya.sharma726@outlook.com,8172123953,Indore,Female,2023-05-21,New
71,Anika Pillai,anika.pillai690@gmail.com,8222507890,Agra,Male,2024-01-24,New
72,Sunita Agarwal,sunita.agarwal524@rediffmail.com,7882726208,Mumbai,Female,2023-08-24,Premium
73,Deepak Agarwal,deepak.agarwal979@rediffmail.com,7256343909,Ludhiana,Female,2022-10-11,Premium
74,Divya Pillai,divya.pillai880@outlook.com,7702619649,Mumbai,Male,2020-07-01,Regular
75,Ayaan Bhatt,ayaan.bhatt453@rediffmail.com,7175107431,Kanpur,Male,2024-09-11,New
76,Riya Rao,riya.rao411@outlook.com,7102409825,Pune,Female,2024-09-05,Regular
77,Vivaan Gupta,vivaan.gupta872@gmail.com,9379714592,Hyderabad,Other,2021-01-31,VIP
78,Ananya Mehta,ananya.mehta879@rediffmail.com,7403294168,Bhopal,Male,2020-02-07,New
79,Rohan Verma,rohan.verma238@rediffmail.com,9834281856,Patna,Female,2024-07-12,VIP
80,Reyansh Desai,reyansh.desai781@rediffmail.com,8251561279,Nagpur,Other,2020-12-30,VIP
81,Rohan Patel,rohan.patel127@rediffmail.com,7595738253,Surat,Other,2021-09-27,Regular
82,Saanvi Desai,saanvi.desai211@gmail.com,8314139040,Jaipur,Female,2019-02-06,New
83,Meera Desai,meera.desai14@yahoo.com,8313149856,Mumbai,Male,2023-10-05,Regular
84,Riya Joshi,riya.joshi439@yahoo.com,7006986255,Kanpur,Female,2020-08-03,Premium
85,Ishaan Iyer,ishaan.iyer816@hotmail.com,7489918767,Delhi,Male,2023-09-28,Premium
86,Aarav Mehta,aarav.mehta248@outlook.com,7966570307,Delhi,Other,2021-01-11,Premium
87,Sai Agarwal,sai.agarwal347@gmail.com,8418732246,Hyderabad,Other,2024-10-04,New
88,Meera Verma,meera.verma126@rediffmail.com,7048050183,Pune,Other,2021-05-08,New
89,Ramesh Gupta,ramesh.gupta925@yahoo.com,9613618455,Lucknow,Male,2019-06-05,New
90,Manish Gupta,manish.gupta87@yahoo,7341687431,Agra,Female,2022-04-10,Regular
91,Priya Nair,priya.nair69@yahoo.com,9029011530,Jaipur,Female,2020-11-29,VIP
92,Riya Reddy,riya.reddy449@rediffmail.com,9186324116,Mumbai,Male,2019-06-23,VIP
93,Kavya Kapoor,kavya.kapoor868@outlook.com,7979834837,Kanpur,Female,2024-09-21,Premium
94,Pooja Nair,pooja.nair23@hotmail.com,8208441758,Vadodara,Other,2023-03-17,VIP
95,Aditya Singh,aditya.singh329@rediffmail.com,8754751533,Jaipur,Other,2023-02-09,Regular
96,Vihaan Agarwal,vihaan.agarwal420outlook.com,9843557127,Jaipur,Female,2019-06-27,Premium
97,Deepak Rao,deepak.rao432@outlook.com,9225403502,Kolkata,Male,2023-03-15,Regular
98,,riya.rao408@hotmail.com,8066260515,Delhi  ,Other,2021-02-10,Premium
99,Anjali Mehta,anjali.mehta101@outlook.com,7379951095,Nashik,Male,2024-09-20,New
100,Saanvi Rao,saanvi.rao427@outlook.com,9315636359,Delhi,Other,2022-05-29,VIP
101,Priya Rao,priya.rao56@gmail.com,9399297862,Bhopal,Male,2022-06-26,New
102,Aarav Gupta,aarav.gupta927@gmail.com,7066874585,Vadodara,Other,2024-07-15,Regular
103,Divya Patel,divya.patel899@yahoo.com,9998944195,Ludhiana,Other,2022-09-03,Premium
104,,ayaan.agarwal428yahoo.com,8360238756,bhopal,Male,2023-03-16,Regular
105,Rohan Chopra,rohan.chopra509@gmail.com,9821224829,Lucknow,Female,2024-12-28,Premium
106,Anjali Iyer,anjali.iyer281@yahoo.com,8899375925,Chennai,Male,2020-03-12,Regular
107,Aditya Kapoor,aditya.kapoor746@hotmail.com,7280093717,Chennai,Male,2022-07-10,VIP
108,Krishna Agarwal,krishna.agarwal68@outlook.com,8910244413,Jaipur,Other,2019-01-23,Regular
109,Anika Kumar,anika.kumar972@gmail.com,9799268767,Pune,Female,2022-01-13,Premium
110,Kavya Chopra,kavya.chopra230@gmail.com,8578587095,Kanpur,Female,2023-07-22,Premium
111,Ishaan Malhotra,ishaan.malhotra484@yahoo.com,8335914451,Agra,Other,2021-06-10,VIP
112,Aarav Kumar,aarav.kumar813@outlook.com,8899224167,Indore,Male,2020-02-17,Premium
113,Pooja Nair,pooja.nair227@outlook.com,7642129327,Bhopal,Other,2024-08-25,New
114,Vivaan Patel,vivaan.patel40@rediffmail.com,7186349392,Hyderabad,Female,2019-09-25,Premium
115,Ishaan Singh,ishaan.singh832@hotmail.com,9090333144,Chennai,Female,2019-01-01,VIP
116,Anika Bansal,anika.bansal808@yahoo.com,9130151770,Delhi,Female,2023-05-10,New
117,Divya Chopra,divya.chopra320@yahoo.com,8876987426,Delhi,Other,2021-06-02,New
118,Myra Desai,myra.desai886@hotmail.com,8600472372,Kolkata,Male,2023-05-30,Regular
119,Vivaan Chopra,vivaan.chopra738@rediffmail.com,8351201404,Chennai,Male,2020-01-11,Regular
120,Kavya Sharma,kavya.sharma722@outlook.com,8861187477,Pune,Female,2021-03-29,VIP
121,Amit Chopra,amit.chopra774@hotmail.com,8907432769,Nashik,Other,2020-12-02,New
122,Riya Mehta,riya.mehta575gmail.com,8097497111,Mumbai,Female,2023-01-31,Premium
123,Sai Sharma,sai.sharma155@gmail.com,8183981246,Pune,Female,2019-07-12,Regular
124,Deepak Kumar,deepak.kumar60@hotmail.com,7619394742,Surat,Female,2022-08-25,VIP
125,Pooja Gupta,pooja.gupta821@gmail.com,9351588445,Vadodara,Female,2021-09-14,New
126,Pari Bhatt,pari.bhatt139@yahoo.com,8801425493,Hyderabad,Female,2020-03-03,Premium
127,Sneha Malhotra,sneha.malhotra918@gmail.com,7663584696,Nagpur,Male,2024-09-29,VIP
128,Ramesh Verma,ramesh.verma247@gmail.com,8825477549,Chennai,Other,2020-12-25,Premium
129,Kritika Joshi,kritika.joshi490@yahoo.com,8822835441,Mumbai,Female,2021-06-19,New
130,Suresh Chopra,suresh.chopra97@gmail.com,7643091769,Pune,Female,2022-03-20,Premium
131,Rahul Kapoor,rahul.kapoor908@gmail.com,8097826287,Chennai,Male,2020-01-04,VIP
132,Aadhya Kumar,aadhya.kumar700@hotmail.com,7581054446,Bhopal,Female,2022-07-25,Regular
133,Diya Iyer,diya.iyer761@yahoo.com,9323753577,Chennai,Male,2020-12-15,New
134,Suresh Sharma,suresh.sharma905@gmail.com,8816320963,Patna,Female,2023-06-07,Regular
134,Suresh Sharma,suresh.sharma905@gmail.com,8816320963,Patna,Female,2023-06-07,Regular
135,,pooja.sharma39@outlook.com,7335001067,K@npur,Male,2023-03-31,VIP
136,Pari Malhotra,pari.malhotra982@hotmail,7861716176,Hyderabad,Other,2024-04-07,VIP
137,Deepak Bhatt,deepak.bhatt685@outlook.com,9359761499,Ludhiana,Male,2023-06-25,Regular
138,Shreya Kapoor,shreya.kapoor639@yahoo.com,7804025030,Jaipur,Male,2023-04-11,Premium
139,Sneha Bhatt,sneha.bhatt630@outlook.com,8378652728,Mumbai,Other,2022-01-13,New
140,Ayaan Reddy,ayaan.reddy407@gmail.com,7551262480,Bhopal,Other,2020-08-09,New
141,Ayaan Patel,ayaan.patel830@yahoo.com,8041278522,Nagpur,Other,2020-08-18,New
142,Pari Bhatt,pari.bhatt188@hotmail.com,9230134045,Bhopal,Other,2020-10-15,New
143,Nikhil Chopra,nikhil.chopra166@yahoo.com,91612370,Kolkata,Male,2023-11-20,VIP
144,Divya Bansal,divya.bansal898@yahoo.com,9644136574,Patna,Female,2023-04-05,Regular
145,Suresh Gupta,suresh.gupta455@hotmail.com,9746138286,Patna,Female,2022-11-05,New
146,Shreya Gupta,shreya.gupta676@rediffmail.com,7824577497,Ahmedabad,Male,2021-11-06,Regular
147,Vivaan Singh,vivaan.singh840@hotmail.com,8607631134,Kanpur,Other,2024-02-05,New
148,Reyansh Mehta,reyansh.mehta316@gmail.com,7765962398,Lucknow,Female,2023-04-29,VIP
149,Suresh Verma,suresh.verma577@rediffmail.com,8205413374,Indore,Other,2019-11-11,Regular
150,Diya Patel,diya.patel390@gmail.com,+91-9451285631,Lucknow,Male,2023-07-09,VIP
151,Anika Singh,anika.singh479@yahoo.com,7529681345,Pune,Other,2020-02-15,VIP
152,Anjali Agarwal,anjali.agarwal10@gmail.com,7547393435,Agra,Female,2023-03-31,Regular
153,Aarav Kapoor,aarav.kapoor604@gmail.com,8573689370,Kolkata,Female,2024-04-16,Regular
154,Isha Nair,isha.nair821@rediffmail.com,9487923465,Kanpur,Other,2021-03-02,Premium
155,Isha Iyer,isha.iyer770@outlook.com,8448647485,Mumbai,Male,2022-09-14,Premium
156,Aadhya Malhotra,aadhya.malhotra920@outlook.com,8408423515,Chennai,Female,2021-10-21,Regular
157,Suresh Pillai,suresh.pillai375@outlook.com,9569482775,Jaipur,Other,2020-02-08,Premium
158,Myra Verma,myra.verma718@yahoo.com,7875750336,Kolkata,Male,2022-11-08,Regular
159,Nikhil Iyer,nikhil.iyer153@rediffmail.com,8189262439,Patna,Female,2023-06-19,Premium
160,Nikhil Sharma,nikhil.sharma913@rediffmail.com,9881739152,Ludhiana,Other,2022-07-24,VIP
161,Deepak Iyer,deepak.iyer45@hotmail.com,+91-9774548037,Kanpur,Other,2023-10-08,Premium
162,Arjun Gupta,arjun.gupta722@hotmail.com,9920877944,Agra,Female,2024-12-03,Regular
163,Ramesh Patel,ramesh.patel249@yahoo.com,7427650660,Hyderabad,Female,2019-06-23,New
164,Neha Pillai,neha.pillai149@yahoo.com,7286441317,Hyderabad,Other,2024-12-30,Premium
165,Saanvi Nair,saanvi.nair95@gmail.com,7310620177,Kolkata,Female,2022-05-20,Premium
166,Sunita Rao,sunita.rao172rediffmail.com,7351371158,Ahmedabad,Other,2019-07-14,VIP
167,Neha Kapoor,neha.kapoor587@rediffmail,8661638858,Jaipur,Female,2022-05-03,Regular
168,Rohan Iyer,rohan.iyer508@rediffmail.com,8150390204,Delhi,Male,2021-09-14,New
169,Priya Rao,priya.rao120@rediffmail.com,7159720631,Agra,Female,2020-06-17,Regular
170,Aarav Malhotra,aarav.malhotra256@rediffmail.com,7937539517,Chennai,Other,2024-10-22,VIP
171,Arjun Agarwal,arjun.agarwal20@hotmail.com,9928507158,Surat,Other,2020-09-01,VIP
172,Meera Singh,meera.singh802@rediffmail.com,9473929372,Chennai,Female,2022-06-03,New
173,Sanjay Nair,sanjay.nair925outlook.com,7285364225,Vadodara,Other,2021-04-27,Premium
174,Karan Desai,karan.desai3@outlook.com,8214131487,Surat,Female,2022-11-19,Regular
175,Kritika Iyer,kritika.iyer46hotmail.com,8481963378,Surat,Female,2020-04-25,New
176,Nikhil Desai,nikhil.desai727@outlook.com,9954449130,Kanpur,Other,2021-02-03,New
177,Riya Mehta,riya.mehta887@yahoo.com,8842918203,Patna,Male,2023-09-14,New
178,Rahul Gupta,rahul.gupta666@gmail.com,7090224418,Indore,Other,2020-09-28,VIP
179,Krishna Rao,krishna.rao457@yahoo.com,9462858365,Nashik,Female,2020-01-23,Regular
180,Anjali Iyer,anjali.iyer897@yahoo.com,9081126450,Jaipur,Other,2020-05-26,VIP
181,Ishaan Rao,ishaan.rao669@rediffmail.com,7458150586,Ludhiana,Other,2023-01-24,New
182,Arjun Kumar,arjun.kumar711@gmail.com,7008488268,Pune,Male,2020-07-22,New
183,Aarav Mehta,aarav.mehta231gmail.com,826822896,Lucknow,Female,2024-06-16,Regular
184,Krishna Bhatt,krishna.bhatt133@rediffmail.com,7507882057,Nagpur,Female,2019-04-23,New
185,Ayaan Pillai,ayaan.pillai91@gmail.com,8347178879,Ludhiana,Female,2024-06-15,Premium
186,Arjun Malhotra,arjun.malhotra522@gmail.com,8863333350,Delhi,Male,2024-12-03,New
187,Shreya Chopra,shreya.chopra745@hotmail.com,7277746017,Vadodara,Male,2024-06-23,Premium
188,Rahul Bhatt,rahul.bhatt114@hotmail.com,9556915554,Mumbai,Other,2019-09-16,New
189,Rohan Mehta,rohan.mehta107hotmail.com,8684548018,Kanpur,Male,2023-04-16,VIP
190,Vivaan Bansal,vivaan.bansal26@rediffmail.com,9050903887,Lucknow,Male,2024-12-20,VIP
191,Ishaan Gupta,ishaan.gupta461@rediffmail.com,7848574698,Kolkata,Male,2019-04-11,Regular
192,Suresh Agarwal,suresh.agarwal419@yahoo.com,8463018224,Chennai,Other,2019-01-22,Regular
193,Rahul Agarwal,rahul.agarwal62@gmail.com,9391731313,Agra,Male,2022-08-21,New
194,Priya Reddy,priya.reddy483@rediffmail.com,+91-9672811787,Pune,Other,2023-02-26,Premium
195,Deepak Pillai,deepak.pillai387@rediffmail.com,9672748198,Pune,Other,2021-08-27,Premium
196,Sanjay Joshi,sanjay.joshi448@rediffmail.com,9335511417,Bhopal,Male,2023-07-10,Regular
197,Sneha Malhotra,sneha.malhotra28@yahoo.com,8356535938,Mumbai,Male,2022-08-06,Regular
198,Kavya Sharma,kavya.sharma725@hotmail.com,9068675097,Chennai,Other,2024-03-17,VIP
199,Divya Rao,divya.rao295@gmail.com,9011708617,Hyderabad,Female,2019-02-24,New
200,Divya Joshi,divya.joshi406@yahoo.com,7590869928,Mumbai,Male,2020-12-22,Premium
201,Rohan Agarwal,rohan.agarwal881@rediffmail,8287348035,Bhopal,Other,2021-08-09,VIP
202,Karan Chopra,karan.chopra236@hotmail.com,9611114817,Bengaluru,Other,2019-05-12,Premium
203,Krishna Bhatt,krishna.bhatt233@hotmail.com,8634525727,Bhopal,Male,2022-05-23,Premium
204,Priya Kumar,priya.kumar681@hotmail.com,9850821132,Chennai,Male,2021-11-26,VIP
205,Saanvi Pillai,saanvi.pillai834@gmail.com,7526455520,Nashik,Female,2019-01-12,Premium
206,Priya Rao,priya.rao853@yahoo.com,7187810529,Nashik,Other,2023-03-29,Regular
207,Aadhya Kapoor,aadhya.kapoor78@outlook.com,8275139643,Hyderabad,Other,2023-09-02,Premium
208,Deepak Iyer,deepak.iyer816@rediffmail.com,9242283782,Ahmedabad,Female,2019-11-12,New
209,Rohan Gupta,rohan.gupta66@yahoo.com,9001999115,Indore,Other,2022-10-24,VIP
210,Sanjay Kapoor,sanjay.kapoor574@rediffmail.com,9804332967,Patna,Male,2019-10-23,New
211,Deepak Singh,deepak.singh993@outlook.com,7707758072,Surat,Male,2024-06-27,New
212,Ananya Rao,ananya.rao994@rediffmail.com,9485692708,Surat,Male,2022-12-11,VIP
213,Deepak Pillai,deepak.pillai816@hotmail.com,8235365629,Vadodara,Male,2021-08-23,VIP
214,Ishaan Desai,ishaan.desai579@hotmail,7567468534,Pune,Female,2022-01-14,Premium
215,Shreya Iyer,shreya.iyer481@yahoo.com,+91-8684111573,Patna,Female,2021-11-21,Premium
216,Krishna Verma,krishna.verma715@yahoo.com,8792374701,Pune,Other,2022-03-10,Regular
217,Sunita Verma,sunita.verma893@outlook.com,9298972702,Ludhiana,Female,2022-06-19,VIP
218,Vihaan Agarwal,vihaan.agarwal71@rediffmail.com,9724123837,Bhopal,Female,2024-10-21,New
219,Diya Nair,diya.nair978@outlook.com,9971116231,Lucknow,Male,2019-11-08,New
220,Sneha Bansal,sneha.bansal734@gmail.com,8288179751,Hyderabad,Female,2020-03-10,VIP
221,Pari Bhatt,pari.bhatt992hotmail.com,7517397133,Nashik,Male,2019-02-12,Regular
222,Diya Singh,diya.singh271@hotmail.com,7153890293,Vadodara,Other,2019-05-31,Regular
223,Diya Verma,diya.verma759@gmail.com,7686570931,Delhi,Female,2023-11-15,New
224,Sunita Malhotra,sunita.malhotra54@yahoo.com,7970208458,Bhopal,Other,2020-01-15,VIP
225,Krishna Joshi,krishna.joshi546@gmail.com,+91-8735542453,Nashik,Male,2019-04-17,VIP
226,Suresh Singh,suresh.singh165@outlook.com,8179113840,Agra,Female,2024-06-08,New
227,Sneha Bansal,sneha.bansal33@outlook.com,7605531908,Pune,Male,2019-12-24,New
228,Amit Bhatt,amit.bhatt669@gmail.com,9067809205,Bengaluru,Other,2020-11-04,Premium
229,Sai Singh,sai.singh984@rediffmail.com,8229501189,Hyderabad,Other,2022-09-04,Premium
230,Ishaan Rao,ishaan.rao918@gmail.com,8211986571,Chennai,Other,2020-08-09,New
231,Pari Kumar,pari.kumar472@yahoo.com,9483224756,Patna,Male,2021-12-30,VIP
232,Reyansh Pillai,reyansh.pillai891@yahoo.com,7096738921,Surat,Female,2020-04-15,New
233,Amit Desai,amit.desai692@gmail.com,9481527347,Nashik,Other,2021-12-31,VIP
234,Divya Mehta,divya.mehta12@outlook.com,+91-9819476887,Bengaluru,Other,2020-08-22,Regular
235,Pari Mehta,pari.mehta350gmail.com,9549831154,Hyderabad,Female,2021-09-20,VIP
236,Vihaan Bhatt,vihaan.bhatt71@yahoo.com,9664958,Agra,Male,2024-07-09,Regular
237,Rahul Joshi,rahul.joshi997rediffmail.com,9305888225,Kolkata,Other,2024-03-27,Premium
238,Arjun Agarwal,arjun.agarwal880@rediffmail.com,7478000751,Kanpur,Female,2023-02-05,Regular
239,Suresh Desai,suresh.desai839@rediffmail.com,+91-8872328816,Indore,Male,2019-07-05,Premium
240,Pooja Malhotra,pooja.malhotra774@gmail.com,8568408328,Kanpur,Male,2022-11-22,VIP
241,Kavya Malhotra,kavya.malhotra326@yahoo.com,8476543798,Indore,Female,2019-12-18,VIP
242,Ishaan Bansal,ishaan.bansal628@yahoo.com,9333272941,Indore,Other,2023-12-12,Regular
243,Priya Bansal,priya.bansal655@gmail,9154584032,Vadodara,Male,2023-03-15,New
244,Manish Sharma,manish.sharma197@yahoo.com,7949562692,Jaipur,Male,2020-05-14,VIP
245,Kritika Kapoor,kritika.kapoor848@outlook.com,8013285012,Kolkata,Female,2021-01-29,VIP
246,Vihaan Mehta,vihaan.mehta650@yahoo.com,7187518756,Indore,Other,2024-09-01,Regular
247,Meera Bansal,meera.bansal292@gmail.com,790838022,Chennai,Male,2020-04-06,New
248,Aarav Malhotra,aarav.malhotra891@rediffmail.com,8371316199,Bhopal,Male,2023-05-18,New
249,Manish Kapoor,manish.kapoor480@outlook.com,9589893470,Lucknow,Other,2019-03-05,New
250,Meera Rao,meera.rao299@rediffmail.com,9930037918,Agra,Male,2020-01-14,Premium
251,Deepak Bhatt,deepak.bhatt567@gmail.com,7186726217,Ludhiana,Female,2022-12-18,VIP
252,Sai Joshi,sai.joshi773@hotmail.com,8257372723,Pune,Female,2023-08-27,VIP
253,Neha Chopra,neha.chopra430@gmail.com,8675703548,Kolkata,Male,2020-01-12,Premium
254,Sai Joshi,sai.joshi43@yahoo.com,9524378391,Mumbai,Other,2019-12-30,New
255,Anjali Reddy,anjali.reddy542@hotmail.com,7121860478,Mumbai,Other,2022-02-11,Regular
255,Anjali Reddy,anjali.reddy542@hotmail.com,7121860478,Mumbai,Other,2022-02-11,Regular
256,,amit.singh77@rediffmail.com,+91-9272055802,DELHI,Male,2021-03-03,VIP
257,Saanvi Bansal,saanvi.bansal87@outlook.com,9571781271,Vadodara,Male,2020-11-27,Premium
258,Anika Patel,anika.patel629outlook.com,7595154853,Agra,Other,2021-12-08,Premium
259,Vivaan Nair,vivaan.nair274@hotmail.com,7078781824,Patna,Male,2020-10-23,Premium
260,Anjali Bansal,anjali.bansal754@gmail.com,7801877488,Chennai,Female,2020-06-19,VIP
261,Ayaan Chopra,ayaan.chopra73@gmail.com,7308376592,Nagpur,Other,2024-08-05,Premium
262,Neha Reddy,neha.reddy715@outlook.com,8892807463,Bengaluru,Female,2021-11-10,New
263,Aditya Kumar,aditya.kumar818@hotmail.com,9486587850,Jaipur,Female,2020-03-09,Regular
264,Myra Desai,myra.desai772@yahoo.com,8810193532,Bhopal,Other,2020-12-27,Premium
265,Priya Gupta,priya.gupta571gmail.com,7242558909,Nashik,Female,2022-04-13,VIP
266,Rohan Iyer,rohan.iyer704@yahoo.com,8814955117,Nagpur,Female,2024-02-11,Premium
267,Meera Rao,meera.rao290@outlook.com,8180325085,Bengaluru,Male,2021-06-07,Regular
268,Priya Kapoor,priya.kapoor843@yahoo.com,7121190973,Hyderabad,Female,2019-11-30,New
269,Rahul Mehta,rahul.mehta938@yahoo.com,9916247367,Nashik,Male,2019-09-07,VIP
270,Pooja Patel,pooja.patel611@hotmail.com,7844383706,Ahmedabad,Male,2024-12-04,Regular
271,Pooja Rao,pooja.rao529gmail.com,8614654537,Pune,Other,2022-06-27,VIP
272,Pooja Agarwal,pooja.agarwal789@yahoo.com,8815279675,Indore,Female,2024-08-21,VIP
273,Rahul Nair,rahul.nair58@gmail.com,8277263350,Kolkata,Other,2022-04-18,VIP
274,Sanjay Nair,sanjay.nair990@gmail.com,+91-7830146299,Pune,Other,2020-10-07,Premium
275,Arjun Verma,arjun.verma742@hotmail,8201421221,Surat,Male,2019-01-07,VIP
276,Karan Verma,karan.verma102@gmail.com,7836431220,Jaipur,Male,2019-04-09,Premium
277,Priya Bansal,priya.bansal10@rediffmail.com,7582687703,Kolkata,Female,2023-06-03,Regular
278,Kavya Patel,kavya.patel230@rediffmail.com,7183167297,Hyderabad,Male,2021-01-18,New
279,Kavya Nair,kavya.nair584@hotmail.com,7229992314,Nashik,Female,2024-06-17,VIP
280,Sai Kumar,sai.kumar14@gmail.com,7814611891,Ludhiana,Female,2024-11-28,Premium
281,Diya Mehta,diya.mehta147@rediffmail.com,9266016001,Chennai,Male,2022-05-12,VIP
282,Vivaan Joshi,vivaan.joshi197@gmail.com,9019750921,Ludhiana,Male,2023-05-28,Regular
283,Pooja Bansal,pooja.bansal724outlook.com,9464886096,Ahmedabad,Male,2023-06-23,VIP
284,Aarav Chopra,aarav.chopra729@gmail.com,9930932451,Bengaluru,Male,2022-12-06,Regular
285,Suresh Sharma,suresh.sharma194@gmail.com,7520108698,Agra,Female,2021-06-05,VIP
286,Karan Rao,karan.rao973@rediffmail.com,7319427587,Bhopal,Female,2021-09-25,Regular
287,Kavya Patel,kavya.patel411@gmail.com,7468285682,Kanpur,Male,2024-06-11,VIP
288,Deepak Bhatt,deepak.bhatt712outlook.com,+91-8297012626,Nashik,Female,2021-07-24,Premium
289,Rohan Sharma,rohan.sharma733@hotmail.com,9765056875,Lucknow,Other,2021-01-12,Premium
290,Neha Bansal,neha.bansal864@rediffmail.com,9307179687,Kanpur,Other,2020-11-18,Regular
291,Riya Pillai,riya.pillai181@outlook.com,9559503145,Agra,Male,2019-07-27,New
292,Diya Iyer,diya.iyer249@rediffmail.com,8921421702,Jaipur,Male,2022-05-26,New
293,Sneha Patel,sneha.patel52@hotmail.com,7071292600,Kolkata,Other,2024-07-14,VIP
294,Riya Agarwal,riya.agarwal551@gmail.com,7893095321,Bhopal,Female,2020-05-25,Regular
295,Pari Rao,pari.rao349@outlook.com,8864763550,Kolkata,Male,2019-02-02,Premium
296,Ishaan Agarwal,ishaan.agarwal65@rediffmail.com,7272646828,Delhi,Other,2020-01-16,New
297,Suresh Sharma,suresh.sharma133@yahoo.com,9848238707,Nashik,Male,2023-06-27,VIP
298,Ishaan Malhotra,ishaan.malhotra158@gmail.com,7466083058,Lucknow,Other,2022-07-24,New
299,Aarav Bansal,aarav.bansal539@yahoo.com,7446697253,Ahmedabad,Female,2019-04-22,VIP
300,Kritika Gupta,kritika.gupta211@outlook.com,9501352237,Agra,Female,2022-07-31,Premium
301,Anjali Gupta,anjali.gupta673@rediffmail.com,9465037907,Bhopal,Other,2024-07-31,VIP
302,Ramesh Patel,ramesh.patel56@outlook.com,9947419059,Ahmedabad,Female,2021-07-10,New
303,Suresh Kumar,suresh.kumar691@hotmail.com,9001647226,Bengaluru,Female,2020-06-25,New
304,Vivaan Kumar,vivaan.kumar939@yahoo.com,8194014550,Nashik,Female,2023-02-08,VIP
305,Sanjay Bansal,sanjay.bansal204@yahoo.com,8977427316,Kanpur,Female,2020-08-02,New
306,Karan Joshi,karan.joshi364@outlook.com,9047405057,Agra,Other,2024-05-10,Premium
307,Neha Agarwal,neha.agarwal584@rediffmail.com,8593660165,Agra,Male,2022-03-08,Regular
308,Kritika Patel,kritika.patel741@outlook.com,8769138239,Kanpur,Female,2024-02-18,New
309,Myra Reddy,myra.reddy790yahoo.com,7995493579,Hyderabad,Female,2021-07-30,Regular
310,Vivaan Joshi,vivaan.joshi662@gmail.com,8766735645,Kolkata,Other,2019-09-06,Premium
311,Shreya Joshi,shreya.joshi307@hotmail.com,9673418872,Agra,Female,2021-01-26,Regular
312,Rohan Singh,rohan.singh758@hotmail.com,7630918968,Mumbai,Other,2023-09-15,New
313,Myra Malhotra,myra.malhotra180hotmail.com,926927343,Surat,Female,2022-07-22,Premium
314,Arjun Bansal,arjun.bansal656@gmail.com,8240697120,Bengaluru,Female,2020-09-30,Regular
315,Deepak Verma,deepak.verma891@gmail.com,7795887646,Kanpur,Female,2022-10-09,New
316,Saanvi Gupta,saanvi.gupta938@outlook.com,8734199319,Pune,Other,2021-06-25,New
317,Kavya Agarwal,kavya.agarwal404@outlook.com,+91-7771683487,Vadodara,Female,2024-08-05,VIP
318,Isha Bhatt,isha.bhatt994@gmail.com,8751811917,Hyderabad,Other,2022-08-09,Premium
319,Meera Gupta,meera.gupta893@rediffmail.com,8478089033,Bengaluru,Male,2020-04-17,Premium
320,Meera Verma,meera.verma342@gmail.com,8301228575,Vadodara,Female,2023-02-05,Regular
321,Aarav Nair,aarav.nair975@rediffmail.com,9218591127,Ludhiana,Male,2022-09-16,New
322,Neha Nair,neha.nair52@rediffmail.com,7438224353,Vadodara,Male,2023-02-05,VIP
323,Ishaan Malhotra,ishaan.malhotra277@hotmail.com,7129045615,Hyderabad,Female,2020-04-22,New
324,Vivaan Chopra,vivaan.chopra199@yahoo.com,9148156636,Indore,Other,2022-11-19,VIP
325,Kavya Verma,kavya.verma641@yahoo.com,8281521494,Vadodara,Female,2019-08-10,VIP
326,Priya Kapoor,priya.kapoor905@outlook.com,88030612,Bengaluru,Female,2024-09-01,Regular
327,Sunita Gupta,sunita.gupta924@hotmail.com,8537122478,Bengaluru,Other,2023-03-06,New
328,Rahul Gupta,rahul.gupta673@yahoo.com,9878150361,Kolkata,Male,2024-10-25,New
329,Diya Bhatt,diya.bhatt406@rediffmail.com,9356097886,Nashik,Female,2022-04-09,New
330,Vihaan Malhotra,vihaan.malhotra913@gmail.com,7352145588,Lucknow,Other,2019-06-27,Premium
331,Neha Nair,neha.nair921@rediffmail.com,9046288941,Kanpur,Female,2022-10-18,VIP
332,Diya Rao,diya.rao179@outlook.com,8059718196,Agra,Other,2024-03-17,New
333,Kritika Reddy,kritika.reddy972@hotmail,8459154759,Indore,Male,2021-01-16,Premium
334,Ishaan Reddy,ishaan.reddy298yahoo.com,7976817502,Ahmedabad,Male,2020-08-30,New
335,Neha Gupta,neha.gupta990@hotmail.com,7764588414,Agra,Male,2023-07-26,New
336,Suresh Rao,suresh.rao731@gmail.com,9105432161,Pune,Female,2021-06-02,Regular
337,Kritika Kumar,kritika.kumar903@yahoo.com,7762692457,Indore,Female,2024-08-28,Premium
338,Nikhil Kapoor,nikhil.kapoor238@gmail.com,9805122143,Ludhiana,Male,2023-08-05,Premium
339,Rohan Verma,rohan.verma205@outlook,8567599342,Bhopal,Other,2024-01-31,Regular
340,Karan Pillai,karan.pillai305@gmail.com,8486766152,Bhopal,Female,2023-12-21,New
341,Anika Sharma,anika.sharma471@rediffmail.com,9880469870,Ahmedabad,Male,2022-01-15,New
342,Isha Rao,isha.rao452@yahoo.com,8061304057,Agra,Male,2021-11-20,VIP
343,Amit Iyer,amit.iyer274@rediffmail,8346610213,Lucknow,Female,2019-06-20,VIP
344,Shreya Malhotra,shreya.malhotra377@rediffmail.com,8752785852,Jaipur,Female,2024-09-15,Premium
345,Karan Patel,karan.patel90@hotmail.com,8396922104,Vadodara,Other,2022-08-05,VIP
346,Ayaan Verma,ayaan.verma337@rediffmail.com,7698405359,Ahmedabad,Male,2024-04-23,New
347,Manish Bhatt,manish.bhatt363@hotmail.com,860120777,Mumbai,Female,2019-07-14,New
348,Priya Verma,priya.verma529@hotmail.com,9361416433,Jaipur,Female,2024-04-07,Premium
349,Vivaan Kapoor,vivaan.kapoor872@gmail.com,8861181557,Bengaluru,Female,2019-05-03,Regular
350,Deepak Rao,deepak.rao856@yahoo.com,8652022908,Hyderabad,Other,2019-05-26,VIP
351,Diya Desai,diya.desai172@rediffmail.com,9671712553,Agra,Female,2021-09-12,Premium
352,Aadhya Gupta,aadhya.gupta227yahoo.com,8124860683,Bhopal,Other,2024-09-27,Regular
353,Amit Verma,amit.verma804@yahoo.com,8868272764,Kolkata,Male,2022-03-08,New
354,Anika Kumar,anika.kumar521@outlook.com,7355427078,Vadodara,Male,2021-12-06,New
355,Sanjay Malhotra,sanjay.malhotra324@outlook.com,7719643286,Ahmedabad,Female,2024-01-12,Regular
356,Divya Verma,divya.verma137@outlook.com,8586996325,Mumbai,Female,2024-03-13,New
357,Vivaan Gupta,vivaan.gupta129@hotmail.com,7078653665,Kolkata,Female,2024-10-18,Regular
358,,pooja.bansal506@hotmail.com,8679881933,surat,Female,2024-12-08,Regular
359,Sneha Bhatt,sneha.bhatt318@yahoo.com,9282612356,Kanpur,Other,2021-01-24,Premium
360,Anika Kumar,anika.kumar788@yahoo.com,7088287333,Hyderabad,Other,2021-06-12,VIP
361,Anika Joshi,anika.joshi504@outlook.com,7277243006,Nagpur,Female,2023-06-28,New
362,Ishaan Sharma,ishaan.sharma886@gmail.com,8656832164,Pune,Male,2019-08-03,Premium
363,Divya Joshi,divya.joshi233@outlook.com,7897602222,Bhopal,Male,2021-04-19,Premium
364,Ramesh Bansal,ramesh.bansal577gmail.com,9621662025,Ludhiana,Female,2020-05-29,Regular
365,Shreya Malhotra,shreya.malhotra760@rediffmail.com,8243440262,Vadodara,Male,2024-10-10,Regular
366,Pari Singh,pari.singh58@yahoo.com,8627941186,Indore,Male,2022-12-11,Premium
367,Meera Verma,meera.verma698@outlook.com,8016628794,Indore,Male,2020-04-25,New
368,Shreya Kumar,shreya.kumar800@rediffmail.com,7169855096,Pune,Other,2019-04-14,New
369,Aadhya Reddy,aadhya.reddy336@hotmail.com,7836062396,Kolkata,Other,2019-07-08,VIP
370,Nikhil Chopra,nikhil.chopra406@hotmail.com,84999547,Mumbai,Female,2020-04-26,Regular
371,Karan Desai,karan.desai672@gmail.com,8054813671,Bhopal,Male,2019-01-26,Regular
372,Suresh Joshi,suresh.joshi360@outlook.com,8142936795,Jaipur,Male,2023-03-01,VIP
373,Riya Singh,riya.singh918@yahoo.com,8964508197,Jaipur,Other,2023-12-09,VIP
374,Isha Kumar,isha.kumar725@outlook.com,9143965358,Nashik,Other,2019-05-02,Premium
375,Vivaan Patel,vivaan.patel334@rediffmail.com,7737720751,Bengaluru,Male,2021-07-16,VIP
376,Divya Patel,divya.patel341outlook.com,9183945896,Agra,Female,2022-10-18,VIP
377,Manish Patel,manish.patel73@rediffmail.com,8538118025,Bengaluru,Female,2024-12-20,New
378,Neha Joshi,neha.joshi578@hotmail.com,+91-9788951232,Delhi,Male,2023-08-30,Regular
379,Ayaan Mehta,ayaan.mehta463@hotmail.com,9649184265,Bhopal,Male,2021-10-26,New
380,Deepak Kumar,deepak.kumar326@rediffmail.com,7751335084,Chennai,Male,2021-10-16,VIP
381,Meera Malhotra,meera.malhotra571@rediffmail,8399089,Nashik,Female,2024-06-13,New
382,Sai Singh,sai.singh652@rediffmail.com,8197577934,Pune,Other,2022-05-31,VIP
383,Deepak Malhotra,deepak.malhotra443@yahoo.com,8891133,Indore,Male,2019-10-20,Regular
384,Pooja Kapoor,pooja.kapoor724@outlook.com,9528965154,Mumbai,Female,2021-09-07,VIP
385,Vivaan Gupta,vivaan.gupta399@yahoo.com,7164675002,Chennai,Male,2021-07-02,Regular
386,Myra Kapoor,myra.kapoor635@rediffmail.com,7254472013,Hyderabad,Female,2023-04-18,Premium
387,Nikhil Malhotra,nikhil.malhotra931@hotmail.com,8861448523,Bengaluru,Male,2022-04-18,VIP
388,Suresh Pillai,suresh.pillai525@hotmail.com,9525432369,Vadodara,Male,2021-06-09,New
389,Ayaan Gupta,ayaan.gupta996@yahoo.com,7083687492,Pune,Male,2019-06-04,New
390,Manish Joshi,manish.joshi848@yahoo.com,8303791915,Indore,Female,2023-01-04,VIP
391,Diya Desai,diya.desai119@hotmail.com,8478779942,Vadodara,Male,2022-03-21,New
392,Anika Sharma,anika.sharma393@outlook.com,8560620870,Lucknow,Other,2023-03-18,Premium
393,Meera Desai,meera.desai480@hotmail.com,7915162137,Kolkata,Other,2024-04-12,Premium
394,Deepak Bhatt,deepak.bhatt668@rediffmail.com,7734243196,Nagpur,Female,2023-07-10,New
395,Ramesh Chopra,ramesh.chopra231@yahoo.com,7738171289,Bengaluru,Other,2023-07-15,VIP
396,Sai Rao,sai.rao950@yahoo.com,7967568855,Nashik,Female,2023-07-15,New
397,Priya Chopra,priya.chopra581@outlook.com,7887796330,Ludhiana,Female,2023-01-17,New
398,Myra Mehta,myra.mehta811@gmail.com,8469670288,Nagpur,Female,2022-11-09,Regular
399,Sai Iyer,sai.iyer180@hotmail.com,9081148379,Hyderabad,Female,2020-01-02,New
400,Anika Bansal,anika.bansal359@outlook.com,8446809289,Ahmedabad,Other,2019-05-08,Regular
401,Ishaan Desai,ishaan.desai857@gmail,+91-7559021177,Bhopal,Female,2021-07-04,Regular
402,Sneha Chopra,sneha.chopra738@gmail.com,9244797648,Kanpur,Other,2023-08-30,Premium
403,Pooja Reddy,pooja.reddy57@outlook.com,8149944485,Indore,Male,2019-01-02,Premium
404,Pari Patel,pari.patel456hotmail.com,7191786584,Delhi,Other,2023-05-06,VIP
405,Suresh Singh,suresh.singh509@gmail.com,7701131600,Kolkata,Female,2023-11-12,New
406,Sai Joshi,sai.joshi809@outlook.com,7226380011,Kanpur,Male,2020-05-25,VIP
407,Arjun Chopra,arjun.chopra225@gmail.com,8634296502,Pune,Female,2022-11-08,Regular
408,Krishna Bansal,krishna.bansal151@gmail.com,9426933363,Nashik,Other,2021-09-25,Premium
409,Rahul Bansal,rahul.bansal264@yahoo.com,9194472010,Agra,Male,2024-08-09,Premium
410,Rahul Bansal,rahul.bansal980@gmail.com,7288247887,Patna,Male,2021-03-27,New
411,Ayaan Agarwal,ayaan.agarwal471@rediffmail.com,8583701673,Ahmedabad,Male,2021-10-06,New
412,Ananya Malhotra,ananya.malhotra775outlook.com,8925274971,Indore,Female,2020-12-09,Regular
413,Ananya Bansal,ananya.bansal514@rediffmail.com,7598310866,Nashik,Other,2024-07-27,Regular
414,Aarav Kumar,aarav.kumar422@hotmail.com,8132327391,Kanpur,Other,2019-11-15,Regular
415,Ishaan Pillai,ishaan.pillai188@outlook.com,9510074896,Kolkata,Male,2024-07-21,Premium
416,Meera Joshi,meera.joshi951@outlook.com,9187846292,Mumbai,Other,2019-03-17,VIP
417,Aditya Iyer,aditya.iyer934gmail.com,9603735421,Bhopal,Other,2024-01-20,VIP
417,Aditya Iyer,aditya.iyer934gmail.com,9603735421,Bhopal,Other,2024-01-20,VIP
418,,ayaan.malhotra198@outlook.com,9269086167,agra,Other,2022-01-31,New
419,Sneha Nair,sneha.nair764@hotmail.com,7992373476,Pune,Male,2023-04-23,Premium
420,Rohan Iyer,rohan.iyer860@gmail.com,9385450540,Chennai,Female,2023-06-25,Premium
421,Karan Nair,karan.nair908@hotmail.com,7134580394,Vadodara,Other,2023-12-23,New
422,Vivaan Sharma,vivaan.sharma190@outlook,8034022842,Chennai,Other,2024-07-20,VIP
423,Divya Kapoor,divya.kapoor612@hotmail.com,8340584805,Indore,Female,2023-11-01,Premium
424,Reyansh Verma,reyansh.verma972@gmail.com,+91-7590036703,Agra,Male,2024-01-25,Regular
425,Shreya Reddy,shreya.reddy374@yahoo.com,7515240246,Ahmedabad,Other,2020-12-10,Premium
426,Sunita Kapoor,sunita.kapoor240@gmail.com,7599453,Agra,Female,2019-07-18,Regular
427,Ayaan Iyer,ayaan.iyer682@gmail.com,9998253918,Agra,Female,2023-11-01,VIP
428,Riya Patel,riya.patel11@hotmail.com,943307095,Kanpur,Female,2019-11-19,Premium
429,Karan Verma,karan.verma318@yahoo.com,8023985407,Jaipur,Other,2020-04-24,New
430,Krishna Desai,krishna.desai547@hotmail.com,7504844787,Nashik,Other,2024-10-09,Premium
431,Nikhil Rao,nikhil.rao452@yahoo.com,7168467823,Indore,Other,2023-07-21,Premium
432,Vivaan Pillai,vivaan.pillai590@rediffmail.com,9347044395,Surat,Male,2020-04-12,Premium
433,Aarav Bhatt,aarav.bhatt249@yahoo.com,8927020442,Jaipur,Male,2019-04-03,VIP
434,Anjali Iyer,anjali.iyer338@rediffmail.com,9927205433,Jaipur,Male,2022-08-27,VIP
435,Kritika Singh,kritika.singh480@yahoo.com,9675281088,Ludhiana,Female,2023-11-02,VIP
436,Shreya Chopra,shreya.chopra824rediffmail.com,8040374066,Ahmedabad,Male,2023-11-24,New
437,Krishna Kapoor,krishna.kapoor91@hotmail.com,9054751636,Pune,Male,2021-11-14,VIP
438,Shreya Chopra,shreya.chopra970rediffmail.com,758107777,Agra,Female,2022-09-20,VIP
439,Divya Singh,divya.singh802@rediffmail.com,8290817565,Bengaluru,Female,2019-12-20,Premium
440,Sneha Verma,sneha.verma390@hotmail.com,9285805601,Vadodara,Other,2022-05-02,Premium
441,Rahul Mehta,rahul.mehta910@yahoo.com,82833823,Ahmedabad,Male,2024-05-15,VIP
442,Saanvi Reddy,saanvi.reddy53@outlook.com,8034047394,Agra,Female,2024-11-17,Regular
443,Diya Nair,diya.nair213@hotmail.com,8192318779,Kolkata,Female,2019-06-24,Premium
444,Rahul Kumar,rahul.kumar86@outlook.com,94730732,Jaipur,Female,2019-12-31,New
445,Riya Mehta,riya.mehta396gmail.com,9892364294,Kanpur,Female,2023-12-08,Premium
446,Divya Bansal,divya.bansal762@yahoo.com,8973833955,Nagpur,Other,2024-06-21,New
447,Anjali Chopra,anjali.chopra377@outlook.com,8367643480,Ahmedabad,Other,2021-11-29,VIP
448,Amit Kapoor,amit.kapoor630@rediffmail,8454366883,Mumbai,Female,2020-09-22,VIP
449,Ishaan Patel,ishaan.patel396@gmail.com,9992624098,Nashik,Female,2022-08-12,VIP
450,Karan Sharma,karan.sharma670@outlook.com,7000269446,Nagpur,Other,2024-12-17,Premium
451,Pari Mehta,pari.mehta215@gmail.com,8534404219,Bengaluru,Other,2019-02-11,VIP
452,Karan Agarwal,karan.agarwal965@yahoo.com,8979525,Ludhiana,Male,2023-12-17,Premium
453,Ishaan Reddy,ishaan.reddy835@gmail.com,9838043231,Bengaluru,Other,2021-02-05,New
454,Manish Joshi,manish.joshi346@yahoo.com,7684904517,Lucknow,Female,2021-04-05,VIP
455,Sai Iyer,sai.iyer724@outlook.com,9928318358,Mumbai,Other,2023-10-19,Premium
456,Ananya Iyer,ananya.iyer839@hotmail.com,7583532892,Hyderabad,Male,2020-04-01,Regular
456,Ananya Iyer,ananya.iyer839@hotmail.com,7583532892,Hyderabad,Male,2020-04-01,Regular
457,,rohan.malhotra674@rediffmail.com,8294664306,surat,Other,2019-12-11,New
458,Myra Desai,myra.desai693@hotmail.com,8276460696,Kanpur,Male,2020-07-11,New
459,Aarav Desai,aarav.desai650@rediffmail.com,9322774005,Hyderabad,Male,2020-06-04,Premium
459,Aarav Desai,aarav.desai650@rediffmail.com,9322774005,Hyderabad,Male,2020-06-04,Premium
460,,riya.gupta837@gmail.com,7339747035,LUDHIANA,Male,2024-07-24,Regular
461,Sai Kapoor,sai.kapoor462@yahoo.com,7844771396,Surat,Other,2019-03-21,Premium
462,Ramesh Verma,ramesh.verma331@yahoo.com,8935997565,Chennai,Other,2022-05-15,New
463,Sunita Iyer,sunita.iyer765@yahoo.com,9575101628,Jaipur,Other,2023-07-26,Regular
464,Ishaan Chopra,ishaan.chopra328outlook.com,8376521385,Ahmedabad,Female,2023-01-29,New
465,Ramesh Mehta,ramesh.mehta685@outlook.com,7706540793,Nagpur,Male,2021-06-21,Premium
466,Diya Agarwal,diya.agarwal815@hotmail.com,9148107294,Ludhiana,Female,2024-09-17,VIP
467,Ananya Nair,ananya.nair74@rediffmail.com,7920618325,Kolkata,Female,2022-11-19,Regular
468,Nikhil Iyer,nikhil.iyer242@gmail.com,7599108795,Vadodara,Female,2020-12-05,New
469,Deepak Mehta,deepak.mehta645@hotmail.com,+91-7003947841,Bhopal,Female,2023-04-21,Regular
470,Ishaan Bansal,ishaan.bansal157@rediffmail.com,8526044860,Ahmedabad,Other,2021-06-20,Premium
471,Kavya Iyer,kavya.iyer436@hotmail.com,7754395549,Delhi,Female,2020-03-08,Regular
472,,krishna.joshi324@outlook.com,9144083007,Nashik  ,Male,2021-08-10,New
473,Pooja Chopra,pooja.chopra510@outlook.com,7291688337,Surat,Female,2019-03-30,Premium
474,Pooja Nair,pooja.nair904gmail.com,9345100026,Patna,Female,2022-08-28,Regular
475,Aarav Desai,aarav.desai530@rediffmail,762473897,Jaipur,Male,2024-11-28,Regular
476,Aarav Gupta,aarav.gupta851@gmail.com,9688348384,Indore,Other,2022-12-06,Regular
477,Meera Kapoor,meera.kapoor940@rediffmail.com,7770353790,Hyderabad,Female,2021-12-31,VIP
478,Ayaan Mehta,ayaan.mehta910@hotmail.com,8548269419,Kolkata,Female,2023-10-04,Regular
479,Sneha Malhotra,sneha.malhotra124@rediffmail.com,7289965207,Nagpur,Female,2022-04-05,Premium
480,Aadhya Iyer,aadhya.iyer545@outlook.com,7605813350,Jaipur,Female,2019-02-07,New
481,Pari Desai,pari.desai931@hotmail.com,8695333782,Pune,Female,2021-10-29,Premium
482,Ananya Bansal,ananya.bansal112@yahoo.com,9415824767,Pune,Other,2021-07-05,Premium
483,Karan Nair,karan.nair732@hotmail.com,8255431040,Mumbai,Male,2024-08-18,Premium
484,Saanvi Pillai,saanvi.pillai174@gmail.com,8412239258,Vadodara,Male,2019-10-30,New
485,Rohan Rao,rohan.rao525@yahoo.com,8676739545,Mumbai,Male,2021-03-27,New
486,Reyansh Verma,reyansh.verma630@hotmail.com,9352207031,Hyderabad,Male,2022-03-17,Premium
487,Aditya Desai,aditya.desai127@outlook.com,7213842558,Lucknow,Other,2024-04-04,Regular
488,Deepak Rao,deepak.rao873@outlook.com,+91-7615371864,Patna,Male,2022-09-13,New
489,Divya Desai,divya.desai533@hotmail.com,7890028532,Chennai,Male,2020-09-18,Premium
490,Shreya Agarwal,shreya.agarwal39@rediffmail.com,8404770679,Bengaluru,Male,2019-07-11,Premium
491,Ishaan Patel,ishaan.patel473@yahoo,7965185586,Hyderabad,Female,2021-03-25,Regular
492,Nikhil Sharma,nikhil.sharma892@outlook.com,8388620626,Mumbai,Male,2019-06-10,Regular
493,Priya Malhotra,priya.malhotra646@yahoo.com,8842072226,Patna,Male,2023-02-14,Premium
494,Kritika Singh,kritika.singh257@rediffmail,7735785521,Hyderabad,Male,2020-02-05,Regular
495,Nikhil Mehta,nikhil.mehta783@outlook.com,7653273274,Vadodara,Other,2022-08-17,VIP
496,Shreya Joshi,shreya.joshi157@yahoo.com,8136980635,Patna,Female,2021-05-07,VIP
496,Shreya Joshi,shreya.joshi157@yahoo.com,8136980635,Patna,Female,2021-05-07,VIP
497,,rahul.kapoor23@outlook.com,8487108683,Surat  ,Female,2022-01-11,New
498,Anika Agarwal,anika.agarwal259@hotmail.com,7311503892,Lucknow,Female,2022-12-15,New
499,Sai Desai,sai.desai434@hotmail.com,7091284284,Bhopal,Male,2020-10-09,New
500,Meera Pillai,meera.pillai54@outlook.com,7606969420,Jaipur,Female,2019-03-29,VIP
501,Riya Iyer,riya.iyer651@hotmail.com,7457694928,Patna,Other,2019-11-10,Regular
502,Myra Iyer,myra.iyer883@outlook.com,7798001133,Bengaluru,Female,2020-10-26,New
503,Ananya Mehta,ananya.mehta502@hotmail.com,+91-7809478585,Pune,Other,2020-02-08,New
504,Manish Bansal,manish.bansal772@hotmail.com,9032933131,Bengaluru,Other,2020-03-17,Premium
505,Vivaan Bhatt,vivaan.bhatt597@gmail.com,9072106053,Hyderabad,Male,2023-01-26,Premium
506,Vihaan Nair,vihaan.nair732@yahoo.com,9720816966,Ludhiana,Female,2021-09-07,Regular
507,Sunita Pillai,sunita.pillai172@rediffmail,9772200229,Agra,Other,2022-03-11,Regular
508,Saanvi Joshi,saanvi.joshi192@yahoo.com,9399432916,Nagpur,Other,2024-03-18,Premium
509,Vivaan Kapoor,vivaan.kapoor894@rediffmail.com,9750370337,Bhopal,Male,2021-01-31,VIP
510,Arjun Bansal,arjun.bansal560@outlook.com,+91-7936072936,Chennai,Male,2024-03-22,VIP
511,Deepak Verma,deepak.verma167hotmail.com,8569657937,Jaipur,Male,2021-07-15,Premium
512,Nikhil Bansal,nikhil.bansal937@hotmail.com,8226307774,Nagpur,Male,2022-06-07,Regular
513,Kritika Malhotra,kritika.malhotra374@hotmail.com,7160776483,Vadodara,Female,2020-04-10,Premium
514,Aditya Singh,aditya.singh502@yahoo.com,9235493147,Surat,Other,2020-10-10,VIP
515,Myra Verma,myra.verma674@hotmail.com,8490988360,Ludhiana,Other,2019-02-01,New
516,Aadhya Chopra,aadhya.chopra630@yahoo.com,9271074282,Agra,Female,2024-01-20,Premium
517,Deepak Reddy,deepak.reddy553gmail.com,8317820311,Pune,Female,2020-12-09,New
518,Aadhya Bhatt,aadhya.bhatt68@outlook.com,7563404316,Ludhiana,Male,2022-01-15,Premium
519,Sunita Rao,sunita.rao600@gmail.com,7347602040,Ludhiana,Female,2022-03-31,VIP
520,Rohan Reddy,rohan.reddy424@rediffmail.com,9130759240,Lucknow,Female,2023-09-25,New
521,Suresh Pillai,suresh.pillai908@outlook.com,8709236186,Ludhiana,Male,2021-06-10,Premium
522,Anika Mehta,anika.mehta586@outlook.com,764386055,Jaipur,Female,2022-05-30,VIP
523,Manish Gupta,manish.gupta955@rediffmail,8201722504,Vadodara,Male,2019-03-05,VIP
524,Ishaan Iyer,ishaan.iyer189@gmail.com,7734052079,Kanpur,Male,2023-07-01,Regular
525,Divya Kapoor,divya.kapoor977@gmail.com,70540468,Jaipur,Male,2019-08-26,Regular
526,Pooja Chopra,pooja.chopra986@yahoo.com,7065883301,Patna,Female,2020-12-19,VIP
527,Rohan Bansal,rohan.bansal611@gmail.com,7995317968,Kanpur,Female,2024-12-01,Premium
528,Priya Verma,priya.verma20@yahoo.com,9855816017,Kolkata,Other,2022-03-15,New
529,Sai Kumar,sai.kumar471outlook.com,8644397924,Bhopal,Male,2024-11-30,VIP
530,Reyansh Desai,reyansh.desai196@gmail.com,8304772436,Hyderabad,Female,2022-08-06,Premium
531,Sunita Mehta,sunita.mehta872@rediffmail.com,9701383395,Surat,Male,2021-03-07,New
532,Meera Kumar,meera.kumar459@hotmail.com,7729442232,Chennai,Male,2024-09-25,VIP
533,Arjun Reddy,arjun.reddy977@yahoo.com,9943595967,Lucknow,Other,2019-05-14,VIP
534,Aadhya Bhatt,aadhya.bhatt873@outlook.com,8611299972,Pune,Female,2019-04-22,VIP
535,Neha Singh,neha.singh522@yahoo.com,8652045005,Bengaluru,Male,2020-10-01,New
536,Kavya Bhatt,kavya.bhatt440@hotmail.com,7441439776,Indore,Male,2023-12-11,New
537,Krishna Kumar,krishna.kumar619@outlook.com,9983097325,Kolkata,Male,2022-04-01,VIP
538,Kritika Verma,kritika.verma765yahoo.com,9608525678,Indore,Other,2023-06-10,Premium
539,Pooja Mehta,pooja.mehta960@hotmail.com,7119265042,Bengaluru,Female,2022-03-15,VIP
540,Krishna Bhatt,krishna.bhatt810@yahoo.com,8529856025,Indore,Male,2019-09-07,Premium
541,Krishna Bansal,krishna.bansal326@hotmail.com,9001243215,Lucknow,Female,2019-07-14,Premium
542,Anjali Patel,anjali.patel350@outlook.com,8978111663,Surat,Female,2024-07-01,Premium
543,Shreya Bansal,shreya.bansal402@outlook.com,8924221510,Kanpur,Female,2019-10-01,Regular
544,Ramesh Bansal,ramesh.bansal182@outlook.com,7433762186,Bhopal,Other,2023-04-16,Regular
545,Ayaan Bansal,ayaan.bansal11@gmail.com,8768939406,Surat,Other,2023-06-30,Regular
546,Ishaan Mehta,ishaan.mehta44@gmail.com,8531536890,Ludhiana,Other,2021-07-29,New
547,Reyansh Gupta,reyansh.gupta911@hotmail.com,8963563084,Surat,Female,2020-05-08,VIP
548,Vihaan Chopra,vihaan.chopra401@outlook.com,9586514108,Delhi,Other,2021-10-01,VIP
549,Sai Malhotra,sai.malhotra34@outlook.com,8709949733,Nagpur,Female,2023-07-29,Premium
550,Sai Patel,sai.patel436@outlook.com,8145661594,Delhi,Female,2024-04-15,New
551,Kavya Nair,kavya.nair596@rediffmail.com,993987507,Kanpur,Female,2024-11-10,New
552,Amit Bhatt,amit.bhatt22@gmail,7053662302,Hyderabad,Male,2022-03-02,New
553,Ayaan Bansal,ayaan.bansal364@hotmail.com,9418830810,Chennai,Male,2021-07-14,VIP
554,Neha Singh,neha.singh916@gmail.com,9450523712,Agra,Male,2021-05-25,Regular
555,Sneha Rao,sneha.rao421@rediffmail.com,9609122564,Bengaluru,Male,2021-07-10,New
556,Ayaan Nair,ayaan.nair92@yahoo,7298417127,Nagpur,Female,2023-06-18,Premium
557,Ananya Pillai,ananya.pillai460@gmail.com,9199718925,Jaipur,Female,2023-04-26,Regular
558,Aditya Bhatt,aditya.bhatt616@hotmail.com,9119006606,Bhopal,Female,2021-10-24,VIP
559,Ayaan Chopra,ayaan.chopra814@hotmail.com,7054876960,Bengaluru,Other,2021-06-20,Regular
560,Anika Agarwal,anika.agarwal76@yahoo.com,9863367737,Surat,Other,2021-07-16,VIP
561,Sanjay Iyer,sanjay.iyer795@gmail.com,7536937647,Nagpur,Other,2022-01-13,Premium
562,Vihaan Kapoor,vihaan.kapoor876@outlook.com,8670297157,Vadodara,Female,2021-06-26,New
563,Amit Iyer,amit.iyer186@outlook.com,+91-9443168322,Surat,Female,2023-01-04,Premium
564,Sunita Joshi,sunita.joshi424@hotmail.com,7833599463,Hyderabad,Male,2022-08-27,New
565,Aarav Mehta,aarav.mehta17@gmail.com,9043018914,Mumbai,Male,2023-12-01,New
566,Divya Verma,divya.verma613@outlook.com,8183156631,Bhopal,Female,2024-09-06,Premium
567,Saanvi Kumar,saanvi.kumar464@yahoo,7612916311,Bengaluru,Male,2021-05-27,New
568,Ishaan Agarwal,ishaan.agarwal238@yahoo.com,8505001085,Patna,Female,2019-08-27,Regular
569,Kavya Bhatt,kavya.bhatt497@yahoo.com,9654720626,Kolkata,Other,2020-04-06,Regular
570,Diya Joshi,diya.joshi240@yahoo.com,7317987422,Bhopal,Other,2021-02-12,Premium
570,Diya Joshi,diya.joshi240@yahoo.com,7317987422,Bhopal,Other,2021-02-12,Premium
571,,ishaan.malhotra388@rediffmail.com,9381959146, Pune ,Female,2021-04-29,New
572,Meera Singh,meera.singh488@gmail.com,9136779413,Mumbai,Male,2023-04-08,Premium
573,Diya Mehta,diya.mehta692@gmail.com,8837605901,Bhopal,Male,2024-12-22,Premium
574,Kavya Patel,kavya.patel133@outlook,7702545077,Nashik,Female,2023-01-27,VIP
575,Sunita Joshi,sunita.joshi626@rediffmail.com,7987671319,Mumbai,Female,2021-08-17,Premium
576,Myra Iyer,myra.iyer555@rediffmail,9517504355,Lucknow,Male,2022-06-04,New
577,Sai Kapoor,sai.kapoor229@hotmail.com,9330265789,Ahmedabad,Other,2024-04-11,VIP
578,Riya Sharma,riya.sharma932@rediffmail.com,9645825467,Mumbai,Female,2023-04-25,New
578,Riya Sharma,riya.sharma932@rediffmail.com,9645825467,Mumbai,Female,2023-04-25,New
579,,deepak.bansal805@rediffmail.com,8004255784,Ahmed@b@d,Female,2024-02-17,Regular
580,Deepak Rao,deepak.rao308@outlook.com,89186269,Hyderabad,Other,2019-01-07,Premium
581,Kritika Agarwal,kritika.agarwal156@gmail.com,9757880966,Kanpur,Male,2019-04-06,Premium
582,Shreya Pillai,shreya.pillai802@rediffmail.com,8748402898,Surat,Other,2021-11-01,Premium
583,Vivaan Joshi,vivaan.joshi889hotmail.com,9956271546,Vadodara,Other,2020-01-25,Regular
584,Aditya Mehta,aditya.mehta185@outlook.com,9868255100,Patna,Female,2022-03-08,VIP
585,Sneha Singh,sneha.singh987@hotmail.com,9697825800,Nagpur,Other,2023-07-13,Regular
586,Ananya Chopra,ananya.chopra645@rediffmail.com,7466824302,Vadodara,Female,2023-07-06,Premium
587,Pari Joshi,pari.joshi171@yahoo.com,9404651356,Nagpur,Male,2022-10-22,Regular
587,Pari Joshi,pari.joshi171@yahoo.com,9404651356,Nagpur,Male,2022-10-22,Regular
588,,aadhya.patel37@rediffmail.com,7365887087, Surat ,Other,2019-12-09,New
589,Ramesh Gupta,ramesh.gupta201@yahoo.com,7413719826,Bengaluru,Other,2023-10-28,Regular
590,Sunita Kumar,sunita.kumar836@rediffmail.com,9668621961,Indore,Female,2019-01-17,New
591,Ishaan Kapoor,ishaan.kapoor484@yahoo.com,8001036154,Nashik,Female,2021-10-10,Premium
592,Amit Desai,amit.desai456@hotmail.com,8598355514,Nashik,Male,2020-09-22,Premium
593,Rahul Gupta,rahul.gupta886@hotmail.com,9935852017,Kolkata,Male,2020-11-28,Regular
594,Ishaan Bansal,ishaan.bansal800@hotmail.com,8423253443,Agra,Other,2022-12-02,VIP
595,Kritika Agarwal,kritika.agarwal216@hotmail.com,7990885460,Mumbai,Male,2020-04-09,New
596,Sunita Chopra,sunita.chopra62@gmail.com,9062274086,Nashik,Male,2022-04-15,Regular
597,Kavya Bansal,kavya.bansal780@yahoo.com,8534137103,Ahmedabad,Other,2024-08-13,VIP
598,Shreya Verma,shreya.verma726@yahoo.com,9838864433,Mumbai,Female,2019-04-07,New
599,Anjali Nair,anjali.nair21@rediffmail.com,8332798504,Delhi,Other,2022-02-19,New
600,Sunita Patel,sunita.patel254@gmail.com,9207542563,Patna,Other,2021-10-29,Regular
601,Anika Agarwal,anika.agarwal618@outlook,9653595119,Kanpur,Male,2021-05-20,New
602,Rahul Agarwal,rahul.agarwal645@yahoo.com,7715771101,Delhi,Female,2021-03-27,Premium
603,Vivaan Iyer,vivaan.iyer76@yahoo.com,9358587895,Ahmedabad,Male,2019-09-22,VIP
604,Anika Bhatt,anika.bhatt950@gmail.com,8214656977,Delhi,Male,2023-08-28,VIP
605,Diya Patel,diya.patel808@gmail.com,7662426495,Vadodara,Female,2024-07-04,New
606,Diya Bansal,diya.bansal451@yahoo.com,9499641592,Lucknow,Female,2019-10-31,VIP
606,Diya Bansal,diya.bansal451@yahoo.com,9499641592,Lucknow,Female,2019-10-31,VIP
607,,vivaan.mehta736@gmail.com,7170982380,hyderabad,Female,2021-08-14,Premium
608,Deepak Joshi,deepak.joshi593@yahoo,7833388,Indore,Female,2024-07-06,New
609,Manish Mehta,manish.mehta501@yahoo.com,9680432836,Ludhiana,Other,2021-04-21,Regular
610,Meera Kapoor,meera.kapoor339@hotmail.com,+91-7003620936,Ahmedabad,Male,2023-05-11,Regular
611,Shreya Bhatt,shreya.bhatt743@yahoo.com,7512736350,Nashik,Male,2020-03-28,Premium
612,Neha Singh,neha.singh133@yahoo.com,9062021258,Delhi,Male,2020-09-02,New
613,Ramesh Gupta,ramesh.gupta860@outlook.com,8968184945,Pune,Female,2023-08-27,New
614,Divya Reddy,divya.reddy513@yahoo.com,8665872212,Pune,Female,2020-06-08,Premium
615,Nikhil Singh,nikhil.singh650@hotmail.com,7405744400,Nagpur,Male,2023-12-29,Regular
616,Manish Desai,manish.desai890@yahoo.com,7821767300,Agra,Other,2024-12-03,New
617,Rahul Joshi,rahul.joshi429@gmail.com,+91-8301759494,Jaipur,Male,2019-12-11,Regular
618,Ramesh Rao,ramesh.rao969@rediffmail.com,83145239,Chennai,Male,2024-05-25,Premium
619,Krishna Bhatt,krishna.bhatt381@gmail.com,8353852672,Lucknow,Other,2022-06-09,Premium
620,Karan Kapoor,karan.kapoor840@outlook.com,9512289759,Patna,Other,2023-10-21,VIP
621,Aditya Mehta,aditya.mehta291@outlook.com,9779752225,Nagpur,Other,2023-02-08,VIP
622,Manish Chopra,manish.chopra338@outlook.com,9378868735,Vadodara,Male,2021-08-15,Regular
623,Sneha Bhatt,sneha.bhatt554@hotmail.com,7458788985,Agra,Male,2024-01-21,New
624,Kritika Joshi,kritika.joshi865@gmail.com,7756408579,Ludhiana,Other,2024-12-18,VIP
625,Vivaan Sharma,vivaan.sharma532@gmail.com,7158024555,Bhopal,Male,2021-11-23,Regular
626,Anjali Bansal,anjali.bansal621@yahoo.com,7643615285,Surat,Female,2023-01-25,VIP
627,Kavya Joshi,kavya.joshi853@rediffmail.com,9855364022,Kanpur,Other,2020-09-28,Premium
628,Diya Bansal,diya.bansal839@hotmail.com,8267468683,Bhopal,Male,2022-04-27,Premium
629,Ramesh Bhatt,ramesh.bhatt9@hotmail.com,9377149149,Mumbai,Male,2021-03-09,VIP
630,Diya Rao,diya.rao905@outlook,9517665516,Lucknow,Female,2023-05-27,Regular
631,Divya Agarwal,divya.agarwal712@hotmail.com,8099903036,Pune,Male,2021-11-27,VIP
632,Sanjay Verma,sanjay.verma146@outlook.com,8671384695,Nagpur,Other,2019-10-07,Regular
633,Riya Gupta,riya.gupta514@gmail.com,7171583,Nashik,Other,2019-01-17,New
634,Pari Verma,pari.verma696@outlook.com,8024386450,Nashik,Male,2024-01-08,New
635,Amit Patel,amit.patel921@outlook.com,7866803821,Indore,Male,2019-08-20,Premium
636,Isha Sharma,isha.sharma918@rediffmail.com,8552487842,Mumbai,Female,2023-11-08,Regular
637,Meera Kumar,meera.kumar208@outlook.com,7598259942,Nagpur,Male,2020-12-06,Premium
638,Reyansh Desai,reyansh.desai8@hotmail.com,+91-8676398275,Bhopal,Male,2022-11-06,Premium
639,,vihaan.pillai349@outlook.com,7427181831,Jaipur  ,Male,2021-03-15,Regular
640,Amit Verma,amit.verma769@yahoo.com,9795794434,Patna,Other,2024-02-26,New
641,Reyansh Kumar,reyansh.kumar889@outlook.com,9161125256,Pune,Female,2024-02-07,New
642,Rohan Pillai,rohan.pillai517@hotmail.com,7005364258,Chennai,Other,2020-09-09,Regular
643,Sneha Sharma,sneha.sharma336@hotmail.com,9274983625,Ludhiana,Male,2023-10-27,Regular
644,Anika Bansal,anika.bansal521@hotmail.com,7898855562,Ludhiana,Male,2024-02-27,New
645,Vivaan Gupta,vivaan.gupta38@hotmail.com,9408136917,Nashik,Other,2023-12-15,VIP
646,Deepak Bhatt,deepak.bhatt586@hotmail.com,7476051718,Vadodara,Female,2023-05-24,New
647,Ramesh Bansal,ramesh.bansal864@outlook.com,8820828828,Nagpur,Other,2023-04-15,VIP
648,Aarav Reddy,aarav.reddy932@rediffmail.com,8534643743,Patna,Male,2019-10-26,Premium
649,Vihaan Sharma,vihaan.sharma65@rediffmail.com,8877001209,Agra,Other,2020-08-24,New
650,Pari Sharma,pari.sharma441@rediffmail.com,8367453604,Vadodara,Female,2021-12-19,New
651,Aarav Pillai,aarav.pillai917@yahoo.com,9342152897,Bengaluru,Other,2020-08-19,Premium
652,Kritika Mehta,kritika.mehta967@yahoo.com,9568125427,Nagpur,Other,2021-02-13,Regular
653,,riya.iyer27@yahoo.com,9085201651,vadodara,Other,2024-08-20,New
654,Myra Nair,myra.nair878@rediffmail.com,9365881856,Pune,Male,2022-05-18,New
655,Amit Gupta,amit.gupta510@gmail.com,8464208223,Kanpur,Male,2019-04-05,Premium
656,Kavya Kapoor,kavya.kapoor601@rediffmail.com,7792780410,Bengaluru,Other,2019-04-13,Premium
657,Neha Iyer,neha.iyer236@yahoo.com,9683587581,Bengaluru,Male,2023-06-20,VIP
658,Manish Desai,manish.desai819@rediffmail.com,8874662329,Patna,Female,2022-11-07,Premium
659,Aditya Desai,aditya.desai652@rediffmail.com,8325309524,Ludhiana,Other,2019-11-07,VIP
659,Aditya Desai,aditya.desai652@rediffmail.com,8325309524,Ludhiana,Other,2019-11-07,VIP
660,,rahul.chopra795@gmail.com,8997676995,Hyderabad  ,Female,2020-12-02,Premium
661,Vihaan Reddy,vihaan.reddy764@hotmail.com,7975850531,Nagpur,Other,2019-04-20,Premium
662,Aditya Reddy,aditya.reddy566@hotmail.com,8516749286,Jaipur,Other,2020-03-07,VIP
663,Aarav Desai,aarav.desai423@rediffmail.com,9494858684,Bengaluru,Other,2022-04-16,VIP
664,Divya Gupta,divya.gupta606@gmail.com,8432388158,Delhi,Other,2021-09-03,Premium
665,Neha Verma,neha.verma985@rediffmail.com,7198767326,Nagpur,Other,2019-08-07,Regular
666,Kritika Pillai,kritika.pillai792@rediffmail.com,7342232890,Ludhiana,Other,2020-05-26,VIP
667,Sunita Pillai,sunita.pillai944@yahoo.com,7479298705,Lucknow,Female,2020-11-04,New
668,Divya Iyer,divya.iyer294@yahoo.com,8673640097,Ludhiana,Male,2019-01-12,New
669,Isha Gupta,isha.gupta292@rediffmail.com,9307630013,Kanpur,Male,2020-11-16,Premium
670,Suresh Nair,suresh.nair107@outlook.com,7309852978,Pune,Other,2020-03-10,New
671,Kritika Iyer,kritika.iyer11@rediffmail.com,8632080574,Surat,Female,2023-02-21,Regular
672,Aarav Joshi,aarav.joshi815@outlook.com,9625410652,Bhopal,Other,2022-04-05,New
673,Ramesh Gupta,ramesh.gupta245@rediffmail.com,9486827635,Jaipur,Female,2023-04-13,Premium
674,Suresh Joshi,suresh.joshi97@hotmail.com,8044361869,Kolkata,Male,2021-07-19,VIP
675,Isha Bhatt,isha.bhatt752@gmail.com,9999698013,Kolkata,Female,2021-07-27,VIP
676,Saanvi Sharma,saanvi.sharma921@yahoo.com,8580582903,Kanpur,Male,2023-09-17,Regular
677,Myra Agarwal,myra.agarwal973@hotmail.com,7014800783,Kanpur,Male,2022-12-10,Regular
678,Rohan Verma,rohan.verma179@gmail.com,9190560860,Indore,Female,2019-08-21,New
679,Pooja Desai,pooja.desai13@gmail.com,+91-7826263670,Pune,Other,2019-04-19,Premium
680,Ramesh Bansal,ramesh.bansal223@hotmail.com,8810952223,Ahmedabad,Male,2022-02-11,VIP
681,Rahul Agarwal,rahul.agarwal194@gmail.com,950915858,Bhopal,Male,2022-11-07,Regular
682,Myra Gupta,myra.gupta359@hotmail.com,8894820922,Surat,Female,2023-01-12,Regular
683,Kritika Verma,kritika.verma182rediffmail.com,7507322226,Patna,Male,2023-01-01,New
684,Sneha Kumar,sneha.kumar982@hotmail.com,8970925942,Bhopal,Female,2023-08-17,New
685,Ramesh Rao,ramesh.rao917@rediffmail.com,8944885623,Bengaluru,Male,2022-05-20,VIP
686,Isha Pillai,isha.pillai144@hotmail.com,7180450948,Nashik,Female,2020-12-29,Regular
686,Isha Pillai,isha.pillai144@hotmail.com,7180450948,Nashik,Female,2020-12-29,Regular
687,,saanvi.malhotra650@gmail.com,8631867643,Kolkata  ,Male,2019-11-01,Regular
688,Pari Rao,pari.rao903hotmail.com,8721772245,Ahmedabad,Female,2022-11-10,Regular
689,,priya.nair62@gmail.com,9964997113,patna,Other,2021-05-22,Regular
690,Sai Rao,sai.rao630@hotmail.com,8057217944,Kolkata,Other,2022-02-02,Premium
691,Riya Gupta,riya.gupta760@rediffmail.com,+91-8248487956,Nagpur,Female,2021-12-31,Regular
692,Divya Kapoor,divya.kapoor343@outlook.com,9206195555,Ahmedabad,Other,2021-11-27,Premium
693,Sneha Agarwal,sneha.agarwal29@yahoo.com,8620450682,Nagpur,Female,2023-12-17,VIP
694,Suresh Bansal,suresh.bansal570@outlook,9546935974,Nashik,Other,2019-04-20,VIP
695,Krishna Verma,krishna.verma886@outlook.com,8853673018,Ahmedabad,Other,2019-10-26,Regular
696,Rohan Malhotra,rohan.malhotra505@yahoo.com,8491483381,Lucknow,Other,2024-10-02,Premium
697,Nikhil Joshi,nikhil.joshi240@rediffmail.com,7644366159,Jaipur,Male,2022-07-03,Premium
698,Kavya Chopra,kavya.chopra859@hotmail.com,7519559231,Vadodara,Female,2021-08-02,VIP
699,Aditya Chopra,aditya.chopra315@yahoo.com,9245495592,Kanpur,Female,2023-11-05,New
700,Saanvi Nair,saanvi.nair751@rediffmail.com,8315577782,Delhi,Other,2019-12-27,Regular
701,Rohan Joshi,rohan.joshi596@outlook.com,7037931147,Chennai,Other,2021-11-24,VIP
702,Meera Kapoor,meera.kapoor224@outlook.com,7968814241,Vadodara,Female,2023-08-05,VIP
703,Deepak Kumar,deepak.kumar453@gmail.com,7357551235,Jaipur,Male,2019-08-31,Regular
704,Anjali Verma,anjali.verma502outlook.com,8988320351,Pune,Male,2020-05-23,VIP
705,Reyansh Agarwal,reyansh.agarwal261@rediffmail.com,9438624192,Bhopal,Female,2022-06-14,Regular
706,Rahul Bansal,rahul.bansal37@yahoo.com,8382619857,Indore,Male,2022-05-29,New
707,Deepak Iyer,deepak.iyer322@yahoo.com,8227981087,Chennai,Female,2024-02-26,Premium
708,Pooja Gupta,pooja.gupta706gmail.com,7855444286,Mumbai,Male,2023-03-24,VIP
709,Nikhil Malhotra,nikhil.malhotra544@rediffmail.com,7086628187,Nagpur,Other,2023-09-03,Regular
709,Nikhil Malhotra,nikhil.malhotra544@rediffmail.com,7086628187,Nagpur,Other,2023-09-03,Regular
710,,diya.agarwal910@outlook.com,981633480,JAIPUR,Other,2024-09-22,New
711,Karan Patel,karan.patel398@outlook.com,9147320677,Kanpur,Female,2019-12-30,Regular
712,Kavya Chopra,kavya.chopra634@outlook.com,8717850730,Bhopal,Other,2019-06-15,VIP
713,Pari Bansal,pari.bansal771@gmail.com,9910225183,Bhopal,Male,2024-10-13,New
714,Karan Sharma,karan.sharma117gmail.com,9587876690,Bhopal,Male,2019-04-29,Regular
715,Ramesh Agarwal,ramesh.agarwal97@yahoo.com,+91-9882639677,Nashik,Other,2019-07-24,Regular
716,Diya Mehta,diya.mehta208@yahoo.com,7395376233,Ludhiana,Female,2020-11-29,Regular
717,Anika Gupta,anika.gupta72@yahoo.com,7859256333,Surat,Male,2019-05-19,VIP
718,Ramesh Joshi,ramesh.joshi788@yahoo.com,73887668,Nagpur,Male,2024-01-11,VIP
719,Priya Singh,priya.singh949@rediffmail.com,7585140315,Kolkata,Female,2021-06-07,VIP
720,Krishna Mehta,krishna.mehta246@outlook.com,9981187111,Indore,Other,2022-07-12,New
721,Anika Kapoor,anika.kapoor559@gmail.com,7852675249,Bhopal,Other,2022-04-27,VIP
722,Saanvi Patel,saanvi.patel224@gmail.com,80671417,Pune,Male,2022-05-12,Premium
723,Krishna Mehta,krishna.mehta949@yahoo.com,8208896030,Indore,Other,2022-08-20,Premium
724,Pari Iyer,pari.iyer822hotmail.com,8832677131,Nashik,Female,2020-11-25,VIP
725,Diya Nair,diya.nair827@rediffmail.com,9880036179,Chennai,Other,2021-10-09,Regular
726,Aadhya Joshi,aadhya.joshi877@rediffmail.com,9575369142,Jaipur,Male,2021-01-29,VIP
727,Aarav Mehta,aarav.mehta122@outlook.com,8778480942,Jaipur,Other,2024-02-02,New
728,Krishna Pillai,krishna.pillai673@yahoo.com,8150186760,Mumbai,Other,2021-05-24,New
729,Arjun Singh,arjun.singh703@gmail.com,8396407208,Lucknow,Female,2020-05-17,New
730,Pari Desai,pari.desai254@hotmail.com,7068785561,Kanpur,Female,2024-03-27,Premium
731,Anika Malhotra,anika.malhotra271@gmail.com,7323649631,Ludhiana,Other,2023-01-29,Regular
732,Neha Pillai,neha.pillai937@rediffmail.com,7654778527,Lucknow,Female,2022-06-11,VIP
733,Saanvi Singh,saanvi.singh376@yahoo.com,7365194564,Hyderabad,Female,2021-07-17,Premium
734,Diya Mehta,diya.mehta943@hotmail.com,9155408758,Kolkata,Other,2020-04-05,Premium
735,Shreya Reddy,shreya.reddy281@outlook,9887359855,Chennai,Male,2024-05-12,VIP
736,Anika Mehta,anika.mehta796@rediffmail.com,8538769186,Ahmedabad,Female,2020-08-26,Premium
737,Amit Desai,amit.desai662@gmail.com,7429802332,Pune,Male,2020-10-25,Premium
738,Riya Kumar,riya.kumar279@yahoo.com,8643269663,Nashik,Female,2020-10-24,VIP
739,Kavya Rao,kavya.rao943@rediffmail.com,9491969640,Nashik,Female,2020-11-12,Regular
740,Divya Patel,divya.patel493@gmail.com,7628218363,Chennai,Female,2019-04-10,New
741,Nikhil Kumar,nikhil.kumar58@outlook.com,9094898060,Patna,Female,2020-08-16,Regular
742,Diya Reddy,diya.reddy892@gmail.com,8431944476,Nashik,Female,2019-05-17,VIP
743,Vihaan Kumar,vihaan.kumar360@hotmail.com,9415665492,Kolkata,Other,2023-10-06,VIP
744,Kritika Bhatt,kritika.bhatt199@yahoo.com,+91-7648312230,Jaipur,Male,2024-11-24,Regular
745,Riya Rao,riya.rao115@outlook.com,9850370599,Surat,Male,2019-11-16,New
746,Ramesh Gupta,ramesh.gupta695@hotmail.com,7433540635,Vadodara,Female,2023-07-06,VIP
747,Aarav Reddy,aarav.reddy358@rediffmail.com,9251314470,Kolkata,Other,2022-09-03,New
748,Aditya Bhatt,aditya.bhatt597@hotmail.com,7908354233,Delhi,Female,2021-11-10,Regular
749,Ramesh Agarwal,ramesh.agarwal457@outlook.com,9934854422,Kanpur,Male,2024-02-13,Premium
750,Anjali Chopra,anjali.chopra402@yahoo.com,7170547444,Nagpur,Female,2019-02-06,Premium
751,Sneha Agarwal,sneha.agarwal940@outlook.com,9675910678,Ludhiana,Female,2020-12-18,New
752,Pooja Gupta,pooja.gupta178@gmail.com,8006032723,Delhi,Female,2020-12-04,VIP
753,Arjun Bhatt,arjun.bhatt374@rediffmail.com,7364038559,Patna,Female,2022-12-18,New
754,Neha Malhotra,neha.malhotra654@yahoo.com,8690528759,Ludhiana,Female,2022-11-10,Regular
755,Manish Singh,manish.singh112@rediffmail.com,8935408650,Surat,Other,2024-07-13,Premium
756,Meera Rao,meera.rao823@rediffmail.com,7622872439,Indore,Male,2019-01-07,New
757,Shreya Bhatt,shreya.bhatt10@rediffmail.com,7626372985,Delhi,Female,2019-01-05,New
758,Aarav Joshi,aarav.joshi287gmail.com,7604928871,Agra,Male,2021-03-23,Premium
759,Sunita Verma,sunita.verma997@gmail.com,8114624,Patna,Female,2019-06-08,VIP
760,Divya Patel,divya.patel46@hotmail,7276404170,Surat,Male,2021-06-27,VIP
761,Myra Singh,myra.singh173@rediffmail.com,9020865838,Hyderabad,Male,2024-04-08,New
762,Ayaan Desai,ayaan.desai954@rediffmail.com,7151201873,Nagpur,Other,2021-02-06,New
763,Sai Kumar,sai.kumar555@rediffmail.com,7061505848,Ahmedabad,Female,2021-04-24,VIP
764,Anjali Bhatt,anjali.bhatt858@hotmail.com,8291546183,Bhopal,Other,2023-08-02,Premium
765,Sai Desai,sai.desai411@yahoo.com,9005815088,Bengaluru,Other,2022-08-30,New
766,Divya Singh,divya.singh641@hotmail.com,9079908168,Pune,Female,2021-08-01,New
767,Kavya Nair,kavya.nair423@outlook.com,9505669563,Lucknow,Female,2021-03-21,VIP
768,Amit Desai,amit.desai147@rediffmail.com,7782097631,Ahmedabad,Other,2024-08-02,Regular
769,Aarav Malhotra,aarav.malhotra939@outlook.com,8757468896,Bengaluru,Other,2022-12-15,VIP
770,Nikhil Pillai,nikhil.pillai206@yahoo.com,7013292844,Ahmedabad,Female,2024-12-16,New
771,Rahul Desai,rahul.desai216@hotmail.com,7904714888,Ludhiana,Female,2024-10-09,Regular
772,Pari Sharma,pari.sharma888@hotmail.com,7678348510,Jaipur,Male,2023-05-23,New
773,Ramesh Gupta,ramesh.gupta152@hotmail.com,8098156194,Ludhiana,Male,2020-07-12,VIP
774,Priya Chopra,priya.chopra56@gmail.com,8716215179,Patna,Other,2022-10-18,Regular
775,Deepak Joshi,deepak.joshi965@yahoo.com,9387405611,Ahmedabad,Female,2022-06-22,Premium
776,Pari Sharma,pari.sharma986@gmail.com,7909704376,Chennai,Male,2019-03-23,Premium
777,Saanvi Iyer,saanvi.iyer595@hotmail,8985524578,Delhi,Other,2021-08-08,VIP
778,Kavya Chopra,kavya.chopra851@rediffmail.com,9157916115,Nashik,Other,2022-01-06,VIP
779,Rahul Malhotra,rahul.malhotra690@outlook.com,7480145308,Patna,Other,2022-06-10,New
780,Sanjay Rao,sanjay.rao846@hotmail.com,8911508307,Nashik,Other,2024-03-18,New
781,Ramesh Malhotra,ramesh.malhotra208@hotmail.com,9990822049,Bengaluru,Other,2022-03-12,Premium
782,Neha Pillai,neha.pillai650@rediffmail.com,9377228763,Nagpur,Female,2020-05-13,Premium
783,Shreya Reddy,shreya.reddy772@hotmail.com,8744228176,Surat,Male,2021-05-18,New
784,Ayaan Nair,ayaan.nair946@yahoo.com,7644349020,Surat,Other,2020-06-18,Regular
785,Rahul Chopra,rahul.chopra188@rediffmail.com,8798045717,Indore,Male,2024-06-04,Premium
786,Priya Patel,priya.patel116@gmail.com,7265962094,Ahmedabad,Male,2022-03-29,New
787,Deepak Kumar,deepak.kumar853@hotmail.com,8784304381,Bengaluru,Female,2023-12-29,New
788,Sunita Bansal,sunita.bansal257@yahoo.com,8506819426,Lucknow,Female,2023-11-07,VIP
789,Amit Reddy,amit.reddy144@rediffmail.com,7642243407,Nagpur,Male,2019-10-15,Regular
790,Arjun Kumar,arjun.kumar101@yahoo.com,8121313329,Hyderabad,Other,2023-11-06,VIP
791,Aadhya Chopra,aadhya.chopra976@gmail.com,8819674419,Nagpur,Other,2021-05-16,VIP
792,Sai Nair,sai.nair369@rediffmail.com,8049589345,Jaipur,Other,2024-08-11,New
793,Priya Pillai,priya.pillai151@hotmail.com,9159892497,Nagpur,Other,2022-10-14,Premium
794,Priya Gupta,priya.gupta200@hotmail.com,9975967585,Nagpur,Female,2020-05-03,VIP
795,,saanvi.sharma217@yahoo.com,7010683854,Delhi,Male,2022-11-16,VIP
796,Vivaan Reddy,vivaan.reddy816@gmail.com,7960171164,Delhi,Other,2021-02-04,Premium
797,Amit Desai,amit.desai125@yahoo.com,8817416378,Pune,Female,2022-04-05,VIP
798,Priya Rao,priya.rao158@hotmail.com,7907859744,Nashik,Male,2022-06-03,New
799,Karan Kumar,karan.kumar966@rediffmail.com,7045137508,Ahmedabad,Female,2021-12-23,Regular
800,Pooja Chopra,pooja.chopra900@yahoo.com,9486824602,Agra,Male,2020-01-08,Premium
801,Krishna Rao,krishna.rao432@yahoo.com,8639675717,Hyderabad,Female,2024-09-27,Premium
802,Vivaan Nair,vivaan.nair323@gmail.com,9086120850,Bhopal,Other,2020-07-21,Regular
803,Meera Mehta,meera.mehta629@outlook.com,9217415288,Mumbai,Other,2019-03-25,Regular
804,Arjun Reddy,arjun.reddy631@rediffmail.com,7307012,Nagpur,Other,2023-10-29,VIP
805,Ananya Gupta,ananya.gupta874@gmail.com,8655899119,Ludhiana,Other,2021-07-13,Premium
806,Isha Iyer,isha.iyer190@gmail.com,7899167906,Patna,Other,2020-12-26,VIP
807,Arjun Malhotra,arjun.malhotra149@outlook.com,7458362078,Delhi,Female,2023-01-05,Regular
808,Arjun Desai,arjun.desai838@outlook.com,8608033106,Nashik,Male,2023-04-08,Regular
809,Aarav Agarwal,aarav.agarwal763@rediffmail.com,8390517127,Ahmedabad,Male,2020-09-27,VIP
810,Anjali Iyer,anjali.iyer743@gmail.com,9581273128,Jaipur,Male,2019-06-07,Premium
811,Saanvi Chopra,saanvi.chopra981@gmail.com,7757748003,Ahmedabad,Other,2021-02-16,Regular
812,Sanjay Kumar,sanjay.kumar161@hotmail.com,8804324455,Nashik,Male,2023-06-12,New
813,Ishaan Rao,ishaan.rao985@yahoo.com,8427316468,Nagpur,Male,2019-10-10,New
814,Arjun Bhatt,arjun.bhatt680@outlook.com,9801235241,Indore,Female,2021-03-20,VIP
815,Vivaan Sharma,vivaan.sharma840@gmail.com,79727097,Patna,Other,2024-08-14,Premium
816,Sunita Gupta,sunita.gupta581@rediffmail.com,9585918774,Agra,Female,2019-05-14,Regular
817,Aditya Mehta,aditya.mehta238@rediffmail.com,8143110020,Lucknow,Female,2020-05-23,VIP
818,Sunita Nair,sunita.nair201@outlook.com,9388437026,Ludhiana,Other,2022-10-04,VIP
819,Divya Kumar,divya.kumar923@gmail.com,7494495942,Nashik,Female,2019-11-30,New
820,Neha Bansal,neha.bansal334@gmail.com,8290477542,Indore,Other,2020-08-14,New
821,Amit Rao,amit.rao134@yahoo.com,9000598559,Kolkata,Female,2019-10-05,VIP
822,Suresh Verma,suresh.verma398@hotmail.com,9089053737,Surat,Female,2019-11-10,Premium
823,Shreya Sharma,shreya.sharma957@gmail.com,8256859065,Nashik,Male,2023-05-04,VIP
824,Vivaan Pillai,vivaan.pillai411@gmail,8602200451,Nagpur,Female,2019-10-22,VIP
825,Aadhya Bhatt,aadhya.bhatt577@outlook.com,8577347721,Bhopal,Male,2023-10-22,Premium
826,Riya Desai,riya.desai156@gmail.com,8400072,Hyderabad,Female,2022-11-07,VIP
827,Sanjay Mehta,sanjay.mehta979@yahoo.com,9090377359,Surat,Male,2019-09-17,New
828,Priya Pillai,priya.pillai882@hotmail.com,7515181788,Pune,Male,2019-10-03,New
829,Anika Desai,anika.desai132@rediffmail.com,7720830649,Patna,Female,2019-12-23,VIP
830,Meera Mehta,meera.mehta129@outlook.com,7647279180,Ludhiana,Male,2021-07-10,VIP
831,Krishna Singh,krishna.singh740@yahoo.com,7429670915,Hyderabad,Male,2019-10-27,Regular
832,Pari Iyer,pari.iyer482@outlook.com,7831508818,Kanpur,Other,2023-12-18,New
833,Ayaan Bhatt,ayaan.bhatt692@rediffmail.com,7669647251,Nashik,Other,2023-01-26,Premium
834,Shreya Sharma,shreya.sharma762@yahoo.com,9213725921,Kanpur,Male,2022-10-27,Regular
835,Meera Chopra,meera.chopra349@yahoo.com,8224124535,Delhi,Female,2019-09-08,New
836,Sai Desai,sai.desai86@outlook.com,7139095585,Ahmedabad,Male,2020-04-17,VIP
837,Riya Mehta,riya.mehta360@outlook.com,9892874561,Nagpur,Female,2022-07-20,Regular
838,Ramesh Verma,ramesh.verma189@gmail.com,9641848543,Jaipur,Female,2023-06-04,Regular
839,Meera Desai,meera.desai312outlook.com,9385297302,Pune,Female,2020-04-04,Premium
840,Pooja Sharma,pooja.sharma901@yahoo.com,9743468,Chennai,Other,2023-10-29,Regular
841,Rahul Malhotra,rahul.malhotra450@gmail.com,9559726631,Delhi,Male,2024-10-12,Premium
841,Rahul Malhotra,rahul.malhotra450@gmail.com,9559726631,Delhi,Male,2024-10-12,Premium
842,,pooja.desai571@yahoo.com,7707865386,Ludhi@n@,Other,2020-07-05,Regular
843,Divya Malhotra,divya.malhotra146@gmail.com,949660931,Delhi,Other,2024-03-12,Premium
844,Rahul Kumar,rahul.kumar118@rediffmail.com,7435875669,Mumbai,Male,2024-01-02,Regular
845,Krishna Malhotra,krishna.malhotra255@rediffmail.com,9240767165,Surat,Other,2022-07-02,New
846,Ramesh Reddy,ramesh.reddy595@gmail.com,7460006801,Jaipur,Other,2021-08-25,Premium
847,Vivaan Agarwal,vivaan.agarwal479@hotmail.com,8465389148,Nashik,Other,2020-10-17,VIP
848,Meera Iyer,meera.iyer964@outlook.com,8595349383,Vadodara,Other,2020-11-29,Premium
849,Divya Iyer,divya.iyer710@yahoo.com,81722021,Chennai,Other,2019-08-30,VIP
850,Kavya Sharma,kavya.sharma979@yahoo.com,7116657465,Lucknow,Male,2023-12-04,Premium
851,Ramesh Reddy,ramesh.reddy379@gmail.com,9652065189,Delhi,Female,2024-08-19,Regular
852,Ayaan Nair,ayaan.nair686@hotmail.com,8990113862,Pune,Other,2024-09-05,Regular
853,Rohan Sharma,rohan.sharma713@rediffmail.com,9097472276,Indore,Other,2023-11-06,New
854,Vihaan Nair,vihaan.nair905@gmail.com,7298308870,Bengaluru,Male,2024-10-24,New
855,Priya Singh,priya.singh241@outlook.com,7056340380,Bhopal,Female,2020-05-13,Regular
856,Ishaan Singh,ishaan.singh751@outlook.com,8969667403,Indore,Other,2021-01-30,Regular
857,Pari Iyer,pari.iyer512@rediffmail.com,9977968023,Indore,Female,2019-08-18,Regular
858,Sanjay Chopra,sanjay.chopra153@gmail.com,7697200969,Indore,Female,2024-04-10,Regular
859,Vivaan Kumar,vivaan.kumar492@hotmail.com,8364106252,Delhi,Other,2019-04-10,New
860,Rahul Desai,rahul.desai465@gmail.com,844742011,Nagpur,Female,2021-09-21,New
861,Priya Patel,priya.patel298@gmail.com,76521478,Mumbai,Male,2020-04-19,Regular
862,Shreya Malhotra,shreya.malhotra583gmail.com,7133368135,Delhi,Female,2021-08-04,VIP
863,Sneha Pillai,sneha.pillai459@rediffmail.com,8073157484,Patna,Female,2022-08-16,Regular
864,Rohan Malhotra,rohan.malhotra889@yahoo.com,7330979539,Nashik,Male,2022-05-21,VIP
865,Anika Singh,anika.singh19@hotmail.com,8314624195,Jaipur,Female,2019-01-16,New
866,Pooja Patel,pooja.patel714@rediffmail.com,9793070327,Kolkata,Other,2021-08-07,Premium
867,,neha.rao904@gmail.com,8683183790,Ludhiana  ,Female,2019-12-19,VIP
868,Rahul Nair,rahul.nair695@gmail.com,7876234622,Patna,Male,2022-08-09,VIP
869,Ananya Patel,ananya.patel570@outlook.com,8837100052,Patna,Other,2021-08-31,VIP
870,Vivaan Joshi,vivaan.joshi552@gmail.com,7151797158,Delhi,Male,2024-03-02,VIP
871,Nikhil Kapoor,nikhil.kapoor975@gmail.com,8341738374,Kanpur,Male,2023-10-25,VIP
872,Ramesh Iyer,ramesh.iyer488@gmail.com,7772975223,Delhi,Other,2024-09-09,Premium
873,Ishaan Gupta,ishaan.gupta409@outlook.com,9825094420,Patna,Male,2021-07-18,Regular
874,Divya Nair,divya.nair632@rediffmail.com,8038157121,Ludhiana,Other,2020-08-11,Regular
875,Pari Gupta,pari.gupta568@hotmail.com,7626187720,Kolkata,Other,2019-10-10,Premium
876,Aadhya Kapoor,aadhya.kapoor84@gmail.com,9493157329,Delhi,Other,2019-02-08,VIP
877,Myra Kapoor,myra.kapoor785@yahoo.com,9110362007,Bhopal,Female,2024-11-08,Premium
878,Priya Bhatt,priya.bhatt409@hotmail.com,8885596443,Delhi,Female,2024-06-23,New
879,Pooja Chopra,pooja.chopra194@outlook.com,7177291546,Lucknow,Male,2021-05-15,Regular
880,Isha Sharma,isha.sharma68@hotmail.com,+91-9390001799,Bhopal,Female,2021-05-29,Regular
881,Reyansh Rao,reyansh.rao610@gmail.com,7495874670,Vadodara,Other,2023-12-21,New
882,Suresh Malhotra,suresh.malhotra389@outlook.com,7451538824,Vadodara,Other,2022-02-05,VIP
883,Sneha Reddy,sneha.reddy70@yahoo.com,859652743,Kanpur,Male,2020-03-30,New
884,Diya Nair,diya.nair19@yahoo.com,9803855357,Vadodara,Female,2020-05-22,VIP
885,Amit Iyer,amit.iyer260@yahoo.com,8885717253,Lucknow,Female,2023-02-16,New
886,Ramesh Malhotra,ramesh.malhotra111@gmail.com,8015960030,Lucknow,Male,2019-06-27,Regular
887,Sneha Agarwal,sneha.agarwal362@outlook.com,8620261134,Chennai,Male,2021-04-22,New
888,Isha Singh,isha.singh794@outlook.com,9656281259,Patna,Male,2024-06-17,New
889,Vivaan Joshi,vivaan.joshi460@hotmail.com,8162117096,Indore,Male,2021-04-10,Regular
890,Kritika Verma,kritika.verma548@rediffmail.com,9789651375,Pune,Other,2020-02-12,Premium
891,Diya Sharma,diya.sharma447@outlook.com,9501841587,Nagpur,Male,2022-07-01,Regular
892,Sai Chopra,sai.chopra445@gmail.com,9164904931,Vadodara,Female,2024-10-31,Premium
893,Ishaan Bansal,ishaan.bansal44@outlook.com,7904145667,Nashik,Male,2024-08-03,Regular
894,Arjun Bhatt,arjun.bhatt213@outlook,8276785064,Nashik,Other,2024-05-24,Regular
895,Isha Sharma,isha.sharma61@outlook.com,8440941849,Kolkata,Other,2024-01-06,Regular
896,Pooja Gupta,pooja.gupta154@rediffmail.com,+91-9609582687,Bhopal,Other,2020-07-26,VIP
897,Kavya Patel,kavya.patel230@hotmail.com,7010277022,Nagpur,Male,2023-05-21,VIP
898,Pooja Verma,pooja.verma654@gmail.com,7316786303,Jaipur,Other,2019-05-15,Premium
899,Sai Mehta,sai.mehta431@hotmail.com,92832883,Pune,Other,2022-07-23,Premium
900,Ananya Mehta,ananya.mehta527@gmail.com,8670342291,Vadodara,Female,2022-06-22,VIP
901,Anika Gupta,anika.gupta966@yahoo.com,7790715344,Bengaluru,Female,2021-09-28,Regular
902,Anika Reddy,anika.reddy6@rediffmail.com,9170636977,Chennai,Female,2019-02-21,VIP
903,Neha Desai,neha.desai165@yahoo.com,9649960508,Ahmedabad,Female,2021-06-26,Regular
904,Pooja Desai,pooja.desai30hotmail.com,7304505468,Indore,Other,2021-06-11,Regular
905,Sneha Sharma,sneha.sharma27@outlook.com,8628754170,Jaipur,Male,2024-02-06,Regular
906,Pari Pillai,pari.pillai430@hotmail.com,9788419383,Chennai,Other,2022-04-30,New
907,Shreya Joshi,shreya.joshi998@rediffmail.com,8410781055,Pune,Male,2022-07-05,VIP
908,Pooja Nair,pooja.nair173@yahoo.com,9053436717,Patna,Male,2020-03-11,Regular
909,Sai Pillai,sai.pillai723@rediffmail.com,8532678452,Indore,Other,2023-07-01,Regular
910,Manish Reddy,manish.reddy70@rediffmail.com,9081106851,Pune,Male,2020-08-12,Regular
911,Anjali Malhotra,anjali.malhotra379@outlook.com,7319993100,Lucknow,Other,2024-07-07,VIP
912,Riya Kapoor,riya.kapoor593@yahoo.com,8243759207,Agra,Other,2021-09-07,New
913,Pooja Bhatt,pooja.bhatt721@gmail.com,9450081370,Chennai,Other,2022-04-05,Regular
914,Aarav Reddy,aarav.reddy106@hotmail.com,8701212115,Mumbai,Other,2020-03-06,Premium
915,Ayaan Bhatt,ayaan.bhatt606@outlook.com,9575114120,Surat,Female,2021-09-24,New
916,Neha Nair,neha.nair517@yahoo.com,7023560379,Hyderabad,Other,2020-01-17,Regular
917,Sneha Kapoor,sneha.kapoor937@yahoo.com,8777559795,Ludhiana,Other,2023-07-12,Regular
918,Ananya Kumar,ananya.kumar82@gmail.com,7300919461,Ludhiana,Male,2019-04-28,VIP
919,Rohan Joshi,rohan.joshi766@outlook.com,8200827264,Indore,Female,2023-08-25,Premium
920,Aadhya Verma,aadhya.verma795@rediffmail.com,9606230740,Ludhiana,Other,2020-01-18,Premium
921,Isha Chopra,isha.chopra84@yahoo.com,9488406371,Hyderabad,Male,2023-11-12,VIP
922,Sneha Sharma,sneha.sharma342@hotmail.com,7483783210,Jaipur,Other,2022-07-04,Premium
923,Pari Sharma,pari.sharma320@yahoo.com,9273013370,Agra,Male,2020-01-21,Premium
924,Amit Patel,amit.patel685@outlook.com,7456174771,Vadodara,Female,2019-09-11,Regular
925,Aarav Nair,aarav.nair562@hotmail.com,75637741,Mumbai,Other,2024-01-14,Premium
926,Kritika Singh,kritika.singh6@hotmail.com,8668852870,Surat,Female,2024-03-24,Premium
927,Aadhya Reddy,aadhya.reddy376@outlook.com,8036760325,Mumbai,Female,2021-07-02,VIP
928,Isha Gupta,isha.gupta698@gmail.com,8699008824,Hyderabad,Female,2019-05-09,Premium
929,Vivaan Desai,vivaan.desai523@outlook.com,8282741802,Kanpur,Male,2020-12-08,VIP
930,Sanjay Malhotra,sanjay.malhotra106@outlook.com,8196252359,Bengaluru,Other,2024-07-09,New
931,Shreya Desai,shreya.desai56@yahoo.com,8624043101,Ludhiana,Male,2019-06-18,Premium
932,Diya Agarwal,diya.agarwal221@rediffmail.com,91373380,Bengaluru,Male,2022-04-04,New
933,Nikhil Malhotra,nikhil.malhotra861@rediffmail.com,8018870213,Chennai,Other,2020-04-25,Regular
934,Vihaan Mehta,vihaan.mehta997@gmail.com,7792977727,Chennai,Female,2019-08-25,Regular
935,Divya Mehta,divya.mehta824rediffmail.com,9559998142,Delhi,Other,2024-05-27,Regular
936,Suresh Chopra,suresh.chopra413@gmail.com,7081732260,Bhopal,Other,2024-10-27,New
937,Aadhya Gupta,aadhya.gupta323@yahoo.com,8194510807,Lucknow,Male,2020-02-21,New
938,Pooja Patel,pooja.patel815@hotmail.com,7805698292,Mumbai,Female,2024-10-12,Premium
939,Sneha Rao,sneha.rao394@gmail.com,8119138553,Surat,Male,2019-06-30,VIP
940,Reyansh Bhatt,reyansh.bhatt682@yahoo.com,8690949856,Kolkata,Female,2023-08-15,Premium
941,Saanvi Malhotra,saanvi.malhotra591@rediffmail.com,9793525704,Vadodara,Other,2022-11-11,Premium
942,Aadhya Chopra,aadhya.chopra871@hotmail.com,9994909747,Vadodara,Female,2020-01-21,Regular
943,Divya Patel,divya.patel300@hotmail.com,9610884083,Pune,Female,2022-11-19,New
944,Priya Agarwal,priya.agarwal221@hotmail.com,9693289934,Jaipur,Male,2023-03-20,New
945,Priya Kapoor,priya.kapoor899@yahoo.com,+91-7308901155,Bhopal,Other,2021-04-10,Premium
946,Kritika Malhotra,kritika.malhotra788hotmail.com,7566608590,Hyderabad,Female,2024-04-14,VIP
947,Aditya Bansal,aditya.bansal887@gmail.com,7958544898,Nashik,Female,2020-08-21,Regular
948,Pari Bhatt,pari.bhatt210@gmail.com,7829867211,Lucknow,Female,2021-09-22,VIP
949,Sunita Nair,sunita.nair118@yahoo.com,7351616499,Chennai,Female,2022-09-29,Premium
950,Karan Bansal,karan.bansal865rediffmail.com,9449933009,Kolkata,Other,2023-07-23,New
951,Rohan Verma,rohan.verma750@yahoo.com,7553898578,Surat,Male,2019-09-24,New
952,Aadhya Agarwal,aadhya.agarwal77@hotmail.com,9305504964,Ludhiana,Male,2023-09-15,New
953,Ramesh Joshi,ramesh.joshi651@outlook.com,8956396817,Indore,Other,2019-04-16,New
954,Karan Chopra,karan.chopra256@gmail.com,9107384033,Kanpur,Other,2023-11-15,VIP
955,Deepak Desai,deepak.desai885@rediffmail.com,9512749,Kolkata,Male,2020-12-04,Regular
956,Nikhil Sharma,nikhil.sharma624@rediffmail.com,7190910763,Nashik,Male,2022-01-19,VIP
957,Sai Kapoor,sai.kapoor474@rediffmail.com,8297911474,Nagpur,Male,2020-04-24,VIP
958,Kavya Verma,kavya.verma664@outlook.com,8941974126,Surat,Other,2022-05-09,Regular
959,Saanvi Nair,saanvi.nair172@gmail.com,8019842004,Nashik,Female,2019-06-30,VIP
960,Ananya Kumar,ananya.kumar497@outlook.com,7244695862,Kolkata,Other,2022-03-20,New
961,Diya Chopra,diya.chopra785@gmail.com,9719715865,Ludhiana,Other,2022-02-15,Premium
962,Ishaan Mehta,ishaan.mehta720@gmail.com,9901638103,Mumbai,Female,2019-05-25,VIP
963,Priya Bhatt,priya.bhatt99@hotmail.com,8786618273,Ahmedabad,Male,2023-12-20,Premium
964,Myra Verma,myra.verma141@rediffmail.com,9760598330,Kolkata,Male,2019-11-12,VIP
965,Reyansh Chopra,reyansh.chopra879@gmail.com,+91-7522287286,Ludhiana,Other,2020-12-05,Regular
966,Vivaan Singh,vivaan.singh439@rediffmail.com,8657770039,Vadodara,Female,2020-12-30,VIP
967,Aditya Singh,aditya.singh768@outlook.com,74021627,Bengaluru,Female,2019-04-19,VIP
968,Pari Gupta,pari.gupta28@yahoo.com,9411247891,Nagpur,Female,2024-10-19,VIP
969,Sanjay Joshi,sanjay.joshi675@outlook.com,7923306496,Ahmedabad,Other,2019-06-28,VIP
970,Ayaan Agarwal,ayaan.agarwal277@gmail.com,7253472131,Ludhiana,Female,2023-11-08,Premium
971,Rohan Malhotra,rohan.malhotra122@rediffmail,8442716454,Jaipur,Other,2024-06-12,Premium
972,Sanjay Rao,sanjay.rao252@rediffmail.com,9631888280,Ahmedabad,Male,2020-12-16,VIP
972,Sanjay Rao,sanjay.rao252@rediffmail.com,9631888280,Ahmedabad,Male,2020-12-16,VIP
973,,saanvi.kapoor905@gmail.com,9847215327,Ludhi@n@,Male,2023-08-29,VIP
974,Riya Nair,riya.nair418@gmail.com,9546800675,Bengaluru,Male,2023-06-25,Regular
975,Suresh Agarwal,suresh.agarwal930@outlook.com,9647900947,Pune,Other,2021-11-03,Premium
976,Manish Gupta,manish.gupta543@outlook.com,9413657331,Pune,Female,2023-02-06,VIP
977,Pooja Pillai,pooja.pillai395@yahoo.com,7980871930,Kanpur,Other,2020-01-18,VIP
978,Saanvi Chopra,saanvi.chopra589@rediffmail.com,7453429602,Delhi,Other,2024-09-01,Regular
979,Sai Desai,sai.desai865@outlook.com,8613427817,Patna,Male,2024-12-01,Premium
980,Ananya Iyer,ananya.iyer421@rediffmail.com,8688363585,Agra,Other,2020-08-22,Regular
981,Ramesh Gupta,ramesh.gupta683@outlook.com,7160847498,Patna,Other,2021-03-30,VIP
982,Meera Iyer,meera.iyer835@gmail.com,8352393740,Bhopal,Other,2023-09-17,Premium
983,Aditya Kapoor,aditya.kapoor984@hotmail.com,9294395071,Kanpur,Other,2022-12-13,VIP
984,Deepak Bansal,deepak.bansal342@hotmail.com,7879931350,Patna,Other,2019-02-14,New
985,Riya Iyer,riya.iyer819@hotmail.com,9001466506,Ludhiana,Female,2023-06-04,Regular
986,Priya Sharma,priya.sharma485@gmail.com,7068858970,Agra,Male,2021-04-27,VIP
987,Ananya Joshi,ananya.joshi930@hotmail.com,9439151043,Ludhiana,Male,2024-09-26,VIP
988,Pooja Chopra,pooja.chopra646@rediffmail.com,8765760513,Kanpur,Male,2020-10-27,Premium
989,Myra Joshi,myra.joshi727@outlook.com,7697524751,Bhopal,Male,2023-10-14,Premium
990,Kavya Bansal,kavya.bansal216@outlook.com,8982383793,Pune,Other,2019-07-21,Premium
991,Ishaan Gupta,ishaan.gupta317hotmail.com,7010169334,Nagpur,Male,2020-10-10,Premium
992,Kritika Joshi,kritika.joshi151@hotmail.com,8700617767,Agra,Female,2020-06-21,VIP
993,Myra Iyer,myra.iyer449@yahoo.com,7212321819,Lucknow,Female,2024-08-24,Premium
994,Suresh Rao,suresh.rao327@yahoo.com,7718250868,Chennai,Other,2023-06-22,Premium
995,Meera Rao,meera.rao813@outlook.com,8724938218,Jaipur,Female,2024-09-24,New
996,Nikhil Patel,nikhil.patel785@rediffmail.com,7086622303,Kanpur,Other,2023-04-14,VIP
997,Rohan Iyer,rohan.iyer310@rediffmail.com,762789625,Bhopal,Female,2021-10-26,Premium
998,Rohan Kapoor,rohan.kapoor671@hotmail.com,7900400238,Ludhiana,Male,2019-08-02,Premium
999,Anjali Sharma,anjali.sharma287@outlook.com,9378303347,Pune,Female,2019-04-20,Premium
1000,Isha Reddy,isha.reddy707@gmail.com,9735927175,Kolkata,Other,2023-07-07,VIP
1001,Sai Nair,sai.nair604@gmail.com,9032176294,Chennai,Female,2019-03-17,Premium
1002,Ayaan Malhotra,ayaan.malhotra175@hotmail.com,7433956448,Patna,Other,2020-10-21,Regular
1003,Vihaan Agarwal,vihaan.agarwal534@hotmail.com,7185373480,Jaipur,Female,2024-09-13,Regular
1004,Aarav Kapoor,aarav.kapoor805@outlook.com,8647481370,Delhi,Male,2020-02-29,VIP
1005,Krishna Bansal,krishna.bansal265@rediffmail.com,8776378804,Jaipur,Male,2024-02-15,New
1006,Sneha Agarwal,sneha.agarwal733@yahoo.com,8055464194,Pune,Female,2021-12-23,Premium
1007,Shreya Chopra,shreya.chopra785@gmail.com,9512720585,Nashik,Other,2024-12-18,VIP
1008,Deepak Nair,deepak.nair735@outlook.com,8937930439,Nashik,Female,2024-05-13,New
1009,Reyansh Pillai,reyansh.pillai266@gmail.com,9966766014,Nagpur,Female,2020-08-12,Premium
1010,Isha Sharma,isha.sharma788yahoo.com,8415175142,Lucknow,Female,2022-12-16,Regular
1011,Rahul Mehta,rahul.mehta508yahoo.com,+91-9297268470,Bengaluru,Male,2019-02-27,VIP
1012,Karan Bansal,karan.bansal64@gmail.com,7852811746,Surat,Other,2023-08-03,Regular
1013,Pooja Malhotra,pooja.malhotra28@yahoo.com,8445289886,Indore,Female,2019-01-27,Premium
1014,Kavya Agarwal,kavya.agarwal781outlook.com,9492443697,Chennai,Other,2019-09-14,Regular
1015,Vivaan Pillai,vivaan.pillai947@rediffmail.com,8946138447,Indore,Male,2019-03-06,VIP
1016,Diya Bhatt,diya.bhatt241@gmail.com,9011708906,Indore,Female,2021-09-16,Premium
1017,Deepak Nair,deepak.nair464@hotmail.com,7399578560,Chennai,Female,2021-11-24,Premium
1018,Isha Mehta,isha.mehta925@yahoo.com,8401725275,Hyderabad,Female,2023-03-18,Premium
1019,Sanjay Nair,sanjay.nair93@outlook.com,8215589595,Delhi,Female,2022-08-04,Premium
1020,Saanvi Malhotra,saanvi.malhotra230@rediffmail.com,9081130493,Ahmedabad,Female,2019-12-17,Regular
1021,Vihaan Kapoor,vihaan.kapoor633@outlook.com,8825810501,Nashik,Other,2021-08-03,VIP
1022,Vivaan Chopra,vivaan.chopra838@gmail.com,7719157880,Jaipur,Female,2023-03-31,Premium
1023,Pooja Malhotra,pooja.malhotra528@gmail.com,893585275,Bhopal,Male,2021-11-21,VIP
1024,Vihaan Kumar,vihaan.kumar564@gmail.com,8593522239,Nashik,Male,2021-11-02,Regular
1025,Meera Malhotra,meera.malhotra245@yahoo.com,9527366479,Bengaluru,Female,2024-09-16,New
1026,Saanvi Sharma,saanvi.sharma828@gmail.com,7813655972,Kanpur,Other,2022-04-04,Regular
1027,Sai Sharma,sai.sharma406@hotmail.com,7611028948,Patna,Other,2021-08-23,New
1028,Karan Malhotra,karan.malhotra26@hotmail.com,9340522026,Nagpur,Male,2024-11-28,Regular
1029,Anjali Kumar,anjali.kumar714@yahoo.com,9142085339,Nagpur,Female,2023-02-09,VIP
1030,Kritika Rao,kritika.rao4@outlook.com,9585998506,Agra,Female,2022-06-10,VIP
1031,Anika Malhotra,anika.malhotra255@yahoo.com,837904801,Ludhiana,Male,2019-03-27,New
1032,Anika Verma,anika.verma699@gmail.com,7547133691,Ludhiana,Male,2020-11-04,New
1033,Deepak Kapoor,deepak.kapoor635@outlook.com,7510136896,Kolkata,Other,2019-08-28,Regular
1034,Priya Kumar,priya.kumar83@rediffmail.com,7791514860,Kolkata,Male,2020-08-15,Regular
1035,Kritika Nair,kritika.nair479@hotmail.com,8145997935,Ahmedabad,Male,2021-02-01,Premium
1036,Diya Sharma,diya.sharma815@outlook.com,8910005617,Kolkata,Other,2023-04-24,New
1037,Divya Singh,divya.singh434@outlook.com,7006973080,Nashik,Other,2019-01-10,Regular
1038,Kritika Malhotra,kritika.malhotra255@yahoo.com,7468290564,Indore,Female,2023-09-04,Premium
1039,Vihaan Iyer,vihaan.iyer445@outlook.com,8919286485,Indore,Other,2021-03-23,VIP
1040,Riya Joshi,riya.joshi872@hotmail.com,9842123991,Vadodara,Other,2019-07-07,Premium
1041,Meera Pillai,meera.pillai17@yahoo.com,8478564572,Surat,Male,2019-04-11,Regular
1041,Meera Pillai,meera.pillai17@yahoo.com,8478564572,Surat,Male,2019-04-11,Regular
1042,,sunita.bhatt139@yahoo.com,9242756259,LUCKNOW,Other,2021-09-04,New
1043,Vihaan Agarwal,vihaan.agarwal301@hotmail.com,7060705678,Bengaluru,Other,2020-01-09,VIP
1044,Krishna Chopra,krishna.chopra30@gmail.com,8952609843,Patna,Female,2019-08-04,New
1045,Riya Reddy,riya.reddy59@rediffmail,7939708677,Bhopal,Female,2023-01-26,Regular
1046,Meera Singh,meera.singh404@outlook,7238378537,Kanpur,Female,2022-12-12,Regular
1047,Saanvi Gupta,saanvi.gupta358@gmail.com,8804077886,Chennai,Female,2023-06-09,New
1048,Diya Verma,diya.verma575@gmail.com,8984956485,Hyderabad,Female,2021-08-15,New
1049,Vivaan Patel,vivaan.patel317@yahoo.com,72854270,Nagpur,Other,2021-02-04,VIP
1050,Anika Nair,anika.nair463@rediffmail.com,8870090026,Indore,Female,2024-10-01,New
1051,Myra Kapoor,myra.kapoor641@gmail.com,8166513790,Vadodara,Other,2024-10-12,VIP
1052,Kritika Mehta,kritika.mehta121@gmail.com,7934021512,Agra,Female,2019-11-24,New
1053,Aadhya Joshi,aadhya.joshi968@gmail.com,7573498062,Agra,Male,2021-12-10,Premium
1054,Aarav Mehta,aarav.mehta316@hotmail.com,7720434353,Patna,Other,2020-11-01,Premium
1055,Myra Chopra,myra.chopra656@outlook.com,9211816265,Patna,Other,2023-03-02,Premium
1056,Meera Rao,meera.rao47@yahoo.com,8209326213,Lucknow,Male,2022-03-13,Regular
1057,Ramesh Iyer,ramesh.iyer227@rediffmail.com,7311998014,Pune,Female,2021-04-10,Premium
1058,Sanjay Reddy,sanjay.reddy178@yahoo.com,8004427931,Kanpur,Male,2022-09-13,New
1059,Suresh Verma,suresh.verma813@yahoo.com,7607799964,Indore,Female,2022-10-05,New
1060,Vivaan Bansal,vivaan.bansal961yahoo.com,7332968334,Patna,Male,2019-08-17,Regular
1061,Divya Mehta,divya.mehta174@gmail.com,9305191485,Kolkata,Female,2021-07-14,VIP
1062,Kritika Nair,kritika.nair765@hotmail.com,+91-8179185700,Patna,Other,2021-08-22,New
1063,Rahul Reddy,rahul.reddy669@outlook.com,7871188267,Indore,Male,2022-03-16,Regular
1064,Ananya Mehta,ananya.mehta227@outlook.com,7626275960,Patna,Female,2024-06-26,VIP
1065,Priya Verma,priya.verma967@outlook.com,7341492436,Mumbai,Other,2023-01-01,VIP
1066,Shreya Iyer,shreya.iyer704@yahoo.com,9156154677,Delhi,Other,2020-12-21,New
1067,Manish Bhatt,manish.bhatt629@rediffmail.com,7819992909,Vadodara,Other,2024-01-20,Premium
1068,Amit Kapoor,amit.kapoor755@rediffmail.com,8984218677,Ahmedabad,Female,2024-01-23,VIP
1069,Sai Sharma,sai.sharma173@gmail.com,9442766853,Ludhiana,Female,2024-08-22,Premium
1070,Deepak Reddy,deepak.reddy625@rediffmail.com,9372650239,Jaipur,Male,2023-05-22,New
1071,Ayaan Nair,ayaan.nair200@rediffmail.com,9569079922,Mumbai,Female,2022-09-21,VIP
1072,Sai Verma,sai.verma357@hotmail.com,7282544136,Surat,Male,2021-02-26,Regular
1073,Karan Verma,karan.verma847@gmail.com,8164938582,Bengaluru,Female,2020-05-06,New
1074,Pooja Chopra,pooja.chopra464@gmail.com,9749560877,Delhi,Other,2019-03-18,Premium
1075,Ishaan Nair,ishaan.nair853@yahoo.com,7470835827,Kanpur,Other,2021-02-26,VIP
1076,Diya Gupta,diya.gupta104@hotmail.com,7864697538,Lucknow,Other,2019-03-14,Regular
1077,Ishaan Desai,ishaan.desai598@gmail.com,7375010198,Ludhiana,Male,2020-02-29,Regular
1078,Deepak Pillai,deepak.pillai63@gmail.com,+91-8308495132,Delhi,Other,2023-08-23,New
1079,Divya Desai,divya.desai52@rediffmail.com,9456977459,Pune,Female,2020-06-04,Regular
1080,Pari Bansal,pari.bansal268@yahoo.com,+91-8498174520,Vadodara,Other,2022-10-23,New
1081,Kritika Pillai,kritika.pillai770@gmail.com,7887675,Jaipur,Male,2023-11-29,Premium
1082,Suresh Mehta,suresh.mehta905@hotmail.com,7630275784,Nagpur,Female,2020-12-01,New
1083,Saanvi Verma,saanvi.verma434@yahoo.com,9984915216,Ludhiana,Male,2021-06-22,Premium
1084,Nikhil Kumar,nikhil.kumar180@hotmail.com,9471076394,Hyderabad,Female,2019-07-08,VIP
1085,Shreya Singh,shreya.singh648hotmail.com,9468396845,Surat,Female,2024-12-16,New
1086,Aditya Bansal,aditya.bansal23@rediffmail.com,7048147433,Nagpur,Male,2023-11-11,VIP
1087,Arjun Sharma,arjun.sharma411@yahoo.com,8337020697,Mumbai,Male,2023-10-27,VIP
1088,Sneha Mehta,sneha.mehta675@gmail.com,8380319234,Nashik,Female,2019-04-06,Regular
1089,Neha Verma,neha.verma828@rediffmail.com,94571447,Nagpur,Female,2024-08-13,VIP
1090,Reyansh Rao,reyansh.rao904@rediffmail.com,+91-7034699751,Ahmedabad,Male,2021-02-05,New
1091,Riya Pillai,riya.pillai250@yahoo.com,9959263779,Indore,Female,2021-08-27,New
1092,Pooja Rao,pooja.rao890@hotmail.com,7977710403,Agra,Female,2019-02-15,Premium
1093,Priya Nair,priya.nair391@rediffmail.com,7217841078,Lucknow,Male,2022-03-02,VIP
1094,Deepak Joshi,deepak.joshi776@gmail.com,8790173604,Agra,Female,2023-09-16,Regular
1095,Sanjay Malhotra,sanjay.malhotra22rediffmail.com,9696282971,Agra,Female,2024-07-22,Premium
1096,Kavya Joshi,kavya.joshi166@yahoo.com,7790916549,Agra,Male,2024-01-11,Premium
1097,Riya Reddy,riya.reddy576@hotmail.com,8660935932,Nagpur,Male,2023-08-11,Regular
1098,Neha Bansal,neha.bansal621@outlook.com,7904152351,Kanpur,Other,2024-05-16,Regular
1099,,anika.patel253@rediffmail.com,9039904375, Hyderabad ,Female,2021-12-24,VIP
1100,Ananya Pillai,ananya.pillai260@rediffmail.com,8654679116,Surat,Female,2019-06-11,Premium
1101,Aarav Bansal,aarav.bansal36@gmail.com,9632628778,Ludhiana,Male,2020-10-30,New
1102,Ananya Iyer,ananya.iyer147@hotmail.com,7009508302,Pune,Male,2022-10-25,VIP
1103,Rahul Malhotra,rahul.malhotra445rediffmail.com,7433721108,Kanpur,Other,2024-03-13,VIP
1104,Anika Rao,anika.rao46@outlook.com,8597525957,Mumbai,Other,2024-12-02,New
1105,Ramesh Rao,ramesh.rao649@outlook.com,7419198519,Nashik,Female,2019-03-21,VIP
1106,Divya Bhatt,divya.bhatt941@rediffmail.com,8469577862,Mumbai,Female,2020-01-07,Regular
1107,Pooja Singh,pooja.singh343@yahoo.com,7273545470,Agra,Male,2019-04-13,VIP
1108,Shreya Rao,shreya.rao12@hotmail.com,9492141355,Jaipur,Male,2023-08-14,Regular
1109,Rahul Malhotra,rahul.malhotra294@gmail.com,8934054306,Ludhiana,Male,2024-01-21,Premium
1110,Priya Desai,priya.desai578@gmail.com,7109650203,Jaipur,Other,2021-05-21,New
1111,Ramesh Gupta,ramesh.gupta705@yahoo.com,8703345892,Chennai,Female,2022-08-06,Premium
1112,Anika Joshi,anika.joshi72@gmail.com,9950510733,Patna,Other,2023-08-26,Regular
1113,Kritika Desai,kritika.desai345@gmail.com,9676149198,Nashik,Female,2020-04-20,Regular
1114,Rohan Malhotra,rohan.malhotra33@hotmail.com,8707286142,Bhopal,Female,2021-09-27,VIP
1115,Vivaan Gupta,vivaan.gupta108@yahoo.com,9160390840,Bengaluru,Male,2020-07-01,VIP
1116,Aadhya Chopra,aadhya.chopra23@gmail.com,8107239491,Pune,Male,2020-12-18,Regular
1117,Sanjay Singh,sanjay.singh961@gmail.com,9998605,Mumbai,Other,2020-05-07,Premium
1117,Sanjay Singh,sanjay.singh961@gmail.com,9998605,Mumbai,Other,2020-05-07,Premium
1118,,kritika.verma199@gmail.com,8354609382,Kolkata  ,Other,2019-08-15,Premium
1119,Ishaan Desai,ishaan.desai298@yahoo.com,7356852318,Ahmedabad,Other,2020-06-01,Premium
1120,Kavya Kapoor,kavya.kapoor904@hotmail.com,8657596809,Chennai,Other,2020-07-11,Premium
1120,Kavya Kapoor,kavya.kapoor904@hotmail.com,8657596809,Chennai,Other,2020-07-11,Premium
1121,,arjun.sharma574@hotmail.com,9057683723,NAGPUR,Female,2020-06-24,Premium
1122,Isha Bhatt,isha.bhatt484@hotmail.com,9498624636,Lucknow,Male,2023-09-05,Premium
1123,Vivaan Desai,vivaan.desai443@rediffmail.com,+91-8623354833,Kanpur,Male,2024-12-03,Premium
1124,Anika Verma,anika.verma898@hotmail.com,7754164931,Kanpur,Male,2024-08-11,New
1125,Ishaan Patel,ishaan.patel705@rediffmail.com,7342086118,Delhi,Female,2023-01-30,New
1126,Manish Gupta,manish.gupta107@gmail.com,7773161439,Jaipur,Female,2024-06-09,Regular
1127,Rohan Verma,rohan.verma864@hotmail.com,9574432983,Jaipur,Male,2022-09-10,Premium
1128,Aarav Kapoor,aarav.kapoor904@rediffmail.com,9831917048,Vadodara,Female,2021-10-18,Regular
1129,Anjali Kapoor,anjali.kapoor181@outlook.com,+91-7357233984,Patna,Female,2019-08-11,New
1130,Ramesh Malhotra,ramesh.malhotra249@rediffmail.com,9871550265,Hyderabad,Male,2019-09-13,VIP
1131,Deepak Kapoor,deepak.kapoor426@outlook.com,8959954176,Jaipur,Male,2020-05-14,Regular
1132,Ayaan Reddy,ayaan.reddy924@gmail.com,7754257332,Pune,Female,2019-12-06,Premium
1133,Amit Kapoor,amit.kapoor104@hotmail.com,7076925950,Delhi,Other,2024-05-27,Regular
1134,Myra Malhotra,myra.malhotra464@hotmail.com,890893092,Ahmedabad,Male,2023-11-01,New
1135,Priya Agarwal,priya.agarwal674@yahoo.com,9878036805,Agra,Female,2023-07-25,New
1136,Sanjay Kapoor,sanjay.kapoor537@rediffmail.com,9989974263,Kanpur,Other,2023-10-09,Premium
1137,Karan Patel,karan.patel400@outlook.com,7070987801,Ahmedabad,Other,2024-01-15,New
1138,Neha Mehta,neha.mehta805@rediffmail.com,7078591680,Bhopal,Male,2021-12-07,New
1139,Riya Kumar,riya.kumar209@outlook.com,7229177107,Patna,Other,2019-10-29,Regular
1139,Riya Kumar,riya.kumar209@outlook.com,7229177107,Patna,Other,2019-10-29,Regular
1140,,myra.sharma282@rediffmail.com,9018167012,Delhi,Female,2022-08-09,New
1141,Kavya Bhatt,kavya.bhatt686@yahoo.com,7262888841,Indore,Other,2023-07-01,Premium
1142,Rahul Malhotra,rahul.malhotra224@outlook.com,8290124176,Bengaluru,Other,2024-06-11,Regular
1143,Kavya Bhatt,kavya.bhatt674@gmail.com,999147231,Surat,Male,2023-02-07,Premium
1144,Krishna Agarwal,krishna.agarwal325@rediffmail.com,9496399142,Chennai,Female,2020-11-16,Regular
1145,Ramesh Sharma,ramesh.sharma440@yahoo.com,7439731772,Patna,Female,2019-11-21,Regular
1146,Pari Bhatt,pari.bhatt942@outlook.com,8968927019,Patna,Male,2024-12-06,VIP
1147,Riya Reddy,riya.reddy216@gmail,8381236518,Bhopal,Male,2020-05-12,VIP
1148,Meera Reddy,meera.reddy126@gmail.com,7143469545,Lucknow,Male,2022-12-17,New
1149,Riya Agarwal,riya.agarwal724@rediffmail.com,8993802279,Jaipur,Female,2019-10-19,Premium
1150,Priya Kumar,priya.kumar378@hotmail.com,7952562251,Vadodara,Other,2023-12-06,VIP
1151,Suresh Joshi,suresh.joshi243@outlook.com,9938599266,Pune,Male,2019-04-03,Premium
1152,Kritika Malhotra,kritika.malhotra671@outlook.com,9085567013,Kanpur,Other,2022-09-09,Regular
1153,Kritika Iyer,kritika.iyer157@yahoo.com,8580908239,Bengaluru,Male,2021-12-06,Premium
1154,Isha Bansal,isha.bansal299@hotmail.com,7681198673,Agra,Male,2020-05-21,VIP
1155,Priya Kumar,priya.kumar312@outlook.com,9363760741,Ahmedabad,Male,2020-12-13,VIP
1156,Neha Sharma,neha.sharma251@yahoo.com,9150183787,Nagpur,Other,2021-03-09,Regular
1157,Shreya Iyer,shreya.iyer13@gmail.com,74895886,Chennai,Other,2020-01-22,Regular
1158,Rohan Singh,rohan.singh553@yahoo,7990502620,Kolkata,Other,2022-08-29,Regular
1159,Deepak Rao,deepak.rao67@hotmail.com,8771190785,Lucknow,Other,2023-11-17,Premium
1160,Pooja Patel,pooja.patel173hotmail.com,7008421598,Hyderabad,Male,2021-11-10,VIP
1161,Riya Pillai,riya.pillai462@gmail.com,8721647741,Indore,Male,2019-01-14,VIP
1162,Karan Verma,karan.verma496@yahoo.com,7944352539,Lucknow,Other,2019-08-03,VIP
1163,Aarav Kumar,aarav.kumar733@rediffmail.com,8927199918,Indore,Male,2024-06-14,VIP
1164,Anika Sharma,anika.sharma820@yahoo.com,9462928121,Vadodara,Other,2024-12-28,New
1165,Vihaan Nair,vihaan.nair407@rediffmail.com,9777464920,Bhopal,Female,2023-07-11,Premium
1166,Anika Agarwal,anika.agarwal280@outlook.com,9870569432,Chennai,Male,2023-12-14,VIP
1167,Myra Mehta,myra.mehta683@rediffmail.com,8701471540,Chennai,Other,2022-12-25,Premium
1168,Sai Joshi,sai.joshi36@hotmail.com,9587137015,Jaipur,Female,2022-07-31,VIP
1169,Pooja Chopra,pooja.chopra288@yahoo.com,9603478693,Nagpur,Other,2022-06-06,VIP
1170,Ishaan Gupta,ishaan.gupta264@outlook.com,8229744818,Kolkata,Female,2020-02-16,New
1171,Sneha Chopra,sneha.chopra901@hotmail.com,7383321118,Bengaluru,Male,2024-08-29,Regular
1172,Aarav Bhatt,aarav.bhatt838@gmail.com,7366571947,Nagpur,Male,2022-06-12,Premium
1173,Divya Patel,divya.patel202@rediffmail.com,7723233258,Hyderabad,Female,2024-02-25,VIP
1174,Neha Gupta,neha.gupta893@rediffmail.com,8948986996,Pune,Other,2021-08-08,New
1175,Aditya Desai,aditya.desai989@rediffmail.com,9881667430,Vadodara,Female,2019-06-06,New
1176,Aadhya Singh,aadhya.singh464@yahoo.com,9624512602,Hyderabad,Male,2021-04-20,Regular
1177,Anika Patel,anika.patel906gmail.com,8935945115,Jaipur,Other,2019-04-24,Premium
1178,Saanvi Rao,saanvi.rao656@rediffmail.com,+91-9031135730,Kolkata,Male,2022-04-29,Regular
1179,Krishna Agarwal,krishna.agarwal516@outlook,8307936052,Bhopal,Male,2023-07-11,Regular
1180,Amit Mehta,amit.mehta580@gmail.com,73769492,Chennai,Male,2024-06-22,Regular
1181,Myra Sharma,myra.sharma256@yahoo.com,9959118080,Vadodara,Male,2020-03-15,VIP
1182,Vihaan Singh,vihaan.singh407@outlook.com,7056099176,Ludhiana,Other,2019-09-23,New
1183,Deepak Desai,deepak.desai407@yahoo.com,9321999372,Patna,Other,2022-12-09,Regular
1184,Aadhya Desai,aadhya.desai837@gmail.com,9707479288,Vadodara,Male,2024-01-23,VIP
1185,Vivaan Iyer,vivaan.iyer510@gmail.com,8226275786,Vadodara,Female,2019-04-01,VIP
1186,Diya Iyer,diya.iyer69@yahoo.com,7872612789,Ludhiana,Female,2024-04-25,Regular
1187,Priya Gupta,priya.gupta446@hotmail.com,9858648834,Mumbai,Male,2020-09-15,Premium
1188,Kavya Bhatt,kavya.bhatt36@outlook.com,+91-8407251056,Bhopal,Other,2021-01-25,New
1189,Manish Desai,manish.desai996@hotmail.com,7211994619,Bhopal,Female,2021-02-01,New
1190,Sai Kapoor,sai.kapoor538@outlook.com,7521274701,Agra,Other,2021-02-03,Regular
1190,Sai Kapoor,sai.kapoor538@outlook.com,7521274701,Agra,Other,2021-02-03,Regular
1191,,aditya.sharma93@yahoo.com,9248789712,bengaluru,Other,2021-02-14,VIP
1192,Diya Nair,diya.nair990@yahoo.com,8569786585,Agra,Male,2022-06-17,New
1193,Sanjay Chopra,sanjay.chopra308hotmail.com,8125307848,Jaipur,Male,2019-07-24,VIP
1193,Sanjay Chopra,sanjay.chopra308hotmail.com,8125307848,Jaipur,Male,2019-07-24,VIP
1194,,pooja.desai504@rediffmail.com,9494258342,Bhopal  ,Other,2023-05-02,Premium
1195,Aadhya Nair,aadhya.nair940@outlook.com,8675985253,Lucknow,Female,2023-05-09,Premium
1196,Sai Verma,sai.verma179@gmail.com,7322294088,Surat,Other,2022-08-04,Premium
1197,Krishna Chopra,krishna.chopra386@rediffmail.com,9831113118,Nagpur,Female,2021-01-25,New
1198,Priya Kumar,priya.kumar755@gmail.com,7863865283,Delhi,Male,2021-10-09,Regular
1199,Arjun Kapoor,arjun.kapoor878rediffmail.com,9706573400,Chennai,Female,2024-01-05,Regular
1200,Anjali Bansal,anjali.bansal762@hotmail.com,8848428616,Lucknow,Female,2024-08-25,Premium
1201,Vihaan Malhotra,vihaan.malhotra978@yahoo.com,9707765980,Bhopal,Other,2019-02-26,VIP
1202,Saanvi Mehta,saanvi.mehta174@rediffmail.com,7805752207,Delhi,Male,2023-10-23,New
1203,Reyansh Bhatt,reyansh.bhatt482@rediffmail.com,9865432076,Jaipur,Female,2022-05-05,Regular
1204,Reyansh Malhotra,reyansh.malhotra963@outlook.com,+91-7863898923,Surat,Female,2024-09-17,Regular
1205,Anika Iyer,anika.iyer943@rediffmail.com,7753884333,Bengaluru,Other,2021-07-11,VIP
1206,Pari Reddy,pari.reddy25@rediffmail.com,8851626395,Ahmedabad,Female,2020-07-29,Regular
1207,Karan Verma,karan.verma718@outlook.com,8374595511,Kanpur,Other,2020-04-30,New
1208,Diya Kumar,diya.kumar976@yahoo.com,7654688493,Nashik,Female,2021-07-28,VIP
1209,Ayaan Nair,ayaan.nair149@yahoo.com,8201514884,Nagpur,Other,2020-07-10,Regular
1210,Ayaan Chopra,ayaan.chopra946@yahoo.com,9880951923,Pune,Other,2023-01-09,New
1211,Meera Kumar,meera.kumar29@gmail.com,9184561537,Bengaluru,Other,2024-09-16,New
1212,Anika Nair,anika.nair606@outlook.com,8511784324,Mumbai,Female,2024-01-26,Regular
1213,Sunita Joshi,sunita.joshi726@gmail,7810248109,Chennai,Other,2019-11-23,Premium
1214,Nikhil Iyer,nikhil.iyer961outlook.com,7219309445,Vadodara,Female,2021-01-30,VIP
1215,Sai Bhatt,sai.bhatt150@hotmail.com,8576465948,Patna,Female,2022-11-12,Regular
1216,Ramesh Joshi,ramesh.joshi799@outlook,9991296319,Patna,Male,2022-03-23,Regular
1217,Sanjay Iyer,sanjay.iyer121@outlook.com,9238191790,Agra,Female,2023-05-26,New
1218,Myra Patel,myra.patel81@rediffmail.com,8734717635,Kanpur,Male,2022-11-22,Regular
1219,Isha Sharma,isha.sharma733@rediffmail.com,7409979813,Bengaluru,Female,2019-04-07,New
1220,Ramesh Bansal,ramesh.bansal247@yahoo.com,9903168383,Patna,Female,2024-01-29,Regular
1221,,karan.joshi55@hotmail.com,9277299854,ahmedabad,Other,2020-09-12,New
1222,Aarav Patel,aarav.patel399@hotmail.com,8731110903,Hyderabad,Other,2020-10-03,VIP
1223,Ananya Gupta,ananya.gupta61@yahoo.com,8944159858,Ludhiana,Male,2021-12-15,Premium
1224,Karan Sharma,karan.sharma480gmail.com,9675868233,Agra,Other,2019-10-28,New
1225,Kavya Kapoor,kavya.kapoor702outlook.com,8248685108,Kanpur,Other,2019-09-08,New
1226,Ramesh Joshi,ramesh.joshi498@hotmail,7459377526,Bengaluru,Other,2021-03-26,Premium
1227,Saanvi Joshi,saanvi.joshi453@yahoo.com,9561038855,Chennai,Other,2021-04-01,Regular
1228,Ananya Kumar,ananya.kumar450@outlook.com,8072811209,Surat,Other,2020-12-27,VIP
1229,Pooja Bansal,pooja.bansal181@outlook,8100252989,Bhopal,Other,2024-10-13,Regular
1230,Rahul Gupta,rahul.gupta633@rediffmail.com,7486228338,Bengaluru,Male,2021-12-11,VIP
1231,Deepak Iyer,deepak.iyer173@hotmail.com,8063894662,Agra,Female,2020-12-11,Regular
1232,Sneha Kumar,sneha.kumar919@gmail.com,8802649500,Nashik,Other,2024-09-01,Regular
1233,Sanjay Verma,sanjay.verma470@outlook.com,7990902431,Kolkata,Male,2020-03-30,Premium
1234,Anjali Agarwal,anjali.agarwal39@hotmail.com,8266833446,Chennai,Other,2020-02-11,Regular
1235,Diya Malhotra,diya.malhotra814@hotmail.com,8465934285,Pune,Female,2019-10-02,Regular
1236,Diya Pillai,diya.pillai522@yahoo.com,7676460783,Delhi,Male,2024-10-22,VIP
1237,Pari Gupta,pari.gupta596@outlook.com,7063475200,Vadodara,Female,2023-05-20,New
1238,Neha Joshi,neha.joshi779@hotmail.com,8131055591,Jaipur,Other,2022-09-29,VIP
1239,Riya Iyer,riya.iyer491@yahoo.com,9750259665,Nashik,Male,2023-01-23,VIP
1240,Manish Mehta,manish.mehta899@yahoo.com,9316512447,Lucknow,Other,2024-11-04,Regular
1241,Saanvi Desai,saanvi.desai880@gmail.com,9876483644,Ludhiana,Male,2023-06-27,New
1242,Vihaan Nair,vihaan.nair655@outlook.com,8668022092,Bhopal,Male,2024-06-26,Regular
1243,Rahul Iyer,rahul.iyer229@gmail.com,7354504915,Pune,Male,2021-08-16,Regular
1244,Sai Rao,sai.rao248@rediffmail.com,9015138128,Mumbai,Female,2023-01-30,Premium
1245,Neha Nair,neha.nair918@gmail.com,7425159909,Kanpur,Female,2023-05-18,VIP
1246,Suresh Kumar,suresh.kumar750@rediffmail.com,7302355775,Vadodara,Other,2022-04-13,Premium
1247,Suresh Rao,suresh.rao59@yahoo.com,8030657778,Nagpur,Female,2019-08-29,Premium
1248,Sneha Rao,sneha.rao786@yahoo.com,9157519807,Lucknow,Male,2022-07-22,Regular
1249,Vivaan Chopra,vivaan.chopra191@outlook.com,9806081355,Nashik,Male,2019-08-15,Premium
1250,Aarav Pillai,aarav.pillai963@yahoo.com,8440966680,Mumbai,Male,2021-11-16,Premium
1251,Arjun Bhatt,arjun.bhatt588@yahoo.com,7675276745,Mumbai,Female,2024-02-08,Regular
1252,Nikhil Chopra,nikhil.chopra64@yahoo.com,9756411247,Mumbai,Other,2021-07-19,Premium
1253,Vivaan Rao,vivaan.rao436@rediffmail.com,8030217705,Hyderabad,Female,2020-11-02,VIP
1254,Diya Rao,diya.rao681@yahoo.com,7409215778,Patna,Female,2022-10-02,New
1255,Kavya Verma,kavya.verma254@gmail.com,+91-9831892644,Lucknow,Male,2024-05-02,Premium
1256,Anjali Bhatt,anjali.bhatt507@yahoo.com,70606805,Ludhiana,Male,2019-08-28,Premium
1257,Reyansh Malhotra,reyansh.malhotra161@outlook.com,8994174304,Ludhiana,Female,2024-08-14,Premium
1258,Diya Nair,diya.nair91@hotmail.com,7124632325,Indore,Male,2024-08-19,Premium
1259,Saanvi Verma,saanvi.verma312@gmail.com,7414528582,Bengaluru,Male,2024-06-06,Regular
1260,Pooja Chopra,pooja.chopra977@yahoo.com,7838294100,Mumbai,Male,2022-12-26,New
1261,Arjun Patel,arjun.patel605@yahoo.com,7577339683,Kolkata,Male,2020-01-02,Premium
1262,Kritika Pillai,kritika.pillai628@yahoo.com,8899488029,Kanpur,Male,2021-04-22,Premium
1263,Ramesh Kapoor,ramesh.kapoor612@rediffmail,9962916157,Mumbai,Male,2024-06-14,Premium
1264,Ananya Agarwal,ananya.agarwal900@outlook.com,9343571644,Patna,Female,2020-01-01,Premium
1265,Rahul Bhatt,rahul.bhatt219@hotmail.com,9972145676,Surat,Male,2024-11-14,VIP
1266,Sneha Joshi,sneha.joshi40@rediffmail.com,7958250351,Nagpur,Female,2023-05-27,Regular
1267,Manish Singh,manish.singh875@hotmail.com,7755970533,Mumbai,Female,2019-07-05,VIP
1268,Kritika Joshi,kritika.joshi308@yahoo,9932639612,Jaipur,Male,2022-09-03,Premium
1269,Karan Malhotra,karan.malhotra547@hotmail.com,8554207772,Nagpur,Male,2020-10-08,VIP
1270,Rohan Bhatt,rohan.bhatt940@gmail.com,8091117076,Indore,Other,2020-07-07,Premium
1271,Amit Kapoor,amit.kapoor254@hotmail.com,8749470363,Delhi,Male,2021-07-30,VIP
1272,Priya Bhatt,priya.bhatt612@yahoo.com,7974400983,Jaipur,Male,2019-06-26,New
1273,Diya Reddy,diya.reddy857@gmail.com,8766630967,Ahmedabad,Female,2023-06-08,VIP
1274,Aarav Gupta,aarav.gupta663@hotmail.com,8962828732,Hyderabad,Male,2024-04-29,Regular
1275,Priya Chopra,priya.chopra484@hotmail.com,7348072,Jaipur,Other,2021-04-09,Regular
1276,Myra Rao,myra.rao201@gmail.com,8434310023,Ludhiana,Female,2023-06-29,New
1277,Ishaan Rao,ishaan.rao138@yahoo.com,9572999445,Bengaluru,Female,2019-02-10,VIP
1277,Ishaan Rao,ishaan.rao138@yahoo.com,9572999445,Bengaluru,Female,2019-02-10,VIP
1278,,rahul.kapoor702@outlook.com,7181920081,Lucknow,Male,2022-05-30,Premium
1279,Sunita Singh,sunita.singh691@yahoo.com,9475942126,Kolkata,Other,2023-06-27,VIP
1280,Neha Kapoor,neha.kapoor552@hotmail.com,9187408824,Hyderabad,Male,2024-03-11,VIP
1281,Aarav Nair,aarav.nair765@gmail.com,7405833591,Ludhiana,Other,2021-03-11,New
1282,Meera Rao,meera.rao220@outlook.com,8406779359,Bengaluru,Male,2021-09-24,New
1283,Anjali Mehta,anjali.mehta840@outlook.com,8385460242,Lucknow,Female,2023-10-20,New
1284,Sanjay Iyer,sanjay.iyer345@outlook.com,8232844941,Patna,Male,2019-10-01,VIP
1285,Ayaan Sharma,ayaan.sharma424@gmail.com,7268263075,Bhopal,Female,2024-07-18,VIP
1286,Divya Sharma,divya.sharma548@outlook.com,9857186462,Jaipur,Female,2023-07-18,New
1287,Ananya Rao,ananya.rao349@outlook.com,+91-9054544958,Pune,Female,2019-12-21,Premium
1288,Suresh Iyer,suresh.iyer992@yahoo.com,7131224906,Lucknow,Female,2021-01-30,Premium
1289,Ishaan Joshi,ishaan.joshi165hotmail.com,9439390480,Nashik,Female,2024-11-13,VIP
1290,Isha Sharma,isha.sharma485@outlook.com,+91-9275944765,Chennai,Male,2023-05-18,Premium
1291,Nikhil Bansal,nikhil.bansal310@hotmail.com,9450176058,Mumbai,Other,2019-02-13,Regular
1292,Diya Singh,diya.singh462@yahoo.com,9542229196,Kanpur,Other,2023-06-28,Regular
1293,Pooja Chopra,pooja.chopra87@outlook.com,+91-8678637569,Kanpur,Male,2019-01-05,Regular
1294,Shreya Iyer,shreya.iyer131@outlook.com,7330823982,Surat,Female,2024-11-22,VIP
1295,Sunita Bhatt,sunita.bhatt890@outlook.com,7957117879,Lucknow,Other,2022-06-11,New
1296,Ramesh Desai,ramesh.desai463@outlook.com,+91-7183880230,Agra,Male,2020-08-22,Regular
1297,Divya Chopra,divya.chopra340@outlook.com,+91-9402965051,Patna,Other,2021-02-05,Regular
1298,Ananya Bhatt,ananya.bhatt340yahoo.com,9185020983,Indore,Male,2023-10-01,New
1299,Vihaan Kapoor,vihaan.kapoor594@outlook,9797803082,Mumbai,Male,2023-11-14,New
1300,Manish Bhatt,manish.bhatt12@rediffmail.com,9313330967,Lucknow,Male,2021-11-20,Premium
1301,Amit Verma,amit.verma523@rediffmail,9998183382,Kanpur,Female,2023-03-28,Regular
1302,,amit.bhatt94rediffmail.com,9277435069,HYDERABAD,Male,2024-12-27,Regular
1303,Suresh Kumar,suresh.kumar776@yahoo.com,7109628293,Jaipur,Other,2024-02-24,Premium
1304,Saanvi Joshi,saanvi.joshi187@yahoo.com,7812267142,Nagpur,Other,2023-09-11,Regular
1305,Karan Bansal,karan.bansal453@outlook.com,7883222044,Nagpur,Male,2021-08-12,Premium
1306,Sanjay Iyer,sanjay.iyer401@rediffmail.com,8161067301,Bengaluru,Female,2019-08-21,Premium
1307,Meera Bansal,meera.bansal818@gmail.com,8036189543,Kanpur,Female,2020-03-27,Regular
1308,Aadhya Pillai,aadhya.pillai79@hotmail.com,9877422598,Kanpur,Other,2019-11-28,VIP
1309,Suresh Pillai,suresh.pillai367@gmail.com,7411483575,Agra,Female,2023-04-10,New
1310,Aditya Bansal,aditya.bansal467@gmail.com,9742881516,Ludhiana,Male,2023-07-04,VIP
1311,Ramesh Iyer,ramesh.iyer697@hotmail.com,8487654552,Nagpur,Male,2023-02-03,Regular
1312,Suresh Singh,suresh.singh138@hotmail.com,8791556901,Ahmedabad,Male,2021-11-26,New
1313,Shreya Malhotra,shreya.malhotra203@hotmail.com,7834806478,Nagpur,Other,2019-11-22,New
1314,Arjun Gupta,arjun.gupta265@rediffmail.com,8412630444,Mumbai,Male,2019-11-14,VIP
1315,Myra Agarwal,myra.agarwal338@yahoo.com,9270125870,Jaipur,Other,2022-03-13,VIP
1316,Saanvi Chopra,saanvi.chopra200outlook.com,7740090366,Mumbai,Female,2024-09-02,New
1317,Ishaan Mehta,ishaan.mehta644@hotmail.com,9626183873,Surat,Other,2022-06-02,Regular
1318,Ayaan Chopra,ayaan.chopra613@outlook.com,7956493143,Bengaluru,Male,2022-02-20,Regular
1319,Aadhya Gupta,aadhya.gupta707@outlook.com,9340174047,Bengaluru,Female,2021-12-18,Regular
1320,Manish Sharma,manish.sharma118@gmail.com,9238390085,Indore,Male,2020-11-11,Regular
1321,Ananya Kumar,ananya.kumar924@outlook.com,7066973107,Delhi,Other,2024-03-10,New
1322,Pari Malhotra,pari.malhotra375@gmail.com,7639960159,Chennai,Female,2019-12-27,Premium
1323,Karan Nair,karan.nair351@hotmail.com,9252008361,Patna,Other,2020-12-11,Regular
1324,Neha Agarwal,neha.agarwal919@hotmail.com,8476981790,Jaipur,Male,2022-11-02,VIP
1325,Ishaan Patel,ishaan.patel141@hotmail.com,7561388895,Indore,Other,2023-08-23,Regular
1326,Sneha Gupta,sneha.gupta467@rediffmail.com,8078791708,Vadodara,Male,2021-07-30,VIP
1327,Sneha Kapoor,sneha.kapoor344@rediffmail.com,9537259799,Surat,Female,2021-07-02,VIP
1328,Nikhil Gupta,nikhil.gupta905@rediffmail.com,7778691543,Bhopal,Female,2024-10-17,Regular
1329,Isha Pillai,isha.pillai114@yahoo.com,9735528548,Agra,Female,2021-11-08,Regular
1330,Reyansh Singh,reyansh.singh536@hotmail.com,9525935409,Jaipur,Male,2022-03-22,VIP
1331,Karan Nair,karan.nair510@outlook.com,7657922765,Ahmedabad,Male,2020-03-05,Premium
1332,Isha Mehta,isha.mehta593@gmail.com,8191743225,Kanpur,Male,2020-03-09,Regular
1333,Suresh Gupta,suresh.gupta478@rediffmail.com,8525233369,Hyderabad,Other,2019-12-06,Regular
1334,Vivaan Gupta,vivaan.gupta203@rediffmail.com,8931590572,Patna,Female,2024-07-14,New
1335,Neha Kapoor,neha.kapoor604@rediffmail.com,8576963,Bengaluru,Female,2019-09-12,New
1336,Sneha Rao,sneha.rao6@yahoo.com,7731451585,Vadodara,Female,2023-01-20,New
1337,Sai Bansal,sai.bansal299@yahoo.com,8919029810,Ahmedabad,Other,2021-08-31,VIP
1338,Arjun Verma,arjun.verma502@outlook.com,+91-7399344189,Pune,Male,2019-11-20,Premium
1339,Ayaan Kumar,ayaan.kumar551@outlook.com,9282322995,Bengaluru,Female,2023-01-25,New
1340,Aditya Patel,aditya.patel696@outlook.com,8419458730,Jaipur,Male,2020-10-15,Regular
1341,Anika Singh,anika.singh287outlook.com,8190471928,Vadodara,Other,2024-01-09,Premium
1342,Shreya Bhatt,shreya.bhatt758@outlook.com,9257910443,Ludhiana,Male,2022-03-28,Regular
1343,Krishna Bansal,krishna.bansal246@outlook.com,7920936421,Patna,Other,2020-09-15,Regular
1344,Rohan Rao,rohan.rao421@outlook.com,9592561194,Bhopal,Female,2024-03-13,Regular
1345,Vivaan Nair,vivaan.nair641@gmail.com,9484019,Kolkata,Female,2023-05-11,Premium
1346,Neha Bhatt,neha.bhatt282@yahoo.com,9407238900,Jaipur,Male,2023-12-21,VIP
1347,Divya Singh,divya.singh518@hotmail.com,78784767,Kanpur,Other,2019-02-27,Premium
1348,Saanvi Kapoor,saanvi.kapoor453@gmail.com,7441867623,Bengaluru,Male,2023-06-04,New
1349,Pooja Rao,pooja.rao170hotmail.com,7285967890,Kanpur,Male,2024-12-17,Premium
1350,Aadhya Agarwal,aadhya.agarwal345@gmail.com,7080435250,Nagpur,Female,2023-10-10,Premium
1351,Anika Gupta,anika.gupta199@hotmail.com,8598419810,Nagpur,Other,2022-04-04,New
1352,Ishaan Sharma,ishaan.sharma205@hotmail.com,9585797495,Nashik,Male,2022-06-13,Regular
1353,Vihaan Gupta,vihaan.gupta547@yahoo.com,8654068268,Hyderabad,Female,2024-12-10,New
1354,Krishna Reddy,krishna.reddy55@hotmail.com,7998527790,Bhopal,Female,2019-01-13,VIP
1355,Krishna Mehta,krishna.mehta460@gmail.com,9031998394,Kolkata,Female,2024-05-21,Premium
1356,Aarav Mehta,aarav.mehta216@gmail.com,8414156137,Patna,Other,2021-06-10,Premium
1357,Amit Malhotra,amit.malhotra302@outlook.com,8949781996,Lucknow,Other,2023-08-22,New
1358,Nikhil Kapoor,nikhil.kapoor997@rediffmail.com,9953277593,Mumbai,Female,2022-09-19,Regular
1359,Karan Desai,karan.desai668@yahoo.com,7992326711,Pune,Female,2020-08-12,Regular
1360,Sunita Chopra,sunita.chopra585outlook.com,8833478532,Indore,Other,2023-05-25,New
1361,Aditya Bansal,aditya.bansal444@rediffmail.com,9091946777,Ahmedabad,Other,2021-03-21,Regular
1362,Deepak Gupta,deepak.gupta953@gmail.com,9064332402,Pune,Female,2020-09-30,Premium
1363,Arjun Joshi,arjun.joshi462@gmail.com,9895613868,Kanpur,Female,2022-12-15,New
1364,Manish Reddy,manish.reddy470@yahoo.com,7671886264,Vadodara,Other,2019-07-01,Regular
1365,Shreya Mehta,shreya.mehta461@yahoo.com,9327377475,Mumbai,Male,2020-07-01,New
1366,Aarav Nair,aarav.nair67@yahoo.com,+91-8456890501,Indore,Female,2019-07-23,VIP
1367,Kritika Sharma,kritika.sharma230@gmail.com,7808199595,Delhi,Other,2024-09-29,Premium
1368,Vivaan Bansal,vivaan.bansal458@outlook.com,9913564996,Nashik,Female,2024-12-13,New
1369,Saanvi Nair,saanvi.nair464@gmail.com,9532986981,Delhi,Other,2021-05-07,Regular
1370,Meera Nair,meera.nair631@yahoo.com,8544355219,Kanpur,Male,2022-09-28,VIP
1371,Aarav Rao,aarav.rao233@rediffmail.com,8729707103,Ahmedabad,Male,2020-04-18,New
1372,Rohan Nair,rohan.nair916gmail.com,8078510539,Bengaluru,Male,2022-10-07,Premium
1373,Reyansh Gupta,reyansh.gupta29@hotmail.com,8541321548,Lucknow,Female,2020-05-27,Premium
1374,Vihaan Singh,vihaan.singh444@gmail.com,9863675182,Agra,Male,2020-03-24,VIP
1375,Neha Sharma,neha.sharma840@outlook.com,+91-8139737500,Vadodara,Male,2020-08-20,Premium
1376,Myra Gupta,myra.gupta861@outlook.com,9868628184,Delhi,Male,2023-01-15,Premium
1377,Pari Bansal,pari.bansal945@gmail.com,9078159796,Chennai,Male,2021-12-03,VIP
1378,Anika Kapoor,anika.kapoor9@outlook.com,8381241599,Ludhiana,Female,2022-11-11,Regular
1379,Kritika Gupta,kritika.gupta494@yahoo.com,7987951176,Lucknow,Male,2022-08-29,Regular
1380,Priya Malhotra,priya.malhotra269@gmail.com,7256879583,Ahmedabad,Other,2021-12-19,Regular
1381,Aditya Desai,aditya.desai661@gmail.com,9111681943,Ahmedabad,Male,2022-03-15,Regular
1382,Priya Sharma,priya.sharma428@gmail.com,7455823146,Mumbai,Male,2024-11-23,VIP
1383,Aarav Gupta,aarav.gupta313@rediffmail.com,8253933563,Kanpur,Female,2022-02-08,Regular
1384,Anika Agarwal,anika.agarwal597@hotmail.com,+91-7320798077,Vadodara,Female,2020-08-30,Premium
1385,Suresh Mehta,suresh.mehta281@outlook.com,8074041656,Delhi,Other,2023-12-23,Premium
1386,Myra Nair,myra.nair737@rediffmail.com,9995353203,Surat,Other,2019-06-22,VIP
1387,Manish Iyer,manish.iyer161@yahoo.com,+91-7722430745,Pune,Male,2024-10-23,New
1388,Suresh Pillai,suresh.pillai651@yahoo,8570134493,Indore,Other,2023-08-25,Premium
1389,Sanjay Singh,sanjay.singh441@yahoo.com,+91-8211395051,Ludhiana,Other,2020-10-16,VIP
1390,Nikhil Rao,nikhil.rao352@outlook.com,86816650,Surat,Male,2023-08-19,New
1391,Ishaan Kumar,ishaan.kumar360rediffmail.com,8961915214,Surat,Female,2019-05-17,VIP
1392,Deepak Bansal,deepak.bansal376@outlook.com,9216149102,Patna,Male,2022-02-27,Regular
1393,Divya Iyer,divya.iyer992@rediffmail.com,9247242746,Kanpur,Female,2020-06-22,Premium
1394,Sanjay Gupta,sanjay.gupta531@rediffmail.com,9558603011,Jaipur,Female,2023-10-08,VIP
1395,Sunita Rao,sunita.rao767@rediffmail.com,9423058411,Nashik,Other,2021-04-06,New
1396,Aditya Kapoor,aditya.kapoor309@gmail.com,8976002866,Hyderabad,Other,2021-03-14,VIP
1397,Krishna Chopra,krishna.chopra577@yahoo.com,7944462006,Agra,Female,2024-08-11,Premium
1398,Kavya Malhotra,kavya.malhotra788@rediffmail.com,7672212735,Jaipur,Female,2020-05-21,Regular
1399,Pari Reddy,pari.reddy23@hotmail.com,9415607571,Mumbai,Male,2024-10-10,VIP
1400,Amit Kapoor,amit.kapoor350@yahoo.com,9395454180,Lucknow,Female,2019-11-16,New
1401,Sunita Malhotra,sunita.malhotra987@outlook.com,8275454514,Kolkata,Male,2021-05-19,New
1402,Sneha Joshi,sneha.joshi680yahoo.com,8523235156,Bhopal,Other,2021-12-02,Regular
1402,Sneha Joshi,sneha.joshi680yahoo.com,8523235156,Bhopal,Other,2021-12-02,Regular
1403,,neha.kapoor612@hotmail.com,9137939932,Kolkata  ,Other,2019-05-04,Regular
1404,Myra Reddy,myra.reddy874@hotmail.com,8844462,Chennai,Female,2024-06-05,New
1405,Amit Patel,amit.patel116@rediffmail.com,8757043642,Ludhiana,Female,2023-03-14,Premium
1406,Pooja Gupta,pooja.gupta777@rediffmail.com,9573513486,Surat,Male,2019-12-31,New
1407,Sneha Kapoor,sneha.kapoor702@outlook.com,9265971,Ludhiana,Male,2022-09-14,VIP
1408,Neha Iyer,neha.iyer26@outlook.com,9264673352,Lucknow,Male,2021-04-12,Regular
1409,Aarav Malhotra,aarav.malhotra903@rediffmail.com,8192911991,Ludhiana,Male,2021-06-30,Premium
1410,Neha Patel,neha.patel482@outlook.com,8716581184,Pune,Other,2019-03-23,Regular
1411,Arjun Kumar,arjun.kumar940@rediffmail.com,7552346912,Jaipur,Female,2019-06-09,Premium
1412,Myra Agarwal,myra.agarwal360@gmail.com,+91-7847146719,Chennai,Female,2024-06-01,Premium
1413,Sunita Desai,sunita.desai674outlook.com,7792241612,Chennai,Male,2022-08-05,New
1414,Aarav Rao,aarav.rao757@outlook.com,7893976995,Agra,Other,2024-09-06,New
1415,Suresh Rao,suresh.rao156@outlook.com,7879141710,Bengaluru,Male,2019-10-20,New
1416,Anika Pillai,anika.pillai558@yahoo.com,9636221071,Lucknow,Female,2021-09-02,Regular
1417,Pari Patel,pari.patel633@gmail.com,7482492295,Bengaluru,Female,2024-03-02,VIP
1418,Sneha Rao,sneha.rao755@gmail.com,7908700443,Surat,Female,2024-01-24,VIP
1419,Rohan Bansal,rohan.bansal512@outlook.com,9761346951,Mumbai,Male,2021-08-10,New
1420,Manish Sharma,manish.sharma67@rediffmail.com,8541115087,Nashik,Female,2019-12-01,New
1421,Vivaan Patel,vivaan.patel190hotmail.com,9575093,Pune,Other,2019-06-28,New
1422,Saanvi Chopra,saanvi.chopra183@outlook.com,9112268496,Agra,Male,2019-12-21,VIP
1423,Rahul Gupta,rahul.gupta301@outlook.com,9759158407,Indore,Other,2022-03-29,VIP
1424,Sneha Gupta,sneha.gupta668@yahoo.com,7650900807,Mumbai,Male,2019-12-19,New
1425,Pari Bhatt,pari.bhatt484@gmail.com,8824487872,Pune,Male,2019-12-26,Premium
1426,Karan Reddy,karan.reddy319@hotmail.com,8760601586,Nagpur,Female,2024-05-22,Regular
1427,Divya Pillai,divya.pillai606@outlook.com,8542414059,Jaipur,Other,2021-11-15,VIP
1428,Vivaan Desai,vivaan.desai983@gmail.com,9030626445,Lucknow,Male,2019-01-28,Premium
1429,Amit Agarwal,amit.agarwal501@yahoo.com,7573772984,Hyderabad,Female,2020-07-03,New
1430,Ananya Kapoor,ananya.kapoor767@yahoo.com,8944341611,Ludhiana,Female,2021-06-05,New
1431,Divya Desai,divya.desai234@gmail.com,9328453094,Bengaluru,Other,2021-01-28,New
1432,Suresh Rao,suresh.rao153@gmail.com,8916948332,Jaipur,Female,2022-03-05,Regular
1433,Ramesh Sharma,ramesh.sharma721@hotmail.com,9277543817,Indore,Other,2023-11-05,Premium
1434,Riya Kapoor,riya.kapoor907@gmail.com,8766197779,Jaipur,Other,2019-04-20,VIP
1434,Riya Kapoor,riya.kapoor907@gmail.com,8766197779,Jaipur,Other,2019-04-20,VIP
1435,,pari.patel462@gmail.com,9507115686,SURAT,Female,2021-01-09,Regular
1436,Sai Chopra,sai.chopra784@hotmail.com,9255455971,Chennai,Male,2020-03-04,Premium
1437,Rohan Malhotra,rohan.malhotra602@hotmail.com,8714181101,Nashik,Male,2023-07-08,New
1438,Anika Bansal,anika.bansal675@rediffmail.com,8671504382,Jaipur,Other,2022-09-15,VIP
1439,Rohan Mehta,rohan.mehta835@gmail.com,7846157010,Ahmedabad,Male,2022-07-26,New
1440,Rahul Kapoor,rahul.kapoor663@outlook.com,7694337770,Ahmedabad,Male,2022-08-31,New
1441,Kavya Mehta,kavya.mehta368@rediffmail.com,7330843219,Agra,Other,2021-10-04,Premium
1442,Suresh Chopra,suresh.chopra634@rediffmail.com,7605356902,Jaipur,Female,2023-08-13,Premium
1443,Arjun Desai,arjun.desai693@yahoo,7161067237,Lucknow,Other,2021-10-23,Regular
1444,Aadhya Verma,aadhya.verma792@hotmail.com,8208695749,Surat,Female,2024-10-20,New
1445,Nikhil Verma,nikhil.verma921@yahoo.com,8191919047,Agra,Female,2024-11-13,Premium
1446,Aditya Bhatt,aditya.bhatt529@rediffmail,8531602983,Vadodara,Male,2022-03-09,VIP
1447,Pari Singh,pari.singh224@outlook.com,9520055579,Indore,Other,2023-10-25,Premium
1448,Rahul Malhotra,rahul.malhotra648@rediffmail.com,7489278283,Bhopal,Other,2020-08-10,Regular
1449,Deepak Rao,deepak.rao690hotmail.com,8316770202,Bengaluru,Female,2024-11-06,New
1450,Aadhya Joshi,aadhya.joshi797@yahoo.com,8822863100,Nagpur,Female,2019-12-08,Premium
1451,Vivaan Malhotra,vivaan.malhotra429@yahoo.com,7391738842,Jaipur,Male,2023-11-19,Regular
1452,,sanjay.iyer396gmail.com,9396769268,Beng@luru,Male,2020-10-21,Premium
1453,Divya Joshi,divya.joshi792@gmail.com,9166185070,Nashik,Female,2024-12-03,Premium
1454,Isha Desai,isha.desai812@yahoo.com,9529782298,Nagpur,Female,2020-04-12,Premium
1455,Arjun Kumar,arjun.kumar254@yahoo.com,7253713004,Surat,Male,2023-02-28,Regular
1456,Krishna Nair,krishna.nair115@hotmail.com,+91-7197696154,Lucknow,Male,2024-03-29,Regular
1457,Vihaan Bansal,vihaan.bansal751@hotmail.com,7951212020,Chennai,Other,2020-12-10,Regular
1458,Kritika Patel,kritika.patel857@gmail.com,9328470961,Ludhiana,Female,2021-07-05,Premium
1459,Deepak Bhatt,deepak.bhatt709@rediffmail.com,7427560513,Agra,Male,2024-11-30,New
1460,Aadhya Joshi,aadhya.joshi839@hotmail.com,8346871551,Nashik,Other,2020-02-03,Premium
1461,Kritika Rao,kritika.rao529@hotmail.com,8007271657,Delhi,Other,2019-10-22,New
1462,Anjali Rao,anjali.rao814gmail.com,8831317,Kanpur,Male,2020-04-22,Premium
1463,Divya Nair,divya.nair79@gmail.com,801547381,Pune,Other,2021-10-22,Regular
1464,Priya Kumar,priya.kumar232@rediffmail.com,8526203138,Surat,Female,2020-02-03,Regular
1465,Ayaan Sharma,ayaan.sharma582@hotmail.com,8282081759,Kolkata,Other,2023-07-20,New
1466,Sneha Verma,sneha.verma91@yahoo.com,832735975,Nagpur,Female,2019-08-25,Premium
1467,Vivaan Chopra,vivaan.chopra799@hotmail.com,8666522207,Surat,Female,2024-04-11,VIP
1468,Ramesh Nair,ramesh.nair202@hotmail.com,+91-8409319162,Nashik,Male,2020-02-20,VIP
1469,Priya Verma,priya.verma385@outlook.com,9680588423,Hyderabad,Male,2020-04-28,Regular
1470,Kritika Chopra,kritika.chopra561@rediffmail.com,7191466005,Vadodara,Male,2020-03-01,New
1471,Neha Nair,neha.nair31@outlook,9394788553,Nashik,Other,2019-09-10,Premium
1472,Aadhya Desai,aadhya.desai668@gmail.com,7329554535,Agra,Female,2019-05-14,New
1473,Anjali Iyer,anjali.iyer755yahoo.com,8965063417,Chennai,Other,2021-01-02,Regular
1474,Myra Agarwal,myra.agarwal486@gmail.com,8133408054,Kolkata,Male,2023-05-18,Premium
1475,Karan Singh,karan.singh295@hotmail.com,7384841307,Nashik,Female,2020-02-20,Premium
1476,Aarav Desai,aarav.desai373@yahoo.com,7865600161,Chennai,Female,2021-07-23,New
1477,Saanvi Bhatt,saanvi.bhatt781@rediffmail.com,8005503740,Ahmedabad,Male,2024-06-19,Regular
1478,Sanjay Agarwal,sanjay.agarwal269@gmail.com,9190166189,Mumbai,Female,2021-09-20,Regular
1479,Ramesh Pillai,ramesh.pillai672@outlook.com,9661874598,Mumbai,Other,2019-12-19,VIP
1480,Ananya Chopra,ananya.chopra24@outlook.com,7994711913,Delhi,Female,2019-11-01,Regular
1481,Aarav Kumar,aarav.kumar397@yahoo.com,7897263287,Bengaluru,Other,2020-11-23,Premium
1482,Arjun Nair,arjun.nair303@yahoo.com,9848986259,Bhopal,Male,2021-08-29,Regular
1483,Sneha Verma,sneha.verma222@hotmail,9354626377,Ahmedabad,Male,2023-02-15,Regular
1484,Vihaan Agarwal,vihaan.agarwal13@yahoo.com,8118572073,Ludhiana,Other,2024-09-04,Regular
1485,Amit Verma,amit.verma36@yahoo.com,8290010666,Pune,Male,2024-01-14,VIP
1486,Pooja Iyer,pooja.iyer642@yahoo.com,8412840503,Ahmedabad,Female,2020-04-27,Premium
1487,Nikhil Bansal,nikhil.bansal250@yahoo.com,8222356737,Kanpur,Female,2022-12-06,Regular
1488,Diya Pillai,diya.pillai104@rediffmail.com,7486005221,Hyderabad,Male,2023-12-18,Regular
1489,Ishaan Agarwal,ishaan.agarwal635@gmail.com,8890258319,Surat,Female,2022-02-17,Regular
1490,Ayaan Malhotra,ayaan.malhotra341@gmail.com,9780120881,Indore,Female,2024-04-01,VIP
1491,Ishaan Rao,ishaan.rao54@yahoo.com,+91-8622580616,Jaipur,Male,2020-05-08,VIP
1492,Riya Kapoor,riya.kapoor560@gmail.com,9784180150,Agra,Other,2023-08-02,Premium
1493,Aadhya Singh,aadhya.singh573@outlook,7297121509,Ludhiana,Female,2019-01-25,Regular
1493,Aadhya Singh,aadhya.singh573@outlook,7297121509,Ludhiana,Female,2019-01-25,Regular
1494,,anjali.mehta584@hotmail.com,7299914356,mumbai,Other,2020-06-14,Regular
1495,Priya Chopra,priya.chopra187@hotmail.com,7214278375,Pune,Female,2024-12-02,Premium
1496,Isha Malhotra,isha.malhotra42@hotmail.com,8067958303,Patna,Female,2019-01-22,VIP
1497,Aarav Joshi,aarav.joshi155@yahoo.com,7794083589,Jaipur,Other,2019-07-20,New
1498,Manish Sharma,manish.sharma154@gmail.com,9432924358,Lucknow,Male,2022-08-01,VIP
1499,Krishna Desai,krishna.desai885@hotmail.com,8052227729,Indore,Other,2024-04-24,New
1500,Pooja Desai,pooja.desai551@hotmail.com,8690246439,Kolkata,Other,2024-04-03,Regular
1501,Reyansh Bhatt,reyansh.bhatt849@hotmail.com,7797239019,Ludhiana,Other,2023-11-19,Regular
1502,Manish Patel,manish.patel882@rediffmail.com,8343794178,Jaipur,Other,2019-05-15,VIP
1503,Pooja Malhotra,pooja.malhotra343@gmail.com,8590847177,Kanpur,Female,2022-04-11,New
1504,Vivaan Gupta,vivaan.gupta393@yahoo.com,8750868785,Surat,Male,2020-06-19,New
1505,Aditya Gupta,aditya.gupta369@outlook.com,+91-7386845432,Hyderabad,Female,2020-04-19,Premium
1506,Suresh Reddy,suresh.reddy315@outlook.com,8046841985,Vadodara,Female,2023-03-13,New
1507,Anika Chopra,anika.chopra262@rediffmail.com,8020477062,Pune,Other,2022-04-05,New
1508,Sai Chopra,sai.chopra462@yahoo.com,7783004504,Agra,Female,2022-05-05,Regular
1509,Isha Iyer,isha.iyer128@gmail.com,7125267784,Lucknow,Other,2023-09-01,VIP
1510,Rohan Nair,rohan.nair530@hotmail.com,9800306235,Hyderabad,Female,2024-09-13,VIP
1511,Reyansh Verma,reyansh.verma198rediffmail.com,8722362952,Agra,Male,2024-07-13,Premium
1512,Sunita Pillai,sunita.pillai139@yahoo.com,7150054467,Kolkata,Other,2019-10-03,VIP
1513,Aarav Mehta,aarav.mehta656@hotmail.com,7441149755,Nagpur,Male,2019-02-14,Premium
1514,Diya Joshi,diya.joshi472@outlook.com,8129064616,Nashik,Other,2021-07-13,Regular
1515,Sneha Bansal,sneha.bansal721@gmail.com,9301993457,Kanpur,Other,2020-05-21,Premium
1516,Aditya Desai,aditya.desai893@outlook.com,8800364808,Agra,Other,2024-03-21,Premium
1517,Saanvi Patel,saanvi.patel45@rediffmail.com,8772813785,Kanpur,Male,2019-04-22,Premium
1518,Anjali Bansal,anjali.bansal771@gmail.com,7194564761,Mumbai,Male,2022-05-09,Regular
1519,Reyansh Kumar,reyansh.kumar86@hotmail.com,8318322154,Delhi,Female,2020-12-24,VIP
1520,Aadhya Patel,aadhya.patel901@rediffmail.com,9148243360,Pune,Other,2022-07-10,VIP
1521,Priya Iyer,priya.iyer305@yahoo.com,8864764121,Nagpur,Male,2022-10-31,VIP
1522,Divya Patel,divya.patel167@gmail.com,8123226548,Lucknow,Female,2022-02-13,Regular
1523,Karan Agarwal,karan.agarwal317@hotmail.com,7667284230,Bengaluru,Other,2023-03-27,New
1524,Kritika Gupta,kritika.gupta14@rediffmail.com,8785807593,Pune,Other,2019-11-14,VIP
1525,Sunita Rao,sunita.rao487@yahoo.com,8504926783,Ludhiana,Female,2021-11-28,Premium
1526,Pooja Bansal,pooja.bansal755outlook.com,8781902797,Patna,Other,2024-04-20,VIP
1527,Krishna Bhatt,krishna.bhatt765@outlook.com,9368039082,Lucknow,Male,2022-05-31,New
1528,Vivaan Kumar,vivaan.kumar52@hotmail.com,7454844655,Mumbai,Other,2019-02-13,New
1529,Suresh Kumar,suresh.kumar181@rediffmail.com,7623554894,Patna,Other,2021-05-26,Regular
1530,Aarav Desai,aarav.desai931@outlook.com,8633984227,Jaipur,Other,2023-01-13,New
1531,Neha Kapoor,neha.kapoor826@yahoo.com,9323242933,Chennai,Male,2023-03-03,New
1532,Reyansh Malhotra,reyansh.malhotra995@gmail.com,9559216662,Nagpur,Other,2020-03-12,Regular
1533,Myra Singh,myra.singh593@hotmail.com,7541337612,Ludhiana,Other,2021-08-20,New
1534,Suresh Rao,suresh.rao989@hotmail.com,7524034245,Bhopal,Male,2021-08-29,VIP
1535,Kavya Joshi,kavya.joshi953@gmail.com,9422245013,Vadodara,Female,2021-12-05,New
1536,Arjun Pillai,arjun.pillai60@rediffmail.com,8499076062,Agra,Female,2022-10-14,Regular
1537,Aadhya Pillai,aadhya.pillai13@yahoo.com,9386886314,Chennai,Other,2024-04-29,Regular
1538,Krishna Desai,krishna.desai141@yahoo.com,+91-7821610703,Bengaluru,Other,2022-12-22,Premium
1539,Ayaan Patel,ayaan.patel518@yahoo.com,737277645,Nashik,Male,2024-04-12,New
1540,Arjun Kumar,arjun.kumar518@rediffmail.com,7246864664,Bhopal,Male,2021-11-24,Premium
1541,Vivaan Agarwal,vivaan.agarwal591@hotmail.com,8688703698,Vadodara,Female,2021-01-05,Regular
1542,Pooja Gupta,pooja.gupta104@hotmail.com,7913406089,Nashik,Male,2022-11-25,Premium
1543,Pari Reddy,pari.reddy279yahoo.com,7517388688,Bengaluru,Other,2021-06-15,Premium
1544,Vihaan Nair,vihaan.nair416@hotmail.com,9661170588,Ahmedabad,Female,2024-11-21,VIP
1545,Diya Singh,diya.singh125@gmail.com,87970763,Vadodara,Other,2024-03-28,VIP
1546,Sunita Reddy,sunita.reddy781@yahoo.com,8908116255,Indore,Male,2023-11-27,VIP
1547,Pari Chopra,pari.chopra103@rediffmail.com,7649371516,Nashik,Other,2019-11-11,VIP
1548,Ananya Reddy,ananya.reddy538@hotmail,7403080372,Ahmedabad,Male,2021-03-29,Regular
1549,Sunita Desai,sunita.desai515@rediffmail.com,9156240337,Surat,Female,2022-02-05,New
1550,Sneha Kapoor,sneha.kapoor145@yahoo.com,9262489167,Vadodara,Male,2020-02-28,Premium
1551,Neha Verma,neha.verma454gmail.com,9968020271,Pune,Male,2019-05-02,New
1552,Ananya Rao,ananya.rao358@yahoo.com,9201736480,Vadodara,Other,2022-09-14,VIP
1553,Kritika Pillai,kritika.pillai433@yahoo.com,7237352120,Indore,Female,2019-09-24,Premium
1554,Reyansh Singh,reyansh.singh902@yahoo.com,9226197440,Kanpur,Male,2021-08-20,New
1555,Sai Iyer,sai.iyer678@outlook.com,9424837973,Surat,Female,2021-05-11,VIP
1556,Myra Pillai,myra.pillai920@rediffmail.com,+91-7532913050,Indore,Other,2024-05-16,Premium
1557,Meera Mehta,meera.mehta890@rediffmail.com,9174615687,Kanpur,Other,2024-08-25,Regular
1558,Amit Kumar,amit.kumar520@rediffmail.com,7287039874,Nashik,Female,2021-10-19,VIP
1559,Kavya Patel,kavya.patel20@hotmail.com,9610198423,Nagpur,Male,2021-07-04,Premium
1560,Saanvi Reddy,saanvi.reddy73@hotmail.com,7243945093,Mumbai,Male,2019-01-07,Regular
1561,Manish Patel,manish.patel924@outlook.com,8355869096,Lucknow,Female,2024-03-12,Premium
1562,Ananya Desai,ananya.desai296@outlook.com,9454577904,Agra,Male,2020-02-15,VIP
1563,Divya Sharma,divya.sharma264@yahoo.com,9148706993,Nashik,Female,2022-11-10,Regular
1564,Sai Sharma,sai.sharma164@hotmail.com,8530939044,Bhopal,Other,2024-09-17,Premium
1565,Krishna Kapoor,krishna.kapoor783@gmail.com,782794351,Vadodara,Female,2021-01-28,VIP
1566,Sunita Kapoor,sunita.kapoor811@rediffmail.com,8497397454,Hyderabad,Male,2022-05-21,Premium
1567,Riya Desai,riya.desai152@rediffmail.com,8749642981,Kanpur,Male,2023-10-13,New
1568,Meera Malhotra,meera.malhotra775@rediffmail.com,7355638438,Chennai,Female,2022-04-16,Premium
1569,Sunita Joshi,sunita.joshi530@hotmail.com,9035573347,Hyderabad,Male,2021-08-10,Premium
1570,Vivaan Malhotra,vivaan.malhotra734@rediffmail.com,9758219409,Mumbai,Other,2021-03-16,Premium
1570,Vivaan Malhotra,vivaan.malhotra734@rediffmail.com,9758219409,Mumbai,Other,2021-03-16,Premium
1571,,vihaan.agarwal555@hotmail.com,8245808330,ludhiana,Female,2023-09-30,VIP
1572,Ananya Desai,ananya.desai360@hotmail,8341587777,Nagpur,Female,2021-12-16,VIP
1573,Amit Rao,amit.rao635@rediffmail.com,8621895280,Surat,Male,2021-12-04,VIP
1574,Kritika Gupta,kritika.gupta141@rediffmail.com,7749639044,Lucknow,Male,2022-09-29,VIP
1575,Reyansh Agarwal,reyansh.agarwal122@outlook.com,7656592261,Bengaluru,Other,2022-12-24,Premium
1576,Shreya Kapoor,shreya.kapoor489@rediffmail.com,9321585920,Surat,Male,2020-07-24,VIP
1577,Diya Malhotra,diya.malhotra921@hotmail.com,9752012791,Ahmedabad,Female,2020-01-27,VIP
1578,Ananya Joshi,ananya.joshi325@gmail.com,7631072320,Patna,Male,2023-12-24,Premium
1579,Vivaan Mehta,vivaan.mehta291@yahoo.com,7702276460,Nashik,Male,2022-01-25,Premium
1580,Saanvi Bhatt,saanvi.bhatt989@outlook.com,7505423929,Jaipur,Other,2022-04-28,New
1581,Vihaan Singh,vihaan.singh95@gmail.com,8816348736,Surat,Male,2019-10-01,Regular
1582,Aarav Bansal,aarav.bansal91@outlook.com,7723336732,Mumbai,Other,2021-09-08,Premium
1583,Rahul Agarwal,rahul.agarwal377@outlook.com,8199277545,Patna,Female,2024-06-12,New
1584,Krishna Bhatt,krishna.bhatt802@yahoo.com,7515560498,Ahmedabad,Female,2023-05-08,New
1585,Sunita Verma,sunita.verma237@yahoo,7420846903,Delhi,Male,2020-02-14,Regular
1586,Shreya Pillai,shreya.pillai610@gmail.com,8841301213,Ahmedabad,Female,2022-08-24,Regular
1587,Saanvi Kapoor,saanvi.kapoor145@yahoo.com,9651764900,Bhopal,Female,2022-05-20,Regular
1588,Krishna Sharma,krishna.sharma682@gmail.com,8257450563,Pune,Female,2021-10-08,Premium
1589,,karan.verma721@hotmail.com,8275622263,BENGALURU,Female,2022-11-08,VIP
1590,Myra Verma,myra.verma523@outlook.com,8293508332,Pune,Other,2021-09-28,Regular
1591,Pooja Rao,pooja.rao683@hotmail.com,9339738618,Indore,Male,2020-08-10,Premium
1592,Karan Bansal,karan.bansal942@yahoo.com,+91-9964302792,Ludhiana,Male,2021-11-10,Regular
1593,Pari Bansal,pari.bansal280@rediffmail.com,7048941319,Jaipur,Male,2019-11-26,Premium
1594,Suresh Desai,suresh.desai180@rediffmail.com,9868723785,Nagpur,Female,2020-04-04,Regular
1595,Suresh Pillai,suresh.pillai950@outlook.com,7607817441,Delhi,Female,2024-04-03,Premium
1596,Anika Sharma,anika.sharma548@outlook.com,8704011610,Bhopal,Female,2019-03-31,VIP
1597,Aadhya Pillai,aadhya.pillai810@gmail.com,75747552,Ludhiana,Female,2023-11-04,Regular
1598,Manish Bhatt,manish.bhatt826@hotmail.com,9334079372,Vadodara,Male,2023-06-29,New
1599,Suresh Iyer,suresh.iyer923@rediffmail.com,9624004959,Nagpur,Other,2024-07-21,Regular
1600,Sai Bansal,sai.bansal92@gmail.com,8351533052,Lucknow,Female,2023-06-09,VIP
1601,Vivaan Chopra,vivaan.chopra398@rediffmail.com,8495640236,Ahmedabad,Other,2021-01-26,VIP
1602,Pari Rao,pari.rao984@outlook.com,+91-8542990481,Ludhiana,Other,2022-06-25,VIP
1603,Ayaan Joshi,ayaan.joshi674@gmail.com,8344568626,Pune,Female,2022-11-01,Regular
1604,Myra Chopra,myra.chopra381@gmail.com,8870229915,Jaipur,Male,2023-07-21,Regular
1605,Aarav Verma,aarav.verma20@yahoo,7540463438,Ahmedabad,Male,2023-07-07,New
1606,,sunita.joshi473@rediffmail.com,7879839300, Ahmedabad ,Other,2023-09-17,Regular
1607,Krishna Iyer,krishna.iyer819@outlook.com,9311385180,Pune,Other,2020-08-17,Premium
1608,Ananya Verma,ananya.verma307@outlook.com,9572203782,Mumbai,Female,2020-01-10,Premium
1609,Meera Pillai,meera.pillai225@yahoo.com,8829712046,Hyderabad,Male,2023-01-16,New
1610,Anjali Chopra,anjali.chopra128@gmail.com,963210041,Jaipur,Male,2021-08-05,New
1611,Aditya Rao,aditya.rao96@yahoo.com,9349704032,Jaipur,Female,2020-02-17,Premium
1612,Saanvi Gupta,saanvi.gupta247@yahoo.com,9143282718,Pune,Other,2023-06-13,Regular
1613,Anika Verma,anika.verma585gmail.com,9375101378,Delhi,Female,2023-05-02,VIP
1614,Anika Reddy,anika.reddy953@hotmail.com,+91-8094247462,Bhopal,Female,2024-12-10,VIP
1615,Meera Kumar,meera.kumar938@hotmail.com,8841192533,Lucknow,Female,2019-06-24,New
1616,Deepak Verma,deepak.verma559@rediffmail.com,7976542308,Pune,Male,2021-08-26,VIP
1617,Arjun Reddy,arjun.reddy117@hotmail.com,9172536322,Ahmedabad,Male,2020-07-12,VIP
1618,Myra Pillai,myra.pillai546@gmail.com,7896429432,Ludhiana,Male,2021-06-15,VIP
1619,Kritika Patel,kritika.patel589yahoo.com,7927491668,Ludhiana,Other,2021-06-14,Premium
1620,Meera Nair,meera.nair910@outlook.com,8806074330,Bengaluru,Female,2024-02-16,VIP
1621,Ramesh Malhotra,ramesh.malhotra70@gmail.com,8567653677,Agra,Other,2020-08-10,Regular
1622,Aditya Singh,aditya.singh837@rediffmail,7810239276,Vadodara,Other,2024-04-01,VIP
1623,Pooja Verma,pooja.verma676rediffmail.com,7298566781,Indore,Female,2020-12-15,Regular
1624,Pari Pillai,pari.pillai72yahoo.com,75824076,Delhi,Male,2021-06-30,VIP
1625,Kritika Sharma,kritika.sharma359@yahoo.com,8578117395,Jaipur,Female,2022-11-23,Regular
1626,Sunita Singh,sunita.singh183@outlook.com,9346059675,Agra,Other,2024-06-11,Premium
1627,Pooja Reddy,pooja.reddy275@yahoo.com,9694292669,Pune,Female,2022-08-27,Regular
1628,Arjun Reddy,arjun.reddy752@outlook.com,7925411008,Nashik,Female,2020-01-11,Premium
1629,Neha Malhotra,neha.malhotra738@outlook.com,9588076709,Nashik,Other,2020-12-11,VIP
1630,Ayaan Verma,ayaan.verma337@rediffmail.com,7539748533,Delhi,Male,2024-01-16,New
1631,Deepak Sharma,deepak.sharma501@rediffmail.com,+91-9451618709,Mumbai,Female,2020-01-02,Premium
1632,Kavya Rao,kavya.rao861@rediffmail.com,9866655450,Kolkata,Other,2024-05-31,VIP
1633,Neha Chopra,neha.chopra993@outlook.com,9737037024,Bengaluru,Female,2021-08-10,VIP
1634,Sai Agarwal,sai.agarwal774@hotmail.com,9105492495,Jaipur,Other,2020-07-22,VIP
1635,Sai Agarwal,sai.agarwal120@outlook.com,9592217170,Ludhiana,Female,2022-09-14,Regular
1636,Riya Joshi,riya.joshi76@outlook.com,7155058076,Bhopal,Male,2021-11-04,Regular
1637,Myra Nair,myra.nair526@yahoo,+91-9353981274,Mumbai,Other,2020-10-27,New
1638,Amit Verma,amit.verma605@rediffmail.com,7329449428,Pune,Other,2022-08-25,Regular
1639,Sanjay Mehta,sanjay.mehta240@hotmail.com,9445825548,Pune,Other,2019-10-18,Regular
1640,Kritika Iyer,kritika.iyer751@hotmail.com,8067873985,Delhi,Female,2019-05-16,Premium
1641,Rahul Patel,rahul.patel808@hotmail.com,7391472674,Nagpur,Other,2020-09-01,New
1642,Sneha Kumar,sneha.kumar436@hotmail.com,8226925978,Ludhiana,Female,2024-11-25,Premium
1643,Sunita Gupta,sunita.gupta24@outlook.com,8898579235,Nagpur,Male,2022-09-17,New
1644,Amit Agarwal,amit.agarwal405@rediffmail.com,7059485738,Ahmedabad,Female,2019-11-11,VIP
1645,Suresh Verma,suresh.verma209@gmail.com,8901096870,Ludhiana,Male,2019-03-02,VIP
1646,Vivaan Singh,vivaan.singh418@yahoo.com,8105746193,Bhopal,Other,2024-02-03,New
1647,Anjali Patel,anjali.patel643@hotmail.com,98286767,Jaipur,Other,2019-09-28,New
1648,Krishna Bansal,krishna.bansal746yahoo.com,7733083785,Pune,Female,2021-05-23,Regular
1649,Kavya Sharma,kavya.sharma176@rediffmail.com,9636003790,Indore,Other,2022-08-26,Regular
1650,Ananya Sharma,ananya.sharma517@gmail.com,9142509166,Patna,Female,2020-09-21,VIP
1651,Amit Gupta,amit.gupta845@outlook.com,7278375626,Ahmedabad,Other,2019-09-04,Premium
1652,Ishaan Chopra,ishaan.chopra110@yahoo.com,8286642879,Bhopal,Female,2021-06-19,Regular
1653,Ramesh Nair,ramesh.nair51@gmail.com,9665411435,Agra,Female,2019-02-23,New
1654,Myra Agarwal,myra.agarwal370@yahoo.com,7374882675,Nagpur,Other,2022-12-01,Premium
1655,Nikhil Nair,nikhil.nair1@hotmail.com,9366073500,Lucknow,Female,2023-11-18,Premium
1656,Ayaan Patel,ayaan.patel941@outlook.com,7819829285,Surat,Other,2021-05-17,Regular
1657,Sanjay Malhotra,sanjay.malhotra615@hotmail.com,9258634831,Jaipur,Male,2022-02-06,New
1658,Krishna Sharma,krishna.sharma310@hotmail.com,7278491745,Ahmedabad,Female,2022-02-18,Regular
1659,Pari Malhotra,pari.malhotra121@gmail.com,8687165784,Surat,Male,2024-11-06,Regular
1660,Deepak Rao,deepak.rao58@rediffmail.com,7754378083,Nashik,Other,2022-10-05,Regular
1661,Pooja Verma,pooja.verma455@outlook.com,8176253076,Indore,Other,2021-04-16,New
1662,Kritika Bhatt,kritika.bhatt640@hotmail.com,9987015571,Hyderabad,Other,2021-06-02,VIP
1663,Nikhil Kumar,nikhil.kumar796@hotmail.com,9050562199,Ahmedabad,Other,2022-01-01,VIP
1664,Karan Patel,karan.patel552@gmail.com,8888582658,Bhopal,Male,2020-06-24,VIP
1665,Pooja Desai,pooja.desai384@rediffmail.com,8841064167,Kolkata,Male,2020-09-18,Regular
1666,Shreya Reddy,shreya.reddy32@rediffmail.com,8233504766,Hyderabad,Female,2023-08-25,Premium
1667,Ramesh Chopra,ramesh.chopra541@rediffmail.com,7383219089,Delhi,Other,2024-04-25,VIP
1668,Deepak Desai,deepak.desai747@gmail.com,+91-7308341908,Agra,Other,2023-03-04,Regular
1669,Rahul Rao,rahul.rao512@outlook.com,9418909785,Indore,Male,2024-06-17,VIP
1670,Deepak Joshi,deepak.joshi356@rediffmail.com,9253849559,Nagpur,Other,2020-10-25,Premium
1671,Pooja Singh,pooja.singh27@gmail.com,7505707655,Mumbai,Male,2024-08-19,Regular
1672,Aditya Kapoor,aditya.kapoor781@yahoo.com,7297174222,Nashik,Male,2023-02-26,VIP
1673,Arjun Gupta,arjun.gupta353@outlook.com,7697535099,Agra,Male,2021-01-17,Regular
1674,Myra Bansal,myra.bansal760@rediffmail.com,9633625054,Bhopal,Other,2023-12-30,VIP
1675,Neha Reddy,neha.reddy914@rediffmail.com,8496873172,Bhopal,Other,2024-04-10,Premium
1676,Reyansh Agarwal,reyansh.agarwal947@hotmail.com,8808772922,Chennai,Female,2023-10-06,Premium
1677,Krishna Desai,krishna.desai684@outlook.com,9749015634,Vadodara,Female,2022-11-22,VIP
1678,Rohan Singh,rohan.singh819@rediffmail.com,7916649515,Pune,Female,2024-12-18,Premium
1679,Meera Bhatt,meera.bhatt80@rediffmail.com,+91-9783488839,Mumbai,Male,2020-03-23,VIP
1680,Priya Pillai,priya.pillai708@rediffmail.com,8509067071,Kolkata,Female,2019-07-06,VIP
1681,Manish Pillai,manish.pillai667@rediffmail.com,9377681091,Pune,Male,2023-04-08,VIP
1682,Deepak Bhatt,deepak.bhatt248@hotmail.com,8944034476,Kanpur,Female,2021-02-03,VIP
1683,Krishna Kapoor,krishna.kapoor268@yahoo.com,7127272309,Delhi,Male,2019-03-31,Regular
1684,Sai Verma,sai.verma841@gmail.com,8105123220,Jaipur,Female,2022-09-01,Premium
1685,Priya Chopra,priya.chopra936outlook.com,7579405472,Nashik,Male,2019-09-26,VIP
1686,Vivaan Bansal,vivaan.bansal149@outlook.com,8596856647,Vadodara,Other,2024-05-29,Regular
1687,Sunita Bansal,sunita.bansal948@rediffmail.com,8271143024,Kolkata,Other,2020-03-21,New
1688,Karan Joshi,karan.joshi780@yahoo.com,7245145842,Bengaluru,Female,2024-01-06,VIP
1689,Ishaan Rao,ishaan.rao641@outlook.com,8974847960,Ludhiana,Other,2024-01-07,VIP
1690,Aditya Patel,aditya.patel972@rediffmail.com,8757756573,Chennai,Other,2021-04-11,New
1691,Vihaan Sharma,vihaan.sharma170@rediffmail.com,9086056081,Chennai,Female,2021-01-25,VIP
1692,Karan Verma,karan.verma970@yahoo.com,7205456881,Agra,Male,2020-01-19,Regular
1693,Rohan Bhatt,rohan.bhatt676@yahoo.com,+91-8027508513,Ahmedabad,Male,2021-08-16,New
1693,Rohan Bhatt,rohan.bhatt676@yahoo.com,+91-8027508513,Ahmedabad,Male,2021-08-16,New
1694,,krishna.nair247@rediffmail.com,9125094753,NASHIK,Male,2021-02-10,Premium
1695,Nikhil Singh,nikhil.singh869@gmail.com,8470122769,Chennai,Female,2019-12-07,VIP
1696,Aarav Verma,aarav.verma853@hotmail.com,8501242929,Delhi,Male,2020-01-19,Premium
1697,Kritika Nair,kritika.nair871@outlook.com,7470336549,Agra,Male,2024-02-16,Regular
1698,Kritika Sharma,kritika.sharma148@yahoo,8069262426,Bhopal,Male,2019-06-01,Regular
1699,Sai Desai,sai.desai718@outlook.com,8760499038,Agra,Female,2019-10-26,VIP
1700,Pari Rao,pari.rao671@hotmail.com,80065848,Ahmedabad,Other,2021-12-11,Regular
1701,Ayaan Agarwal,ayaan.agarwal795@yahoo.com,9300696297,Kanpur,Male,2021-09-03,New
1702,Ayaan Verma,ayaan.verma406@gmail.com,7515367065,Lucknow,Male,2024-04-02,Regular
1703,Ayaan Joshi,ayaan.joshi122@yahoo.com,7628719798,Bengaluru,Male,2024-02-14,Premium
1704,Kavya Reddy,kavya.reddy689@rediffmail.com,9105397304,Lucknow,Female,2022-05-07,New
1705,Kritika Bhatt,kritika.bhatt229@gmail.com,9291688150,Bengaluru,Male,2022-07-23,Regular
1706,Ananya Mehta,ananya.mehta561@rediffmail.com,7462550,Mumbai,Male,2020-03-23,Regular
1707,Anika Patel,anika.patel941@outlook.com,9116136695,Agra,Female,2019-07-30,Premium
1708,Sunita Bhatt,sunita.bhatt651@rediffmail.com,8348491626,Patna,Male,2019-03-20,Regular
1709,Pari Verma,pari.verma115@gmail.com,9228739903,Ludhiana,Female,2023-11-16,New
1710,Suresh Patel,suresh.patel486@outlook.com,8925312177,Nashik,Male,2024-10-29,New
1711,Sunita Bansal,sunita.bansal542@gmail.com,8611721664,Pune,Male,2024-07-10,New
1712,Kavya Reddy,kavya.reddy805@outlook.com,8029154751,Mumbai,Male,2021-03-30,VIP
1713,Deepak Iyer,deepak.iyer70@yahoo.com,8081483202,Ahmedabad,Male,2019-11-24,Premium
1714,Krishna Nair,krishna.nair824@hotmail.com,9264147234,Indore,Female,2019-02-26,Premium
1715,Amit Kumar,amit.kumar799@outlook.com,9248813317,Bhopal,Other,2022-05-27,VIP
1716,Meera Desai,meera.desai897@hotmail.com,9258038486,Kolkata,Female,2019-05-17,Regular
1717,Krishna Chopra,krishna.chopra217@rediffmail.com,9486797816,Agra,Male,2020-07-06,Premium
1718,Arjun Pillai,arjun.pillai56@hotmail.com,9540710345,Indore,Other,2024-01-27,Regular
1719,Suresh Bhatt,suresh.bhatt735@outlook.com,8932479601,Ludhiana,Female,2020-09-01,Premium
1720,Rohan Desai,rohan.desai440@yahoo.com,7701662833,Chennai,Female,2022-11-04,Regular
1721,Neha Chopra,neha.chopra818@yahoo.com,8345395618,Indore,Other,2024-04-18,New
1722,Aditya Malhotra,aditya.malhotra630@outlook.com,9473674590,Nashik,Female,2023-03-11,New
1723,Anika Agarwal,anika.agarwal836hotmail.com,9231203262,Pune,Other,2024-05-18,Premium
1724,Sanjay Rao,sanjay.rao447@outlook.com,+91-9518963666,Chennai,Male,2021-03-05,VIP
1725,Shreya Verma,shreya.verma9@hotmail,7178566671,Kanpur,Male,2024-08-02,VIP
1726,Diya Bhatt,diya.bhatt581@rediffmail.com,8593752898,Nashik,Other,2023-08-19,VIP
1727,Sai Verma,sai.verma43@outlook.com,7173379038,Indore,Other,2019-07-26,Regular
1728,Sanjay Singh,sanjay.singh327@rediffmail.com,7765098528,Bengaluru,Female,2021-11-27,Premium
1729,Anjali Nair,anjali.nair364@hotmail.com,7835586715,Chennai,Male,2022-09-15,New
1730,Vihaan Verma,vihaan.verma76@gmail.com,+91-7652616587,Surat,Other,2023-06-29,Regular
1731,Sunita Singh,sunita.singh200@outlook.com,7880855733,Agra,Male,2022-08-12,New
1732,Sneha Sharma,sneha.sharma21@yahoo.com,9463533881,Lucknow,Other,2024-04-26,Regular
1733,Krishna Malhotra,krishna.malhotra810@hotmail.com,7178733635,Mumbai,Female,2023-12-13,New
1734,Myra Sharma,myra.sharma407@yahoo.com,7782419781,Lucknow,Other,2020-10-18,Premium
1735,Shreya Bhatt,shreya.bhatt30@hotmail.com,7139034696,Jaipur,Female,2019-03-31,Premium
1736,Pari Joshi,pari.joshi826@yahoo.com,8533675610,Nagpur,Male,2020-01-16,Regular
1737,Sneha Nair,sneha.nair23@outlook.com,8117600824,Nashik,Female,2020-01-14,New
1738,Anika Chopra,anika.chopra894@hotmail.com,8662279282,Lucknow,Other,2022-05-30,New
1739,Suresh Kapoor,suresh.kapoor204@gmail.com,7263442784,Surat,Male,2020-11-19,Regular
1740,Meera Verma,meera.verma403@rediffmail.com,7994666287,Ludhiana,Male,2023-05-06,Regular
1741,Arjun Mehta,arjun.mehta298@gmail.com,7725206088,Chennai,Other,2023-10-06,VIP
1742,Rahul Agarwal,rahul.agarwal234@hotmail.com,8947253130,Kolkata,Male,2024-02-07,VIP
1743,Sunita Bhatt,sunita.bhatt286@hotmail.com,7453007550,Hyderabad,Other,2020-12-18,Premium
1744,Aditya Bhatt,aditya.bhatt865@yahoo.com,8126859683,Pune,Female,2021-04-12,New
1745,Vivaan Rao,vivaan.rao455@outlook.com,7361062096,Lucknow,Other,2022-01-31,New
1746,Vihaan Mehta,vihaan.mehta721@yahoo.com,8266905048,Pune,Other,2022-03-07,Regular
1747,Sunita Sharma,sunita.sharma58@gmail.com,+91-7115283518,Agra,Other,2019-05-17,Premium
1748,Kritika Malhotra,kritika.malhotra311@outlook.com,8641559482,Pune,Female,2020-06-03,New
1749,Amit Gupta,amit.gupta806@hotmail.com,8709446651,Bengaluru,Female,2019-12-10,VIP
1750,Arjun Kumar,arjun.kumar995@rediffmail.com,9977576935,Nashik,Female,2023-04-01,New
1751,Myra Sharma,myra.sharma442@hotmail.com,8712702792,Ludhiana,Female,2024-10-12,New
1752,Sai Rao,sai.rao225@outlook.com,9135503866,Kanpur,Other,2022-08-14,Regular
1753,Saanvi Sharma,saanvi.sharma918@yahoo.com,9809859159,Agra,Female,2019-08-01,New
1754,Ayaan Desai,ayaan.desai232@rediffmail.com,7143036223,Kolkata,Other,2024-12-01,Regular
1755,Sunita Reddy,sunita.reddy701rediffmail.com,7239661215,Bhopal,Other,2019-12-03,Regular
1756,Shreya Nair,shreya.nair793@yahoo.com,9594694932,Agra,Other,2021-07-12,VIP
1756,Shreya Nair,shreya.nair793@yahoo.com,9594694932,Agra,Other,2021-07-12,VIP
1757,,ayaan.agarwal871@hotmail.com,8942145699, Kolkata ,Other,2019-05-31,VIP
1758,Myra Mehta,myra.mehta370@outlook,953368226,Nagpur,Other,2022-02-11,Regular
1759,,anika.agarwal980@rediffmail.com,7972738130,Bhopal  ,Male,2023-09-26,VIP
1760,Ananya Desai,ananya.desai248@outlook.com,7141746774,Mumbai,Other,2022-05-25,Premium
1761,Meera Gupta,meera.gupta708@yahoo.com,8393247423,Chennai,Other,2020-10-03,Premium
1762,Sneha Bansal,sneha.bansal982@hotmail.com,7406434753,Mumbai,Other,2021-05-23,New
1763,Meera Mehta,meera.mehta425@hotmail.com,8002878391,Nashik,Other,2024-10-05,Regular
1764,Amit Agarwal,amit.agarwal781@gmail.com,8497003938,Indore,Other,2022-02-18,Regular
1765,Riya Kumar,riya.kumar723@gmail.com,8599108482,Ahmedabad,Female,2024-07-20,VIP
1766,Sunita Pillai,sunita.pillai89@yahoo.com,+91-7005564129,Mumbai,Male,2023-09-22,VIP
1767,Aadhya Kapoor,aadhya.kapoor699@yahoo.com,7827886283,Lucknow,Female,2024-05-28,New
1768,Manish Iyer,manish.iyer690@yahoo.com,977266489,Lucknow,Female,2020-01-05,VIP
1769,Anika Nair,anika.nair957@hotmail.com,8661097974,Vadodara,Female,2021-11-02,New
1770,Aditya Reddy,aditya.reddy921@hotmail.com,7643957195,Nashik,Female,2019-05-15,VIP
1771,Isha Malhotra,isha.malhotra320@gmail.com,9800489787,Nagpur,Male,2024-02-20,New
1772,Nikhil Reddy,nikhil.reddy666@gmail.com,882345639,Ludhiana,Female,2021-07-09,Regular
1773,Ishaan Mehta,ishaan.mehta213@gmail.com,8948341226,Ludhiana,Male,2019-03-24,New
1773,Ishaan Mehta,ishaan.mehta213@gmail.com,8948341226,Ludhiana,Male,2019-03-24,New
1774,,sanjay.malhotra136@outlook.com,7817359584,nashik,Male,2021-06-18,VIP
1775,Saanvi Nair,saanvi.nair981@rediffmail.com,9802600963,Jaipur,Male,2019-06-02,Premium
1776,Nikhil Desai,nikhil.desai73@yahoo.com,7723327081,Lucknow,Female,2024-06-12,New
1777,Amit Joshi,amit.joshi498@gmail.com,7276116187,Kanpur,Male,2019-12-22,Regular
1778,Pari Rao,pari.rao349@gmail.com,8068425415,Agra,Female,2024-10-11,Premium
1779,Priya Bansal,priya.bansal342@hotmail.com,9015269896,Kanpur,Male,2023-05-07,Regular
1780,Amit Singh,amit.singh863@outlook.com,7090699542,Ludhiana,Other,2020-04-29,Premium
1781,Amit Bhatt,amit.bhatt369@gmail.com,8071075164,Agra,Male,2022-01-29,New
1782,Kritika Nair,kritika.nair958@rediffmail.com,9145557030,Hyderabad,Male,2019-11-17,Regular
1783,Pari Bhatt,pari.bhatt519@rediffmail.com,8985876907,Agra,Other,2023-04-24,Regular
1784,Sneha Nair,sneha.nair213@gmail.com,+91-9493498574,Ahmedabad,Male,2024-06-30,New
1785,Vivaan Patel,vivaan.patel964@gmail.com,9589003364,Ahmedabad,Female,2022-09-10,Premium
1786,Anika Patel,anika.patel384@outlook.com,7648458335,Kolkata,Female,2021-02-21,Premium
1787,Kavya Agarwal,kavya.agarwal89@yahoo.com,9156093199,Hyderabad,Male,2019-10-06,Premium
1788,Manish Verma,manish.verma59@rediffmail.com,8993983398,Vadodara,Male,2020-01-11,New
1789,Anjali Chopra,anjali.chopra622@outlook.com,9750680924,Mumbai,Female,2020-01-27,Premium
1790,Pari Verma,pari.verma960@hotmail.com,8768388694,Chennai,Other,2021-03-16,Regular
1791,Diya Kapoor,diya.kapoor108@outlook.com,9625812069,Surat,Other,2021-06-06,Premium
1792,Isha Pillai,isha.pillai541@gmail.com,7331970058,Bengaluru,Other,2023-02-16,VIP
1793,Riya Gupta,riya.gupta508@hotmail.com,7139117767,Vadodara,Male,2020-02-10,VIP
1794,Ayaan Iyer,ayaan.iyer129@rediffmail.com,839984033,Nagpur,Female,2019-02-12,New
1795,Shreya Chopra,shreya.chopra934@rediffmail.com,7750078597,Bhopal,Male,2021-06-07,New
1796,Rahul Pillai,rahul.pillai216@outlook.com,7143032204,Vadodara,Male,2023-09-24,Premium
1797,Ramesh Bansal,ramesh.bansal808@gmail.com,9002858094,Hyderabad,Other,2024-05-02,Premium
1798,Neha Bansal,neha.bansal694@yahoo.com,8846650364,Nashik,Male,2019-09-26,VIP
1799,Vihaan Nair,vihaan.nair878@hotmail.com,7066943321,Nashik,Male,2022-10-16,Premium
1800,Reyansh Rao,reyansh.rao634@yahoo.com,7119810519,Pune,Other,2022-02-24,Regular
1801,Karan Desai,karan.desai84@outlook.com,9532216246,Agra,Other,2019-11-12,Premium
1802,Aadhya Pillai,aadhya.pillai50@outlook.com,8893184147,Ahmedabad,Other,2019-04-03,Regular
1803,Ramesh Iyer,ramesh.iyer616@rediffmail.com,7649340559,Patna,Other,2022-07-09,Premium
1804,Kavya Agarwal,kavya.agarwal20@rediffmail.com,8413453554,Patna,Female,2021-10-13,VIP
1805,Myra Iyer,myra.iyer467@hotmail.com,8553700957,Bhopal,Other,2020-07-14,New
1806,Vivaan Pillai,vivaan.pillai896@rediffmail.com,9564350630,Patna,Female,2021-12-21,Premium
1807,Vivaan Pillai,vivaan.pillai269@hotmail.com,800015274,Mumbai,Male,2024-12-08,Premium
1808,Ramesh Bhatt,ramesh.bhatt576@hotmail.com,7051211774,Jaipur,Other,2023-10-30,Regular
1809,Manish Bansal,manish.bansal918@hotmail.com,7771971099,Bengaluru,Other,2021-04-27,New
1810,Isha Iyer,isha.iyer599@hotmail.com,7338025881,Agra,Female,2024-12-20,Regular
1811,Deepak Malhotra,deepak.malhotra163@outlook.com,8372033463,Kanpur,Other,2024-05-30,New
1812,Karan Agarwal,karan.agarwal231@yahoo.com,8138246651,Kolkata,Female,2021-06-25,VIP
1813,Vivaan Joshi,vivaan.joshi875@rediffmail.com,8512666010,Hyderabad,Other,2023-03-16,VIP
1814,Isha Nair,isha.nair448@outlook.com,8148594345,Indore,Female,2020-10-26,Regular
1815,Arjun Agarwal,arjun.agarwal268@gmail.com,7925120042,Hyderabad,Other,2020-05-21,Premium
1816,Ayaan Reddy,ayaan.reddy691@rediffmail.com,8711473061,Patna,Female,2024-03-09,VIP
1817,Arjun Mehta,arjun.mehta218@gmail.com,9269778571,Indore,Male,2024-04-17,Premium
1818,Sneha Reddy,sneha.reddy61@yahoo.com,7999990889,Vadodara,Male,2020-07-15,Regular
1819,Amit Verma,amit.verma968@rediffmail.com,8194775313,Nagpur,Other,2022-02-14,VIP
1820,Suresh Sharma,suresh.sharma550@yahoo.com,7511172073,Chennai,Other,2024-05-10,New
1821,Myra Patel,myra.patel107@gmail.com,8871035677,Delhi,Female,2021-06-06,Regular
1822,Aditya Verma,aditya.verma334@yahoo.com,7425873386,Hyderabad,Female,2024-11-21,New
1823,Ananya Rao,ananya.rao342@yahoo.com,7525630113,Chennai,Male,2024-01-04,New
1824,Aditya Kapoor,aditya.kapoor427@outlook.com,9333565701,Chennai,Other,2019-11-08,New
1825,Saanvi Nair,saanvi.nair592@gmail.com,7517446513,Ludhiana,Female,2023-06-19,Regular
1826,Divya Sharma,divya.sharma74@hotmail.com,7193924147,Ahmedabad,Other,2024-04-17,Premium
1827,Rohan Sharma,rohan.sharma646@yahoo.com,9149440125,Bhopal,Female,2024-09-03,New
1828,Shreya Rao,shreya.rao691@gmail.com,8225990580,Hyderabad,Female,2022-11-06,New
1829,Neha Desai,neha.desai819@outlook.com,9758566493,Agra,Other,2021-08-20,Premium
1830,Suresh Bansal,suresh.bansal839@outlook.com,9200476535,Mumbai,Other,2019-01-17,Premium
1831,Kavya Chopra,kavya.chopra882@gmail.com,9971363448,Pune,Female,2023-07-10,VIP
1832,Diya Bansal,diya.bansal530@rediffmail.com,+91-7001581088,Mumbai,Female,2021-06-27,New
1833,Reyansh Nair,reyansh.nair695@rediffmail.com,7362970622,Hyderabad,Other,2022-11-03,VIP
1834,Isha Kapoor,isha.kapoor825@hotmail.com,7119992656,Mumbai,Male,2022-10-20,VIP
1835,Suresh Iyer,suresh.iyer382@yahoo.com,8595019424,Patna,Male,2021-10-15,VIP
1836,Ramesh Kapoor,ramesh.kapoor857@gmail.com,8670025631,Vadodara,Female,2024-02-25,New
1837,Aditya Joshi,aditya.joshi554@outlook.com,8689109714,Agra,Other,2024-04-16,New
1838,Pooja Nair,pooja.nair511@yahoo.com,7525235617,Nagpur,Male,2022-08-24,VIP
1839,Isha Desai,isha.desai512@outlook.com,8477766006,Nagpur,Female,2024-10-07,Premium
1840,Sneha Bansal,sneha.bansal74@hotmail.com,9265442762,Chennai,Female,2022-07-21,New
1841,Pooja Gupta,pooja.gupta782@outlook.com,7488880504,Bengaluru,Female,2021-02-10,Premium
1842,Vihaan Nair,vihaan.nair651@outlook.com,8003184334,Ahmedabad,Other,2021-07-05,New
1843,Rohan Joshi,rohan.joshi673@outlook.com,9705900199,Nashik,Male,2021-01-10,Premium
1844,Isha Nair,isha.nair368@hotmail.com,7487978594,Mumbai,Other,2020-08-04,Premium
1845,Meera Pillai,meera.pillai295@gmail.com,7060441233,Nagpur,Male,2019-06-16,New
1846,Diya Pillai,diya.pillai596@gmail.com,9358632584,Delhi,Male,2020-02-22,New
1847,Sunita Sharma,sunita.sharma14@gmail.com,7238487109,Surat,Male,2024-07-29,Premium
1848,Shreya Mehta,shreya.mehta816@yahoo.com,8239878360,Surat,Other,2023-01-13,Regular
1849,Nikhil Nair,nikhil.nair288@hotmail.com,9253568607,Indore,Female,2022-08-19,Premium
1850,Sanjay Kapoor,sanjay.kapoor68hotmail.com,9339177739,Ludhiana,Other,2021-12-12,New
1851,Meera Kapoor,meera.kapoor279@hotmail.com,7558435556,Surat,Female,2022-03-14,New
1852,Diya Iyer,diya.iyer495@hotmail.com,9193501286,Agra,Male,2022-03-15,VIP
1853,Sunita Pillai,sunita.pillai188@hotmail.com,7111136901,Bhopal,Female,2020-12-04,New
1854,Suresh Singh,suresh.singh368@rediffmail.com,9407278618,Bengaluru,Male,2022-10-01,VIP
1855,Manish Agarwal,manish.agarwal358@rediffmail.com,9096310637,Jaipur,Female,2020-07-17,VIP
1856,Aarav Sharma,aarav.sharma575@rediffmail.com,7108539588,Hyderabad,Other,2022-02-21,New
1857,Aditya Kapoor,aditya.kapoor580@hotmail.com,8288719235,Vadodara,Female,2021-12-26,New
1858,Anika Reddy,anika.reddy435@outlook.com,7520502894,Agra,Female,2021-06-14,New
1859,Vihaan Mehta,vihaan.mehta467@yahoo.com,7105255965,Bhopal,Other,2023-04-26,Regular
1860,Divya Gupta,divya.gupta9@yahoo.com,7926391226,Patna,Male,2021-09-24,VIP
1860,Divya Gupta,divya.gupta9@yahoo.com,7926391226,Patna,Male,2021-09-24,VIP
1861,,sai.kumar787@gmail.com,8179661105,Chenn@i,Female,2023-04-30,New
1862,Aarav Iyer,aarav.iyer15@outlook.com,7181009781,Surat,Male,2022-09-09,VIP
1862,Aarav Iyer,aarav.iyer15@outlook.com,7181009781,Surat,Male,2022-09-09,VIP
1863,,myra.mehta285@yahoo.com,9815803372,lucknow,Male,2023-05-14,Regular
1864,Rohan Agarwal,rohan.agarwal269@gmail.com,8625647416,Indore,Male,2020-07-20,VIP
1865,Vihaan Malhotra,vihaan.malhotra478@yahoo.com,8035829284,Lucknow,Male,2022-08-28,Regular
1866,,isha.singh131@yahoo.com,8643386695,indore,Male,2021-07-22,Regular
1867,Vivaan Sharma,vivaan.sharma913@yahoo.com,7474412264,Jaipur,Male,2021-02-01,New
1868,Riya Agarwal,riya.agarwal602@yahoo.com,9692134721,Ludhiana,Male,2019-07-21,Regular
1869,Aadhya Kumar,aadhya.kumar800@outlook.com,7883359199,Agra,Male,2024-02-18,VIP
1870,Arjun Patel,arjun.patel154@yahoo.com,8771106503,Jaipur,Female,2022-04-27,Regular
1871,Manish Verma,manish.verma120@gmail.com,+91-8797338573,Pune,Male,2022-05-11,Regular
1872,Vihaan Kapoor,vihaan.kapoor689@outlook.com,8976014361,Indore,Other,2023-07-15,VIP
1873,Saanvi Bansal,saanvi.bansal856@yahoo.com,9323876725,Kolkata,Other,2023-09-10,VIP
1874,Ramesh Verma,ramesh.verma700@gmail.com,7573743028,Bhopal,Other,2019-04-29,New
1875,Aadhya Iyer,aadhya.iyer846@hotmail.com,7285622031,Ludhiana,Male,2023-11-18,Premium
1876,Anjali Nair,anjali.nair557hotmail.com,8387675657,Ludhiana,Female,2020-03-04,Premium
1877,Ananya Iyer,ananya.iyer70@hotmail.com,8717987376,Kanpur,Other,2020-07-10,VIP
1878,Anjali Kapoor,anjali.kapoor696@outlook.com,85824775,Bengaluru,Male,2023-06-17,Premium
1879,Pari Gupta,pari.gupta819@rediffmail.com,9090002389,Kolkata,Male,2021-11-06,Regular
1880,Divya Singh,divya.singh4@rediffmail.com,8028790278,Indore,Female,2022-12-09,VIP
1881,Divya Sharma,divya.sharma110@rediffmail.com,9658093077,Kolkata,Other,2023-07-26,VIP
1882,Meera Gupta,meera.gupta553@rediffmail.com,9377713052,Indore,Male,2022-07-26,VIP
1883,Rohan Pillai,rohan.pillai561@gmail.com,7308669821,Kanpur,Female,2019-03-24,VIP
1884,Vivaan Iyer,vivaan.iyer499@hotmail.com,8039121270,Surat,Female,2020-12-02,Premium
1885,Meera Verma,meera.verma307@gmail.com,7367557230,Ahmedabad,Other,2019-10-11,VIP
1886,Sai Malhotra,sai.malhotra274@gmail.com,9525026318,Bhopal,Male,2024-12-28,New
1887,Anjali Singh,anjali.singh477@hotmail,9291394990,Surat,Male,2023-05-04,VIP
1888,Anika Singh,anika.singh777@rediffmail.com,8567613143,Delhi,Male,2022-07-04,Premium
1889,Deepak Kumar,deepak.kumar46@yahoo,978945616,Lucknow,Female,2020-02-20,New
1889,Deepak Kumar,deepak.kumar46@yahoo,978945616,Lucknow,Female,2020-02-20,New
1890,,krishna.reddy390@yahoo.com,7514876144,vadodara,Other,2021-11-02,New
1891,Anika Mehta,anika.mehta73@outlook.com,8408700776,Kolkata,Male,2023-03-12,Regular
1892,Anjali Kumar,anjali.kumar309@yahoo.com,8336447364,Indore,Female,2024-01-31,New
1893,Arjun Joshi,arjun.joshi935@hotmail.com,9370500390,Delhi,Other,2021-11-08,VIP
1894,Rohan Patel,rohan.patel883@hotmail.com,9352453626,Indore,Other,2023-02-24,VIP
1895,Aadhya Nair,aadhya.nair155@rediffmail.com,9839216138,Bhopal,Other,2023-08-04,New
1896,Anika Gupta,anika.gupta960rediffmail.com,9481284631,Lucknow,Male,2020-04-13,Premium
1897,Manish Singh,manish.singh579@rediffmail.com,9926252194,Kolkata,Male,2019-04-13,New
1898,Sanjay Nair,sanjay.nair223@gmail.com,8932514778,Hyderabad,Male,2020-05-12,VIP
1899,Rahul Reddy,rahul.reddy368@outlook.com,8353833447,Hyderabad,Female,2024-05-07,VIP
1900,Kavya Kumar,kavya.kumar643@outlook.com,8392076447,Indore,Other,2021-01-03,New
1901,Meera Malhotra,meera.malhotra966@outlook.com,7340706001,Hyderabad,Female,2020-08-10,New
1902,Kavya Desai,kavya.desai575@rediffmail.com,7077178125,Ludhiana,Other,2023-08-27,Regular
1903,Riya Singh,riya.singh234@rediffmail.com,8963503200,Patna,Female,2022-07-08,New
1904,Suresh Rao,suresh.rao500hotmail.com,8286774278,Nagpur,Other,2023-07-26,Premium
1905,Meera Malhotra,meera.malhotra983@hotmail.com,7829943668,Ludhiana,Other,2021-07-03,New
1906,Rohan Sharma,rohan.sharma978yahoo.com,7289359267,Kanpur,Female,2023-09-06,Premium
1907,Aditya Patel,aditya.patel202@yahoo.com,8095040343,Lucknow,Male,2020-08-06,Premium
1908,Aarav Singh,aarav.singh13@yahoo.com,8941191143,Jaipur,Male,2020-03-23,VIP
1909,Isha Joshi,isha.joshi789@gmail.com,7480598135,Bhopal,Other,2020-09-27,Premium
1910,Saanvi Bansal,saanvi.bansal614@outlook.com,9156249735,Surat,Male,2024-03-06,Regular
1911,Meera Joshi,meera.joshi105@outlook.com,8285126330,Surat,Male,2021-09-02,Regular
1912,Deepak Patel,deepak.patel853@hotmail.com,8836484138,Nashik,Female,2020-01-15,Regular
1913,Myra Bansal,myra.bansal949@yahoo.com,8480965939,Chennai,Female,2024-06-28,VIP
1914,Reyansh Agarwal,reyansh.agarwal438@gmail,7626843662,Vadodara,Male,2020-04-21,Regular
1915,Sneha Rao,sneha.rao954@outlook.com,7348528938,Mumbai,Female,2020-12-01,VIP
1916,Priya Malhotra,priya.malhotra339@hotmail.com,8537808801,Nagpur,Other,2020-08-03,Regular
1917,Pari Rao,pari.rao232@yahoo.com,8334592241,Kanpur,Male,2019-01-28,VIP
1918,Amit Nair,amit.nair331@rediffmail,7609993374,Surat,Other,2024-01-15,VIP
1919,Sunita Singh,sunita.singh258@rediffmail.com,9133038027,Bengaluru,Female,2024-02-08,Premium
1920,Neha Verma,neha.verma911@yahoo.com,7307767,Ludhiana,Female,2019-12-16,New
1921,Rohan Gupta,rohan.gupta639@yahoo.com,9367844353,Mumbai,Other,2020-02-26,Regular
1922,Vihaan Desai,vihaan.desai254@rediffmail.com,9912669676,Chennai,Female,2024-10-20,VIP
1923,Meera Bhatt,meera.bhatt514@yahoo.com,9471277966,Kanpur,Male,2023-04-30,Premium
1924,Sunita Singh,sunita.singh595@gmail,9121763905,Chennai,Female,2022-06-21,New
1925,Neha Kapoor,neha.kapoor506@rediffmail.com,9023673615,Nashik,Male,2022-10-21,New
1926,Vivaan Rao,vivaan.rao167@yahoo.com,8014813512,Kanpur,Other,2020-02-03,Premium
1927,Anika Mehta,anika.mehta848@yahoo.com,8524379692,Lucknow,Female,2021-10-13,New
1928,Sneha Iyer,sneha.iyer485@outlook.com,8707482822,Surat,Other,2023-08-21,Regular
1929,Meera Bansal,meera.bansal563@yahoo.com,8040659831,Hyderabad,Female,2020-12-26,VIP
1930,Riya Kapoor,riya.kapoor582rediffmail.com,9702395939,Kolkata,Other,2022-05-22,Premium
1931,Nikhil Chopra,nikhil.chopra908@gmail.com,9473558759,Indore,Male,2021-12-09,New
1932,Kavya Desai,kavya.desai42@gmail.com,7003468578,Patna,Female,2024-10-21,Regular
1933,Suresh Singh,suresh.singh289@yahoo.com,8742965465,Nashik,Male,2024-11-15,VIP
1934,Meera Verma,meera.verma383@rediffmail.com,7384845521,Indore,Other,2022-02-24,VIP
1935,Sai Agarwal,sai.agarwal948@gmail.com,7392577372,Agra,Other,2021-03-17,New
1936,Sneha Iyer,sneha.iyer665@hotmail.com,9117055,Ludhiana,Female,2024-10-20,VIP
1937,Sai Singh,sai.singh278@rediffmail.com,7505020389,Ludhiana,Other,2022-12-07,Premium
1938,Anjali Patel,anjali.patel286@hotmail.com,9325154393,Kanpur,Other,2020-07-14,New
1939,Pooja Iyer,pooja.iyer94@outlook.com,9133318357,Agra,Female,2024-11-20,New
1940,Rahul Reddy,rahul.reddy55@rediffmail.com,9314286833,Delhi,Female,2019-08-04,VIP
1941,Amit Gupta,amit.gupta887@gmail.com,7298829551,Bengaluru,Other,2020-02-13,New
1942,Vihaan Verma,vihaan.verma813@gmail.com,7265362364,Ludhiana,Other,2019-06-29,New
1943,Riya Sharma,riya.sharma901@rediffmail,7887725368,Indore,Other,2022-08-30,Premium
1944,Rohan Gupta,rohan.gupta304@hotmail.com,8230553494,Nashik,Male,2021-10-10,New
1945,Nikhil Rao,nikhil.rao70@hotmail.com,9384930289,Mumbai,Other,2019-07-15,New
1946,Diya Pillai,diya.pillai210@gmail.com,9203014751,Kanpur,Other,2019-04-26,Regular
1947,Arjun Chopra,arjun.chopra494@hotmail.com,7125810758,Nagpur,Male,2020-12-04,VIP
1948,Neha Kumar,neha.kumar26@yahoo.com,9831071710,Jaipur,Male,2020-11-05,New
1949,Suresh Agarwal,suresh.agarwal334@gmail.com,8770078,Kolkata,Male,2019-03-07,Regular
1950,Deepak Kumar,deepak.kumar545@yahoo.com,7894554665,Indore,Female,2022-12-28,Regular
1951,Pooja Joshi,pooja.joshi987@gmail.com,8131495890,Mumbai,Other,2021-12-15,Premium
1952,Diya Rao,diya.rao60hotmail.com,8485775466,Nashik,Female,2021-11-28,VIP
1953,Suresh Mehta,suresh.mehta947@yahoo.com,8829089045,Nagpur,Female,2020-11-30,Premium
1954,Meera Bansal,meera.bansal979@yahoo.com,7840298122,Pune,Other,2022-10-09,Premium
1955,Sunita Sharma,sunita.sharma332@hotmail.com,9708351844,Chennai,Other,2022-01-31,VIP
1956,Arjun Bansal,arjun.bansal750@rediffmail.com,7481357184,Patna,Other,2022-05-01,New
1957,Ananya Gupta,ananya.gupta816@outlook.com,8138351833,Bengaluru,Other,2023-10-05,Premium
1958,Riya Bhatt,riya.bhatt805@gmail.com,9950303305,Mumbai,Other,2022-04-21,New
1959,Ramesh Singh,ramesh.singh647@hotmail.com,9032848955,Indore,Other,2020-05-31,Regular
1960,Reyansh Sharma,reyansh.sharma300@outlook.com,9263760181,Ahmedabad,Female,2019-12-27,Regular
1961,Krishna Rao,krishna.rao533@rediffmail.com,7469026279,Agra,Male,2023-02-18,Regular
1962,Kavya Sharma,kavya.sharma646@outlook.com,8766750775,Hyderabad,Male,2019-08-31,Premium
1963,Amit Nair,amit.nair303@yahoo.com,74523174,Nagpur,Other,2023-06-18,VIP
1964,Isha Iyer,isha.iyer686@gmail.com,7683792692,Ahmedabad,Other,2024-08-13,Regular
1965,,aditya.nair552@outlook.com,+91-8901215317,JAIPUR,Other,2020-04-12,Premium
1966,Shreya Bhatt,shreya.bhatt615@rediffmail.com,7150928561,Mumbai,Female,2019-09-13,Regular
1967,Kritika Verma,kritika.verma104@yahoo.com,7819687822,Mumbai,Female,2022-01-30,VIP
1968,Meera Reddy,meera.reddy825@gmail.com,7274184853,Hyderabad,Female,2021-03-15,New
1969,Manish Gupta,manish.gupta162@gmail.com,9063786060,Chennai,Other,2021-09-06,Regular
1970,Karan Joshi,karan.joshi7@outlook.com,7854286034,Delhi,Male,2020-07-20,Premium
1971,Rahul Kapoor,rahul.kapoor527@gmail.com,8613707640,Indore,Other,2020-08-22,VIP
1972,Pari Pillai,pari.pillai630@hotmail.com,8285248595,Hyderabad,Female,2019-03-14,Regular
1973,Aditya Verma,aditya.verma250@hotmail.com,9106694277,Bhopal,Other,2020-03-20,Regular
1974,Kritika Patel,kritika.patel37@gmail.com,7866765118,Indore,Female,2024-02-26,Premium
1975,Suresh Mehta,suresh.mehta55@outlook.com,7847067897,Nashik,Male,2024-10-26,Regular
1976,Diya Chopra,diya.chopra645@gmail.com,8032659423,Nashik,Female,2020-09-21,Premium
1977,Deepak Agarwal,deepak.agarwal641@outlook.com,9389263883,Ludhiana,Female,2020-12-01,Premium
1978,Vihaan Chopra,vihaan.chopra619@hotmail.com,+91-9328138457,Nagpur,Other,2022-07-01,Regular
1979,Rohan Patel,rohan.patel841@yahoo.com,7320212030,Kolkata,Male,2020-12-30,New
1979,Rohan Patel,rohan.patel841@yahoo.com,7320212030,Kolkata,Male,2020-12-30,New
1980,,meera.patel206@yahoo.com,7223752967, Nashik ,Other,2020-04-23,Premium
1981,Priya Verma,priya.verma644@yahoo.com,9513833392,Nagpur,Female,2019-02-08,New
1982,Suresh Desai,suresh.desai104@hotmail.com,9845295990,Hyderabad,Male,2020-02-27,Regular
1983,Ramesh Reddy,ramesh.reddy64@rediffmail.com,7189647755,Bhopal,Female,2020-07-12,Regular
1984,Ayaan Kapoor,ayaan.kapoor565outlook.com,8374182409,Ludhiana,Other,2020-11-16,Premium
1985,Meera Pillai,meera.pillai658@gmail.com,+91-7519756035,Chennai,Other,2021-03-26,Premium
1986,Reyansh Patel,reyansh.patel406@outlook.com,7359576776,Indore,Other,2022-06-29,Premium
1987,Meera Joshi,meera.joshi957@hotmail.com,959239361,Nashik,Female,2022-12-26,Regular
1988,Divya Joshi,divya.joshi316@yahoo.com,8513290433,Ludhiana,Female,2024-01-02,New
1989,Ayaan Malhotra,ayaan.malhotra784@gmail.com,8725999610,Mumbai,Male,2021-07-06,VIP
1990,Saanvi Singh,saanvi.singh896@rediffmail.com,7549827631,Nagpur,Male,2024-07-06,VIP
1991,Pooja Joshi,pooja.joshi580@yahoo.com,739964347,Indore,Male,2020-09-29,Regular
1992,Deepak Nair,deepak.nair851@outlook,9220754433,Kanpur,Female,2023-09-09,Premium
1993,Pooja Sharma,pooja.sharma951@gmail.com,7926767075,Jaipur,Female,2020-03-18,VIP
1994,Neha Mehta,neha.mehta466@hotmail,7823159482,Agra,Other,2019-04-06,Regular
1995,Sneha Reddy,sneha.reddy900@gmail.com,8615205598,Hyderabad,Other,2020-08-24,Premium
1996,Meera Joshi,meera.joshi750@rediffmail.com,8999633274,Patna,Male,2020-02-20,Regular
1997,Sneha Rao,sneha.rao16@hotmail.com,8749990990,Hyderabad,Female,2019-02-25,VIP
1998,Saanvi Reddy,saanvi.reddy457@rediffmail.com,7083781778,Nagpur,Female,2022-12-01,New
1999,Karan Sharma,karan.sharma856@outlook.com,+91-8282960998,Ludhiana,Other,2024-04-08,New
2000,Vihaan Joshi,vihaan.joshi237@yahoo.com,7913636575,Bengaluru,Male,2023-04-27,New
2001,Isha Kumar,isha.kumar249rediffmail.com,9341734462,Nagpur,Female,2019-01-11,Regular
2002,Pari Pillai,pari.pillai790@hotmail.com,9975416527,Agra,Other,2024-04-22,VIP
2003,Sunita Malhotra,sunita.malhotra965@rediffmail.com,9938914445,Chennai,Male,2019-10-15,New
2004,Pooja Bansal,pooja.bansal449@rediffmail.com,+91-8440153481,Patna,Male,2023-03-18,VIP
2005,Rahul Pillai,rahul.pillai261@hotmail.com,8370127922,Ludhiana,Male,2023-07-31,VIP
2006,Anika Malhotra,anika.malhotra875@hotmail.com,9335738191,Bhopal,Female,2020-03-12,Premium
2007,Meera Sharma,meera.sharma407@outlook.com,7691436876,Surat,Male,2024-11-13,Regular
2008,Pari Iyer,pari.iyer894@outlook.com,9891976695,Nagpur,Other,2024-11-02,VIP
2009,Suresh Nair,suresh.nair54@rediffmail.com,+91-8939827012,Jaipur,Female,2019-12-28,VIP
2010,Suresh Agarwal,suresh.agarwal287@outlook.com,9134011840,Bengaluru,Female,2019-09-13,VIP
2011,Ananya Patel,ananya.patel295@gmail,9776470657,Pune,Female,2019-02-24,Premium
2012,Amit Patel,amit.patel939@outlook.com,8499934900,Patna,Other,2021-05-22,New
2013,Kritika Joshi,kritika.joshi249@gmail.com,7123668928,Mumbai,Male,2022-05-06,New
2014,Divya Sharma,divya.sharma494@yahoo.com,9404064092,Bhopal,Male,2023-09-18,Regular
2015,Sai Rao,sai.rao328@hotmail.com,8319770027,Patna,Male,2023-09-18,Premium
2016,Shreya Nair,shreya.nair653@gmail.com,8201264666,Chennai,Male,2020-03-21,Regular
2017,Nikhil Sharma,nikhil.sharma816@hotmail.com,7336403920,Surat,Female,2024-04-05,VIP
2018,Arjun Pillai,arjun.pillai304@hotmail.com,8228007291,Ahmedabad,Male,2022-06-04,VIP
2019,Krishna Iyer,krishna.iyer144@outlook.com,7834355240,Pune,Female,2021-11-01,Regular
2020,Pooja Singh,pooja.singh3@outlook.com,9419658551,Kolkata,Other,2019-06-16,Premium
2021,Sunita Pillai,sunita.pillai114@gmail.com,7357904550,Indore,Female,2019-10-10,Regular
2022,Rohan Bhatt,rohan.bhatt875@gmail.com,8346680764,Pune,Female,2019-01-13,New
2023,Karan Kapoor,karan.kapoor644@gmail.com,7276334075,Chennai,Male,2024-09-25,Premium
2024,Ramesh Desai,ramesh.desai80@rediffmail.com,8078338181,Delhi,Other,2023-12-11,New
2025,Myra Sharma,myra.sharma501@rediffmail.com,7581973467,Chennai,Other,2024-08-06,VIP
2026,Aditya Bhatt,aditya.bhatt749@hotmail.com,9986511712,Nagpur,Female,2020-09-17,New
2027,Manish Singh,manish.singh959@rediffmail.com,8997931488,Delhi,Other,2019-08-08,Regular
2028,Rohan Reddy,rohan.reddy287@gmail.com,+91-8012730865,Kolkata,Male,2022-09-26,New
2029,Vihaan Rao,vihaan.rao422@hotmail.com,73841749,Nashik,Male,2019-09-28,New
2030,Rahul Bhatt,rahul.bhatt440@yahoo.com,9823737969,Nagpur,Female,2022-07-06,New
2031,Diya Agarwal,diya.agarwal143@rediffmail.com,8988003131,Ahmedabad,Male,2023-09-17,VIP
2032,Sunita Patel,sunita.patel725@gmail.com,9466882618,Surat,Male,2023-06-23,New
2033,Sunita Kumar,sunita.kumar432yahoo.com,9959428461,Agra,Other,2023-05-05,New
2034,Reyansh Joshi,reyansh.joshi74@rediffmail.com,9656781072,Jaipur,Female,2021-11-18,New
2035,Manish Joshi,manish.joshi794@outlook.com,9157665473,Bhopal,Other,2021-08-15,New
2036,Shreya Pillai,shreya.pillai63@hotmail.com,9373139158,Mumbai,Male,2020-02-21,VIP
2037,Pooja Gupta,pooja.gupta225@outlook.com,7336339248,Mumbai,Male,2021-03-04,Regular
2038,Nikhil Kapoor,nikhil.kapoor655@yahoo.com,9344011940,Indore,Male,2021-03-20,New
2039,Ramesh Kapoor,ramesh.kapoor636outlook.com,899602286,Vadodara,Female,2023-05-28,VIP
2040,Suresh Gupta,suresh.gupta326@yahoo.com,9957432385,Delhi,Male,2023-04-15,Premium
2041,Kavya Malhotra,kavya.malhotra219@hotmail.com,9058548801,Kolkata,Female,2023-01-05,New
2042,Kavya Malhotra,kavya.malhotra243@outlook.com,7259133988,Surat,Female,2021-01-02,New
2043,Aditya Bhatt,aditya.bhatt711@hotmail.com,9896902505,Nashik,Female,2020-03-16,New
2044,Rahul Nair,rahul.nair326@rediffmail.com,8964269405,Jaipur,Other,2024-08-12,New
2045,Deepak Gupta,deepak.gupta759@rediffmail.com,7831393114,Jaipur,Other,2020-11-06,VIP
2046,Suresh Verma,suresh.verma378@yahoo.com,8248801106,Ahmedabad,Other,2019-08-26,VIP
2047,Myra Desai,myra.desai623@rediffmail.com,8400438234,Jaipur,Female,2024-09-27,Regular
2048,Manish Desai,manish.desai153@yahoo.com,7161232725,Lucknow,Female,2023-04-15,VIP
2049,Nikhil Agarwal,nikhil.agarwal830@hotmail.com,7018762742,Agra,Female,2021-12-30,VIP
2050,Aadhya Mehta,aadhya.mehta123@gmail.com,9137505799,Delhi,Other,2022-05-03,Premium
2051,Aditya Gupta,aditya.gupta124@rediffmail.com,9465238931,Agra,Other,2020-02-02,VIP
2052,Ishaan Nair,ishaan.nair804@rediffmail.com,9016787448,Surat,Male,2019-11-12,Premium
2053,Ayaan Malhotra,ayaan.malhotra550@rediffmail,7590371452,Nashik,Female,2023-06-24,VIP
2054,Ananya Nair,ananya.nair213@hotmail.com,8526006726,Chennai,Male,2020-08-31,Regular
2055,Vihaan Bhatt,vihaan.bhatt319@rediffmail.com,7519150749,Kanpur,Female,2021-02-21,New
2056,Isha Verma,isha.verma883@rediffmail.com,8276399948,Chennai,Male,2019-03-21,Premium
2057,Anjali Sharma,anjali.sharma252@rediffmail.com,9298717368,Nagpur,Other,2021-10-14,Regular
2058,Kavya Gupta,kavya.gupta228@hotmail.com,8630526591,Kanpur,Other,2019-08-10,VIP
2059,Sneha Pillai,sneha.pillai891yahoo.com,7108805613,Ahmedabad,Male,2024-07-02,VIP
2060,Ayaan Bhatt,ayaan.bhatt249@rediffmail.com,8916235978,Kanpur,Male,2019-10-17,Regular
2061,Ishaan Nair,ishaan.nair327@yahoo.com,7752761312,Chennai,Male,2019-09-03,New
2062,Ishaan Iyer,ishaan.iyer848@gmail.com,8125666045,Kolkata,Female,2021-03-03,New
2063,Saanvi Chopra,saanvi.chopra245@yahoo.com,7746873965,Indore,Male,2022-11-09,Premium
2064,Suresh Sharma,suresh.sharma645@hotmail.com,8653785457,Lucknow,Male,2022-04-30,VIP
2065,Diya Malhotra,diya.malhotra275@outlook.com,9938215646,Kolkata,Female,2023-08-05,Premium
2066,Sanjay Reddy,sanjay.reddy522@hotmail.com,+91-8715177360,Jaipur,Other,2019-07-23,VIP
2067,Reyansh Patel,reyansh.patel425@gmail.com,9291973922,Agra,Other,2022-01-03,New
2068,Ayaan Sharma,ayaan.sharma430outlook.com,9591657127,Indore,Other,2024-02-27,Regular
2069,Nikhil Kumar,nikhil.kumar7@yahoo.com,8803229565,Lucknow,Other,2020-02-03,Regular
2070,Priya Desai,priya.desai621@yahoo.com,8062727394,Indore,Other,2024-02-09,New
2071,Suresh Chopra,suresh.chopra371@gmail.com,9902679642,Nagpur,Female,2022-02-21,New
2072,Shreya Agarwal,shreya.agarwal685@outlook.com,8447227919,Lucknow,Female,2022-03-07,Regular
2073,Sai Malhotra,sai.malhotra958@outlook.com,7933330334,Pune,Male,2022-12-19,Premium
2074,Kavya Gupta,kavya.gupta541@gmail.com,7584963385,Delhi,Female,2020-03-02,Premium
2075,Karan Nair,karan.nair4@yahoo.com,7815965123,Lucknow,Female,2023-02-02,Premium
2076,Arjun Pillai,arjun.pillai408@yahoo.com,9639729689,Bengaluru,Female,2024-05-20,VIP
2077,Reyansh Agarwal,reyansh.agarwal286@gmail.com,7058323780,Jaipur,Male,2021-02-24,Regular
2078,Ananya Desai,ananya.desai807@yahoo.com,8258814463,Jaipur,Male,2024-04-04,Premium
2079,Rahul Patel,rahul.patel605@rediffmail.com,8094778088,Nashik,Female,2023-04-28,VIP
2080,Sai Nair,sai.nair956@outlook.com,9689567111,Jaipur,Male,2019-12-18,Regular
2081,Sunita Gupta,sunita.gupta315@rediffmail.com,8752336555,Nagpur,Female,2021-06-27,Premium
2082,Priya Mehta,priya.mehta187@outlook.com,7364544021,Chennai,Male,2021-10-18,Regular
2083,Anika Joshi,anika.joshi301@hotmail.com,9281996410,Mumbai,Female,2020-12-02,VIP
2084,Myra Patel,myra.patel150@yahoo.com,7509619849,Ludhiana,Other,2022-12-18,New
2085,Shreya Patel,shreya.patel113@hotmail.com,9582284154,Nagpur,Male,2024-09-08,Regular
2086,Ananya Rao,ananya.rao279@outlook.com,9643971554,Lucknow,Male,2021-12-25,Premium
2087,Riya Kumar,riya.kumar387@yahoo.com,9696766485,Jaipur,Other,2023-09-16,VIP
2088,Reyansh Sharma,reyansh.sharma940outlook.com,8706313826,Kanpur,Male,2019-11-26,New
2089,Pari Desai,pari.desai864@hotmail.com,8380746191,Agra,Male,2019-04-24,VIP
2090,Divya Malhotra,divya.malhotra999@rediffmail.com,8841671315,Vadodara,Other,2021-11-13,VIP
2091,,meera.pillai902@rediffmail.com,8081640563,Nagpur  ,Other,2023-04-13,New
2092,Isha Verma,isha.verma505@hotmail.com,8834049765,Nashik,Male,2022-02-28,New
2093,Riya Gupta,riya.gupta793@hotmail.com,8988140103,Vadodara,Male,2022-08-04,Premium
2094,Ishaan Patel,ishaan.patel808@gmail.com,+91-7794921953,Indore,Female,2020-03-20,Premium
2095,Rahul Singh,rahul.singh477@rediffmail.com,703685212,Agra,Other,2024-07-16,Regular
2096,Kritika Bansal,kritika.bansal320@gmail.com,9406746280,Lucknow,Male,2024-12-28,Premium
2097,Aditya Rao,aditya.rao602@hotmail.com,9261770094,Kolkata,Male,2024-12-10,New
2098,Sanjay Desai,sanjay.desai346@rediffmail.com,8957525379,Kolkata,Female,2019-01-04,New
2099,Sai Bhatt,sai.bhatt285@hotmail.com,7911240925,Ahmedabad,Female,2023-02-15,Premium
2100,Sanjay Agarwal,sanjay.agarwal116@rediffmail.com,8862015479,Pune,Male,2022-05-19,Regular
2101,Aarav Gupta,aarav.gupta536gmail.com,7016326513,Kanpur,Female,2023-03-29,Regular
2102,Ishaan Pillai,ishaan.pillai99@outlook,9101878052,Vadodara,Male,2022-02-21,Regular
2103,Rohan Patel,rohan.patel653@gmail.com,8836286892,Bhopal,Other,2020-03-21,Premium
2104,Saanvi Agarwal,saanvi.agarwal110hotmail.com,8537014496,Jaipur,Female,2022-12-23,Premium
2105,Deepak Iyer,deepak.iyer134@gmail.com,9839354671,Ludhiana,Female,2024-03-29,Premium
2106,Rahul Reddy,rahul.reddy467@outlook.com,9808564695,Indore,Other,2019-08-24,VIP
2107,Vivaan Kapoor,vivaan.kapoor135@rediffmail.com,7938450023,Lucknow,Female,2020-04-06,New
2108,Diya Kumar,diya.kumar143@yahoo.com,8669459414,Pune,Female,2022-04-17,VIP
2109,Pooja Iyer,pooja.iyer314@yahoo.com,9761311,Bhopal,Male,2023-01-10,Regular
2110,Sanjay Mehta,sanjay.mehta303outlook.com,8691267479,Bengaluru,Female,2023-07-11,New
2111,Anjali Nair,anjali.nair866@rediffmail.com,8833843636,Patna,Female,2022-08-11,Regular
2112,Saanvi Rao,saanvi.rao738@hotmail.com,9464982314,Jaipur,Male,2023-10-20,Regular
2113,Divya Agarwal,divya.agarwal997@gmail.com,7305756607,Nagpur,Male,2020-04-27,New
2114,Myra Bansal,myra.bansal691@yahoo.com,7209351253,Nashik,Male,2023-04-03,VIP
2115,Isha Bhatt,isha.bhatt107@outlook.com,9095982565,Hyderabad,Male,2023-05-16,VIP
2116,Vivaan Reddy,vivaan.reddy544@gmail.com,7334727955,Nashik,Female,2023-10-16,VIP
2117,Kritika Patel,kritika.patel450@hotmail.com,9497338084,Chennai,Female,2022-04-15,New
2118,Divya Gupta,divya.gupta211@gmail.com,9542764051,Lucknow,Other,2020-12-05,New
2119,Anjali Nair,anjali.nair635@gmail.com,8764673636,Pune,Other,2019-04-14,New
2120,Karan Sharma,karan.sharma144@yahoo.com,9219732803,Kolkata,Female,2021-01-17,VIP
2121,Neha Joshi,neha.joshi423@yahoo.com,7014435138,Delhi,Female,2022-01-21,Regular
2122,Kritika Kumar,kritika.kumar803@gmail.com,+91-9921230438,Lucknow,Female,2022-05-29,Premium
2123,Arjun Patel,arjun.patel827@hotmail.com,9685967510,Patna,Female,2020-09-04,Regular
2124,Shreya Joshi,shreya.joshi920@gmail.com,9956806352,Delhi,Male,2021-02-14,Regular
2125,Sunita Patel,sunita.patel631@outlook.com,+91-8480906443,Bhopal,Male,2023-08-15,New
2126,Myra Agarwal,myra.agarwal626@outlook.com,+91-8929281096,Jaipur,Other,2024-09-05,Premium
2127,Pari Singh,pari.singh289@rediffmail.com,9536564682,Lucknow,Male,2022-04-08,VIP
2128,Aadhya Rao,aadhya.rao591@rediffmail.com,8916775311,Nagpur,Female,2020-04-03,Premium
2129,Rahul Bansal,rahul.bansal866@yahoo.com,7855152877,Jaipur,Other,2019-12-22,Regular
2130,Nikhil Gupta,nikhil.gupta301outlook.com,9400419752,Mumbai,Other,2019-10-03,VIP
2131,Ananya Reddy,ananya.reddy192@outlook.com,98510464,Hyderabad,Other,2024-02-18,VIP
2132,Reyansh Patel,reyansh.patel86@outlook.com,7980122684,Bhopal,Other,2021-04-18,VIP
2133,Aarav Iyer,aarav.iyer309@hotmail.com,8983217443,Ludhiana,Male,2021-01-14,VIP
2134,Priya Kumar,priya.kumar9@rediffmail.com,7575523440,Lucknow,Male,2024-08-12,Premium
2135,Ayaan Iyer,ayaan.iyer692@outlook,7532741458,Bhopal,Female,2021-09-17,VIP
2136,Deepak Gupta,deepak.gupta11@hotmail.com,9773622646,Ludhiana,Female,2021-06-21,Premium
2137,Priya Reddy,priya.reddy5@outlook.com,8276004451,Jaipur,Female,2020-10-17,VIP
2138,Saanvi Malhotra,saanvi.malhotra914@outlook.com,8061483833,Ludhiana,Female,2021-02-09,VIP
2139,Rohan Agarwal,rohan.agarwal790@rediffmail.com,9604801393,Kanpur,Female,2022-02-18,VIP
2140,Ananya Iyer,ananya.iyer703@rediffmail.com,8148034083,Ludhiana,Female,2023-09-12,Premium
2141,Anjali Bhatt,anjali.bhatt424@gmail.com,9483064555,Chennai,Female,2020-10-09,Premium
2142,Aarav Verma,aarav.verma187@gmail.com,+91-9902805392,Hyderabad,Male,2020-05-28,New
2143,Diya Kapoor,diya.kapoor706@yahoo.com,7847731974,Chennai,Female,2024-08-18,Regular
2144,Suresh Singh,suresh.singh380@yahoo.com,9853474951,Jaipur,Other,2021-11-18,Premium
2145,Divya Malhotra,divya.malhotra947@outlook.com,9719203775,Ahmedabad,Female,2019-09-13,Regular
2146,Isha Sharma,isha.sharma734yahoo.com,7889234632,Agra,Male,2022-01-22,Regular
2147,Amit Joshi,amit.joshi183@yahoo.com,7416905915,Hyderabad,Female,2024-08-30,Regular
2148,Kritika Nair,kritika.nair429@gmail.com,9866406431,Pune,Other,2019-05-03,New
2149,Diya Joshi,diya.joshi293gmail.com,9712033360,Indore,Other,2019-08-05,Premium
2150,Isha Malhotra,isha.malhotra467@hotmail.com,7019689376,Nagpur,Male,2022-07-21,New
2151,Nikhil Chopra,nikhil.chopra233@yahoo.com,8633160566,Bengaluru,Other,2021-11-30,Premium
2152,Suresh Kumar,suresh.kumar917@yahoo.com,9018714113,Mumbai,Other,2020-09-10,Regular
2153,Riya Singh,riya.singh20@yahoo.com,8536062194,Delhi,Other,2022-09-23,Regular
2154,Pari Patel,pari.patel98@rediffmail.com,9710594066,Ahmedabad,Female,2024-07-28,Regular
2155,Rahul Sharma,rahul.sharma749@hotmail.com,7596773302,Pune,Female,2022-09-09,Regular
2156,Divya Kapoor,divya.kapoor481@gmail.com,8255451559,Delhi,Male,2021-03-13,New
2157,Ananya Iyer,ananya.iyer421@rediffmail.com,9600653117,Pune,Female,2022-07-28,New
2158,Krishna Desai,krishna.desai577@yahoo.com,9776595,Indore,Male,2023-01-29,New
2159,Krishna Gupta,krishna.gupta312@yahoo.com,7948282715,Agra,Other,2024-04-16,Premium
2160,Rohan Desai,rohan.desai970@gmail.com,8139908566,Hyderabad,Male,2022-12-31,New
2161,Sunita Gupta,sunita.gupta392@yahoo.com,9702875029,Mumbai,Other,2023-05-22,Regular
2162,Pooja Kumar,pooja.kumar193@outlook.com,7231389681,Delhi,Male,2020-07-16,New
2163,Anjali Verma,anjali.verma589@hotmail.com,7652805000,Ludhiana,Other,2020-07-27,VIP
2164,Ramesh Desai,ramesh.desai975@yahoo.com,8598135512,Indore,Female,2024-06-27,Premium
2165,Rahul Iyer,rahul.iyer465@outlook.com,9220898079,Kanpur,Male,2020-11-29,Regular
2166,Krishna Iyer,krishna.iyer554@hotmail.com,+91-9730624628,Pune,Male,2022-04-03,VIP
2167,Nikhil Reddy,nikhil.reddy573@yahoo.com,9837680178,Vadodara,Female,2023-11-30,Regular
2168,Aarav Agarwal,aarav.agarwal613@gmail.com,9972413135,Delhi,Male,2021-07-17,Premium
2169,Ayaan Rao,ayaan.rao770@hotmail.com,9583474438,Kolkata,Male,2021-01-29,Premium
2170,Amit Joshi,amit.joshi56@yahoo.com,7827518427,Agra,Male,2020-09-09,VIP
2171,Sneha Rao,sneha.rao799@rediffmail.com,9407279116,Ludhiana,Male,2021-09-08,VIP
2172,Aarav Kapoor,aarav.kapoor815@rediffmail.com,8804203300,Hyderabad,Other,2020-08-09,Premium
2173,Amit Desai,amit.desai558@yahoo.com,7153538250,Delhi,Male,2020-04-11,New
2174,Riya Malhotra,riya.malhotra97@rediffmail.com,7463874898,Ahmedabad,Female,2022-07-14,VIP
2175,Sai Desai,sai.desai405@yahoo.com,9950767432,Ludhiana,Female,2020-08-02,New
2176,Sanjay Rao,sanjay.rao247@rediffmail,8109705451,Agra,Male,2021-04-29,Regular
2177,Manish Desai,manish.desai885@gmail.com,7155780041,Lucknow,Female,2023-05-15,Regular
2178,Pooja Rao,pooja.rao641@yahoo.com,7067716229,Pune,Other,2024-11-05,Premium
2179,Ananya Mehta,ananya.mehta80@hotmail.com,8414185811,Surat,Other,2020-09-11,VIP
2180,Suresh Rao,suresh.rao546@yahoo.com,9087641029,Patna,Other,2023-07-13,Regular
2181,Amit Gupta,amit.gupta784@rediffmail.com,8725991750,Kolkata,Other,2020-09-03,Premium
2182,Shreya Chopra,shreya.chopra533@yahoo.com,9666894475,Mumbai,Male,2019-03-15,VIP
2183,Kritika Rao,kritika.rao782@outlook.com,7715885679,Lucknow,Male,2021-10-13,Premium
2184,Rohan Kumar,rohan.kumar346@hotmail.com,9912375431,Jaipur,Male,2024-12-26,New
2185,Krishna Malhotra,krishna.malhotra645@yahoo.com,7527641843,Mumbai,Other,2019-04-25,Regular
2186,Shreya Kumar,shreya.kumar353@outlook,7175698852,Nagpur,Male,2021-03-28,Regular
2187,Manish Nair,manish.nair196@hotmail.com,8945154489,Delhi,Other,2022-07-02,Premium
2188,Arjun Desai,arjun.desai159@rediffmail.com,8477820300,Jaipur,Female,2023-07-02,Premium
2189,Meera Joshi,meera.joshi593@hotmail.com,8777848717,Mumbai,Male,2024-12-12,Regular
2190,Arjun Reddy,arjun.reddy326@hotmail.com,7699707921,Hyderabad,Female,2021-09-01,VIP
2191,Ananya Gupta,ananya.gupta825@hotmail.com,9494830947,Bhopal,Female,2021-09-06,New
2192,Saanvi Nair,saanvi.nair177rediffmail.com,78602865,Surat,Female,2024-09-14,Regular
2193,Pari Verma,pari.verma821@rediffmail.com,9726740959,Hyderabad,Male,2020-05-18,VIP
2194,Ananya Bansal,ananya.bansal342@outlook,8700207596,Lucknow,Other,2022-10-31,VIP
2195,Suresh Chopra,suresh.chopra158@rediffmail.com,9484520322,Ahmedabad,Female,2020-11-01,New
2196,Aarav Iyer,aarav.iyer696@yahoo.com,9059898282,Surat,Female,2020-02-22,VIP
2197,Aarav Kumar,aarav.kumar491@rediffmail.com,8490651703,Bengaluru,Other,2021-07-22,VIP
2198,Meera Sharma,meera.sharma11@rediffmail.com,7216165300,Hyderabad,Other,2022-11-20,New
2199,Reyansh Patel,reyansh.patel691@outlook.com,8084669933,Jaipur,Female,2023-01-30,Premium
2200,Kritika Rao,kritika.rao366@outlook.com,8824695,Kolkata,Other,2020-10-02,New
2201,Shreya Nair,shreya.nair640@hotmail.com,9799015122,Indore,Female,2019-06-27,New
2202,Aarav Bansal,aarav.bansal226@outlook.com,8880906958,Kolkata,Other,2019-01-11,Premium
2203,Rohan Desai,rohan.desai982@rediffmail.com,8631538696,Nagpur,Other,2022-07-24,VIP
2204,Aditya Chopra,aditya.chopra532@gmail.com,7060948579,Mumbai,Male,2022-07-04,New
2205,Meera Kumar,meera.kumar663@rediffmail.com,7672756392,Jaipur,Female,2021-08-26,VIP
2206,Sneha Chopra,sneha.chopra848outlook.com,8897787602,Nashik,Other,2024-10-15,Regular
2207,Shreya Mehta,shreya.mehta800@rediffmail.com,7621530123,Delhi,Male,2022-01-21,Premium
2208,Rahul Agarwal,rahul.agarwal481@gmail.com,7613978539,Mumbai,Male,2020-11-17,New
2209,Vivaan Verma,vivaan.verma741@gmail.com,7507812227,Mumbai,Male,2020-06-26,Regular
2210,Vihaan Patel,vihaan.patel124gmail.com,8095008691,Hyderabad,Male,2022-09-13,Premium
2211,Vivaan Kapoor,vivaan.kapoor872@yahoo.com,7710589939,Ahmedabad,Female,2021-05-27,Regular
2212,Anjali Verma,anjali.verma504@yahoo.com,7709722756,Vadodara,Other,2019-01-04,Regular
2213,Kavya Nair,kavya.nair201hotmail.com,7628174084,Nagpur,Other,2019-11-14,Premium
2214,Anjali Chopra,anjali.chopra746gmail.com,9034095680,Ludhiana,Female,2019-05-04,Premium
2215,Sneha Iyer,sneha.iyer898@gmail.com,8523664540,Kolkata,Female,2021-10-14,VIP
2216,Krishna Bansal,krishna.bansal36@gmail.com,7484437,Surat,Female,2024-03-17,VIP
2217,Sai Singh,sai.singh95@gmail.com,9509105451,Indore,Male,2023-05-29,VIP
2218,Krishna Nair,krishna.nair942@gmail.com,+91-9350273361,Hyderabad,Female,2023-09-07,Regular
2219,Shreya Kumar,shreya.kumar235@outlook.com,8906091773,Lucknow,Female,2019-05-13,New
2220,Meera Nair,meera.nair773@gmail.com,8642631392,Nashik,Other,2024-02-13,VIP
2221,Ramesh Agarwal,ramesh.agarwal448@yahoo.com,8581640358,Agra,Female,2022-07-30,Premium
2222,Pari Bhatt,pari.bhatt812@hotmail.com,7783858253,Indore,Other,2022-04-10,VIP
2223,Anjali Sharma,anjali.sharma947@outlook.com,8961792714,Kolkata,Male,2020-12-31,Regular
2224,Divya Iyer,divya.iyer350@yahoo.com,9626011464,Vadodara,Male,2020-02-18,Regular
2225,Sai Rao,sai.rao743@outlook.com,+91-8119915348,Lucknow,Male,2022-02-20,VIP
2226,Diya Singh,diya.singh507@gmail.com,9910376,Hyderabad,Female,2019-06-20,Regular
2227,Riya Joshi,riya.joshi533@yahoo.com,8022461616,Ludhiana,Other,2019-06-12,New
2228,Kritika Pillai,kritika.pillai893@yahoo.com,8022766901,Vadodara,Other,2022-06-09,Regular
2229,Pari Desai,pari.desai443rediffmail.com,7789985821,Kolkata,Other,2023-07-05,New
2230,Pari Desai,pari.desai612@yahoo,7488495644,Bengaluru,Female,2024-04-09,Premium
2231,Deepak Iyer,deepak.iyer754@yahoo.com,7167954067,Ludhiana,Female,2020-12-14,VIP
2232,Vihaan Kumar,vihaan.kumar402@rediffmail.com,8338969895,Hyderabad,Female,2024-04-13,VIP
2233,Ayaan Bansal,ayaan.bansal998@rediffmail.com,8355766638,Jaipur,Other,2024-06-18,VIP
2234,Deepak Reddy,deepak.reddy60@outlook.com,8031674395,Nashik,Other,2022-11-08,Premium
2235,Reyansh Rao,reyansh.rao937@yahoo.com,9381154600,Agra,Male,2020-01-05,Premium
2236,Shreya Iyer,shreya.iyer322@outlook.com,9927458698,Nashik,Male,2019-11-14,VIP
2237,Sunita Singh,sunita.singh622@gmail.com,8977849503,Jaipur,Male,2021-12-21,Premium
2238,Pari Chopra,pari.chopra235@hotmail.com,7915016928,Ludhiana,Female,2023-06-16,Regular
2239,Aadhya Patel,aadhya.patel731@yahoo.com,9857695322,Ludhiana,Male,2024-03-15,Regular
2240,Myra Singh,myra.singh621@gmail.com,9317373361,Nashik,Male,2021-01-10,Premium
2241,Ramesh Chopra,ramesh.chopra887@yahoo.com,8359936077,Pune,Female,2023-03-23,Premium
2242,Ayaan Mehta,ayaan.mehta888@rediffmail.com,7960969044,Nashik,Other,2024-04-03,Premium
2243,Diya Kumar,diya.kumar314@gmail.com,7463100884,Patna,Other,2021-10-08,VIP
2244,Rohan Malhotra,rohan.malhotra106@yahoo.com,7235609117,Indore,Other,2021-12-25,New
2245,Meera Iyer,meera.iyer882@hotmail.com,9183522956,Ludhiana,Female,2020-01-10,Regular
2246,Saanvi Verma,saanvi.verma454@hotmail.com,7654104228,Surat,Male,2020-04-26,Premium
2247,Pari Joshi,pari.joshi44@gmail.com,9227526857,Kolkata,Male,2019-04-23,VIP
2248,Ayaan Malhotra,ayaan.malhotra221@outlook.com,9926838510,Patna,Male,2020-08-10,Regular
2249,Saanvi Malhotra,saanvi.malhotra400@outlook.com,8070306478,Jaipur,Male,2020-10-06,Premium
2250,,pari.agarwal489@hotmail.com,9550233248,N@gpur,Female,2021-09-03,New
2251,Anjali Bansal,anjali.bansal515@outlook.com,8880450474,Ahmedabad,Other,2023-04-23,New
2252,Anika Sharma,anika.sharma430@hotmail.com,9926941301,Agra,Male,2019-11-30,Premium
2253,Nikhil Kumar,nikhil.kumar573@outlook.com,7821820731,Bhopal,Female,2024-03-04,Premium
2254,Aarav Mehta,aarav.mehta997@gmail.com,8415773350,Bhopal,Other,2023-08-28,Premium
2255,Priya Bhatt,priya.bhatt159@gmail.com,9823369402,Hyderabad,Male,2023-05-02,Regular
2256,Aarav Bhatt,aarav.bhatt427@gmail.com,8744280487,Bengaluru,Other,2022-07-27,Regular
2257,Reyansh Bhatt,reyansh.bhatt584@yahoo.com,9736071491,Agra,Male,2022-10-31,VIP
2258,Nikhil Patel,nikhil.patel803@yahoo.com,8948102346,Agra,Other,2023-09-22,VIP
2259,Rahul Mehta,rahul.mehta947@gmail.com,8042985504,Kolkata,Other,2021-02-21,VIP
2260,Saanvi Gupta,saanvi.gupta205@yahoo.com,+91-9726548088,Ahmedabad,Male,2023-10-15,Regular
2261,Deepak Agarwal,deepak.agarwal533@gmail.com,9904468,Kanpur,Other,2020-12-06,New
2262,Saanvi Sharma,saanvi.sharma993@rediffmail.com,8605259023,Surat,Male,2022-10-16,Regular
2263,Anjali Kapoor,anjali.kapoor887@yahoo.com,7924992861,Delhi,Female,2024-11-07,Premium
2264,Krishna Reddy,krishna.reddy289@gmail.com,7949023985,Hyderabad,Male,2024-11-24,Premium
2265,Diya Sharma,diya.sharma488@rediffmail.com,7564334990,Mumbai,Female,2024-03-30,New
2266,Amit Rao,amit.rao993@hotmail.com,7039945,Chennai,Female,2023-12-26,Regular
2267,Saanvi Kapoor,saanvi.kapoor15@outlook.com,8784708188,Pune,Male,2020-07-09,New
2268,Kritika Chopra,kritika.chopra622@rediffmail.com,7328148336,Pune,Other,2021-06-09,New
2269,Kritika Patel,kritika.patel477@outlook.com,9331144788,Lucknow,Female,2021-11-22,VIP
2270,Manish Sharma,manish.sharma592@hotmail.com,7977382258,Bhopal,Male,2020-01-20,Regular
2271,Nikhil Bhatt,nikhil.bhatt731@yahoo.com,9197255232,Bhopal,Other,2023-02-17,VIP
2272,Vivaan Singh,vivaan.singh634@hotmail.com,9246933222,Lucknow,Female,2023-01-19,Regular
2273,Deepak Chopra,deepak.chopra411@rediffmail.com,7564983613,Pune,Male,2022-04-01,New
2274,Anika Iyer,anika.iyer591@gmail.com,8901777466,Patna,Male,2021-03-13,New
2275,Krishna Desai,krishna.desai238@rediffmail.com,8368809963,Surat,Male,2019-06-24,New
2276,Krishna Pillai,krishna.pillai80@yahoo.com,8964688716,Ludhiana,Other,2023-06-21,VIP
2277,Nikhil Sharma,nikhil.sharma984@yahoo.com,7022944954,Delhi,Male,2022-09-18,VIP
2278,Divya Malhotra,divya.malhotra295@yahoo.com,9063998560,Vadodara,Female,2019-09-12,New
2279,Myra Reddy,myra.reddy584@yahoo.com,7146098437,Bengaluru,Male,2022-11-13,New
2280,Aadhya Reddy,aadhya.reddy822@rediffmail.com,9844992604,Hyderabad,Other,2021-12-18,Regular
2281,Neha Chopra,neha.chopra90hotmail.com,9726394118,Chennai,Other,2024-11-10,New
2282,Myra Malhotra,myra.malhotra529@rediffmail,8727457458,Agra,Other,2023-10-19,Regular
2283,Rohan Mehta,rohan.mehta901@yahoo.com,8592440997,Ludhiana,Other,2022-09-04,Regular
2284,Ayaan Nair,ayaan.nair524yahoo.com,7272305417,Jaipur,Male,2021-02-01,Regular
2285,Nikhil Gupta,nikhil.gupta494@hotmail.com,7481730322,Pune,Male,2024-06-29,Premium
2286,Diya Rao,diya.rao504@rediffmail.com,7508294523,Bhopal,Female,2024-01-18,Premium
2287,Arjun Rao,arjun.rao314@hotmail.com,9891465497,Indore,Female,2022-05-12,New
2288,Divya Patel,divya.patel886@yahoo.com,7813719629,Patna,Male,2023-05-01,VIP
2289,Riya Agarwal,riya.agarwal681@outlook.com,9506964579,Delhi,Female,2024-04-02,Regular
2290,Anjali Singh,anjali.singh180@rediffmail.com,8954546131,Kolkata,Female,2021-02-03,New
2291,Ayaan Desai,ayaan.desai626@gmail.com,7994256054,Surat,Other,2023-12-18,New
2292,Pari Singh,pari.singh546@hotmail.com,72663900,Bhopal,Female,2022-09-12,Regular
2293,Divya Singh,divya.singh406@gmail.com,9761868335,Bhopal,Male,2022-10-28,Premium
2294,Aditya Kapoor,aditya.kapoor33@yahoo.com,9859881545,Mumbai,Male,2020-11-20,Regular
2295,Kavya Kapoor,kavya.kapoor555@outlook.com,9598310348,Chennai,Male,2020-12-31,Premium
2296,Rahul Kumar,rahul.kumar242@outlook.com,7125905787,Kolkata,Other,2022-02-06,Premium
2296,Rahul Kumar,rahul.kumar242@outlook.com,7125905787,Kolkata,Other,2022-02-06,Premium
2297,,sneha.iyer824@rediffmail.com,8347986717, Pune ,Female,2023-06-27,New
2298,Ramesh Singh,ramesh.singh146@rediffmail.com,7405941799,Agra,Male,2022-08-01,Regular
2298,Ramesh Singh,ramesh.singh146@rediffmail.com,7405941799,Agra,Male,2022-08-01,Regular
2299,,suresh.agarwal877@rediffmail,7955164250,Bhop@l,Male,2019-11-30,Regular
2300,Divya Iyer,divya.iyer425@hotmail.com,7915618283,Indore,Female,2020-12-19,New
2301,Sai Mehta,sai.mehta867@outlook.com,9514331220,Kanpur,Other,2019-03-12,Regular
2302,Sneha Patel,sneha.patel640@rediffmail.com,8222702048,Jaipur,Other,2024-09-01,New
2303,Anjali Iyer,anjali.iyer203@outlook.com,9816128909,Bhopal,Female,2023-04-29,New
2304,Manish Singh,manish.singh392@hotmail.com,9962769583,Ludhiana,Male,2021-11-13,Regular
2305,Ishaan Bansal,ishaan.bansal749@hotmail.com,9145199478,Ludhiana,Male,2021-02-11,VIP
2306,Rahul Iyer,rahul.iyer300@outlook.com,8230167024,Jaipur,Male,2019-05-26,VIP
2307,Reyansh Kumar,reyansh.kumar796@gmail.com,8958614201,Agra,Other,2022-06-10,Premium
2308,Arjun Bhatt,arjun.bhatt619@gmail.com,7848974831,Bhopal,Female,2021-07-25,New
2309,Ramesh Singh,ramesh.singh6@rediffmail.com,9489143665,Pune,Male,2021-04-17,New
2310,Divya Mehta,divya.mehta288@yahoo.com,7699626095,Bengaluru,Male,2024-08-17,Regular
2311,Anjali Mehta,anjali.mehta736@hotmail.com,+91-7821738140,Nashik,Male,2019-01-09,Regular
2312,Sneha Gupta,sneha.gupta79@rediffmail.com,7096576295,Lucknow,Other,2024-07-14,New
2313,Ayaan Malhotra,ayaan.malhotra425@hotmail.com,9102981812,Hyderabad,Female,2023-06-16,New
2314,Amit Pillai,amit.pillai87@yahoo.com,8458610509,Ludhiana,Female,2022-06-25,VIP
2315,Ishaan Pillai,ishaan.pillai379@yahoo.com,989024478,Jaipur,Female,2019-02-13,VIP
2316,Rahul Malhotra,rahul.malhotra120@outlook.com,7692127293,Ludhiana,Female,2019-10-05,Regular
2317,Sunita Kumar,sunita.kumar776@hotmail.com,7175956215,Nashik,Male,2023-02-27,New
2318,Reyansh Mehta,reyansh.mehta679@gmail.com,8521763098,Bhopal,Female,2024-01-30,Premium
2319,Ramesh Verma,ramesh.verma52@rediffmail.com,8780444384,Nagpur,Male,2020-07-07,New
2320,Vivaan Rao,vivaan.rao675@rediffmail.com,8644290023,Mumbai,Male,2022-02-11,Premium
2321,Ananya Bansal,ananya.bansal472@rediffmail.com,8255655740,Bhopal,Male,2022-06-13,Regular
2322,Sanjay Malhotra,sanjay.malhotra578@hotmail.com,9775675427,Delhi,Male,2024-05-27,Regular
2323,Ananya Gupta,ananya.gupta357@outlook.com,7305146964,Jaipur,Other,2022-09-16,Premium
2324,Kritika Bhatt,kritika.bhatt367@outlook,7391370930,Delhi,Male,2020-02-29,Regular
2325,Neha Singh,neha.singh115@yahoo.com,9204492253,Ludhiana,Male,2021-03-18,Regular
2326,Myra Malhotra,myra.malhotra705@outlook.com,8876438306,Pune,Female,2024-05-19,New
2327,Aarav Iyer,aarav.iyer579@gmail.com,7779725874,Bhopal,Female,2020-07-05,Regular
2328,Manish Sharma,manish.sharma986@yahoo.com,9950784635,Jaipur,Female,2021-10-31,VIP
2329,Suresh Desai,suresh.desai559@hotmail.com,8048512166,Patna,Female,2019-06-24,Regular
2330,Isha Desai,isha.desai10@yahoo,9316687760,Nashik,Other,2020-08-23,VIP
2331,Vihaan Kumar,vihaan.kumar311@hotmail.com,9577255880,Nagpur,Other,2020-01-30,VIP
2332,Sneha Gupta,sneha.gupta468@outlook.com,89672024,Ahmedabad,Male,2021-08-15,New
2333,Diya Mehta,diya.mehta772@yahoo.com,7852200645,Hyderabad,Male,2024-05-05,Regular
2334,Reyansh Singh,reyansh.singh845@hotmail.com,8983991451,Patna,Female,2019-02-20,Premium
2335,Shreya Gupta,shreya.gupta776@outlook.com,7984815324,Mumbai,Male,2020-05-16,New
2336,Saanvi Singh,saanvi.singh907@outlook.com,9709173851,Lucknow,Male,2022-12-31,Regular
2337,Kavya Kumar,kavya.kumar672@gmail.com,7009644239,Ahmedabad,Other,2020-06-22,New
2338,Vivaan Patel,vivaan.patel237@hotmail.com,828730663,Agra,Other,2021-09-02,Regular
2339,Vihaan Sharma,vihaan.sharma117@rediffmail.com,8590047390,Mumbai,Other,2021-03-05,Regular
2340,Pari Nair,pari.nair589@yahoo.com,7567044333,Kanpur,Male,2020-08-20,Premium
2340,Pari Nair,pari.nair589@yahoo.com,7567044333,Kanpur,Male,2020-08-20,Premium
2341,,priya.iyer898@rediffmail,7241769214,BHOPAL,Male,2023-10-18,Premium
2342,Sneha Malhotra,sneha.malhotra755@yahoo.com,9431546,Ludhiana,Male,2021-04-05,New
2343,Sunita Malhotra,sunita.malhotra313@rediffmail.com,8405809527,Indore,Male,2023-02-12,VIP
2344,Kavya Kapoor,kavya.kapoor578@outlook.com,80713797,Delhi,Female,2021-09-01,VIP
2345,Rahul Rao,rahul.rao299@outlook.com,7194926307,Nashik,Other,2019-05-14,Premium
2346,Deepak Rao,deepak.rao994@gmail.com,7722643654,Surat,Female,2022-03-21,New
2347,Divya Kapoor,divya.kapoor998@hotmail.com,8906562125,Indore,Female,2024-08-22,Premium
2348,Pari Kumar,pari.kumar513@rediffmail.com,9944086211,Kolkata,Male,2023-09-28,Regular
2349,Kritika Bansal,kritika.bansal971@outlook.com,7138708063,Nagpur,Other,2023-06-25,VIP
2350,Manish Malhotra,manish.malhotra478@rediffmail.com,7498283970,Ahmedabad,Female,2023-11-14,VIP
2351,Shreya Iyer,shreya.iyer391@yahoo.com,9876205365,Ludhiana,Other,2021-05-02,Premium
2352,Suresh Singh,suresh.singh573@outlook.com,7234956003,Nashik,Male,2024-05-26,New
2353,Sunita Nair,sunita.nair972@yahoo,8456660841,Chennai,Male,2021-01-27,Regular
2354,Reyansh Kumar,reyansh.kumar329@rediffmail.com,7521818483,Delhi,Female,2022-03-15,Regular
2355,Sai Mehta,sai.mehta770@rediffmail.com,8605420,Pune,Male,2020-12-13,Regular
2356,Rahul Iyer,rahul.iyer316@yahoo.com,9565534559,Bhopal,Male,2021-04-26,VIP
2357,Rohan Verma,rohan.verma979@yahoo.com,8148965543,Kanpur,Other,2021-06-04,New
2358,Shreya Rao,shreya.rao118@yahoo.com,8579953910,Kolkata,Other,2022-10-19,VIP
2359,Diya Joshi,diya.joshi513@hotmail.com,9968865629,Pune,Female,2024-03-01,Premium
2360,Ayaan Joshi,ayaan.joshi317@outlook.com,7005628608,Kolkata,Female,2019-04-25,New
2361,Aadhya Bansal,aadhya.bansal297@outlook.com,9092445522,Ahmedabad,Other,2020-01-29,VIP
2362,Karan Singh,karan.singh130@yahoo.com,9422761669,Lucknow,Male,2020-10-17,VIP
2363,Sunita Nair,sunita.nair2@gmail.com,+91-9262041460,Nashik,Male,2024-11-16,Regular
2364,Sunita Desai,sunita.desai854@gmail.com,8506420398,Delhi,Other,2019-05-28,New
2365,Shreya Patel,shreya.patel102@outlook.com,7303834277,Nagpur,Other,2023-11-28,Regular
2366,Aditya Nair,aditya.nair470@hotmail.com,9367612874,Nashik,Other,2022-04-09,Regular
2367,Suresh Mehta,suresh.mehta534@hotmail,9255155627,Nashik,Other,2024-05-30,New
2368,Divya Sharma,divya.sharma200@rediffmail.com,8573119105,Indore,Other,2024-09-24,Regular
2369,Divya Joshi,divya.joshi512@gmail.com,7036219136,Patna,Female,2021-04-30,Premium
2370,Vivaan Iyer,vivaan.iyer905@gmail.com,7961946226,Kanpur,Male,2019-08-08,New
2371,Neha Joshi,neha.joshi576@gmail.com,7315433145,Chennai,Other,2024-08-24,New
2372,Neha Sharma,neha.sharma774@outlook.com,9963375265,Surat,Other,2019-09-04,New
2373,Pari Gupta,pari.gupta709@outlook.com,8981814250,Kolkata,Other,2020-06-09,New
2374,Krishna Mehta,krishna.mehta729@hotmail.com,9775297417,Mumbai,Male,2020-04-17,New
2375,Anika Chopra,anika.chopra297@hotmail.com,9296044812,Jaipur,Other,2020-05-13,VIP
2376,Aadhya Malhotra,aadhya.malhotra413@yahoo.com,7399930282,Chennai,Female,2023-04-27,Premium
2377,Isha Bhatt,isha.bhatt121@gmail.com,7705345692,Indore,Female,2021-04-05,Regular
2378,Amit Pillai,amit.pillai363@gmail,9830824311,Jaipur,Female,2024-04-09,Regular
2379,Rahul Gupta,rahul.gupta934@gmail.com,7322977847,Kolkata,Other,2019-07-15,Premium
2380,Nikhil Iyer,nikhil.iyer409@gmail.com,8019859414,Surat,Male,2020-04-17,Premium
2381,Kavya Singh,kavya.singh734@yahoo.com,9397723969,Nashik,Male,2021-08-20,New
2382,Suresh Kapoor,suresh.kapoor425@outlook.com,9462280282,Bengaluru,Male,2024-11-20,Premium
2383,Pooja Joshi,pooja.joshi946@yahoo.com,9126081119,Kolkata,Other,2021-10-25,Premium
2384,Divya Kumar,divya.kumar802@rediffmail.com,8639018427,Indore,Male,2024-11-12,Regular
2385,Arjun Kapoor,arjun.kapoor415@yahoo.com,9265010279,Patna,Female,2023-06-12,New
2386,Karan Desai,karan.desai66@rediffmail.com,8017114445,Ahmedabad,Other,2021-04-26,VIP
2387,Shreya Bansal,shreya.bansal460@rediffmail.com,7859019204,Indore,Female,2020-11-05,New
2388,Nikhil Malhotra,nikhil.malhotra565@yahoo.com,9265225042,Nashik,Female,2024-05-02,VIP
2389,Ayaan Singh,ayaan.singh266@outlook.com,7466638105,Bhopal,Other,2021-12-03,New
2390,Riya Kapoor,riya.kapoor465@outlook.com,7176290135,Lucknow,Other,2020-01-15,VIP
2391,Aarav Verma,aarav.verma552@hotmail.com,8903761473,Bengaluru,Other,2021-03-15,New
2392,Suresh Kumar,suresh.kumar257@hotmail.com,8075723270,Pune,Other,2019-02-28,VIP
2393,Meera Mehta,meera.mehta335@gmail.com,8468757134,Chennai,Female,2019-02-20,New
2394,Diya Reddy,diya.reddy516@rediffmail.com,7182671883,Agra,Male,2024-03-22,Premium
2395,Vivaan Malhotra,vivaan.malhotra172@yahoo.com,8485858876,Ahmedabad,Other,2024-04-15,Regular
2396,Pari Reddy,pari.reddy923gmail.com,+91-8435112573,Bhopal,Female,2021-04-08,VIP
2397,Sneha Agarwal,sneha.agarwal497@yahoo.com,7277740261,Vadodara,Other,2021-07-15,Regular
2398,Myra Malhotra,myra.malhotra363@gmail.com,9093767907,Pune,Male,2020-09-27,VIP
2399,Isha Nair,isha.nair595@hotmail.com,9503133524,Patna,Male,2024-11-07,VIP
2400,Diya Joshi,diya.joshi280@hotmail.com,7441295884,Ahmedabad,Other,2024-07-25,Regular
2401,Ramesh Kapoor,ramesh.kapoor303@yahoo.com,9489906087,Nashik,Female,2023-03-05,VIP
2402,Nikhil Singh,nikhil.singh782yahoo.com,8869548414,Nashik,Female,2023-01-27,New
2403,Aarav Bhatt,aarav.bhatt809@rediffmail.com,8116577556,Bhopal,Male,2020-08-04,Regular
2404,Kritika Sharma,kritika.sharma268@hotmail.com,9796653273,Nagpur,Female,2023-12-01,Premium
2405,Neha Kumar,neha.kumar630@outlook.com,8111569080,Patna,Female,2020-03-09,VIP
2406,Saanvi Iyer,saanvi.iyer67@gmail.com,7704239100,Mumbai,Female,2021-07-21,Premium
2407,Vivaan Kumar,vivaan.kumar333@gmail.com,9823780496,Hyderabad,Female,2020-10-28,New
2408,Divya Patel,divya.patel248@outlook.com,9634683594,Indore,Female,2024-02-11,VIP
2409,Manish Rao,manish.rao631@hotmail.com,9308713768,Hyderabad,Other,2023-10-15,Premium
2410,Isha Rao,isha.rao420@yahoo.com,+91-8245994164,Vadodara,Male,2021-03-01,Regular
2411,Priya Iyer,priya.iyer823@rediffmail.com,91087176,Kolkata,Male,2023-04-01,New
2412,Priya Bhatt,priya.bhatt268@rediffmail.com,9987376999,Patna,Other,2020-04-21,VIP
2413,Sanjay Malhotra,sanjay.malhotra552@rediffmail.com,7650590317,Kanpur,Other,2023-04-15,New
2414,Sai Verma,sai.verma723@yahoo.com,82510071,Lucknow,Female,2019-04-03,VIP
2415,Ayaan Kumar,ayaan.kumar243@gmail.com,8900160673,Vadodara,Male,2024-03-12,VIP
2416,Aadhya Agarwal,aadhya.agarwal834@gmail.com,7794596119,Lucknow,Male,2022-06-21,Regular
2417,Aarav Kapoor,aarav.kapoor16@yahoo.com,8032426197,Surat,Other,2019-01-15,Regular
2418,Karan Mehta,karan.mehta68@yahoo.com,7676984245,Bengaluru,Female,2020-07-28,Premium
2419,Sai Iyer,sai.iyer480@yahoo.com,86641605,Pune,Other,2020-03-29,New
2420,Aditya Bansal,aditya.bansal837@yahoo.com,7392105792,Pune,Other,2020-03-24,New
2421,Sai Chopra,sai.chopra395yahoo.com,9824704275,Bhopal,Male,2024-02-02,VIP
2422,Arjun Bansal,arjun.bansal222@rediffmail.com,7634149509,Delhi,Female,2020-07-08,VIP
2423,Isha Rao,isha.rao66@rediffmail.com,7972110696,Kanpur,Female,2024-04-17,New
2424,Shreya Singh,shreya.singh871@rediffmail.com,9382280647,Lucknow,Male,2021-05-09,New
2425,Rahul Nair,rahul.nair821@hotmail.com,9132303189,Nagpur,Other,2024-11-21,New
2426,Vihaan Kumar,vihaan.kumar537@yahoo.com,7021705170,Chennai,Female,2022-05-31,New
2427,Vivaan Nair,vivaan.nair409@hotmail.com,7668136595,Mumbai,Male,2024-06-27,Regular
2428,Reyansh Bhatt,reyansh.bhatt285@rediffmail,8145231353,Agra,Male,2021-10-08,VIP
2429,Kritika Kumar,kritika.kumar173@rediffmail.com,9933147,Surat,Other,2024-07-01,Premium
2430,Vihaan Desai,vihaan.desai1@rediffmail.com,7089560141,Vadodara,Female,2024-07-24,Premium
2431,Aditya Kumar,aditya.kumar925@outlook.com,8832277654,Vadodara,Male,2023-06-19,Regular
2432,Kritika Bansal,kritika.bansal615@hotmail.com,8820318078,Ahmedabad,Male,2019-07-19,Premium
2433,Anjali Joshi,anjali.joshi605@yahoo.com,7303319928,Nashik,Male,2024-08-27,Regular
2434,Pooja Iyer,pooja.iyer166@rediffmail.com,7269567006,Lucknow,Other,2021-09-17,Premium
2435,Myra Agarwal,myra.agarwal614@rediffmail.com,9668318078,Kolkata,Other,2023-03-10,New
2436,Sneha Patel,sneha.patel310@yahoo.com,9421557523,Kolkata,Male,2024-11-21,Regular
2437,Sai Singh,sai.singh633hotmail.com,8109981915,Patna,Male,2019-12-12,Regular
2438,Pari Kapoor,pari.kapoor884@yahoo.com,7637036089,Ludhiana,Female,2022-07-17,New
2439,Sai Agarwal,sai.agarwal450@rediffmail.com,7262143720,Delhi,Other,2023-03-14,Regular
2440,Anjali Sharma,anjali.sharma609@outlook.com,7436064418,Hyderabad,Male,2020-04-30,VIP
2441,Aditya Verma,aditya.verma128@gmail.com,9888129033,Agra,Female,2021-08-15,New
2442,Shreya Malhotra,shreya.malhotra687@rediffmail.com,7772435458,Agra,Female,2020-09-21,VIP
2443,Aarav Rao,aarav.rao246@rediffmail.com,7266580342,Jaipur,Male,2022-05-10,Regular
2443,Aarav Rao,aarav.rao246@rediffmail.com,7266580342,Jaipur,Male,2022-05-10,Regular
2444,,rahul.agarwal263@yahoo.com,985962673, Mumbai ,Female,2023-01-05,VIP
2445,Riya Bansal,riya.bansal720@hotmail.com,9168152741,Hyderabad,Other,2024-10-29,VIP
2446,Aarav Malhotra,aarav.malhotra964@rediffmail.com,9372313880,Ahmedabad,Female,2024-08-05,VIP
2447,Myra Agarwal,myra.agarwal243@gmail.com,7706970454,Nashik,Other,2024-05-14,New
2448,Aditya Patel,aditya.patel715@rediffmail.com,9407265417,Bengaluru,Other,2024-05-22,Regular
2449,Manish Gupta,manish.gupta457gmail.com,9083155795,Delhi,Other,2019-01-25,VIP
2450,Deepak Nair,deepak.nair481@yahoo.com,9118026481,Kanpur,Other,2019-12-05,New
2451,Rahul Nair,rahul.nair525@gmail.com,8745088842,Kolkata,Male,2020-03-17,Regular
2452,Kritika Pillai,kritika.pillai69@outlook.com,8296803508,Kolkata,Other,2019-02-19,Regular
2453,Shreya Verma,shreya.verma646@outlook.com,7629844165,Chennai,Male,2021-08-08,Premium
2454,Kritika Kumar,kritika.kumar540@yahoo.com,+91-8857319179,Indore,Other,2021-08-03,Regular
2455,Rahul Kapoor,rahul.kapoor625@outlook.com,8907014511,Ahmedabad,Male,2020-01-04,New
2456,Suresh Joshi,suresh.joshi814@rediffmail.com,9910372003,Surat,Other,2022-06-12,VIP
2457,Krishna Sharma,krishna.sharma962@gmail.com,8118675353,Bhopal,Other,2024-01-02,VIP
2458,Arjun Malhotra,arjun.malhotra746@outlook.com,70388666,Lucknow,Female,2019-07-28,New
2459,Riya Agarwal,riya.agarwal100@outlook.com,8886327796,Kolkata,Female,2020-11-11,Regular
2460,Riya Bhatt,riya.bhatt636@rediffmail.com,8646442679,Kanpur,Other,2019-05-05,Premium
2461,Priya Sharma,priya.sharma348@outlook.com,757211459,Surat,Other,2022-02-27,New
2462,Arjun Bansal,arjun.bansal883@gmail.com,8834023300,Agra,Other,2019-06-14,Regular
2463,Aditya Reddy,aditya.reddy613@outlook,8561679,Indore,Male,2022-01-18,New
2464,Sunita Malhotra,sunita.malhotra869@gmail.com,7781969842,Agra,Male,2023-12-01,Regular
2465,Suresh Verma,suresh.verma539@yahoo.com,7707515336,Pune,Male,2024-04-25,Premium
2466,Sai Pillai,sai.pillai811@hotmail.com,9299724821,Ahmedabad,Other,2024-05-20,New
2467,Diya Malhotra,diya.malhotra886@gmail.com,9355879701,Patna,Other,2024-07-25,VIP
2468,Aditya Verma,aditya.verma837@rediffmail.com,8097373292,Vadodara,Other,2021-12-22,Regular
2469,Sneha Pillai,sneha.pillai222@yahoo.com,8551174005,Lucknow,Male,2022-04-22,New
2470,Arjun Rao,arjun.rao539@yahoo.com,9193532402,Ahmedabad,Other,2024-01-08,VIP
2471,Myra Singh,myra.singh206@hotmail.com,8461018016,Pune,Female,2019-06-07,Regular
2471,Myra Singh,myra.singh206@hotmail.com,8461018016,Pune,Female,2019-06-07,Regular
2472,,divya.nair926@yahoo.com,7366067267,PUNE,Male,2022-03-04,Premium
2473,Ayaan Gupta,ayaan.gupta54@outlook.com,+91-7281133180,Indore,Other,2023-01-04,VIP
2474,,sunita.nair559@outlook.com,8628544590,NASHIK,Male,2023-04-04,New
2475,Nikhil Pillai,nikhil.pillai694yahoo.com,7048002871,Lucknow,Other,2019-02-08,New
2476,Priya Reddy,priya.reddy517@hotmail.com,7807893944,Delhi,Male,2022-07-29,Premium
2477,Pari Agarwal,pari.agarwal438@outlook.com,9254955781,Hyderabad,Other,2021-08-15,VIP
2478,Sunita Mehta,sunita.mehta317@rediffmail.com,9181236949,Chennai,Female,2023-09-30,Premium
2479,Aarav Gupta,aarav.gupta669@hotmail.com,9403831121,Chennai,Female,2024-03-06,Premium
2480,Ananya Sharma,ananya.sharma964@yahoo.com,8641540316,Kolkata,Female,2023-12-12,Regular
2481,Rahul Pillai,rahul.pillai7@hotmail.com,8231137927,Patna,Female,2024-04-06,Regular
2482,Anika Nair,anika.nair6@yahoo.com,+91-9082008952,Indore,Male,2021-10-02,Regular
2483,Diya Iyer,diya.iyer231@gmail.com,9864873885,Pune,Male,2022-10-05,New
2484,Ananya Bhatt,ananya.bhatt882@yahoo.com,9827047934,Indore,Female,2020-04-10,New
2485,Isha Malhotra,isha.malhotra392@rediffmail.com,9781127768,Lucknow,Female,2022-07-19,Regular
2486,Divya Kumar,divya.kumar976@rediffmail.com,9862360307,Patna,Male,2023-05-18,Regular
2487,Rahul Pillai,rahul.pillai402@yahoo.com,9089915063,Agra,Other,2021-02-08,Regular
2488,Pari Iyer,pari.iyer335@gmail.com,8379895053,Kolkata,Other,2019-03-14,New
2489,Pari Desai,pari.desai154@hotmail.com,8121536737,Patna,Other,2022-06-24,New
2490,Suresh Gupta,suresh.gupta183@yahoo.com,7638619948,Kanpur,Female,2023-08-13,VIP
2491,Deepak Reddy,deepak.reddy382@hotmail.com,9983053498,Mumbai,Female,2021-07-11,Premium
2492,Priya Agarwal,priya.agarwal392@outlook.com,7224351939,Surat,Male,2019-06-15,New
2493,Aadhya Nair,aadhya.nair85@yahoo.com,9341792127,Hyderabad,Female,2020-01-17,VIP
2494,Aditya Bhatt,aditya.bhatt42@hotmail,7291675942,Chennai,Female,2024-12-16,Premium
2495,Karan Kapoor,karan.kapoor111@outlook.com,8440988165,Vadodara,Other,2024-12-05,Regular
2496,Krishna Sharma,krishna.sharma223@yahoo.com,7844688927,Kolkata,Other,2020-07-05,Premium
2497,Sai Rao,sai.rao600@gmail.com,8060138198,Ludhiana,Male,2020-01-31,Premium
2498,Nikhil Patel,nikhil.patel233@hotmail,8869245798,Kolkata,Other,2020-07-02,New
2498,Nikhil Patel,nikhil.patel233@hotmail,8869245798,Kolkata,Other,2020-07-02,New
2499,,kritika.kumar725@yahoo.com,9098335666,indore,Male,2019-01-28,New
2500,Kritika Desai,kritika.desai236@yahoo.com,8607447788,Ludhiana,Female,2021-09-24,New
2501,Aarav Iyer,aarav.iyer148@hotmail.com,7516359636,Ahmedabad,Male,2022-09-22,VIP
2502,Nikhil Mehta,nikhil.mehta759@hotmail.com,8752960962,Patna,Female,2021-06-20,Premium
2503,Reyansh Agarwal,reyansh.agarwal731@rediffmail.com,9090805424,Indore,Female,2024-02-23,Premium
2504,Krishna Kapoor,krishna.kapoor30@hotmail.com,7964519974,Kolkata,Male,2021-08-16,VIP
2505,Anjali Bhatt,anjali.bhatt112@hotmail.com,8430245850,Lucknow,Male,2024-11-28,VIP
2506,Rahul Kapoor,rahul.kapoor474@rediffmail.com,7280730957,Pune,Other,2024-06-19,VIP
2507,Myra Malhotra,myra.malhotra871outlook.com,9186668479,Chennai,Other,2022-05-25,VIP
2508,Shreya Reddy,shreya.reddy113@rediffmail.com,8327380846,Indore,Male,2022-04-09,VIP
2509,Myra Nair,myra.nair741@outlook.com,8177191173,Lucknow,Male,2022-10-26,New
2510,Vivaan Pillai,vivaan.pillai308@hotmail.com,9375589404,Indore,Female,2024-06-17,New
2511,Ayaan Reddy,ayaan.reddy867@yahoo.com,8524035348,Indore,Male,2019-08-30,Regular
2512,Rohan Gupta,rohan.gupta994@yahoo.com,7057105120,Patna,Male,2020-10-29,VIP
2513,Ananya Patel,ananya.patel99@hotmail.com,7509007002,Ahmedabad,Male,2023-03-04,New
2514,Isha Kumar,isha.kumar359@hotmail.com,8021830358,Patna,Female,2022-01-21,Regular
2515,Priya Desai,priya.desai912@outlook,9220951097,Patna,Female,2019-11-09,Regular
2516,Vihaan Patel,vihaan.patel453@yahoo.com,9647709054,Kolkata,Male,2023-05-04,VIP
2517,Nikhil Desai,nikhil.desai67@outlook.com,7616733805,Jaipur,Female,2019-01-15,VIP
2518,Anjali Gupta,anjali.gupta4@outlook.com,9945197494,Mumbai,Male,2021-07-19,VIP
2519,Nikhil Desai,nikhil.desai239@rediffmail.com,7197168427,Ludhiana,Male,2023-08-27,VIP
2520,Manish Bhatt,manish.bhatt35@yahoo.com,8198093191,Bengaluru,Other,2020-06-17,Premium
2521,Vivaan Gupta,vivaan.gupta337@gmail.com,7027334178,Ahmedabad,Female,2021-07-19,New
2522,Krishna Nair,krishna.nair688@rediffmail.com,8903705130,Ahmedabad,Other,2023-03-30,Regular
2523,Reyansh Singh,reyansh.singh917@outlook.com,9569002362,Kanpur,Female,2023-07-30,Premium
2524,Aadhya Mehta,aadhya.mehta960@gmail.com,8771220277,Vadodara,Other,2020-03-14,Premium
2525,Ananya Malhotra,ananya.malhotra441@gmail.com,7339622941,Vadodara,Female,2021-01-09,Regular
2526,Aarav Mehta,aarav.mehta782@outlook.com,8934058370,Agra,Other,2019-03-18,Premium
2527,Nikhil Gupta,nikhil.gupta960@gmail.com,7932493058,Vadodara,Female,2024-11-28,Regular
2528,Sunita Chopra,sunita.chopra874@outlook.com,+91-8861291697,Kolkata,Other,2020-12-12,Regular
2529,Suresh Nair,suresh.nair206@yahoo.com,7991946264,Nagpur,Male,2019-09-11,Premium
2530,Vivaan Chopra,vivaan.chopra239@gmail.com,9593480134,Kolkata,Female,2023-09-09,VIP
2531,Anjali Sharma,anjali.sharma267@outlook.com,9290059403,Kolkata,Other,2021-09-12,Regular
2532,Ayaan Gupta,ayaan.gupta469@rediffmail.com,8280643162,Kolkata,Other,2023-01-25,Regular
2533,Meera Joshi,meera.joshi749@rediffmail.com,9210937196,Nashik,Female,2024-09-28,Regular
2534,Sneha Nair,sneha.nair174@outlook.com,8237716121,Nashik,Male,2023-03-27,New
2535,Vivaan Singh,vivaan.singh83@yahoo.com,+91-8535581693,Vadodara,Other,2024-02-21,Regular
2536,Reyansh Iyer,reyansh.iyer493@yahoo.com,862490434,Mumbai,Male,2022-10-07,New
2537,Riya Kapoor,riya.kapoor553@outlook.com,8313550946,Ahmedabad,Female,2020-03-05,Regular
2538,Pari Verma,pari.verma908@rediffmail.com,9410117095,Indore,Other,2024-11-26,New
2539,Sunita Kapoor,sunita.kapoor417@outlook.com,7125087262,Delhi,Female,2021-05-15,VIP
2540,Sneha Pillai,sneha.pillai950@rediffmail.com,804445718,Agra,Male,2020-03-19,VIP
2541,Manish Kapoor,manish.kapoor359@hotmail.com,9278920610,Surat,Other,2023-09-14,VIP
2542,Riya Kumar,riya.kumar762@yahoo.com,7915771774,Bengaluru,Other,2021-06-24,Regular
2543,Suresh Mehta,suresh.mehta563@rediffmail.com,8231024877,Patna,Other,2023-04-25,Regular
2544,Ananya Bhatt,ananya.bhatt975@gmail.com,7538769225,Kanpur,Female,2019-03-04,Premium
2545,Sneha Rao,sneha.rao137@outlook.com,7646290947,Kolkata,Female,2022-03-16,VIP
2546,Divya Reddy,divya.reddy661@rediffmail.com,8262442147,Pune,Male,2023-01-17,VIP
2547,Aarav Iyer,aarav.iyer658@hotmail.com,8139820455,Indore,Other,2022-03-10,Premium
2548,Suresh Mehta,suresh.mehta99@gmail.com,7086687197,Bengaluru,Female,2023-12-31,Regular
2548,Suresh Mehta,suresh.mehta99@gmail.com,7086687197,Bengaluru,Female,2023-12-31,Regular
2549,,vivaan.sharma475@outlook.com,9844453723,Lucknow  ,Male,2023-07-19,VIP
2550,Myra Malhotra,myra.malhotra140@outlook.com,7428167428,Jaipur,Male,2020-10-17,Regular
2551,Sneha Sharma,sneha.sharma834@yahoo.com,9631672261,Vadodara,Male,2019-04-25,Premium
2552,Aarav Kapoor,aarav.kapoor181@rediffmail.com,7784683202,Ahmedabad,Male,2019-10-07,Premium
2553,Aarav Patel,aarav.patel298@gmail.com,9489711846,Agra,Female,2024-11-16,New
2554,Krishna Gupta,krishna.gupta939@yahoo.com,9248688979,Bengaluru,Other,2019-05-02,New
2555,Vihaan Singh,vihaan.singh33@gmail.com,7344959667,Chennai,Male,2022-07-03,VIP
2556,Nikhil Reddy,nikhil.reddy485@gmail.com,+91-8303910133,Ahmedabad,Male,2019-10-17,VIP
2557,Deepak Desai,deepak.desai568@hotmail.com,9755231531,Lucknow,Other,2020-08-13,Regular
2558,Nikhil Desai,nikhil.desai75@rediffmail.com,9521759876,Ahmedabad,Male,2019-08-31,Premium
2559,Sunita Singh,sunita.singh704gmail.com,8931848914,Bhopal,Other,2019-07-01,VIP
2560,Pari Chopra,pari.chopra215@rediffmail.com,7685655403,Patna,Female,2021-02-25,Regular
2561,Suresh Rao,suresh.rao837@outlook.com,7110170426,Hyderabad,Other,2021-12-02,Regular
2562,Deepak Pillai,deepak.pillai497@yahoo.com,7010696198,Surat,Female,2022-06-02,Premium
2563,Rahul Joshi,rahul.joshi592@gmail.com,8511256958,Hyderabad,Other,2020-04-02,Regular
2564,Anjali Desai,anjali.desai800@hotmail.com,9529817588,Lucknow,Male,2022-12-14,New
2565,Sneha Rao,sneha.rao728@gmail.com,9552011263,Delhi,Other,2020-10-13,VIP
2566,Isha Reddy,isha.reddy955@outlook.com,+91-9241500153,Chennai,Female,2022-04-17,VIP
2567,Meera Verma,meera.verma335@yahoo.com,7571197631,Surat,Other,2020-12-24,New
2568,Vihaan Chopra,vihaan.chopra715@rediffmail.com,949756526,Agra,Other,2022-10-09,Premium
2569,Sanjay Patel,sanjay.patel294@gmail.com,7461052378,Patna,Other,2023-04-27,Premium
2570,Ayaan Joshi,ayaan.joshi355@hotmail.com,7237343733,Indore,Female,2021-07-24,New
2571,Pooja Mehta,pooja.mehta281@gmail.com,+91-7060458543,Jaipur,Female,2021-09-21,Premium
2572,Pooja Desai,pooja.desai152@gmail.com,7417082365,Delhi,Other,2020-08-17,VIP
2573,Suresh Desai,suresh.desai854@yahoo.com,7550305786,Kanpur,Male,2019-06-07,New
2574,Divya Kapoor,divya.kapoor76@outlook.com,9492974219,Mumbai,Other,2023-05-30,VIP
2575,Kavya Reddy,kavya.reddy489@hotmail.com,9487264148,Nagpur,Female,2021-06-01,Premium
2576,Kavya Pillai,kavya.pillai994@rediffmail.com,7378083580,Lucknow,Female,2023-10-09,VIP
2577,Kritika Desai,kritika.desai234gmail.com,9371209355,Nagpur,Female,2022-05-07,Premium
2578,Myra Rao,myra.rao716@rediffmail.com,7730093533,Nashik,Other,2021-01-19,Premium
2579,Arjun Kapoor,arjun.kapoor542@rediffmail.com,7677547051,Mumbai,Male,2023-01-18,VIP
2580,Anjali Mehta,anjali.mehta784@gmail.com,7173902796,Surat,Other,2020-01-16,New
2581,Aadhya Kumar,aadhya.kumar71@rediffmail.com,9939255415,Bengaluru,Other,2020-02-27,New
2582,Amit Desai,amit.desai30@gmail.com,9211353022,Delhi,Female,2020-09-09,Premium
2583,Riya Iyer,riya.iyer16@outlook.com,7966977108,Kanpur,Female,2024-06-19,New
2584,Ayaan Joshi,ayaan.joshi119@gmail.com,9230976522,Nagpur,Male,2020-09-19,New
2585,Sneha Kapoor,sneha.kapoor257outlook.com,8468348048,Jaipur,Female,2022-04-28,VIP
2586,Nikhil Patel,nikhil.patel946@outlook.com,9133390036,Agra,Other,2019-01-10,New
2587,Krishna Mehta,krishna.mehta856@yahoo.com,7209168526,Ahmedabad,Other,2024-08-10,Premium
2588,Ananya Patel,ananya.patel156@gmail.com,7211451731,Nashik,Female,2024-03-15,New
2589,Rohan Iyer,rohan.iyer958@yahoo,8917683772,Bhopal,Male,2021-02-16,Regular
2590,Vihaan Reddy,vihaan.reddy853@gmail.com,7217081324,Ludhiana,Other,2021-02-03,New
2591,Vihaan Rao,vihaan.rao392@yahoo.com,7880054952,Kolkata,Other,2023-10-31,Regular
2592,Aarav Malhotra,aarav.malhotra246@gmail.com,7132356837,Indore,Male,2021-12-16,VIP
2593,Reyansh Bansal,reyansh.bansal355@gmail.com,7853651536,Ludhiana,Female,2020-01-16,Regular
2594,Neha Verma,neha.verma249@hotmail.com,8964370943,Delhi,Other,2021-12-30,VIP
2595,Pooja Gupta,pooja.gupta502@rediffmail.com,8150017575,Agra,Male,2024-09-28,Premium
2596,Ananya Nair,ananya.nair498@outlook.com,7296227987,Lucknow,Other,2024-02-28,Premium
2597,Ananya Reddy,ananya.reddy694@outlook.com,9803545178,Chennai,Female,2019-07-15,Regular
2598,Deepak Rao,deepak.rao613@yahoo.com,7650813897,Mumbai,Other,2021-06-07,Premium
2599,Ramesh Bansal,ramesh.bansal362@yahoo.com,8610743138,Ludhiana,Male,2021-07-17,Premium
2600,Pooja Joshi,pooja.joshi525@gmail.com,7269598154,Kolkata,Female,2021-08-17,New
2601,Neha Patel,neha.patel918@outlook.com,8958055378,Vadodara,Other,2022-06-12,Premium
2602,Kritika Joshi,kritika.joshi609@gmail,9112113181,Hyderabad,Male,2023-01-22,VIP
2603,Sunita Nair,sunita.nair87@rediffmail.com,9179393154,Pune,Female,2019-08-30,Regular
2604,Neha Joshi,neha.joshi881@yahoo,8442640629,Vadodara,Female,2023-01-24,Regular
2605,Karan Malhotra,karan.malhotra745@hotmail.com,9133963126,Ludhiana,Other,2020-07-26,VIP
2606,Ishaan Chopra,ishaan.chopra745@yahoo.com,9135312777,Surat,Female,2023-07-07,Premium
2607,Pooja Singh,pooja.singh288@outlook.com,8229869961,Jaipur,Other,2019-10-06,Regular
2608,Aadhya Joshi,aadhya.joshi991@rediffmail.com,9238187286,Nashik,Other,2023-08-19,VIP
2609,Sunita Agarwal,sunita.agarwal934@outlook.com,8841875604,Bengaluru,Male,2022-09-24,VIP
2610,Kavya Chopra,kavya.chopra36@outlook.com,7888673806,Chennai,Male,2020-12-06,Premium
2611,Manish Bhatt,manish.bhatt363@gmail.com,+91-7152154221,Patna,Other,2024-06-10,New
2612,Myra Nair,myra.nair544@rediffmail.com,8601712596,Kanpur,Female,2019-03-29,New
2613,Kavya Bansal,kavya.bansal796@hotmail.com,9460064641,Agra,Other,2019-01-02,Premium
2614,Meera Nair,meera.nair658@yahoo.com,+91-8418943583,Nashik,Female,2024-07-30,Regular
2615,Sunita Verma,sunita.verma751@hotmail.com,8434852552,Kolkata,Other,2023-01-19,New
2616,Neha Agarwal,neha.agarwal192@hotmail.com,8726788364,Hyderabad,Male,2020-08-14,Regular
2617,Ayaan Kapoor,ayaan.kapoor521@yahoo.com,8360779889,Vadodara,Other,2020-06-17,Premium
2618,Myra Kapoor,myra.kapoor665@hotmail.com,8500086990,Surat,Male,2021-07-19,New
2619,Rahul Agarwal,rahul.agarwal303@hotmail.com,9360073134,Kolkata,Female,2023-08-10,Regular
2620,Kavya Desai,kavya.desai343@outlook.com,8347529935,Ahmedabad,Male,2024-12-15,Regular
2621,Pari Rao,pari.rao707gmail.com,7476505670,Ludhiana,Female,2019-05-07,VIP
2622,Diya Kapoor,diya.kapoor167@hotmail.com,7408171867,Agra,Female,2024-12-09,Regular
2623,Krishna Verma,krishna.verma415@hotmail.com,70232423,Indore,Female,2019-01-19,Regular
2624,Suresh Kapoor,suresh.kapoor529@gmail.com,7976246274,Chennai,Male,2023-02-04,VIP
2625,Ishaan Bansal,ishaan.bansal773@rediffmail.com,9714077814,Ahmedabad,Male,2019-01-10,New
2626,Rahul Bansal,rahul.bansal95@hotmail.com,8694853847,Hyderabad,Other,2023-03-18,Premium
2627,Arjun Verma,arjun.verma908@yahoo.com,7089418926,Jaipur,Male,2021-04-24,VIP
2628,Ayaan Gupta,ayaan.gupta455@yahoo.com,9158178337,Bengaluru,Other,2023-07-04,VIP
2629,Sanjay Mehta,sanjay.mehta505@hotmail.com,9189988721,Delhi,Male,2023-09-02,Premium
2630,Anjali Agarwal,anjali.agarwal420@gmail.com,9878724045,Ahmedabad,Male,2023-07-10,Regular
2631,Manish Agarwal,manish.agarwal87@gmail.com,8082539129,Kolkata,Female,2020-03-10,Regular
2632,Neha Desai,neha.desai929@hotmail.com,9715051932,Chennai,Female,2021-05-03,Regular
2633,Nikhil Desai,nikhil.desai215rediffmail.com,8078079475,Mumbai,Other,2024-09-15,Premium
2634,Arjun Iyer,arjun.iyer311@outlook.com,9296242366,Mumbai,Male,2020-04-05,Regular
2635,Rohan Chopra,rohan.chopra120@rediffmail,9011180893,Nashik,Other,2020-05-19,Premium
2636,Reyansh Pillai,reyansh.pillai197@outlook.com,7101823289,Mumbai,Male,2021-06-02,New
2637,Ishaan Kapoor,ishaan.kapoor801@rediffmail.com,8531729996,Vadodara,Female,2021-03-09,New
2638,Myra Singh,myra.singh873@rediffmail.com,8552017590,Jaipur,Other,2019-04-10,New
2639,Saanvi Patel,saanvi.patel528@yahoo.com,8166616046,Chennai,Other,2019-01-15,Premium
2640,Sai Joshi,sai.joshi945@hotmail.com,9698735228,Kanpur,Other,2023-01-14,VIP
2641,Pooja Nair,pooja.nair375@gmail.com,8903817506,Indore,Male,2022-11-21,VIP
2642,Ayaan Iyer,ayaan.iyer270@gmail.com,8813514806,Indore,Male,2021-02-27,VIP
2643,Rahul Mehta,rahul.mehta785@yahoo.com,8112457471,Nashik,Other,2020-04-08,VIP
2644,Ishaan Sharma,ishaan.sharma635@gmail.com,8180662934,Bengaluru,Other,2020-08-24,VIP
2645,Isha Desai,isha.desai336@yahoo.com,7229252851,Kolkata,Other,2021-02-12,Premium
2646,Ramesh Verma,ramesh.verma992@rediffmail.com,9076132978,Indore,Female,2020-02-04,New
2647,Sneha Desai,sneha.desai63@outlook.com,9168005159,Ludhiana,Female,2019-03-05,New
2648,Reyansh Agarwal,reyansh.agarwal656@yahoo.com,7079602879,Surat,Male,2020-08-03,VIP
2649,Pari Patel,pari.patel674outlook.com,9280158776,Vadodara,Female,2020-06-20,New
2650,Meera Malhotra,meera.malhotra315@gmail.com,9501510830,Kanpur,Other,2024-10-06,Premium
2651,Isha Joshi,isha.joshi741@rediffmail.com,9167958776,Lucknow,Female,2023-03-02,New
2652,Priya Bhatt,priya.bhatt583@outlook.com,9790003752,Bhopal,Other,2019-02-16,New
2653,Sai Verma,sai.verma654@outlook.com,9338527281,Patna,Other,2023-09-24,Regular
2654,Reyansh Chopra,reyansh.chopra18@yahoo,9361059029,Ahmedabad,Other,2021-07-21,VIP
2655,Ishaan Nair,ishaan.nair559@yahoo.com,9414921742,Ahmedabad,Male,2022-08-09,New
2656,Meera Gupta,meera.gupta133@gmail.com,9426510788,Ludhiana,Male,2020-09-06,Premium
2657,Deepak Nair,deepak.nair765@yahoo.com,9043305188,Lucknow,Female,2022-04-04,Regular
2658,Amit Malhotra,amit.malhotra282@outlook,8371478801,Ludhiana,Male,2024-08-19,Premium
2659,Myra Desai,myra.desai22@yahoo.com,7887111255,Delhi,Male,2020-11-03,Regular
2660,Saanvi Mehta,saanvi.mehta185@hotmail.com,8221829432,Indore,Other,2022-09-25,VIP
2661,Nikhil Kumar,nikhil.kumar801@rediffmail.com,8704358387,Chennai,Male,2024-04-09,VIP
2662,Neha Malhotra,neha.malhotra454@yahoo.com,7936358304,Bhopal,Other,2022-04-19,VIP
2663,Sneha Nair,sneha.nair49@gmail.com,8325325916,Mumbai,Female,2022-12-14,Premium
2664,Aarav Desai,aarav.desai31@rediffmail.com,7005282318,Delhi,Female,2019-12-17,VIP
2665,Neha Nair,neha.nair819@hotmail,7692450452,Pune,Other,2023-10-01,Regular
2666,Karan Kapoor,karan.kapoor240@gmail.com,9447902030,Nashik,Female,2019-11-02,New
2667,Divya Mehta,divya.mehta89@rediffmail.com,9302860773,Lucknow,Female,2020-07-15,Premium
2668,Kavya Verma,kavya.verma398@rediffmail.com,9373391798,Kolkata,Other,2019-06-11,Regular
2669,Neha Rao,neha.rao810@rediffmail.com,8995129378,Ludhiana,Male,2019-08-03,New
2670,Aadhya Malhotra,aadhya.malhotra273@yahoo,7746218558,Bengaluru,Male,2022-07-31,Premium
2671,Aadhya Bansal,aadhya.bansal544@yahoo.com,7589494110,Delhi,Male,2023-07-09,VIP
2672,Shreya Kapoor,shreya.kapoor166@gmail,+91-7887455629,Kanpur,Other,2021-08-28,Premium
2673,Amit Bhatt,amit.bhatt646@rediffmail.com,8475856447,Indore,Male,2019-07-04,New
2674,Arjun Bansal,arjun.bansal261@hotmail.com,8187478789,Pune,Other,2019-12-02,Regular
2675,Suresh Bansal,suresh.bansal538@rediffmail.com,8469132583,Mumbai,Other,2020-04-22,VIP
2676,Kritika Chopra,kritika.chopra439@rediffmail.com,8770106879,Agra,Male,2024-05-10,Regular
2677,Aadhya Agarwal,aadhya.agarwal662@gmail.com,7745309503,Hyderabad,Male,2020-05-30,VIP
2678,Diya Agarwal,diya.agarwal696@rediffmail.com,7902249019,Kanpur,Other,2021-01-11,New
2679,Myra Chopra,myra.chopra359@hotmail.com,7238786703,Ahmedabad,Male,2019-02-04,New
2680,Ramesh Chopra,ramesh.chopra550@hotmail.com,7518432,Jaipur,Other,2023-08-09,New
2681,Vihaan Chopra,vihaan.chopra27@hotmail.com,7716816031,Patna,Other,2024-10-10,New
2682,Kritika Singh,kritika.singh100@rediffmail.com,8526165916,Jaipur,Female,2021-03-16,Regular
2683,Ananya Reddy,ananya.reddy664@rediffmail,9477084408,Lucknow,Male,2019-11-10,Regular
2684,Ramesh Mehta,ramesh.mehta740@hotmail.com,8353067887,Ahmedabad,Female,2021-07-06,New
2685,Shreya Kumar,shreya.kumar382@hotmail.com,9102828,Jaipur,Other,2019-05-20,VIP
2686,Pooja Patel,pooja.patel681@hotmail.com,7357861503,Bengaluru,Other,2019-01-05,VIP
2687,Diya Joshi,diya.joshi892@gmail.com,9766542854,Surat,Male,2021-12-01,Regular
2688,Sunita Bhatt,sunita.bhatt824@hotmail.com,9322690771,Bengaluru,Female,2022-04-13,VIP
2689,Sunita Malhotra,sunita.malhotra110@rediffmail,7792276988,Jaipur,Female,2019-09-15,Premium
2690,Meera Patel,meera.patel500@gmail.com,7881922060,Patna,Male,2023-08-14,VIP
2691,Divya Desai,divya.desai286@outlook.com,8653892062,Chennai,Male,2019-04-02,New
2692,Aarav Singh,aarav.singh581@outlook.com,8000678025,Kolkata,Female,2023-04-22,Regular
2693,Aarav Iyer,aarav.iyer389@hotmail.com,9211411067,Agra,Male,2019-12-08,VIP
2694,Deepak Bansal,deepak.bansal16@gmail.com,9872579053,Surat,Other,2022-11-30,VIP
2695,Shreya Patel,shreya.patel250@hotmail.com,9041186683,Delhi,Other,2019-10-15,VIP
2696,Manish Agarwal,manish.agarwal913@hotmail.com,7857574956,Indore,Female,2020-01-06,VIP
2697,Isha Iyer,isha.iyer904@yahoo.com,7729023972,Indore,Other,2019-11-19,Premium
2698,Anika Gupta,anika.gupta464@outlook.com,7863091212,Lucknow,Female,2020-07-09,VIP
2699,Isha Gupta,isha.gupta868@yahoo.com,7141350509,Agra,Other,2022-08-16,Regular
2700,Aditya Singh,aditya.singh106@outlook.com,9048624155,Indore,Female,2024-08-29,Regular
2701,Aadhya Kumar,aadhya.kumar960@rediffmail.com,7095214679,Delhi,Male,2021-03-25,Regular
2702,Divya Iyer,divya.iyer166@gmail.com,9883389558,Kanpur,Female,2023-01-12,Regular
2703,Sanjay Kumar,sanjay.kumar172@hotmail.com,9596464948,Delhi,Male,2021-12-12,Premium
2704,Diya Kapoor,diya.kapoor497@outlook.com,7409537171,Bhopal,Other,2019-09-19,Regular
2705,Nikhil Sharma,nikhil.sharma685@yahoo.com,8684407097,Kanpur,Other,2020-08-17,Premium
2706,Meera Bansal,meera.bansal412@yahoo.com,9046593707,Delhi,Male,2023-07-23,New
2707,Divya Rao,divya.rao811@yahoo,8740325769,Hyderabad,Female,2019-08-17,VIP
2707,Divya Rao,divya.rao811@yahoo,8740325769,Hyderabad,Female,2019-08-17,VIP
2708,,aadhya.pillai880@hotmail.com,7144972989,Chenn@i,Other,2023-02-15,Premium
2709,,suresh.rao446@gmail.com,8328805460,Mumbai  ,Female,2023-08-31,Premium
2710,Aadhya Singh,aadhya.singh405@outlook.com,8974298519,Bengaluru,Female,2022-08-11,VIP
2711,Riya Bansal,riya.bansal594@gmail.com,9718849252,Bengaluru,Male,2019-10-21,New
2712,Karan Nair,karan.nair256@outlook.com,7436426827,Patna,Other,2022-09-09,Premium
2713,Kritika Rao,kritika.rao166@outlook.com,9509547885,Bhopal,Female,2022-02-23,VIP
2714,Divya Reddy,divya.reddy175@rediffmail.com,8943914077,Mumbai,Male,2022-04-08,Premium
2715,Arjun Bansal,arjun.bansal826@gmail.com,8790483144,Vadodara,Female,2021-04-25,New
2716,Aditya Bhatt,aditya.bhatt488@gmail.com,7347351179,Surat,Male,2021-02-22,Premium
2716,Aditya Bhatt,aditya.bhatt488@gmail.com,7347351179,Surat,Male,2021-02-22,Premium
2717,,amit.bhatt960@gmail.com,8185611447,Surat  ,Female,2024-12-30,Premium
2718,Anjali Patel,anjali.patel169@yahoo.com,7725872899,Chennai,Male,2022-01-21,Premium
2719,Pooja Bhatt,pooja.bhatt674@yahoo.com,8328174279,Kolkata,Male,2020-05-28,Regular
2720,Aadhya Bansal,aadhya.bansal487@outlook.com,8213109,Mumbai,Male,2024-06-15,Regular
2721,Amit Verma,amit.verma489@rediffmail,9565228009,Ahmedabad,Other,2020-12-22,Premium
2722,Divya Rao,divya.rao861@rediffmail.com,8135172758,Delhi,Other,2023-01-19,Premium
2723,Ishaan Desai,ishaan.desai552@outlook.com,9964780478,Jaipur,Female,2020-09-08,Premium
2723,Ishaan Desai,ishaan.desai552@outlook.com,9964780478,Jaipur,Female,2020-09-08,Premium
2724,,pooja.verma407@gmail.com,9079430570,Surat  ,Other,2022-07-14,VIP
2725,Nikhil Bhatt,nikhil.bhatt440@gmail,7470796082,Bengaluru,Female,2024-08-05,VIP
2726,Kritika Agarwal,kritika.agarwal816@gmail.com,8504945608,Bengaluru,Female,2022-11-06,New
2727,Ishaan Bansal,ishaan.bansal679rediffmail.com,7473767727,Ludhiana,Male,2021-02-21,New
2728,Divya Sharma,divya.sharma11@hotmail.com,7207534353,Nagpur,Female,2022-03-21,Regular
2729,Rahul Reddy,rahul.reddy612@yahoo.com,9431611674,Pune,Male,2024-04-23,New
2730,Arjun Chopra,arjun.chopra776@hotmail.com,8493442378,Jaipur,Male,2022-09-22,New
2731,Ayaan Bhatt,ayaan.bhatt740@gmail.com,8098710857,Nashik,Other,2024-01-01,New
2732,Krishna Mehta,krishna.mehta869@outlook.com,9262832877,Mumbai,Female,2024-08-12,Premium
2733,Deepak Joshi,deepak.joshi27@hotmail.com,8591713394,Patna,Male,2020-04-15,Regular
2734,Pooja Agarwal,pooja.agarwal946@hotmail,9431331739,Pune,Male,2022-04-18,Regular
2735,Ananya Rao,ananya.rao200@rediffmail.com,9891053581,Nashik,Male,2020-01-20,New
2736,Kavya Bhatt,kavya.bhatt873@yahoo.com,8095998782,Delhi,Other,2021-11-02,VIP
2737,Pari Reddy,pari.reddy480@rediffmail.com,8839619731,Agra,Other,2024-09-22,Premium
2738,Myra Bhatt,myra.bhatt132@rediffmail.com,8110432237,Jaipur,Male,2023-05-20,Regular
2739,Riya Desai,riya.desai350@hotmail,7701930299,Mumbai,Female,2022-05-14,Premium
2740,Ananya Kumar,ananya.kumar104@rediffmail.com,9154753168,Kanpur,Other,2020-01-16,New
2741,Shreya Chopra,shreya.chopra163@outlook.com,8805187,Chennai,Male,2024-10-15,Regular
2742,Meera Singh,meera.singh916@gmail.com,9850415344,Chennai,Other,2019-04-04,New
2743,Aditya Iyer,aditya.iyer403@yahoo.com,9082729157,Delhi,Other,2023-05-01,New
2744,Sunita Pillai,sunita.pillai447@outlook.com,9717700640,Hyderabad,Other,2020-03-03,Regular
2745,Deepak Verma,deepak.verma96@gmail.com,9665285229,Chennai,Other,2024-11-13,Regular
2746,Anika Joshi,anika.joshi401@outlook.com,9470268881,Agra,Male,2021-12-05,New
2747,Rohan Sharma,rohan.sharma651@rediffmail.com,7195680090,Jaipur,Other,2020-10-26,Regular
2748,Vihaan Patel,vihaan.patel953@gmail.com,7453095161,Pune,Female,2019-04-09,VIP
2749,Amit Mehta,amit.mehta121@outlook.com,8514347772,Kolkata,Female,2019-05-04,Premium
2750,Riya Malhotra,riya.malhotra957@outlook.com,8321680955,Nagpur,Male,2021-06-21,Premium
2751,Saanvi Mehta,saanvi.mehta531@outlook.com,8046894962,Delhi,Other,2019-07-30,Regular
2752,Manish Chopra,manish.chopra333@yahoo.com,9873765999,Ahmedabad,Male,2022-08-05,Regular
2753,Suresh Malhotra,suresh.malhotra608@gmail.com,7851232298,Patna,Male,2024-05-26,VIP
2754,Suresh Iyer,suresh.iyer711@rediffmail.com,7082777913,Patna,Female,2023-11-09,Regular
2755,Suresh Iyer,suresh.iyer907@yahoo.com,8558244457,Mumbai,Male,2024-02-07,Premium
2756,Arjun Reddy,arjun.reddy324@hotmail.com,8905128903,Patna,Female,2019-08-24,New
2757,Divya Joshi,divya.joshi941@yahoo.com,7076361363,Lucknow,Other,2020-09-09,New
2758,Rahul Reddy,rahul.reddy168@outlook.com,9973266826,Nashik,Other,2023-04-18,Premium
2759,Meera Joshi,meera.joshi53@hotmail.com,7732903211,Mumbai,Male,2022-07-07,VIP
2760,Aarav Agarwal,aarav.agarwal456hotmail.com,7861247299,Ahmedabad,Female,2024-02-27,New
2761,Anika Bhatt,anika.bhatt107@rediffmail.com,7350535917,Nashik,Female,2022-04-16,Regular
2762,Sai Joshi,sai.joshi81@hotmail.com,9683140948,Nashik,Male,2020-05-23,New
2763,Suresh Malhotra,suresh.malhotra679@yahoo.com,8957018442,Patna,Female,2021-08-29,Regular
2764,Sunita Agarwal,sunita.agarwal225@outlook.com,9105922087,Delhi,Male,2020-09-21,New
2765,Deepak Pillai,deepak.pillai708@gmail.com,7070984047,Agra,Other,2020-04-28,Regular
2766,Aarav Nair,aarav.nair356@hotmail.com,7156424321,Patna,Male,2021-10-16,VIP
2767,Rohan Pillai,rohan.pillai263@hotmail.com,+91-9247637720,Vadodara,Male,2021-10-22,New
2768,Sunita Joshi,sunita.joshi544@rediffmail.com,9057623129,Ludhiana,Male,2022-09-02,Premium
2769,Sai Sharma,sai.sharma186@rediffmail.com,9323017246,Delhi,Other,2022-12-02,New
2770,Reyansh Bansal,reyansh.bansal25@yahoo.com,8950446458,Kanpur,Male,2021-02-07,Regular
2771,Rahul Desai,rahul.desai254@yahoo.com,9182281671,Nagpur,Other,2021-09-03,Premium
2772,Suresh Singh,suresh.singh968@hotmail.com,8066121892,Nashik,Male,2019-08-03,VIP
2773,Anika Kapoor,anika.kapoor37yahoo.com,8088807190,Patna,Male,2023-01-06,Regular
2774,Ananya Malhotra,ananya.malhotra860@yahoo.com,8983239508,Hyderabad,Male,2023-10-05,Regular
2775,Anika Rao,anika.rao800@yahoo.com,7883250612,Delhi,Male,2023-07-16,Regular
2776,Ananya Gupta,ananya.gupta528@hotmail.com,9340172009,Bengaluru,Other,2021-04-28,Premium
2777,Kritika Chopra,kritika.chopra269@rediffmail.com,7203784872,Kolkata,Male,2024-06-29,VIP
2777,Kritika Chopra,kritika.chopra269@rediffmail.com,7203784872,Kolkata,Male,2024-06-29,VIP
2778,,nikhil.malhotra538@yahoo.com,9682803479,Hyder@b@d,Female,2019-04-25,New
2779,Pooja Patel,pooja.patel749@hotmail.com,8458037443,Kanpur,Male,2023-03-03,Regular
2780,Vivaan Reddy,vivaan.reddy951@hotmail.com,7960008982,Chennai,Female,2024-02-04,VIP
2781,Ayaan Desai,ayaan.desai168@hotmail.com,9903629857,Kolkata,Female,2024-12-15,Premium
2782,Arjun Bhatt,arjun.bhatt340@outlook.com,7667552064,Agra,Male,2021-10-17,New
2783,,sai.singh219@gmail.com,7596920041,DELHI,Male,2023-06-18,VIP
2784,Riya Mehta,riya.mehta40@outlook.com,7356716346,Bhopal,Other,2024-06-03,VIP
2785,Anika Desai,anika.desai763@hotmail.com,8982094134,Agra,Other,2021-09-10,Premium
2786,Arjun Gupta,arjun.gupta687@hotmail.com,8620685236,Ahmedabad,Other,2021-01-27,VIP
2787,Suresh Malhotra,suresh.malhotra627@yahoo.com,7067815128,Jaipur,Female,2019-11-25,Premium
2788,Saanvi Kumar,saanvi.kumar66@hotmail.com,9298200611,Lucknow,Male,2024-10-22,Premium
2789,Sunita Patel,sunita.patel894@gmail.com,8121280630,Vadodara,Other,2023-05-11,VIP
2790,Suresh Joshi,suresh.joshi352@rediffmail.com,9215763945,Surat,Other,2020-02-26,Premium
2791,Ramesh Nair,ramesh.nair937@gmail.com,9225493546,Bengaluru,Other,2020-12-03,New
2792,Aditya Desai,aditya.desai526@hotmail.com,9291518416,Hyderabad,Other,2023-09-26,New
2793,Rahul Kapoor,rahul.kapoor370@gmail.com,8365696902,Ahmedabad,Other,2023-11-05,Regular
2794,Anika Bansal,anika.bansal812@outlook.com,8433029773,Ahmedabad,Male,2024-07-20,New
2795,Neha Singh,neha.singh691@outlook,+91-7849924069,Surat,Male,2020-03-04,Regular
2796,Kritika Verma,kritika.verma192@hotmail.com,9880607408,Ahmedabad,Other,2019-07-11,New
2797,Amit Malhotra,amit.malhotra219@gmail.com,8215428169,Nagpur,Other,2024-08-28,VIP
2798,Ayaan Gupta,ayaan.gupta232@gmail.com,7746236389,Vadodara,Female,2019-08-26,Regular
2799,Myra Nair,myra.nair62@yahoo.com,9516589504,Bengaluru,Female,2019-10-15,Regular
2800,Aarav Patel,aarav.patel795@hotmail.com,9897680853,Ahmedabad,Male,2023-09-05,Premium
2801,Anjali Reddy,anjali.reddy54@gmail.com,9817254195,Ludhiana,Other,2020-08-07,Regular
2802,Anjali Chopra,anjali.chopra650@hotmail.com,7293157588,Surat,Female,2024-04-28,New
2803,Rohan Desai,rohan.desai28@yahoo,8274028777,Mumbai,Other,2022-11-19,Regular
2804,Kavya Desai,kavya.desai432@hotmail.com,9326249684,Mumbai,Other,2020-01-03,Regular
2805,Ayaan Rao,ayaan.rao868@outlook.com,9824690303,Jaipur,Male,2019-04-28,New
2806,Isha Sharma,isha.sharma263@yahoo.com,9390665644,Jaipur,Female,2020-04-15,New
2807,Amit Kumar,amit.kumar81@gmail.com,7269894946,Jaipur,Other,2019-06-12,Premium
2808,Vihaan Kapoor,vihaan.kapoor87@outlook.com,7336857427,Surat,Female,2021-11-11,Premium
2809,Sanjay Joshi,sanjay.joshi256@gmail.com,9462892898,Lucknow,Female,2019-06-20,Regular
2810,Sanjay Agarwal,sanjay.agarwal394@hotmail,8409477319,Nagpur,Other,2021-06-17,New
2811,Pari Nair,pari.nair493@gmail.com,8585808562,Surat,Female,2019-01-03,New
2812,Aadhya Malhotra,aadhya.malhotra516yahoo.com,8526919534,Bengaluru,Other,2019-05-19,VIP
2813,Manish Singh,manish.singh861@outlook.com,9878097109,Surat,Female,2019-11-23,VIP
2814,Divya Rao,divya.rao207@yahoo.com,7703310236,Bengaluru,Male,2024-08-03,New
2815,Vihaan Bhatt,vihaan.bhatt687@gmail.com,9440271898,Kanpur,Female,2019-04-06,VIP
2816,Manish Rao,manish.rao925@outlook.com,8651574864,Pune,Female,2024-09-28,New
2817,Shreya Singh,shreya.singh998@outlook.com,9526485649,Delhi,Other,2023-04-16,New
2818,Priya Bansal,priya.bansal375@outlook.com,8634727557,Indore,Female,2021-05-22,VIP
2819,Isha Kapoor,isha.kapoor667@outlook.com,9651740878,Mumbai,Male,2019-06-15,New
2820,Sneha Rao,sneha.rao637@outlook.com,9092087218,Surat,Male,2021-05-11,New
2821,Anika Reddy,anika.reddy634@gmail.com,8439993983,Indore,Male,2024-01-25,Regular
2822,Saanvi Kapoor,saanvi.kapoor8@gmail.com,7180472733,Hyderabad,Other,2022-05-23,Premium
2823,Anjali Rao,anjali.rao318@gmail.com,8334743814,Vadodara,Other,2022-03-13,New
2824,Suresh Bhatt,suresh.bhatt806@rediffmail.com,+91-8148947050,Agra,Female,2022-10-29,Premium
2825,Aditya Iyer,aditya.iyer161outlook.com,9291822214,Patna,Female,2021-05-20,Regular
2826,Rahul Verma,rahul.verma826@hotmail,9829801145,Bhopal,Female,2024-04-28,VIP
2827,Vivaan Kapoor,vivaan.kapoor187@gmail.com,7005620148,Jaipur,Other,2021-10-14,VIP
2828,Sai Mehta,sai.mehta389@outlook.com,8742127205,Nashik,Female,2020-02-05,Regular
2829,Ishaan Desai,ishaan.desai610@rediffmail.com,9251862174,Bhopal,Other,2022-07-14,New
2830,Karan Rao,karan.rao553@gmail.com,9143556802,Jaipur,Other,2024-07-06,Regular
2831,Anika Bansal,anika.bansal857@hotmail.com,7850863054,Nagpur,Female,2021-06-18,New
2832,Anjali Nair,anjali.nair979@outlook.com,7351113618,Indore,Male,2023-03-23,New
2833,Suresh Pillai,suresh.pillai137@hotmail.com,8621293812,Delhi,Other,2022-07-29,Regular
2834,Sneha Desai,sneha.desai852@rediffmail.com,7203566006,Jaipur,Other,2021-04-02,Regular
2835,Vihaan Pillai,vihaan.pillai340@hotmail.com,9007874559,Mumbai,Male,2022-03-07,Premium
2836,Sunita Bansal,sunita.bansal791@gmail.com,8205391486,Kolkata,Other,2021-12-13,VIP
2837,Ananya Pillai,ananya.pillai366@outlook.com,9390199573,Ahmedabad,Other,2019-03-09,Regular
2838,Rahul Reddy,rahul.reddy480@rediffmail.com,9105477118,Bengaluru,Other,2024-06-14,Regular
2839,Ramesh Singh,ramesh.singh24@rediffmail.com,7229475965,Vadodara,Male,2024-12-15,Regular
2840,Saanvi Bhatt,saanvi.bhatt388@hotmail.com,9687423025,Mumbai,Male,2024-02-01,Premium
2841,Arjun Malhotra,arjun.malhotra105@outlook.com,9477861543,Delhi,Male,2020-01-14,VIP
2842,Sanjay Verma,sanjay.verma521@outlook.com,9828158565,Lucknow,Female,2022-08-22,VIP
2843,Sneha Malhotra,sneha.malhotra251@hotmail.com,9585044081,Kanpur,Female,2024-10-20,New
2844,Reyansh Kapoor,reyansh.kapoor687@gmail.com,8251719195,Kanpur,Male,2023-03-22,New
2845,Krishna Chopra,krishna.chopra365@outlook.com,9138941860,Ahmedabad,Male,2020-10-28,Premium
2846,Aditya Singh,aditya.singh803@outlook.com,7168965305,Nashik,Male,2022-09-01,Regular
2847,Kritika Pillai,kritika.pillai335@hotmail.com,7445752571,Ludhiana,Male,2020-03-08,New
2848,Kavya Bhatt,kavya.bhatt442@outlook.com,8211183997,Bhopal,Female,2020-11-14,VIP
2849,Divya Chopra,divya.chopra310@outlook.com,9648679495,Patna,Other,2021-05-06,New
2850,Shreya Kapoor,shreya.kapoor557@gmail.com,7702302097,Bengaluru,Female,2021-08-04,Regular
2851,Divya Malhotra,divya.malhotra321@yahoo.com,8483569124,Vadodara,Other,2019-07-20,VIP
2852,Kritika Sharma,kritika.sharma889@rediffmail.com,9537787018,Patna,Other,2019-08-04,New
2853,Shreya Iyer,shreya.iyer615@yahoo.com,8334470489,Surat,Female,2020-07-14,VIP
2854,Divya Reddy,divya.reddy824@outlook.com,7000984703,Agra,Female,2023-08-10,Regular
2855,Ramesh Nair,ramesh.nair703@gmail.com,8606603556,Ludhiana,Other,2021-05-22,VIP
2856,Karan Reddy,karan.reddy585@rediffmail.com,8835772356,Patna,Male,2021-08-02,Premium
2857,Suresh Rao,suresh.rao413@yahoo.com,8025673268,Kanpur,Other,2023-06-20,VIP
2858,Divya Bhatt,divya.bhatt10@outlook.com,7031886611,Mumbai,Other,2022-01-31,VIP
2859,Sai Verma,sai.verma30@outlook.com,9770756147,Vadodara,Male,2024-03-02,New
2860,Sanjay Chopra,sanjay.chopra783@rediffmail.com,7513910453,Hyderabad,Male,2021-06-20,Premium
2861,Nikhil Sharma,nikhil.sharma545@gmail.com,9520029281,Vadodara,Other,2021-02-25,VIP
2862,Amit Reddy,amit.reddy959@gmail.com,9632890061,Hyderabad,Other,2024-11-05,Premium
2863,Shreya Patel,shreya.patel295@rediffmail.com,7261358511,Bhopal,Female,2022-05-25,Premium
2863,Shreya Patel,shreya.patel295@rediffmail.com,7261358511,Bhopal,Female,2022-05-25,Premium
2864,,nikhil.bhatt406@gmail.com,8758281915, Ahmedabad ,Male,2020-10-18,Premium
2865,Isha Reddy,isha.reddy552@hotmail.com,7720500247,Ludhiana,Other,2020-02-11,Premium
2866,Diya Kumar,diya.kumar814@rediffmail.com,+91-7056639852,Chennai,Female,2022-07-17,New
2867,Karan Rao,karan.rao139@rediffmail.com,9225425706,Patna,Female,2022-12-08,Regular
2868,Ishaan Gupta,ishaan.gupta648@gmail.com,7891338841,Ahmedabad,Other,2022-07-17,Regular
2869,Kritika Kapoor,kritika.kapoor841@yahoo.com,8181124336,Delhi,Male,2019-03-12,New
2870,Neha Chopra,neha.chopra411@gmail,9284160468,Indore,Female,2024-12-24,VIP
2871,Karan Joshi,karan.joshi966@gmail.com,8024141673,Mumbai,Male,2020-11-08,Premium
2872,Sneha Nair,sneha.nair259@gmail.com,8712581958,Jaipur,Male,2022-02-24,Regular
2873,Kavya Patel,kavya.patel885@hotmail.com,7359407960,Vadodara,Other,2020-09-10,VIP
2874,Diya Patel,diya.patel429@gmail.com,9757082481,Kolkata,Female,2020-02-08,New
2875,Rahul Verma,rahul.verma578@hotmail.com,9556219411,Kolkata,Female,2022-04-10,VIP
2876,Vivaan Kumar,vivaan.kumar351@hotmail.com,9720718179,Ahmedabad,Other,2022-09-10,New
2877,Rahul Singh,rahul.singh803@gmail.com,9089137929,Agra,Other,2022-12-26,VIP
2878,Kavya Mehta,kavya.mehta67@gmail.com,8572735994,Agra,Female,2022-03-28,VIP
2879,Isha Malhotra,isha.malhotra315@hotmail.com,8982104311,Bhopal,Male,2020-08-29,VIP
2880,Saanvi Malhotra,saanvi.malhotra220@yahoo.com,7709113081,Bengaluru,Female,2020-06-24,New
2881,Reyansh Joshi,reyansh.joshi494@outlook.com,9298577546,Bengaluru,Other,2021-06-29,VIP
2882,Neha Rao,neha.rao637@hotmail.com,7492017608,Kolkata,Male,2024-04-16,Premium
2883,Sanjay Iyer,sanjay.iyer479@yahoo.com,8691096316,Vadodara,Female,2020-01-25,Premium
2884,Deepak Verma,deepak.verma528@outlook.com,8297463240,Jaipur,Male,2021-01-20,New
2885,Vivaan Bansal,vivaan.bansal458@rediffmail.com,9168955774,Indore,Other,2022-01-14,VIP
2886,Priya Kumar,priya.kumar923@outlook.com,950439283,Agra,Other,2020-08-12,Regular
2887,Ananya Iyer,ananya.iyer114@gmail.com,+91-9958373499,Indore,Male,2019-11-25,VIP
2888,Priya Nair,priya.nair326@hotmail.com,8917569526,Patna,Other,2021-11-09,Regular
2889,Aarav Bhatt,aarav.bhatt681@yahoo.com,9431581928,Chennai,Other,2022-10-21,Regular
2890,Sanjay Iyer,sanjay.iyer888@rediffmail,9150766149,Ahmedabad,Female,2019-02-23,Regular
2891,Kavya Sharma,kavya.sharma424@gmail.com,7071577965,Pune,Male,2021-12-07,Regular
2892,,amit.malhotra209@yahoo.com,7513131383,kolkata,Other,2021-09-06,New
2893,Aditya Kumar,aditya.kumar832@outlook.com,9625767,Kanpur,Female,2021-01-17,New
2894,Ishaan Chopra,ishaan.chopra648@yahoo,9099224381,Pune,Female,2023-05-27,Regular
2895,Rahul Chopra,rahul.chopra549@rediffmail.com,7139355565,Surat,Female,2023-07-20,Premium
2896,Kritika Singh,kritika.singh158@hotmail.com,8483610531,Delhi,Other,2022-05-22,New
2897,Krishna Chopra,krishna.chopra738@outlook.com,9093740286,Agra,Female,2019-03-16,New
2898,Meera Bhatt,meera.bhatt110@outlook.com,9545644294,Surat,Male,2021-05-11,Premium
2899,Arjun Pillai,arjun.pillai445@outlook.com,9362269974,Pune,Other,2024-09-27,Regular
2900,Divya Singh,divya.singh700@gmail.com,7273763759,Indore,Male,2021-09-17,VIP
2901,Shreya Agarwal,shreya.agarwal592@yahoo.com,8425887786,Pune,Other,2020-11-20,Premium
2902,Riya Agarwal,riya.agarwal642@rediffmail.com,7244987326,Kolkata,Female,2020-10-31,Regular
2903,Aditya Sharma,aditya.sharma498@gmail.com,8525939909,Kanpur,Female,2024-10-21,Premium
2904,Kritika Desai,kritika.desai824@hotmail.com,8347753648,Bengaluru,Female,2019-12-24,New
2905,Deepak Chopra,deepak.chopra535@rediffmail.com,8093627409,Vadodara,Male,2020-12-21,VIP
2906,Ayaan Desai,ayaan.desai969@hotmail.com,7404071288,Ludhiana,Other,2023-04-11,Regular
2907,Vihaan Bansal,vihaan.bansal654@outlook.com,9740042012,Agra,Female,2023-02-18,New
2908,Arjun Kumar,arjun.kumar256@outlook.com,8320411603,Nashik,Other,2022-04-08,New
2909,Anjali Malhotra,anjali.malhotra160@outlook.com,8551937704,Hyderabad,Female,2022-12-23,Premium
2910,Anjali Bhatt,anjali.bhatt509@outlook.com,907540384,Ahmedabad,Other,2019-04-29,New
2911,Ramesh Pillai,ramesh.pillai216@outlook.com,7943413811,Vadodara,Other,2024-11-09,Premium
2912,Ayaan Pillai,ayaan.pillai754@yahoo.com,9888121227,Nagpur,Other,2021-07-08,VIP
2913,Nikhil Pillai,nikhil.pillai953@hotmail.com,7076364654,Chennai,Other,2024-11-10,Premium
2914,Deepak Nair,deepak.nair552@rediffmail.com,9769587871,Chennai,Other,2022-09-24,Premium
2915,Pooja Gupta,pooja.gupta124@rediffmail.com,7752767568,Indore,Other,2021-04-05,New
2916,Ananya Rao,ananya.rao627@hotmail.com,8986270853,Ludhiana,Other,2023-04-27,VIP
2917,Reyansh Bhatt,reyansh.bhatt36@outlook.com,7051358932,Jaipur,Male,2022-06-14,VIP
2918,Meera Bhatt,meera.bhatt270@rediffmail.com,7141425316,Pune,Male,2022-03-19,Regular
2919,Isha Pillai,isha.pillai630@hotmail.com,7738641136,Bhopal,Male,2019-03-24,Regular
2920,Vivaan Kapoor,vivaan.kapoor33hotmail.com,8756844334,Surat,Female,2022-10-01,Regular
2921,Neha Bhatt,neha.bhatt614@yahoo.com,7822857607,Patna,Male,2020-11-02,New
2922,Manish Desai,manish.desai135@outlook.com,7452523685,Pune,Other,2019-11-19,Premium
2923,Amit Gupta,amit.gupta796@outlook.com,9668365643,Nashik,Male,2023-08-16,Regular
2924,Meera Bansal,meera.bansal214@outlook.com,9789713923,Pune,Male,2022-12-02,Premium
2925,Kavya Patel,kavya.patel865@yahoo.com,868770084,Jaipur,Other,2019-05-13,New
2926,Sunita Bhatt,sunita.bhatt227@hotmail.com,9198161200,Bhopal,Female,2022-09-09,VIP
2927,Sai Patel,sai.patel817@yahoo.com,9138018311,Hyderabad,Other,2020-01-10,Regular
2928,Rohan Joshi,rohan.joshi520@rediffmail.com,9081537483,Ahmedabad,Other,2020-04-01,New
2929,Ayaan Nair,ayaan.nair51@yahoo,8738435617,Agra,Male,2019-10-13,Regular
2930,Amit Nair,amit.nair733@yahoo.com,9801700020,Vadodara,Male,2020-06-08,Premium
2931,Kritika Patel,kritika.patel216@outlook.com,8191644565,Mumbai,Female,2024-06-15,Premium
2931,Kritika Patel,kritika.patel216@outlook.com,8191644565,Mumbai,Female,2024-06-15,Premium
2932,,divya.malhotra907@hotmail.com,7913238941, Hyderabad ,Male,2021-08-04,New
2933,Sneha Joshi,sneha.joshi214@gmail.com,9323947739,Chennai,Female,2024-03-16,VIP
2934,Ramesh Joshi,ramesh.joshi485@rediffmail.com,8382311869,Surat,Male,2021-08-22,New
2935,Riya Kapoor,riya.kapoor578@hotmail.com,8517126615,Delhi,Male,2021-07-01,Regular
2936,Kavya Chopra,kavya.chopra882@gmail.com,7701823489,Patna,Male,2019-04-09,New
2937,Ananya Bansal,ananya.bansal33@outlook.com,90718074,Hyderabad,Male,2021-09-05,VIP
2938,Meera Sharma,meera.sharma491@rediffmail.com,9644477792,Pune,Male,2021-07-18,Regular
2939,Vihaan Sharma,vihaan.sharma102@hotmail.com,8844181980,Ahmedabad,Other,2023-04-15,New
2940,,krishna.agarwal758@yahoo.com,8775281819,N@gpur,Male,2022-07-19,New
2941,Ayaan Nair,ayaan.nair138@outlook.com,8086569124,Kolkata,Other,2022-02-12,Regular
2942,Karan Verma,karan.verma928@outlook.com,8045281586,Nashik,Male,2024-12-20,Premium
2943,Vihaan Singh,vihaan.singh488@hotmail.com,7486349959,Delhi,Female,2021-12-20,Regular
2944,Manish Kumar,manish.kumar453@gmail.com,7556505425,Indore,Other,2023-04-01,New
2945,Pari Bhatt,pari.bhatt457@rediffmail.com,7903750328,Nagpur,Female,2019-03-07,Premium
2946,Meera Patel,meera.patel478@outlook.com,8116808691,Nagpur,Female,2020-07-20,VIP
2947,Manish Bhatt,manish.bhatt665@rediffmail.com,9360557950,Indore,Female,2024-07-30,Premium
2948,Neha Desai,neha.desai776@hotmail.com,8115089802,Bhopal,Male,2021-07-22,Regular
2949,Kavya Mehta,kavya.mehta600@yahoo.com,7188965088,Lucknow,Other,2023-08-31,Regular
2950,Divya Malhotra,divya.malhotra916@outlook,9379041161,Indore,Female,2024-09-08,VIP
2951,Arjun Chopra,arjun.chopra8@yahoo.com,9497437,Agra,Female,2020-01-15,Regular
2952,Sunita Chopra,sunita.chopra626@yahoo.com,9441105827,Hyderabad,Male,2020-01-04,New
2953,Nikhil Patel,nikhil.patel853@rediffmail.com,8328669835,Indore,Other,2021-08-21,VIP
2954,Vihaan Nair,vihaan.nair69@yahoo.com,8024509366,Nashik,Other,2019-09-06,New
2955,Myra Mehta,myra.mehta809@rediffmail.com,7165158371,Bengaluru,Male,2020-07-28,VIP
2956,Ramesh Iyer,ramesh.iyer889@rediffmail.com,9888173865,Hyderabad,Other,2019-02-03,New
2957,Suresh Kapoor,suresh.kapoor659@rediffmail.com,8829275450,Pune,Female,2019-06-03,VIP
2958,Saanvi Patel,saanvi.patel944@yahoo.com,8433421355,Kolkata,Female,2023-01-31,New
2959,Vihaan Desai,vihaan.desai169@yahoo.com,8333835744,Patna,Female,2020-09-02,Premium
2960,Ishaan Sharma,ishaan.sharma534@hotmail.com,7275286784,Patna,Other,2023-08-19,Premium
2961,Rohan Bansal,rohan.bansal495yahoo.com,9447270549,Hyderabad,Other,2024-06-20,Premium
2962,Amit Sharma,amit.sharma44@hotmail.com,8080536394,Mumbai,Male,2023-09-19,Regular
2963,Sunita Kumar,sunita.kumar26gmail.com,9195541601,Kolkata,Male,2019-04-08,Regular
2964,Ishaan Pillai,ishaan.pillai335@yahoo.com,71786251,Patna,Other,2019-09-27,Regular
2965,Krishna Rao,krishna.rao725@gmail.com,9955508483,Delhi,Other,2021-06-04,Regular
2966,Shreya Agarwal,shreya.agarwal496@hotmail.com,7854341312,Bengaluru,Other,2023-06-27,New
2967,Krishna Kumar,krishna.kumar50@rediffmail.com,70442684,Nagpur,Female,2020-02-25,Regular
2968,Sanjay Reddy,sanjay.reddy22@gmail.com,7647823107,Lucknow,Male,2024-10-06,Premium
2969,Sunita Gupta,sunita.gupta204@yahoo.com,9390618282,Ahmedabad,Female,2021-11-17,Regular
2970,Pari Pillai,pari.pillai576@hotmail.com,7881844373,Bengaluru,Other,2019-06-13,Premium
2971,Pari Bhatt,pari.bhatt228@rediffmail.com,+91-8113523510,Indore,Male,2024-05-16,Regular
2972,Reyansh Iyer,reyansh.iyer416@outlook.com,9022503527,Kanpur,Male,2022-02-07,New
2973,Vihaan Pillai,vihaan.pillai218@yahoo.com,7667431468,Agra,Male,2021-02-02,New
2974,Rahul Desai,rahul.desai785@outlook.com,9840209725,Jaipur,Male,2021-05-29,Premium
2975,Shreya Verma,shreya.verma832@hotmail.com,7037138725,Kolkata,Male,2019-04-14,Regular
2976,Kavya Malhotra,kavya.malhotra927@outlook.com,8225535458,Chennai,Female,2024-04-11,VIP
2977,Pari Patel,pari.patel35@outlook,7183926215,Vadodara,Male,2019-09-29,Premium
2978,Divya Bhatt,divya.bhatt374@hotmail.com,7532858397,Indore,Male,2019-11-07,Regular
2979,Aadhya Reddy,aadhya.reddy627@rediffmail.com,7636700921,Chennai,Female,2024-07-03,VIP
2980,Myra Joshi,myra.joshi337@rediffmail.com,8752961501,Delhi,Female,2020-04-02,Premium
2981,Ishaan Iyer,ishaan.iyer621@outlook.com,9791013923,Vadodara,Other,2021-06-22,VIP
2982,Kritika Rao,kritika.rao99@rediffmail.com,9930226608,Kolkata,Female,2022-02-26,Premium
2983,Divya Patel,divya.patel391@hotmail.com,7284185127,Agra,Other,2022-10-04,New
2984,Reyansh Bansal,reyansh.bansal181@hotmail.com,7022449709,Patna,Other,2019-08-10,New
2985,Rohan Bansal,rohan.bansal851@yahoo.com,8999087696,Ahmedabad,Other,2023-04-23,Premium
2986,Rahul Joshi,rahul.joshi604@gmail.com,7068250425,Ahmedabad,Female,2023-02-16,Premium
2987,Isha Singh,isha.singh250@outlook.com,9914793213,Ludhiana,Female,2019-11-19,New
2988,Krishna Sharma,krishna.sharma400@rediffmail.com,9816208322,Nagpur,Female,2020-02-04,Premium
2989,Karan Rao,karan.rao933@gmail.com,9887291401,Hyderabad,Female,2022-04-21,New
2990,Nikhil Gupta,nikhil.gupta309@rediffmail.com,9365271640,Ahmedabad,Female,2022-01-17,Premium
2991,Saanvi Verma,saanvi.verma909@hotmail.com,9097725380,Agra,Male,2023-04-07,Premium
2992,Arjun Iyer,arjun.iyer12@yahoo.com,7737607655,Agra,Other,2023-12-22,VIP
2992,Arjun Iyer,arjun.iyer12@yahoo.com,7737607655,Agra,Other,2023-12-22,VIP
2993,,suresh.mehta835@hotmail.com,9455122937,mumbai,Female,2019-07-14,Premium
2994,Sunita Pillai,sunita.pillai999@outlook.com,+91-8135882234,Kanpur,Other,2023-02-20,Premium
2995,Pari Joshi,pari.joshi535@hotmail.com,+91-7953269019,Jaipur,Other,2024-06-03,New
2996,Sanjay Reddy,sanjay.reddy764@yahoo.com,9700036877,Mumbai,Male,2024-11-24,VIP
2997,Aadhya Joshi,aadhya.joshi817@yahoo,8434032449,Surat,Other,2020-08-30,VIP
2998,Sanjay Agarwal,sanjay.agarwal788@hotmail.com,+91-9938304189,Nagpur,Other,2023-06-16,New
2998,Sanjay Agarwal,sanjay.agarwal788@hotmail.com,+91-9938304189,Nagpur,Other,2023-06-16,New
2999,,sanjay.joshi646@hotmail.com,7813124169, Chennai ,Female,2021-09-09,Premium
3000,Suresh Kapoor,suresh.kapoor302@outlook.com,7825674919,Ahmedabad,Other,2020-09-28,Premium
3001,Meera Desai,meera.desai423@outlook.com,8377208673,Surat,Other,2021-10-17,New
3002,Riya Nair,riya.nair789@yahoo.com,7576182789,Kolkata,Other,2023-03-28,New
3003,Myra Malhotra,myra.malhotra296@hotmail.com,9381356646,Bhopal,Female,2023-11-14,New
3004,,meera.pillai83@gmail.com,8574443954,N@gpur,Other,2020-09-01,VIP
3005,Ishaan Patel,ishaan.patel572@outlook.com,7209732685,Lucknow,Other,2024-08-17,VIP
3006,Manish Verma,manish.verma781@rediffmail.com,9746962983,Vadodara,Male,2020-03-05,Premium
3007,Kavya Agarwal,kavya.agarwal478@rediffmail.com,9500184037,Kanpur,Male,2022-11-16,Regular
3008,Amit Singh,amit.singh408@hotmail.com,9726915326,Jaipur,Other,2024-02-11,VIP
3009,Aadhya Agarwal,aadhya.agarwal72@yahoo.com,7891802662,Patna,Male,2023-10-17,Regular
3010,,kritika.rao614@rediffmail.com,7627224294,CHENNAI,Male,2023-02-09,Regular
3011,Karan Pillai,karan.pillai553@rediffmail.com,7332726055,Hyderabad,Other,2024-10-31,VIP
3012,Isha Rao,isha.rao612@rediffmail.com,8989157940,Delhi,Female,2020-11-21,VIP
3013,Neha Joshi,neha.joshi68@hotmail.com,9601049967,Vadodara,Female,2022-01-20,Regular
3014,Suresh Bhatt,suresh.bhatt540@outlook.com,9205852543,Vadodara,Male,2021-06-27,Regular
3015,Sunita Nair,sunita.nair649@rediffmail.com,7211614230,Patna,Female,2022-05-07,Regular
3016,Kavya Kapoor,kavya.kapoor329@yahoo.com,9342235543,Hyderabad,Female,2019-01-02,New
3017,Meera Patel,meera.patel126@yahoo.com,8072404302,Pune,Female,2019-12-31,Premium
3018,Sunita Kapoor,sunita.kapoor275@outlook,7266155636,Vadodara,Female,2023-11-18,VIP
3019,Ananya Pillai,ananya.pillai649@hotmail.com,9884228868,Delhi,Female,2022-01-19,New
3020,Shreya Pillai,shreya.pillai292@hotmail.com,9569243118,Ludhiana,Other,2023-06-15,New
3021,Kavya Rao,kavya.rao676@hotmail.com,9052983040,Indore,Male,2021-09-26,Regular
3022,Sunita Nair,sunita.nair858@hotmail,7181805596,Vadodara,Male,2022-05-30,Regular
3023,Suresh Verma,suresh.verma157@gmail.com,8795481449,Indore,Other,2024-11-25,Regular
3024,Sunita Reddy,sunita.reddy802@outlook.com,8619943816,Bengaluru,Male,2020-05-15,Regular
3025,Isha Kumar,isha.kumar831@yahoo.com,8243086303,Hyderabad,Female,2019-10-27,VIP
3025,Isha Kumar,isha.kumar831@yahoo.com,8243086303,Hyderabad,Female,2019-10-27,VIP
3026,,sneha.bhatt276@gmail.com,7273558021,Lucknow  ,Other,2021-08-01,New
3027,Ishaan Desai,ishaan.desai907@yahoo.com,9618708090,Bhopal,Other,2019-04-22,Premium
3028,Kritika Kapoor,kritika.kapoor127@rediffmail.com,9687148033,Ludhiana,Other,2022-06-08,Premium
3029,Sai Sharma,sai.sharma144@outlook.com,+91-7942066982,Chennai,Male,2020-07-05,Premium
3030,Arjun Sharma,arjun.sharma819@hotmail.com,+91-9244854283,Hyderabad,Female,2019-11-23,Regular
3031,Deepak Iyer,deepak.iyer590@hotmail.com,7747595492,Agra,Other,2020-01-22,Premium
3032,Pari Iyer,pari.iyer999@rediffmail.com,7191530138,Delhi,Other,2019-05-10,Premium
3033,Krishna Verma,krishna.verma405@hotmail.com,8855825211,Lucknow,Other,2024-04-12,Premium
3034,Sanjay Nair,sanjay.nair652@rediffmail.com,8180296222,Nagpur,Female,2019-07-13,Premium
3035,Amit Bhatt,amit.bhatt480@gmail.com,8161256537,Surat,Female,2024-05-14,Regular
3036,Anika Pillai,anika.pillai306yahoo.com,+91-8275637115,Indore,Male,2019-04-21,New
3037,Pooja Kapoor,pooja.kapoor110@outlook.com,9080964813,Lucknow,Male,2019-06-10,Regular
3038,Riya Rao,riya.rao595@outlook.com,7505705775,Vadodara,Female,2021-10-10,Regular
3039,Saanvi Reddy,saanvi.reddy25@outlook.com,8568668598,Bengaluru,Male,2020-12-29,New
3040,Pooja Rao,pooja.rao182@outlook.com,9509109836,Chennai,Female,2022-07-22,VIP
3041,Suresh Patel,suresh.patel177@yahoo.com,7958634104,Nagpur,Other,2021-12-20,VIP
3042,Anika Verma,anika.verma839@outlook.com,7782375019,Kanpur,Other,2019-02-02,New
3043,Myra Mehta,myra.mehta781@rediffmail.com,7333186181,Patna,Male,2022-11-14,VIP
3044,Meera Bansal,meera.bansal856@yahoo.com,8538245610,Mumbai,Male,2020-11-25,Regular
3045,Suresh Rao,suresh.rao80@hotmail.com,7533298674,Bhopal,Male,2023-07-23,Regular
3046,Ramesh Reddy,ramesh.reddy797@hotmail.com,8657133380,Lucknow,Female,2020-09-29,Regular
3047,Saanvi Bhatt,saanvi.bhatt362@outlook.com,7227901613,Bhopal,Male,2019-06-10,VIP
3048,Shreya Reddy,shreya.reddy95@gmail.com,8549472718,Kanpur,Male,2020-03-25,New
3049,Krishna Mehta,krishna.mehta441@hotmail.com,+91-7592396012,Nashik,Male,2024-08-30,Premium
3050,Rahul Rao,rahul.rao421@yahoo.com,7805004636,Chennai,Female,2021-10-02,Premium
3051,Ananya Verma,ananya.verma933@hotmail.com,9442447294,Bhopal,Other,2022-11-05,VIP
3052,Ayaan Bhatt,ayaan.bhatt482@gmail.com,8340467336,Agra,Male,2023-01-17,New
3053,Kritika Mehta,kritika.mehta709@rediffmail.com,7235685529,Agra,Female,2022-01-08,VIP
3054,Pari Joshi,pari.joshi522@outlook.com,9575875516,Patna,Female,2022-08-22,VIP
3055,Aditya Singh,aditya.singh950@gmail.com,9381278164,Surat,Other,2021-02-28,VIP
3056,Sneha Verma,sneha.verma713@rediffmail.com,9668908216,Patna,Female,2019-10-31,Premium
3057,Ishaan Rao,ishaan.rao231@yahoo.com,8719052599,Ludhiana,Female,2020-09-24,Premium
3058,Neha Iyer,neha.iyer46gmail.com,7991617296,Patna,Male,2019-11-17,VIP
3059,Reyansh Gupta,reyansh.gupta918rediffmail.com,8360458702,Hyderabad,Other,2021-01-27,Premium
3060,Divya Bhatt,divya.bhatt633hotmail.com,9541603377,Bhopal,Male,2023-06-01,Premium
3061,Deepak Verma,deepak.verma13@hotmail.com,9180949727,Lucknow,Female,2023-07-27,Premium
3062,Rohan Kumar,rohan.kumar732gmail.com,7461799622,Lucknow,Female,2021-04-17,Regular
3063,Pooja Chopra,pooja.chopra270@outlook.com,7089753765,Indore,Female,2020-05-02,VIP
3064,Divya Malhotra,divya.malhotra797@hotmail.com,7269455325,Nashik,Female,2019-10-07,New
3065,Reyansh Patel,reyansh.patel671@gmail.com,9597334173,Indore,Other,2019-03-30,Premium
3066,Kavya Verma,kavya.verma672@gmail.com,+91-9652209210,Nashik,Male,2019-01-11,New
3067,Sanjay Chopra,sanjay.chopra793@yahoo.com,7256369193,Bhopal,Other,2020-05-29,Regular
3068,Sneha Bansal,sneha.bansal19@yahoo.com,8769954212,Pune,Male,2021-09-10,New
3069,Manish Verma,manish.verma852@yahoo.com,8155704,Indore,Other,2023-11-16,VIP
3070,Sneha Gupta,sneha.gupta150@rediffmail.com,9130614879,Ludhiana,Male,2020-07-16,New
3071,Saanvi Singh,saanvi.singh484hotmail.com,9355157446,Bengaluru,Male,2022-12-29,New
3072,Manish Chopra,manish.chopra33rediffmail.com,908826958,Kanpur,Female,2021-10-13,VIP
3073,Sneha Desai,sneha.desai619@hotmail.com,7415927409,Hyderabad,Other,2023-11-07,New
3074,Shreya Kumar,shreya.kumar940@hotmail.com,9974275705,Surat,Female,2023-05-13,New
3075,Aditya Kapoor,aditya.kapoor358@gmail.com,9279989939,Chennai,Female,2019-04-09,Premium
3076,Sai Sharma,sai.sharma816@gmail.com,8521444971,Delhi,Female,2020-03-01,New
3077,Sanjay Malhotra,sanjay.malhotra649@hotmail.com,8559494335,Vadodara,Other,2021-10-21,Regular
3078,Meera Iyer,meera.iyer514@rediffmail.com,8253463336,Vadodara,Male,2024-11-10,Regular
3079,Priya Bhatt,priya.bhatt853@hotmail.com,9240530472,Bhopal,Female,2023-04-05,VIP
3080,Pari Pillai,pari.pillai599@rediffmail.com,940235651,Jaipur,Female,2023-11-22,Regular
3081,Pooja Malhotra,pooja.malhotra591@rediffmail,8409168363,Surat,Female,2019-06-04,VIP
3082,Diya Desai,diya.desai603@rediffmail.com,7903680307,Vadodara,Male,2019-10-09,Regular
3083,Anjali Kumar,anjali.kumar93@outlook.com,7871314145,Jaipur,Male,2023-06-05,Regular
3084,Ramesh Nair,ramesh.nair351gmail.com,8080984,Chennai,Female,2020-08-09,Premium
3085,Sanjay Rao,sanjay.rao718@yahoo.com,8329645077,Pune,Other,2022-10-24,New
3086,Sunita Sharma,sunita.sharma956@outlook.com,9670623803,Indore,Male,2024-05-21,Premium
3087,Ananya Agarwal,ananya.agarwal81@outlook.com,7688640894,Kolkata,Male,2024-04-06,Premium
3088,Aditya Chopra,aditya.chopra333@gmail.com,7409072002,Kolkata,Male,2023-11-11,VIP
3089,Aadhya Gupta,aadhya.gupta280@rediffmail.com,+91-8212001133,Surat,Other,2020-10-13,VIP
3090,Aarav Pillai,aarav.pillai692@hotmail.com,7238212073,Pune,Other,2024-01-17,New
3091,Sunita Joshi,sunita.joshi589@gmail.com,8019587121,Nashik,Female,2020-05-01,VIP
3092,Kavya Singh,kavya.singh430@hotmail.com,8876388844,Kanpur,Other,2021-06-20,VIP
3093,Shreya Singh,shreya.singh992@rediffmail.com,7672325607,Bengaluru,Other,2019-02-13,New
3094,,rohan.agarwal530outlook.com,7318561175, Vadodara ,Female,2023-06-16,Premium
3095,Manish Agarwal,manish.agarwal74@yahoo.com,9389076054,Lucknow,Male,2022-03-09,VIP
3096,Vivaan Mehta,vivaan.mehta113@yahoo.com,7064728421,Surat,Female,2024-04-23,Premium
3097,Rohan Sharma,rohan.sharma349@hotmail.com,7084385457,Ahmedabad,Male,2024-09-18,New
3098,Neha Sharma,neha.sharma863@gmail.com,7493813348,Nashik,Male,2019-09-05,Regular
3099,Rohan Pillai,rohan.pillai978@hotmail,8967515155,Bengaluru,Female,2020-10-06,VIP
3100,Deepak Singh,deepak.singh122@hotmail.com,9494793897,Pune,Male,2021-05-03,New
3101,Reyansh Sharma,reyansh.sharma977@yahoo.com,7001998218,Vadodara,Female,2022-08-31,Regular
3102,,saanvi.agarwal782@hotmail.com,7022229257, Patna ,Female,2021-03-25,VIP
3103,Krishna Nair,krishna.nair571@rediffmail.com,+91-9679483606,Nagpur,Other,2019-11-17,Regular
3104,Ananya Singh,ananya.singh809@gmail.com,7343514680,Nashik,Male,2021-11-23,Regular
3105,Pari Agarwal,pari.agarwal904@outlook.com,8693604533,Jaipur,Female,2022-10-03,VIP
3106,Meera Gupta,meera.gupta563@gmail.com,8593316478,Ludhiana,Male,2023-02-02,Regular
3107,Krishna Kapoor,krishna.kapoor857@gmail.com,9793431319,Lucknow,Male,2023-02-06,VIP
3108,Riya Gupta,riya.gupta919@yahoo.com,+91-7137497355,Ludhiana,Male,2022-08-03,Premium
3109,Nikhil Kumar,nikhil.kumar809@hotmail.com,9902314605,Delhi,Female,2024-12-03,VIP
3110,Manish Iyer,manish.iyer180@outlook.com,7628930151,Vadodara,Other,2020-06-19,VIP
3111,Sanjay Chopra,sanjay.chopra483@hotmail.com,7036240672,Ahmedabad,Male,2023-06-10,Premium
3112,Arjun Joshi,arjun.joshi883@outlook.com,7522627937,Bengaluru,Other,2024-04-11,New
3113,Amit Pillai,amit.pillai738@rediffmail.com,7302667790,Surat,Other,2021-06-13,VIP
3114,Anjali Pillai,anjali.pillai113@outlook.com,9990501537,Chennai,Female,2022-09-23,Regular
3115,Ayaan Reddy,ayaan.reddy211@rediffmail.com,9370455684,Kolkata,Female,2020-02-11,Regular
3116,Reyansh Mehta,reyansh.mehta953@rediffmail.com,8116999449,Agra,Female,2024-01-19,Premium
3117,Meera Bansal,meera.bansal610@gmail.com,9533243233,Agra,Other,2022-12-24,VIP
3118,Vivaan Pillai,vivaan.pillai375@rediffmail,8786796805,Agra,Other,2024-12-12,Regular
3119,Suresh Gupta,suresh.gupta41@rediffmail.com,8949881457,Nashik,Male,2019-07-07,Regular
3120,Priya Reddy,priya.reddy383@rediffmail.com,8512932994,Patna,Male,2022-01-25,Regular
3121,Deepak Chopra,deepak.chopra491@hotmail.com,9477827356,Lucknow,Female,2024-04-07,New
3122,Isha Agarwal,isha.agarwal880@yahoo.com,8471628796,Hyderabad,Other,2019-12-04,Premium
3123,Sneha Joshi,sneha.joshi553@outlook.com,9870158031,Delhi,Male,2023-03-19,VIP
3124,Myra Patel,myra.patel292@yahoo.com,7955901654,Ahmedabad,Other,2022-01-22,VIP
3125,Sai Agarwal,sai.agarwal254@gmail.com,7107542719,Nagpur,Female,2020-08-13,VIP
3126,Ananya Singh,ananya.singh85@yahoo.com,9260352987,Delhi,Other,2020-12-06,VIP
3127,Aditya Joshi,aditya.joshi515@rediffmail.com,9394077315,Mumbai,Female,2022-02-17,New
3128,Anjali Rao,anjali.rao744@hotmail.com,8280173703,Chennai,Other,2021-04-13,Regular
3129,Kavya Rao,kavya.rao87@gmail.com,8940752211,Patna,Male,2019-07-01,New
3130,Amit Sharma,amit.sharma212@outlook.com,7373554134,Kanpur,Other,2022-11-16,Regular
3131,Pari Verma,pari.verma899@gmail.com,8054234848,Lucknow,Female,2022-04-15,New
3132,Deepak Rao,deepak.rao104@hotmail,8344952273,Nashik,Other,2020-02-05,Regular
3133,Riya Desai,riya.desai535@outlook.com,7514603100,Patna,Male,2021-02-28,Regular
3134,Arjun Kumar,arjun.kumar923@outlook.com,9613439916,Agra,Male,2022-06-29,New
3135,Riya Bhatt,riya.bhatt436@gmail.com,8434588816,Ludhiana,Male,2024-04-28,New
3136,Aditya Mehta,aditya.mehta126@gmail.com,8667699961,Mumbai,Other,2023-03-05,Regular
3137,Krishna Singh,krishna.singh141@gmail.com,8566028425,Kanpur,Male,2019-07-10,VIP
3138,Aarav Mehta,aarav.mehta697@outlook.com,9203902363,Bengaluru,Other,2019-01-05,New
3139,Sanjay Kapoor,sanjay.kapoor508@outlook.com,7888778216,Pune,Other,2019-08-26,Premium
3140,Deepak Iyer,deepak.iyer644@yahoo.com,9809286150,Ahmedabad,Other,2019-02-06,Premium
3141,Vivaan Bansal,vivaan.bansal188@yahoo.com,8858793086,Hyderabad,Female,2023-11-01,Regular
3142,Isha Kumar,isha.kumar214@gmail,8894901559,Vadodara,Female,2019-02-26,New
3143,Ishaan Agarwal,ishaan.agarwal904@outlook.com,7884500783,Nashik,Male,2023-08-16,Premium
3144,Rohan Gupta,rohan.gupta731@yahoo.com,9717445640,Indore,Male,2024-07-02,Regular
3145,Rahul Verma,rahul.verma294@gmail.com,8200169983,Bengaluru,Other,2022-09-15,New
3146,Anika Rao,anika.rao494@outlook.com,8112974619,Jaipur,Male,2020-08-25,Regular
3147,Sai Patel,sai.patel274rediffmail.com,7943020456,Ahmedabad,Other,2021-04-21,VIP
3148,Meera Bansal,meera.bansal426@rediffmail.com,+91-7270454920,Jaipur,Male,2024-02-13,New
3149,Myra Gupta,myra.gupta177hotmail.com,9820973975,Chennai,Female,2024-09-06,Premium
3150,Aditya Bansal,aditya.bansal184@outlook.com,7077743401,Hyderabad,Other,2022-07-08,Regular
3151,Reyansh Joshi,reyansh.joshi857@rediffmail.com,7679116139,Chennai,Male,2020-08-16,Regular
3152,Divya Rao,divya.rao725@hotmail.com,8092692349,Indore,Female,2019-08-18,Premium
3153,Deepak Patel,deepak.patel118@rediffmail.com,8477419004,Nagpur,Other,2023-03-30,VIP
3154,Deepak Chopra,deepak.chopra371@outlook.com,8552143896,Hyderabad,Other,2019-03-08,VIP
3155,Sanjay Patel,sanjay.patel725@outlook.com,7533857083,Nashik,Female,2020-02-07,Regular
3156,,deepak.joshi922@gmail.com,8448849778,Kolk@t@,Female,2022-06-05,VIP
3157,Nikhil Mehta,nikhil.mehta61@outlook.com,8360751356,Bhopal,Female,2021-06-05,Regular
3158,Neha Bhatt,neha.bhatt256@gmail.com,8864628146,Surat,Female,2021-05-09,VIP
3159,Manish Iyer,manish.iyer327@outlook.com,7864788800,Kolkata,Other,2022-02-12,Premium
3160,,nikhil.iyer91@yahoo.com,7137323147,Surat  ,Male,2024-06-02,Regular
3161,Shreya Kumar,shreya.kumar844@gmail.com,7334927074,Ludhiana,Other,2021-11-24,Regular
3162,Vihaan Kapoor,vihaan.kapoor511@yahoo.com,8451220582,Bhopal,Female,2020-07-02,VIP
3163,Pari Kapoor,pari.kapoor148@rediffmail.com,7509789021,Pune,Other,2022-04-25,VIP
3164,Ayaan Agarwal,ayaan.agarwal8@outlook.com,7525483453,Surat,Female,2020-10-06,Premium
3165,Arjun Patel,arjun.patel710@yahoo.com,7507309383,Indore,Male,2020-01-09,Regular
3166,Diya Joshi,diya.joshi718@yahoo.com,9635282,Hyderabad,Male,2019-10-18,New
3167,Reyansh Pillai,reyansh.pillai104@yahoo.com,7502782868,Patna,Female,2021-10-28,VIP
3168,Vivaan Rao,vivaan.rao27rediffmail.com,7842251172,Agra,Male,2019-07-27,VIP
3169,Neha Bansal,neha.bansal723gmail.com,7941726082,Mumbai,Other,2021-04-16,Premium
3170,Ishaan Verma,ishaan.verma504@yahoo.com,7432679410,Nagpur,Other,2022-08-31,Premium
3171,Riya Nair,riya.nair459@gmail.com,9519103637,Nagpur,Other,2021-09-04,New
3172,Arjun Agarwal,arjun.agarwal528@yahoo.com,8033509132,Kolkata,Other,2019-03-20,New
3173,Ananya Mehta,ananya.mehta699@outlook.com,7314834914,Delhi,Other,2021-01-21,Premium
3174,Diya Mehta,diya.mehta901yahoo.com,9567048472,Mumbai,Male,2020-01-31,New
3175,Deepak Pillai,deepak.pillai221@yahoo.com,806211346,Kanpur,Other,2019-06-29,VIP
3176,Rohan Singh,rohan.singh563outlook.com,7582772006,Kolkata,Female,2024-07-12,Regular
3177,Suresh Agarwal,suresh.agarwal98@rediffmail.com,7118635214,Patna,Male,2024-08-17,New
3178,Aadhya Kapoor,aadhya.kapoor975@rediffmail.com,9793593849,Vadodara,Female,2021-01-16,VIP
3179,Pooja Reddy,pooja.reddy737@yahoo.com,8519943237,Ludhiana,Other,2020-01-16,Premium
3180,Riya Singh,riya.singh582hotmail.com,8202055405,Hyderabad,Female,2023-11-02,Regular
3181,Vihaan Joshi,vihaan.joshi809@hotmail.com,8716135655,Kolkata,Other,2023-03-26,Regular
3182,Sai Desai,sai.desai251@gmail.com,7903992765,Ahmedabad,Other,2019-02-03,VIP
3183,Saanvi Rao,saanvi.rao510@outlook.com,8374052415,Vadodara,Male,2022-05-18,Premium
3184,Arjun Bhatt,arjun.bhatt137@outlook.com,9863836198,Hyderabad,Other,2021-05-23,New
3185,Suresh Reddy,suresh.reddy606@hotmail.com,9375226868,Indore,Male,2024-06-11,New
3186,Reyansh Pillai,reyansh.pillai868@hotmail.com,9867205635,Ahmedabad,Male,2019-10-04,VIP
3187,Pari Reddy,pari.reddy323@hotmail.com,9404863884,Pune,Other,2022-02-23,VIP
3187,Pari Reddy,pari.reddy323@hotmail.com,9404863884,Pune,Other,2022-02-23,VIP
3188,,ramesh.bansal364@rediffmail.com,794603509,Chennai  ,Male,2019-12-21,VIP
3189,Neha Iyer,neha.iyer127@yahoo.com,9940469183,Ahmedabad,Male,2020-09-30,VIP
3190,Divya Malhotra,divya.malhotra493@gmail.com,8618779898,Bengaluru,Male,2024-03-30,New
3191,Sunita Nair,sunita.nair58@gmail.com,8597235943,Ahmedabad,Male,2020-06-18,Regular
3192,Arjun Malhotra,arjun.malhotra126@outlook.com,7409428607,Nashik,Female,2023-07-07,Premium
3193,Shreya Rao,shreya.rao642@yahoo.com,9818464757,Agra,Male,2022-12-24,VIP
3194,Karan Bansal,karan.bansal941@yahoo.com,8949315700,Jaipur,Male,2023-03-31,New
3195,Manish Sharma,manish.sharma16@yahoo.com,738160210,Bengaluru,Female,2021-09-21,Regular
3196,Pari Pillai,pari.pillai465@rediffmail.com,8624519698,Pune,Other,2022-01-31,New
3197,Myra Desai,myra.desai289@hotmail.com,9940867176,Ahmedabad,Female,2023-03-18,Regular
3198,Anika Reddy,anika.reddy668@rediffmail.com,8888630874,Pune,Male,2020-10-17,Regular
3199,Karan Agarwal,karan.agarwal108@rediffmail.com,7822474311,Chennai,Female,2023-03-31,New
3200,Karan Kumar,karan.kumar692@outlook.com,7304203825,Pune,Female,2020-07-05,Regular
3201,Sunita Agarwal,sunita.agarwal103@hotmail.com,9338098289,Surat,Other,2019-09-21,Regular
3202,Aarav Verma,aarav.verma50@gmail.com,8540187575,Pune,Male,2021-02-08,VIP
3203,Saanvi Pillai,saanvi.pillai802@yahoo.com,7647618911,Pune,Other,2023-04-16,VIP
3204,Pooja Pillai,pooja.pillai420@rediffmail.com,8447028791,Kanpur,Female,2021-11-27,Premium
3205,Deepak Reddy,deepak.reddy177@gmail.com,8749113694,Surat,Other,2022-03-20,VIP
3206,Aditya Reddy,aditya.reddy580@rediffmail.com,+91-7362864128,Mumbai,Male,2023-08-10,Regular
3207,Ananya Kumar,ananya.kumar126@gmail.com,866198048,Jaipur,Female,2022-10-14,Regular
3208,Anika Desai,anika.desai107@gmail.com,9491784724,Pune,Female,2024-09-06,VIP
3209,Ayaan Kumar,ayaan.kumar12@outlook.com,8134775735,Pune,Male,2021-11-07,New
3210,Myra Sharma,myra.sharma610@yahoo.com,8413014353,Mumbai,Female,2020-08-06,Regular
3211,Sneha Bansal,sneha.bansal305@hotmail.com,7182463523,Pune,Female,2022-03-19,Premium
3212,Deepak Iyer,deepak.iyer683@gmail.com,7988607075,Ahmedabad,Other,2021-12-12,Premium
3213,Anjali Kumar,anjali.kumar417@hotmail.com,8652577326,Bengaluru,Other,2024-04-30,Regular
3214,Pooja Rao,pooja.rao909@yahoo.com,8061240674,Nashik,Other,2021-08-21,Premium
3215,Rohan Agarwal,rohan.agarwal777@outlook.com,8172953289,Bhopal,Female,2020-08-28,New
3216,Priya Sharma,priya.sharma299@hotmail.com,8338602158,Surat,Male,2022-04-21,New
3217,Sai Malhotra,sai.malhotra859@yahoo.com,8680785910,Hyderabad,Male,2022-03-01,New
3218,Aarav Desai,aarav.desai597yahoo.com,9719889313,Pune,Other,2024-09-17,New
3219,Priya Sharma,priya.sharma909@hotmail.com,+91-8674731916,Nashik,Female,2019-04-17,VIP
3220,Rohan Malhotra,rohan.malhotra233@yahoo.com,8042906940,Bengaluru,Male,2023-11-27,VIP
3221,Meera Kapoor,meera.kapoor167@outlook.com,7349107017,Delhi,Other,2024-05-10,New
3222,Rohan Kumar,rohan.kumar640@outlook.com,8924487283,Chennai,Male,2020-01-07,VIP
3223,Anika Iyer,anika.iyer696@gmail.com,9082769897,Jaipur,Female,2024-12-11,Regular
3224,Diya Pillai,diya.pillai459@rediffmail.com,9298167169,Delhi,Male,2024-01-16,Regular
3225,Ramesh Kapoor,ramesh.kapoor665@yahoo.com,9635562504,Surat,Other,2024-07-18,New
3226,Reyansh Iyer,reyansh.iyer835@rediffmail.com,9122934071,Kolkata,Male,2024-10-31,Regular
3227,Aarav Desai,aarav.desai905@outlook.com,8568481327,Lucknow,Male,2023-05-30,Regular
3228,Ramesh Reddy,ramesh.reddy437@yahoo.com,8498061376,Nagpur,Female,2024-08-02,VIP
3229,Kavya Reddy,kavya.reddy244@gmail.com,7272633451,Pune,Female,2022-02-27,Premium
3230,Sneha Chopra,sneha.chopra600@rediffmail.com,75290543,Agra,Other,2019-09-02,New
3231,Priya Reddy,priya.reddy901@hotmail.com,9459296728,Pune,Female,2019-07-10,New
3232,Diya Kumar,diya.kumar702@hotmail.com,9083598066,Lucknow,Female,2020-04-26,Regular
3233,Aadhya Agarwal,aadhya.agarwal28@yahoo.com,8571133000,Lucknow,Female,2020-04-15,VIP
3234,Aarav Chopra,aarav.chopra786@outlook.com,8530306023,Nagpur,Other,2019-05-09,New
3235,Anika Mehta,anika.mehta578@gmail.com,8872530613,Kolkata,Other,2023-01-29,VIP
3236,Deepak Nair,deepak.nair752@hotmail.com,7650140376,Chennai,Other,2024-08-07,VIP
3237,Ramesh Pillai,ramesh.pillai900@rediffmail.com,8629625998,Delhi,Other,2020-06-26,VIP
3238,Priya Sharma,priya.sharma451@gmail.com,7901635983,Agra,Female,2024-09-28,VIP
3239,Ramesh Mehta,ramesh.mehta405@rediffmail.com,912435736,Bengaluru,Other,2020-05-29,VIP
3240,Karan Pillai,karan.pillai843@rediffmail.com,7153853428,Surat,Female,2023-11-10,Regular
3241,Krishna Kumar,krishna.kumar154@yahoo.com,8775786003,Kolkata,Other,2020-03-12,New
3242,Amit Malhotra,amit.malhotra556@outlook.com,9888963868,Nashik,Other,2022-10-04,Premium
3243,Deepak Malhotra,deepak.malhotra545@outlook.com,7353372559,Kolkata,Male,2021-06-27,Premium
3244,Vihaan Sharma,vihaan.sharma222@yahoo.com,8829301876,Bhopal,Male,2023-01-22,New
3245,Sunita Bhatt,sunita.bhatt771@rediffmail.com,9746764958,Surat,Female,2020-06-13,Premium
3246,Ayaan Mehta,ayaan.mehta735@gmail.com,8172183724,Surat,Male,2023-05-02,Premium
3247,Ramesh Pillai,ramesh.pillai723@outlook.com,7542024113,Indore,Other,2022-11-07,VIP
3248,Anika Kumar,anika.kumar861@gmail.com,9762639713,Agra,Female,2019-08-25,Premium
3249,Pooja Desai,pooja.desai630@hotmail.com,7486591269,Delhi,Other,2023-09-13,VIP
3250,Ananya Verma,ananya.verma300@gmail.com,8488528102,Delhi,Other,2024-11-16,VIP
3251,Arjun Kapoor,arjun.kapoor611@outlook.com,8275768525,Nashik,Female,2022-04-22,New
3252,Vihaan Kumar,vihaan.kumar933@outlook.com,9585817345,Surat,Male,2023-05-12,VIP
3253,Rahul Verma,rahul.verma38@rediffmail.com,8040348214,Vadodara,Female,2019-10-01,Regular
3254,Karan Rao,karan.rao7@yahoo,84283787,Agra,Other,2020-07-02,VIP
3255,Ananya Bhatt,ananya.bhatt750@yahoo.com,7275569695,Indore,Female,2021-05-10,Regular
3256,Sunita Singh,sunita.singh294@gmail.com,7070639447,Vadodara,Male,2021-02-08,VIP
3257,Priya Patel,priya.patel471@rediffmail.com,9089894674,Lucknow,Female,2024-11-23,VIP
3258,Saanvi Pillai,saanvi.pillai506@rediffmail.com,8603823660,Agra,Male,2020-05-19,New
3259,Anika Sharma,anika.sharma659@hotmail.com,9156874910,Mumbai,Female,2023-03-01,Regular
3260,Isha Gupta,isha.gupta849@gmail.com,8292393857,Agra,Other,2021-12-12,Premium
3261,Suresh Kapoor,suresh.kapoor259@gmail.com,7390415647,Agra,Female,2022-08-05,Premium
3262,Divya Singh,divya.singh921@outlook.com,9992306874,Chennai,Other,2024-03-06,Premium
3263,Saanvi Bhatt,saanvi.bhatt54@hotmail.com,8764187939,Ahmedabad,Female,2024-06-12,New
3264,Myra Nair,myra.nair265rediffmail.com,8788751756,Bengaluru,Female,2020-01-18,New
3265,Vihaan Mehta,vihaan.mehta16@gmail.com,7785327489,Nashik,Other,2023-11-04,VIP
3266,Aadhya Sharma,aadhya.sharma680@yahoo.com,7143524156,Nashik,Male,2021-08-12,Regular
3267,Arjun Nair,arjun.nair310gmail.com,8111725695,Nagpur,Other,2021-03-27,Regular
3268,Kavya Reddy,kavya.reddy79@rediffmail.com,7714011407,Hyderabad,Other,2021-09-09,Regular
3269,Sanjay Chopra,sanjay.chopra498@hotmail.com,7191472444,Chennai,Male,2021-05-02,Regular
3270,Isha Singh,isha.singh791gmail.com,8631354524,Kanpur,Male,2021-10-01,Premium
3271,Pooja Singh,pooja.singh398@hotmail.com,7927284160,Patna,Female,2020-03-03,VIP
3272,Ramesh Patel,ramesh.patel455@hotmail.com,8493023806,Bengaluru,Male,2022-08-21,New
3272,Ramesh Patel,ramesh.patel455@hotmail.com,8493023806,Bengaluru,Male,2022-08-21,New
3273,,divya.mehta916@yahoo.com,9395473886,ludhiana,Male,2021-09-13,VIP
3274,Diya Verma,diya.verma802@hotmail.com,8363730234,Patna,Other,2019-05-24,VIP
3275,Nikhil Bhatt,nikhil.bhatt449@gmail.com,7270565416,Nashik,Other,2023-12-24,Premium
3276,Pari Rao,pari.rao322@yahoo,+91-7450765250,Kanpur,Male,2024-06-03,Regular
3276,Pari Rao,pari.rao322@yahoo,+91-7450765250,Kanpur,Male,2024-06-03,Regular
3277,,myra.joshi563@rediffmail.com,8868070, Bengaluru ,Male,2023-10-19,VIP
3278,Ramesh Mehta,ramesh.mehta365@outlook.com,8710123253,Ahmedabad,Male,2021-08-19,Premium
3279,Sunita Mehta,sunita.mehta574@yahoo.com,9949791867,Ahmedabad,Male,2023-05-24,New
3280,Manish Bhatt,manish.bhatt206@gmail.com,+91-9265955984,Nagpur,Male,2019-02-05,Premium
3281,Pooja Pillai,pooja.pillai655@hotmail.com,9343645620,Kolkata,Male,2020-01-16,VIP
3282,Priya Kapoor,priya.kapoor878@outlook.com,8462954084,Jaipur,Male,2020-10-05,Regular
3283,Divya Pillai,divya.pillai366@yahoo.com,9139187568,Patna,Female,2022-11-16,Premium
3284,Priya Kapoor,priya.kapoor933@hotmail.com,8914886030,Vadodara,Other,2020-06-14,New
3285,Sunita Gupta,sunita.gupta547@outlook.com,8553112839,Surat,Male,2023-01-09,Regular
3286,Divya Malhotra,divya.malhotra636@rediffmail.com,71036772,Patna,Other,2019-11-07,VIP
3287,Sneha Bhatt,sneha.bhatt321hotmail.com,8168262152,Jaipur,Other,2019-03-22,VIP
3288,Nikhil Pillai,nikhil.pillai326@hotmail.com,9651292998,Bengaluru,Male,2021-10-27,VIP
3289,Priya Bansal,priya.bansal316@gmail.com,8843329789,Ahmedabad,Female,2022-07-28,VIP
3290,Anika Bansal,anika.bansal335@yahoo.com,8976227809,Surat,Male,2024-01-03,Regular
3291,Vihaan Desai,vihaan.desai217@rediffmail.com,8716498568,Ludhiana,Male,2022-06-30,VIP
3292,Ayaan Desai,ayaan.desai822@outlook.com,7765308197,Kolkata,Female,2019-08-05,Regular
3293,Sneha Rao,sneha.rao198@hotmail.com,7324726154,Ahmedabad,Male,2021-11-11,Regular
3294,Saanvi Pillai,saanvi.pillai170@outlook.com,7682935856,Surat,Female,2020-09-29,Regular
3295,Karan Kapoor,karan.kapoor433@gmail.com,8961348722,Chennai,Male,2021-05-24,Regular
3296,Pooja Iyer,pooja.iyer674@hotmail.com,8904451987,Agra,Male,2023-11-30,VIP
3297,Diya Bhatt,diya.bhatt149@hotmail.com,8952294765,Jaipur,Other,2020-08-10,VIP
3298,Pooja Rao,pooja.rao81@rediffmail.com,8185825258,Surat,Male,2024-05-26,Regular
3299,Arjun Pillai,arjun.pillai193@yahoo.com,+91-7898227309,Bengaluru,Male,2019-02-26,Premium
3300,Aarav Nair,aarav.nair888@rediffmail.com,9314119699,Bhopal,Other,2022-04-03,New
3301,Reyansh Rao,reyansh.rao635@hotmail.com,7902136116,Ahmedabad,Male,2021-10-11,New
3302,Ishaan Sharma,ishaan.sharma189@rediffmail.com,8230989219,Jaipur,Other,2022-10-12,Premium
3303,Myra Gupta,myra.gupta26@hotmail.com,+91-8390347733,Kanpur,Female,2021-02-08,Premium
3304,Neha Verma,neha.verma20@rediffmail.com,8227071943,Chennai,Female,2024-05-21,New
3305,Ishaan Bhatt,ishaan.bhatt459@outlook.com,8585222731,Nashik,Male,2023-12-20,VIP
3306,Riya Malhotra,riya.malhotra421@hotmail.com,9358525517,Ludhiana,Male,2021-08-31,VIP
3307,Divya Gupta,divya.gupta812@yahoo.com,8883914789,Kanpur,Female,2021-01-27,Premium
3308,Riya Gupta,riya.gupta525@rediffmail.com,9371528873,Surat,Other,2023-09-13,VIP
3309,Ramesh Rao,ramesh.rao310@rediffmail.com,9190111753,Delhi,Male,2020-02-24,New
3310,Suresh Desai,suresh.desai53@hotmail.com,7131356560,Lucknow,Other,2019-04-04,Premium
3311,Anika Gupta,anika.gupta880@rediffmail.com,9846666620,Mumbai,Male,2019-02-02,Regular
3312,Isha Bhatt,isha.bhatt729@gmail.com,9496119377,Bhopal,Male,2019-10-27,Premium
3313,Isha Verma,isha.verma239@gmail.com,7599453125,Ludhiana,Female,2022-09-11,Regular
3314,Karan Agarwal,karan.agarwal358@yahoo.com,8928479341,Bengaluru,Female,2024-09-12,New
3315,Vihaan Nair,vihaan.nair214@yahoo.com,8557275895,Nagpur,Other,2019-11-27,New
3316,Karan Patel,karan.patel704@hotmail.com,7432683673,Chennai,Female,2021-07-22,New
3317,Diya Kumar,diya.kumar55@gmail.com,9767672106,Mumbai,Other,2022-09-03,Regular
3318,Aarav Joshi,aarav.joshi838@yahoo.com,8774237293,Pune,Female,2024-06-23,VIP
3319,Vihaan Rao,vihaan.rao773@outlook,8250226511,Ahmedabad,Male,2020-07-03,VIP
3320,Ananya Singh,ananya.singh187@outlook.com,8207130441,Nagpur,Other,2024-12-11,Premium
3321,Krishna Joshi,krishna.joshi332@outlook.com,9900451361,Pune,Other,2024-02-23,Regular
3322,Anika Kapoor,anika.kapoor347@gmail.com,7588778292,Lucknow,Female,2021-10-28,New
3323,Aditya Joshi,aditya.joshi777@gmail.com,7139465833,Agra,Male,2023-03-18,VIP
3324,Krishna Bhatt,krishna.bhatt628@outlook.com,9899022096,Agra,Female,2023-02-12,New
3325,Karan Chopra,karan.chopra189@hotmail.com,9900045746,Mumbai,Male,2020-08-24,VIP
3326,Vivaan Chopra,vivaan.chopra131@hotmail.com,7367357062,Mumbai,Other,2023-03-04,New
3327,Suresh Kapoor,suresh.kapoor339@gmail.com,8722775777,Vadodara,Female,2020-02-14,Premium
3328,Diya Nair,diya.nair575@yahoo.com,9139574455,Kanpur,Other,2024-06-26,Regular
3329,Anjali Joshi,anjali.joshi369@outlook.com,8403088737,Patna,Male,2023-05-03,VIP
3330,Anjali Desai,anjali.desai199@outlook.com,8569847189,Kolkata,Male,2021-12-30,Regular
3331,Aarav Bansal,aarav.bansal539outlook.com,9474881889,Indore,Female,2019-08-08,Premium
3332,Krishna Rao,krishna.rao504@hotmail.com,7811475060,Kanpur,Male,2024-07-07,Regular
3333,Neha Pillai,neha.pillai123@rediffmail.com,7377934178,Ahmedabad,Female,2020-09-11,Regular
3334,Myra Patel,myra.patel378@hotmail.com,7009430662,Patna,Other,2022-09-14,VIP
3335,Neha Kumar,neha.kumar834@rediffmail.com,9909697693,Hyderabad,Male,2021-05-07,Regular
3336,Aadhya Agarwal,aadhya.agarwal246@rediffmail.com,7240900501,Ludhiana,Male,2023-08-11,Premium
3337,Rahul Iyer,rahul.iyer410@outlook.com,7826137661,Mumbai,Other,2022-03-27,Regular
3338,Sunita Verma,sunita.verma874@rediffmail,8459105432,Patna,Other,2019-08-13,Premium
3339,Saanvi Bhatt,saanvi.bhatt12@gmail.com,7641706174,Vadodara,Other,2023-08-31,VIP
3340,Sunita Desai,sunita.desai658@hotmail.com,8772003709,Lucknow,Male,2019-10-11,New
3340,Sunita Desai,sunita.desai658@hotmail.com,8772003709,Lucknow,Male,2019-10-11,New
3341,,anjali.chopra210@rediffmail.com,8016158280, Mumbai ,Other,2021-04-04,Regular
3342,Kritika Chopra,kritika.chopra249@yahoo.com,8240755980,Lucknow,Female,2019-02-26,VIP
3343,Anjali Kapoor,anjali.kapoor843@yahoo.com,9420134823,Agra,Female,2021-09-29,Regular
3344,Kritika Kumar,kritika.kumar762@hotmail.com,8954141548,Ahmedabad,Other,2021-10-13,New
3345,Sanjay Desai,sanjay.desai821outlook.com,9682295683,Bhopal,Female,2024-05-04,Premium
3346,Sneha Rao,sneha.rao368@hotmail.com,9230453704,Nagpur,Other,2023-03-23,Regular
3347,Meera Reddy,meera.reddy289@rediffmail.com,7012477150,Ahmedabad,Other,2021-01-06,VIP
3348,Ramesh Bansal,ramesh.bansal556@outlook.com,8996710320,Delhi,Female,2024-07-31,VIP
3349,Diya Patel,diya.patel912@hotmail.com,8101909904,Kolkata,Other,2020-07-03,Premium
3350,Kritika Bansal,kritika.bansal751@gmail.com,7779680418,Chennai,Female,2022-08-03,New
3351,Arjun Joshi,arjun.joshi588@outlook.com,8373971208,Nagpur,Male,2019-10-18,New
3352,Aditya Iyer,aditya.iyer46@yahoo.com,8708073052,Pune,Male,2022-07-10,VIP
3353,Ayaan Gupta,ayaan.gupta87@rediffmail.com,9892482441,Patna,Female,2023-09-17,Premium
3354,Meera Desai,meera.desai156@yahoo.com,8357261714,Ludhiana,Other,2024-04-16,Regular
3354,Meera Desai,meera.desai156@yahoo.com,8357261714,Ludhiana,Other,2024-04-16,Regular
3355,,rohan.malhotra771@yahoo.com,981864061,ahmedabad,Male,2019-04-26,Premium
3356,Arjun Gupta,arjun.gupta205outlook.com,7838613255,Vadodara,Other,2024-11-09,New
3357,Suresh Pillai,suresh.pillai13@outlook.com,7036416696,Ludhiana,Male,2020-07-20,New
3358,Divya Reddy,divya.reddy961@hotmail.com,9834178453,Nashik,Female,2019-10-15,New
3359,Aditya Pillai,aditya.pillai730@yahoo.com,+91-9682080446,Hyderabad,Female,2021-06-30,Premium
3360,Sai Pillai,sai.pillai194@gmail.com,9368861474,Kolkata,Female,2021-11-25,VIP
3361,Kritika Reddy,kritika.reddy352@yahoo.com,73161793,Hyderabad,Other,2023-09-06,New
3362,Ishaan Kumar,ishaan.kumar761@hotmail.com,8828402519,Ludhiana,Male,2020-03-23,Regular
3363,Karan Bhatt,karan.bhatt712@gmail.com,9627234919,Nashik,Male,2019-12-11,New
3364,Pari Desai,pari.desai394@gmail.com,9040348988,Vadodara,Female,2019-01-26,New
3365,Sai Mehta,sai.mehta833@gmail,8033644857,Vadodara,Male,2020-09-06,VIP
3366,Nikhil Bansal,nikhil.bansal799@hotmail.com,9612587926,Nagpur,Other,2019-08-31,Premium
3367,Reyansh Pillai,reyansh.pillai688@rediffmail.com,78529346,Kolkata,Female,2020-11-16,Regular
3368,Sunita Patel,sunita.patel310@gmail.com,7209955809,Hyderabad,Other,2022-09-27,Regular
3369,Diya Rao,diya.rao780@yahoo.com,9655913804,Chennai,Male,2021-12-27,Premium
3369,Diya Rao,diya.rao780@yahoo.com,9655913804,Chennai,Male,2021-12-27,Premium
3370,,krishna.singh359@gmail.com,8358944636,J@ipur,Other,2023-11-27,Regular
3371,Ananya Pillai,ananya.pillai221@gmail.com,9940992211,Kanpur,Other,2019-07-02,Regular
3372,Pooja Malhotra,pooja.malhotra529@outlook.com,9610247759,Jaipur,Other,2023-06-24,New
3373,Aarav Agarwal,aarav.agarwal544outlook.com,+91-8643185022,Chennai,Male,2019-02-17,New
3374,Vivaan Nair,vivaan.nair215@rediffmail.com,8451050673,Surat,Male,2021-10-31,New
3375,Ananya Bansal,ananya.bansal334@gmail.com,8427500142,Kolkata,Female,2024-09-27,Regular
3376,Diya Reddy,diya.reddy26@hotmail.com,7533418452,Patna,Other,2021-07-17,VIP
3377,Sunita Kapoor,sunita.kapoor681yahoo.com,8902063210,Lucknow,Male,2019-11-08,Premium
3378,Arjun Joshi,arjun.joshi129@rediffmail.com,8329144558,Pune,Male,2024-06-17,New
3379,Neha Mehta,neha.mehta513@outlook.com,7281815727,Bengaluru,Female,2019-05-25,New
3380,Aadhya Verma,aadhya.verma111@yahoo.com,7507417,Jaipur,Other,2022-08-21,VIP
3381,Nikhil Chopra,nikhil.chopra440@yahoo.com,9085530708,Mumbai,Male,2019-01-28,New
3382,Sanjay Verma,sanjay.verma325@outlook.com,8704514196,Ahmedabad,Male,2021-03-05,Regular
3383,Rahul Kumar,rahul.kumar992@yahoo.com,8888013553,Ludhiana,Other,2019-08-03,Premium
3384,Shreya Reddy,shreya.reddy572@yahoo.com,7345517494,Lucknow,Female,2019-02-26,Premium
3385,Krishna Patel,krishna.patel629@rediffmail.com,796145676,Ahmedabad,Other,2024-03-31,Premium
3386,Reyansh Chopra,reyansh.chopra303@gmail.com,9195320052,Jaipur,Female,2021-07-26,Premium
3387,Aditya Joshi,aditya.joshi718@rediffmail.com,7784089,Kolkata,Other,2022-08-29,Premium
3388,Deepak Malhotra,deepak.malhotra421@rediffmail.com,9684104423,Delhi,Female,2020-09-11,VIP
3389,Kavya Joshi,kavya.joshi370@outlook.com,8392872326,Jaipur,Other,2023-04-27,Regular
3390,Riya Malhotra,riya.malhotra235@hotmail,8825927925,Ludhiana,Male,2023-01-24,VIP
3391,Diya Bhatt,diya.bhatt791@hotmail.com,9216437171,Bengaluru,Female,2021-01-17,Premium
3392,Saanvi Verma,saanvi.verma840@yahoo.com,7803469316,Bengaluru,Male,2021-12-19,Premium
3393,Meera Patel,meera.patel97@yahoo.com,7431861566,Pune,Male,2023-08-19,Premium
3394,Nikhil Iyer,nikhil.iyer327@hotmail.com,7465087564,Kanpur,Male,2020-06-27,VIP
3395,Deepak Pillai,deepak.pillai189@outlook,8200300856,Patna,Male,2020-11-03,VIP
3396,Pari Iyer,pari.iyer164@rediffmail.com,8893504982,Lucknow,Male,2024-10-22,Regular
3397,Ishaan Chopra,ishaan.chopra675@gmail.com,9540441627,Ludhiana,Female,2020-04-03,Regular
3398,Ayaan Sharma,ayaan.sharma513@yahoo.com,8457582717,Lucknow,Male,2021-10-01,New
3399,Reyansh Desai,reyansh.desai22@hotmail.com,9740993975,Nagpur,Male,2022-01-25,Premium
3400,Saanvi Iyer,saanvi.iyer663@rediffmail.com,9488699554,Nashik,Female,2024-06-21,Premium
3401,Ishaan Pillai,ishaan.pillai870@hotmail.com,7290531472,Patna,Male,2024-06-16,Premium
3402,Vivaan Kumar,vivaan.kumar532outlook.com,9457803554,Bhopal,Male,2023-11-04,VIP
3403,Amit Iyer,amit.iyer746@yahoo.com,9032145524,Mumbai,Other,2020-08-20,Premium
3404,Rahul Verma,rahul.verma220@outlook.com,9522848616,Nashik,Male,2024-07-09,New
3405,Pari Chopra,pari.chopra824@hotmail.com,9141349567,Ludhiana,Other,2022-12-10,New
3406,Suresh Nair,suresh.nair243@outlook.com,+91-8265545565,Chennai,Other,2021-08-05,VIP
3407,Diya Bansal,diya.bansal894@hotmail.com,9814228306,Delhi,Male,2023-05-22,VIP
3408,Rahul Iyer,rahul.iyer401@hotmail.com,8088124080,Mumbai,Other,2023-03-02,VIP
3409,Pari Chopra,pari.chopra391@hotmail.com,8728437412,Bengaluru,Female,2023-03-31,New
3410,Myra Patel,myra.patel723@gmail.com,8427614516,Delhi,Female,2021-10-29,New
3411,Neha Joshi,neha.joshi483@hotmail.com,8051976498,Nashik,Other,2022-02-06,Premium
3412,Sai Patel,sai.patel788@rediffmail.com,8405994586,Nagpur,Male,2024-12-20,Regular
3413,Anjali Desai,anjali.desai673@outlook.com,9447034615,Pune,Female,2020-12-26,Regular
3414,Rahul Malhotra,rahul.malhotra281@yahoo.com,7446292751,Lucknow,Female,2019-02-20,Regular
3415,Pari Joshi,pari.joshi323@gmail.com,9189541631,Mumbai,Male,2019-08-08,New
3416,Ramesh Bhatt,ramesh.bhatt107@yahoo.com,8130197885,Nashik,Female,2024-01-14,New
3417,Aarav Gupta,aarav.gupta503@gmail.com,8462504438,Surat,Other,2022-11-08,VIP
3418,Saanvi Joshi,saanvi.joshi590@yahoo.com,9440319995,Lucknow,Other,2023-12-13,Premium
3419,Divya Agarwal,divya.agarwal401@outlook.com,7185051047,Pune,Male,2019-02-16,New
3420,Riya Reddy,riya.reddy529@yahoo.com,7225871824,Nagpur,Male,2022-06-03,Premium
3421,Isha Rao,isha.rao997@outlook.com,8206432559,Nashik,Male,2022-04-05,Regular
3422,Ishaan Kumar,ishaan.kumar147@gmail.com,8269818075,Bhopal,Other,2019-02-17,VIP
3423,Pari Chopra,pari.chopra7@outlook.com,8599524100,Agra,Female,2023-06-06,VIP
3424,Karan Desai,karan.desai807@hotmail.com,7030248459,Bengaluru,Male,2024-11-21,New
3425,Reyansh Reddy,reyansh.reddy83@hotmail.com,8920717880,Surat,Female,2019-06-25,New
3426,Myra Sharma,myra.sharma821@rediffmail.com,9286417236,Bengaluru,Other,2024-11-03,Regular
3427,Rohan Chopra,rohan.chopra17@outlook,7209276180,Bengaluru,Male,2022-10-06,Regular
3428,Saanvi Desai,saanvi.desai515@hotmail.com,7840005660,Vadodara,Male,2020-03-27,New
3429,Anjali Malhotra,anjali.malhotra192@outlook.com,9099892782,Indore,Other,2021-07-12,VIP
3430,Aarav Bansal,aarav.bansal104@yahoo.com,8555892160,Delhi,Other,2019-10-02,New
3431,Myra Rao,myra.rao550@outlook.com,8244142105,Bengaluru,Male,2020-12-19,New
3432,Kavya Kapoor,kavya.kapoor391@outlook.com,8499452657,Mumbai,Female,2019-11-25,New
3433,Vivaan Bansal,vivaan.bansal300@yahoo,8813984399,Pune,Other,2022-10-17,New
3434,Shreya Gupta,shreya.gupta948@rediffmail.com,7759536768,Agra,Female,2020-10-31,VIP
3435,Reyansh Mehta,reyansh.mehta731@yahoo.com,9024175008,Delhi,Female,2020-10-21,Regular
3436,Reyansh Verma,reyansh.verma821@rediffmail.com,8557856537,Vadodara,Male,2019-03-17,New
3437,Rohan Verma,rohan.verma154@hotmail.com,8298022679,Kanpur,Other,2023-03-10,New
3438,Deepak Gupta,deepak.gupta769outlook.com,8293750868,Bhopal,Male,2020-02-22,Premium
3439,Ishaan Mehta,ishaan.mehta491@outlook.com,8502943731,Patna,Female,2023-01-20,Premium
3440,Reyansh Chopra,reyansh.chopra117@rediffmail,8214033882,Nashik,Female,2019-11-01,Premium
3441,Anjali Patel,anjali.patel845@hotmail.com,8424189463,Ahmedabad,Other,2021-10-20,New
3442,Rohan Desai,rohan.desai766@hotmail.com,8658449084,Agra,Male,2023-10-29,VIP
3443,Suresh Rao,suresh.rao920@outlook.com,9178264606,Mumbai,Other,2024-01-20,New
3444,Sai Verma,sai.verma852@rediffmail.com,9854530359,Delhi,Male,2020-05-09,New
3445,Divya Mehta,divya.mehta877@gmail.com,8316983820,Kolkata,Other,2020-01-19,VIP
3446,Rahul Sharma,rahul.sharma248@rediffmail.com,7330985420,Ahmedabad,Female,2024-06-21,VIP
3447,Vivaan Desai,vivaan.desai57@gmail.com,9847509644,Indore,Other,2021-05-08,Regular
3447,Vivaan Desai,vivaan.desai57@gmail.com,9847509644,Indore,Other,2021-05-08,Regular
3448,,ishaan.desai71@hotmail.com,9690147322,HYDERABAD,Male,2021-11-11,Regular
3449,Krishna Mehta,krishna.mehta854@yahoo.com,936979506,Chennai,Female,2019-01-07,VIP
3450,Vivaan Iyer,vivaan.iyer596@hotmail.com,9359122549,Agra,Other,2019-01-07,VIP
3451,Vivaan Verma,vivaan.verma648@hotmail,9917261838,Chennai,Female,2023-09-11,New
3452,Krishna Singh,krishna.singh462outlook.com,7594698560,Kolkata,Female,2024-06-04,New
3453,Diya Reddy,diya.reddy103gmail.com,9089073528,Agra,Male,2019-07-18,Premium
3454,Neha Bansal,neha.bansal609@hotmail.com,7946056719,Surat,Other,2022-06-07,Premium
3455,Divya Patel,divya.patel133@hotmail.com,9101629624,Lucknow,Male,2023-11-06,VIP
3456,Suresh Bansal,suresh.bansal158@yahoo.com,7392163473,Kanpur,Female,2020-02-03,Premium
3457,Kavya Mehta,kavya.mehta797@outlook.com,+91-7451739475,Chennai,Other,2021-11-25,Regular
3458,Sanjay Verma,sanjay.verma699@gmail.com,8321531735,Nashik,Male,2019-05-19,New
3459,Amit Joshi,amit.joshi882@outlook.com,8287357891,Kolkata,Male,2023-07-27,Premium
3460,Sanjay Rao,sanjay.rao248@hotmail.com,8109764626,Vadodara,Female,2021-06-07,Regular
3461,Neha Pillai,neha.pillai497@hotmail.com,+91-8950801517,Kanpur,Other,2022-08-06,Regular
3462,Amit Bhatt,amit.bhatt31@gmail.com,9941433940,Ludhiana,Male,2020-07-09,Premium
3463,Ishaan Chopra,ishaan.chopra725@outlook,8751045557,Ludhiana,Female,2024-05-31,New
3464,Diya Kapoor,diya.kapoor486@yahoo.com,9933830910,Surat,Other,2024-05-02,New
3465,Vivaan Reddy,vivaan.reddy734@gmail.com,7126869453,Jaipur,Male,2021-01-01,Premium
3466,Kavya Rao,kavya.rao242@gmail.com,7365106600,Vadodara,Male,2020-11-05,VIP
3467,Aditya Patel,aditya.patel992@hotmail.com,7419317954,Agra,Male,2021-12-31,Regular
3468,Aarav Nair,aarav.nair587@hotmail.com,8942970770,Hyderabad,Male,2023-05-15,Regular
3469,Aarav Agarwal,aarav.agarwal31@rediffmail,+91-8351618281,Nashik,Other,2020-11-07,Premium
3470,Anjali Malhotra,anjali.malhotra440@hotmail.com,9913674890,Vadodara,Female,2023-03-14,Premium
3471,Anjali Reddy,anjali.reddy434@gmail.com,7135689526,Kanpur,Female,2019-06-19,Regular
3472,Sunita Nair,sunita.nair518hotmail.com,8760595792,Nagpur,Female,2021-04-24,Premium
3473,Rahul Joshi,rahul.joshi603@yahoo.com,9181038163,Ludhiana,Female,2019-06-16,VIP
3474,Divya Nair,divya.nair498@yahoo.com,8664353702,Surat,Other,2020-01-03,New
3475,Suresh Malhotra,suresh.malhotra39@gmail.com,9853805264,Kanpur,Other,2023-04-02,Regular
3476,Pari Sharma,pari.sharma492@rediffmail.com,7563954538,Kolkata,Female,2021-04-19,Regular
3477,Reyansh Reddy,reyansh.reddy361@gmail,7667917461,Mumbai,Other,2021-12-31,Premium
3478,Kritika Verma,kritika.verma394@yahoo.com,9133542792,Bengaluru,Male,2021-08-31,Regular
3479,Aarav Agarwal,aarav.agarwal619@hotmail.com,+91-9052413695,Bengaluru,Male,2023-12-16,Premium
3480,Shreya Reddy,shreya.reddy850@rediffmail.com,8551541,Ludhiana,Male,2020-01-15,Regular
3481,Sneha Kumar,sneha.kumar794@hotmail.com,7216344058,Ludhiana,Female,2020-09-02,Premium
3482,Aditya Sharma,aditya.sharma42@hotmail.com,8939127964,Indore,Other,2024-03-02,Regular
3483,Nikhil Agarwal,nikhil.agarwal966hotmail.com,7431530531,Ludhiana,Female,2020-05-09,New
3484,Reyansh Kapoor,reyansh.kapoor753@hotmail.com,8390406396,Surat,Female,2021-12-29,Premium
3485,Saanvi Bhatt,saanvi.bhatt18@rediffmail.com,7312622507,Hyderabad,Female,2022-06-14,VIP
3486,Meera Agarwal,meera.agarwal26@yahoo.com,7772228454,Bhopal,Male,2019-05-17,New
3487,Rahul Pillai,rahul.pillai893@hotmail.com,8969098963,Bhopal,Male,2022-12-17,Premium
3488,Vihaan Mehta,vihaan.mehta815@outlook.com,98416092,Hyderabad,Female,2023-11-14,New
3489,Reyansh Rao,reyansh.rao170@gmail.com,7836975605,Lucknow,Other,2022-10-20,Premium
3490,Shreya Kapoor,shreya.kapoor101@rediffmail.com,7281640508,Chennai,Other,2019-03-05,VIP
3491,Ananya Bansal,ananya.bansal598@outlook.com,8596065260,Nashik,Other,2023-12-21,Premium
3492,Shreya Joshi,shreya.joshi952@yahoo.com,7330221371,Lucknow,Female,2022-05-16,Regular
3493,Ananya Bansal,ananya.bansal477@gmail.com,8883042319,Surat,Male,2019-11-14,Regular
3494,Riya Rao,riya.rao673@hotmail.com,8944642436,Hyderabad,Female,2024-02-09,VIP
3495,Deepak Reddy,deepak.reddy86@gmail.com,8534780960,Surat,Female,2023-10-02,Regular
3496,Karan Joshi,karan.joshi889@yahoo.com,8821884134,Ahmedabad,Male,2019-03-30,VIP
3497,Kavya Mehta,kavya.mehta577@gmail.com,8150749460,Bengaluru,Female,2019-06-30,New
3498,Vivaan Joshi,vivaan.joshi234@yahoo.com,8131323223,Surat,Male,2021-11-17,Regular
3499,Anika Kapoor,anika.kapoor400@outlook.com,9430631141,Surat,Female,2023-07-28,New
3500,Aditya Gupta,aditya.gupta574@yahoo.com,7475327190,Delhi,Other,2020-09-06,Regular
3501,Reyansh Desai,reyansh.desai573@hotmail.com,7511576315,Jaipur,Female,2022-02-01,Regular
3502,Ayaan Kumar,ayaan.kumar92@gmail.com,8186224377,Bhopal,Female,2022-11-13,New
3503,Diya Bhatt,diya.bhatt44@gmail.com,8113080948,Surat,Female,2022-09-29,VIP
3504,Rohan Bansal,rohan.bansal887@hotmail.com,7739979494,Nagpur,Male,2020-10-23,Regular
3505,Riya Singh,riya.singh758@hotmail.com,8800142916,Jaipur,Male,2023-06-01,Premium
3506,Saanvi Kumar,saanvi.kumar473@rediffmail.com,9036116482,Nashik,Male,2019-10-31,Premium
3507,Kritika Agarwal,kritika.agarwal831@hotmail.com,9732288898,Chennai,Female,2023-03-20,VIP
3508,Vihaan Mehta,vihaan.mehta439@yahoo.com,8501113632,Bengaluru,Other,2020-07-02,New
3509,Divya Joshi,divya.joshi10@outlook.com,9009994833,Agra,Male,2023-07-26,VIP
3510,Ramesh Agarwal,ramesh.agarwal978gmail.com,7232155487,Indore,Male,2020-01-25,New
3511,Diya Verma,diya.verma545@gmail.com,9423202176,Agra,Male,2024-04-15,Premium
3512,Kritika Singh,kritika.singh722@yahoo.com,818006049,Bhopal,Other,2020-04-03,Regular
3513,Riya Gupta,riya.gupta318@rediffmail.com,8636304819,Chennai,Other,2022-06-06,Premium
3514,Kritika Kapoor,kritika.kapoor555@rediffmail.com,9844169234,Agra,Female,2021-03-02,New
3515,Kavya Bansal,kavya.bansal847@hotmail.com,7676351994,Bhopal,Other,2020-04-07,New
3516,Karan Patel,karan.patel998@yahoo.com,7712025036,Kanpur,Male,2023-02-15,New
3517,Sunita Kumar,sunita.kumar582@rediffmail.com,7717700109,Patna,Other,2023-03-29,Premium
3518,Isha Kapoor,isha.kapoor649@outlook.com,9961164572,Hyderabad,Other,2024-01-14,Regular
3519,Amit Kapoor,amit.kapoor396@hotmail.com,9493684862,Ludhiana,Female,2022-01-07,VIP
3520,Meera Joshi,meera.joshi23@yahoo.com,7231656808,Patna,Female,2024-06-16,Premium
3521,Aarav Verma,aarav.verma545@rediffmail.com,7350379239,Kolkata,Female,2021-05-15,Premium
3522,Arjun Sharma,arjun.sharma744@yahoo.com,8566525607,Indore,Male,2022-09-27,VIP
3523,Nikhil Malhotra,nikhil.malhotra999@rediffmail.com,9516353705,Jaipur,Female,2024-07-08,Premium
3524,Amit Nair,amit.nair886@outlook.com,7378827048,Agra,Male,2021-03-06,Regular
3525,Ayaan Chopra,ayaan.chopra223@hotmail.com,9552877917,Indore,Other,2019-08-04,Premium
3526,Vivaan Kumar,vivaan.kumar254@outlook.com,9210252603,Pune,Other,2022-08-29,New
3527,Ramesh Desai,ramesh.desai585@gmail.com,8011490257,Nashik,Male,2024-06-07,Regular
3528,Rahul Patel,rahul.patel306@yahoo.com,7015132572,Vadodara,Other,2024-09-14,Premium
3529,Aditya Gupta,aditya.gupta949gmail.com,7191225027,Nagpur,Male,2020-04-01,Regular
3530,Krishna Mehta,krishna.mehta329@gmail.com,8183332539,Ahmedabad,Female,2019-08-05,VIP
3531,Suresh Bansal,suresh.bansal658@gmail.com,7325491153,Nashik,Female,2023-11-26,Regular
3532,Meera Mehta,meera.mehta170@hotmail,8328429668,Delhi,Other,2022-04-06,Premium
3533,Ishaan Joshi,ishaan.joshi683@yahoo.com,7286957880,Patna,Other,2021-03-25,New
3534,Ananya Singh,ananya.singh977@rediffmail.com,8747847332,Surat,Other,2024-04-23,Premium
3535,Reyansh Desai,reyansh.desai402@yahoo.com,9058612251,Mumbai,Other,2023-09-07,Premium
3536,Kritika Bhatt,kritika.bhatt95@yahoo.com,9687079463,Mumbai,Female,2020-05-19,Regular
3537,Rohan Chopra,rohan.chopra280@gmail.com,9477050889,Surat,Male,2021-02-25,New
3538,Vivaan Rao,vivaan.rao310@rediffmail.com,8272080096,Nashik,Male,2020-06-05,Regular
3539,Aditya Singh,aditya.singh411@gmail.com,7756952638,Kanpur,Female,2021-01-26,VIP
3540,Sanjay Patel,sanjay.patel967@gmail.com,7805221024,Ahmedabad,Other,2021-08-03,VIP
3541,Shreya Chopra,shreya.chopra518@gmail.com,7103172299,Nashik,Male,2022-01-24,New
3542,Manish Kumar,manish.kumar88@rediffmail.com,9409068302,Nashik,Other,2021-10-01,New
3543,Pari Sharma,pari.sharma988@gmail.com,9459691227,Indore,Female,2021-08-19,Premium
3544,Manish Verma,manish.verma926@yahoo.com,9878718283,Nagpur,Male,2020-06-21,VIP
3545,Amit Reddy,amit.reddy102@rediffmail.com,7571058612,Nashik,Female,2024-09-27,Premium
3546,Nikhil Desai,nikhil.desai67@yahoo.com,7201685176,Mumbai,Other,2020-12-04,New
3547,Sanjay Kumar,sanjay.kumar15@rediffmail.com,9906155608,Nashik,Male,2020-06-25,Regular
3548,Manish Kapoor,manish.kapoor999@gmail.com,7708485440,Patna,Other,2023-12-06,VIP
3549,Vivaan Singh,vivaan.singh243@yahoo.com,9946703885,Surat,Female,2021-08-27,Premium
3550,Rohan Agarwal,rohan.agarwal919@rediffmail.com,9663928985,Ludhiana,Other,2020-09-03,Regular
3551,,aadhya.singh837@hotmail,8855620493,Surat  ,Male,2024-03-28,VIP
3552,Ananya Kapoor,ananya.kapoor193@yahoo.com,8233539588,Indore,Other,2022-11-28,VIP
3553,Ishaan Patel,ishaan.patel891@gmail.com,8118640551,Nashik,Male,2022-01-19,VIP
3554,Manish Pillai,manish.pillai326@rediffmail.com,8376608737,Delhi,Female,2020-07-19,Regular
3555,Aadhya Rao,aadhya.rao741@outlook.com,8748049367,Kanpur,Female,2023-03-06,Premium
3556,Krishna Gupta,krishna.gupta471@hotmail.com,7803902268,Mumbai,Female,2019-09-01,Premium
3557,Ayaan Bhatt,ayaan.bhatt83@hotmail.com,8905346537,Surat,Other,2023-06-25,Premium
3558,Priya Pillai,priya.pillai241@outlook.com,9845670990,Nashik,Female,2022-06-04,VIP
3559,Anjali Bansal,anjali.bansal617@gmail.com,9135265308,Kolkata,Female,2021-06-08,Regular
3560,Amit Bhatt,amit.bhatt250@yahoo.com,9504675090,Delhi,Female,2021-01-24,Premium
3561,Manish Joshi,manish.joshi476@outlook.com,7318412000,Nagpur,Male,2024-05-10,Regular
3562,Aditya Sharma,aditya.sharma626@rediffmail.com,7580606427,Patna,Male,2019-06-27,New
3563,Priya Gupta,priya.gupta449@gmail.com,9881320029,Pune,Male,2019-03-17,New
3564,Kavya Bansal,kavya.bansal828@outlook.com,7471426969,Kanpur,Male,2024-04-30,VIP
3565,Amit Desai,amit.desai672hotmail.com,7950350277,Surat,Female,2020-10-22,Regular
3566,Myra Rao,myra.rao705@gmail.com,7522278302,Kolkata,Male,2019-02-26,VIP
3567,Aditya Malhotra,aditya.malhotra167@outlook.com,8757763892,Lucknow,Female,2021-09-04,Premium
3568,Karan Bansal,karan.bansal857@yahoo.com,7855173555,Kolkata,Female,2021-08-14,VIP
3569,Sai Chopra,sai.chopra36@outlook.com,9247309561,Bhopal,Male,2021-12-09,Regular
3570,Rahul Mehta,rahul.mehta739@rediffmail.com,9693823244,Agra,Male,2023-07-15,VIP
3571,Isha Rao,isha.rao782@gmail.com,8184441221,Chennai,Male,2022-07-21,Regular
3572,Neha Singh,neha.singh595@hotmail.com,7535300714,Lucknow,Female,2021-03-01,Premium
3573,Anjali Gupta,anjali.gupta331@hotmail,7522236351,Hyderabad,Female,2020-07-10,Regular
3574,Saanvi Agarwal,saanvi.agarwal930@hotmail.com,8823258782,Agra,Other,2024-03-07,VIP
3575,Rohan Joshi,rohan.joshi776@yahoo.com,9726355173,Kolkata,Female,2021-01-26,Regular
3576,Suresh Nair,suresh.nair820@outlook.com,+91-8921537337,Hyderabad,Female,2023-05-13,Regular
3577,Sunita Malhotra,sunita.malhotra690@yahoo.com,8352615503,Jaipur,Male,2020-08-07,New
3578,Deepak Patel,deepak.patel686@rediffmail.com,8368724508,Mumbai,Other,2019-07-23,VIP
3579,Ishaan Reddy,ishaan.reddy203@rediffmail.com,7271960003,Chennai,Male,2024-08-22,Premium
3580,Ishaan Joshi,ishaan.joshi772@yahoo.com,9156270748,Jaipur,Female,2020-03-16,VIP
3581,Myra Patel,myra.patel502@yahoo.com,7331672140,Kanpur,Other,2020-10-27,Regular
3582,Ananya Gupta,ananya.gupta509@gmail.com,9405253887,Kanpur,Other,2019-02-11,Regular
3583,Sai Pillai,sai.pillai316@rediffmail.com,7931206154,Indore,Female,2022-08-09,New
3584,Pari Patel,pari.patel420@yahoo.com,8542828624,Mumbai,Male,2021-06-12,Premium
3585,Ananya Mehta,ananya.mehta609@rediffmail.com,8791910157,Chennai,Male,2020-08-07,Premium
3586,Kavya Chopra,kavya.chopra294@yahoo.com,9983852203,Kanpur,Male,2020-11-18,Regular
3587,Amit Sharma,amit.sharma367@yahoo.com,+91-9452821376,Kanpur,Other,2020-08-09,Premium
3588,Arjun Agarwal,arjun.agarwal159@gmail.com,8854272578,Ludhiana,Other,2023-11-27,VIP
3589,Krishna Reddy,krishna.reddy456@rediffmail.com,7441027281,Mumbai,Male,2019-11-15,Regular
3590,Karan Gupta,karan.gupta772@yahoo.com,7429710738,Bhopal,Male,2022-01-24,New
3591,Rohan Nair,rohan.nair804@gmail.com,8145566191,Chennai,Male,2024-08-10,Regular
3592,Neha Bhatt,neha.bhatt139@outlook.com,+91-9158536100,Nagpur,Male,2021-06-13,Regular
3593,,kavya.patel531@rediffmail.com,9713721885,Mumb@i,Female,2020-03-05,VIP
3594,Krishna Bansal,krishna.bansal320@outlook,8607749397,Lucknow,Female,2022-10-18,Premium
3595,Arjun Bansal,arjun.bansal740@outlook.com,8170369153,Ludhiana,Other,2022-04-05,New
3596,Sneha Kumar,sneha.kumar765@yahoo.com,7556118711,Kolkata,Female,2020-11-02,VIP
3597,Ishaan Reddy,ishaan.reddy757rediffmail.com,9767109711,Pune,Female,2019-02-15,New
3598,Amit Mehta,amit.mehta463@hotmail.com,7711405788,Surat,Female,2019-01-31,Premium
3599,Krishna Verma,krishna.verma643@yahoo.com,9066346008,Lucknow,Other,2024-02-05,VIP
3600,Pooja Malhotra,pooja.malhotra179@rediffmail.com,8873846194,Surat,Other,2019-04-09,New
3601,Saanvi Iyer,saanvi.iyer827@yahoo.com,9934649818,Delhi,Other,2022-01-11,Regular
3602,Aditya Rao,aditya.rao892@hotmail,8289565638,Lucknow,Male,2021-11-21,Premium
3603,Sanjay Reddy,sanjay.reddy90@rediffmail.com,+91-7386050523,Jaipur,Female,2020-11-25,New
3604,Pari Patel,pari.patel233@gmail.com,8515552752,Kolkata,Male,2020-05-22,Premium
3605,Aditya Iyer,aditya.iyer724@hotmail.com,8264818154,Indore,Male,2021-02-14,VIP
3606,Sneha Iyer,sneha.iyer115@rediffmail.com,+91-7490457313,Chennai,Female,2021-04-04,VIP
3607,Vivaan Mehta,vivaan.mehta317@rediffmail.com,9075422564,Jaipur,Other,2019-10-25,New
3608,Divya Gupta,divya.gupta971@outlook,9906918197,Chennai,Female,2023-12-31,Premium
3609,Neha Joshi,neha.joshi67@gmail.com,7032361731,Chennai,Other,2022-05-13,Premium
3610,Vivaan Iyer,vivaan.iyer939@rediffmail,8259676686,Jaipur,Male,2021-03-04,VIP
3611,Kritika Bansal,kritika.bansal255@yahoo.com,9954297334,Indore,Female,2022-08-16,Regular
3612,Sanjay Kapoor,sanjay.kapoor332@hotmail.com,8786364437,Indore,Other,2024-12-10,VIP
3613,Ramesh Chopra,ramesh.chopra668@rediffmail.com,8014219986,Nashik,Male,2024-09-13,New
3614,Priya Verma,priya.verma499@outlook.com,8943626103,Delhi,Female,2021-09-16,New
3615,Priya Verma,priya.verma427@rediffmail.com,8072726227,Pune,Male,2024-10-19,VIP
3616,Suresh Rao,suresh.rao506@yahoo,7869112823,Vadodara,Other,2021-03-23,VIP
3617,Sneha Agarwal,sneha.agarwal112@yahoo.com,8930477471,Nashik,Male,2022-12-22,VIP
3618,Vihaan Malhotra,vihaan.malhotra701@outlook.com,8238398119,Vadodara,Male,2019-06-19,New
3619,Pari Singh,pari.singh854@hotmail.com,8728970,Indore,Male,2021-07-31,VIP
3620,Vihaan Pillai,vihaan.pillai356@yahoo.com,7628748496,Mumbai,Other,2024-04-10,New
3621,Kavya Pillai,kavya.pillai704@hotmail.com,975631329,Ludhiana,Other,2023-05-04,New
3622,Manish Pillai,manish.pillai145@outlook.com,8186960006,Surat,Female,2023-06-21,Premium
3623,Divya Malhotra,divya.malhotra804@yahoo.com,9786910,Agra,Other,2022-03-30,New
3624,Divya Agarwal,divya.agarwal137@rediffmail.com,8332567774,Bhopal,Female,2019-08-30,VIP
3625,Pooja Kapoor,pooja.kapoor577@yahoo.com,9996091784,Chennai,Other,2022-07-12,VIP
3626,Pari Desai,pari.desai226@outlook.com,8715831257,Jaipur,Other,2023-08-25,Premium
3627,Sunita Kapoor,sunita.kapoor524@yahoo.com,8224975398,Indore,Other,2020-05-01,New
3628,Manish Joshi,manish.joshi773@hotmail.com,9568686399,Bengaluru,Male,2019-11-12,VIP
3629,Shreya Gupta,shreya.gupta811@outlook.com,8611762700,Kolkata,Male,2024-07-09,New
3630,Aadhya Mehta,aadhya.mehta750@hotmail.com,8656459292,Jaipur,Female,2023-12-11,New
3631,Riya Patel,riya.patel643@hotmail.com,7843620467,Agra,Other,2022-10-19,VIP
3632,Arjun Gupta,arjun.gupta55@hotmail.com,8459767137,Pune,Male,2019-05-24,New
3633,Krishna Desai,krishna.desai511@rediffmail.com,9777020227,Chennai,Female,2019-07-27,Regular
3634,Anjali Gupta,anjali.gupta169@yahoo.com,8194511488,Bengaluru,Female,2020-11-20,VIP
3635,Isha Sharma,isha.sharma633@outlook.com,7889979205,Nashik,Male,2019-08-08,Regular
3636,Myra Patel,myra.patel305@hotmail.com,8815292239,Kolkata,Other,2022-11-27,New
3637,,aadhya.rao908hotmail.com,8782319646,Mumbai  ,Other,2020-03-24,New
3638,Karan Bhatt,karan.bhatt911@hotmail.com,8298604784,Vadodara,Male,2023-08-16,Regular
3639,Ayaan Agarwal,ayaan.agarwal307@rediffmail.com,7160068382,Chennai,Male,2024-05-28,New
3640,Ramesh Agarwal,ramesh.agarwal326@yahoo.com,8357468624,Nashik,Male,2019-03-05,New
3641,Aadhya Malhotra,aadhya.malhotra698@outlook.com,8533299572,Bengaluru,Other,2023-03-31,Premium
3642,Reyansh Sharma,reyansh.sharma261@hotmail.com,803964615,Kanpur,Male,2024-02-19,Regular
3643,Neha Verma,neha.verma949@gmail.com,7935395338,Bhopal,Male,2024-07-28,Regular
3644,Sneha Bhatt,sneha.bhatt653@outlook.com,8696531596,Hyderabad,Male,2021-05-17,Regular
3645,Shreya Singh,shreya.singh59yahoo.com,9276069271,Mumbai,Male,2021-05-11,Regular
3646,Ayaan Iyer,ayaan.iyer404@hotmail.com,8006792306,Vadodara,Female,2020-10-28,Premium
3647,Nikhil Kapoor,nikhil.kapoor666@gmail.com,+91-9086070088,Bhopal,Male,2022-07-29,VIP
3648,Manish Chopra,manish.chopra340@yahoo.com,8849493244,Agra,Male,2022-01-30,Premium
3649,Sanjay Reddy,sanjay.reddy501@rediffmail.com,8974343702,Bengaluru,Male,2024-05-07,Premium
3650,Manish Bhatt,manish.bhatt821@rediffmail.com,7685119298,Kanpur,Other,2024-03-03,New
3651,Sai Nair,sai.nair661@yahoo.com,7874774869,Bhopal,Female,2019-07-06,New
3652,Sanjay Patel,sanjay.patel313@gmail.com,7021221223,Chennai,Male,2020-03-12,VIP
3653,Meera Joshi,meera.joshi384@yahoo.com,9302274239,Nagpur,Other,2021-07-14,New
3654,Diya Sharma,diya.sharma343@outlook.com,9332611516,Lucknow,Female,2024-01-31,VIP
3655,Vivaan Agarwal,vivaan.agarwal921@hotmail.com,9134526401,Hyderabad,Male,2023-01-22,New
3656,Aadhya Sharma,aadhya.sharma957@hotmail.com,7731323227,Bhopal,Male,2023-01-14,Premium
3657,Karan Pillai,karan.pillai275@rediffmail.com,7283884432,Bhopal,Male,2020-01-03,Regular
3658,Suresh Gupta,suresh.gupta858@hotmail.com,8223821506,Kolkata,Other,2024-02-18,Regular
3659,Ayaan Desai,ayaan.desai409hotmail.com,8599244648,Bengaluru,Male,2023-06-30,Premium
3660,Anika Joshi,anika.joshi675@outlook.com,7234173441,Surat,Female,2019-08-14,VIP
3661,Aadhya Rao,aadhya.rao944@outlook,9785905381,Vadodara,Male,2020-01-26,VIP
3662,Priya Pillai,priya.pillai88@yahoo.com,7759000014,Bhopal,Male,2022-11-08,Premium
3663,Karan Gupta,karan.gupta483@hotmail.com,9092231300,Hyderabad,Other,2019-03-16,VIP
3664,Vihaan Desai,vihaan.desai141@gmail.com,7575987096,Bengaluru,Other,2023-10-13,VIP
3665,Aditya Rao,aditya.rao762@outlook.com,8324088783,Kolkata,Male,2019-11-18,Regular
3666,Vivaan Desai,vivaan.desai833@hotmail.com,9186916056,Kolkata,Male,2024-04-14,Regular
3667,Suresh Joshi,suresh.joshi701@gmail.com,9293016775,Bhopal,Male,2020-12-05,Premium
3668,Divya Malhotra,divya.malhotra152@rediffmail.com,8576964615,Hyderabad,Male,2024-08-26,VIP
3669,Isha Kumar,isha.kumar622@yahoo.com,7517583915,Kolkata,Other,2023-03-25,Premium
3670,Deepak Chopra,deepak.chopra809@outlook.com,9363371256,Ludhiana,Male,2022-09-01,New
3671,Rahul Kapoor,rahul.kapoor622@gmail.com,7165069,Bhopal,Male,2021-12-04,Premium
3672,Sneha Desai,sneha.desai960@gmail.com,8349747,Hyderabad,Male,2019-03-14,Regular
3673,Vivaan Reddy,vivaan.reddy57@gmail.com,8913713818,Hyderabad,Female,2020-09-30,New
3674,Aarav Joshi,aarav.joshi300@gmail.com,796887419,Indore,Female,2019-09-09,Regular
3675,Nikhil Gupta,nikhil.gupta7@gmail.com,9800215415,Surat,Other,2019-08-17,VIP
3676,Diya Verma,diya.verma643@rediffmail.com,7136621941,Ahmedabad,Male,2024-06-18,New
3677,Pari Sharma,pari.sharma612@hotmail.com,8401839725,Lucknow,Female,2022-07-09,New
3678,Aadhya Reddy,aadhya.reddy742@yahoo.com,7586671321,Bhopal,Female,2023-03-21,Premium
3679,Saanvi Verma,saanvi.verma129@rediffmail.com,8149915509,Nashik,Male,2021-01-12,VIP
3680,Kavya Pillai,kavya.pillai154@rediffmail.com,7246059477,Nagpur,Female,2023-12-07,Premium
3681,Suresh Sharma,suresh.sharma770@rediffmail.com,9116111266,Mumbai,Male,2020-08-08,Regular
3682,Pari Kapoor,pari.kapoor90@outlook.com,8723212665,Patna,Other,2023-06-06,Regular
3683,Pari Rao,pari.rao122@hotmail.com,9338286320,Hyderabad,Female,2021-05-06,Premium
3684,Ishaan Gupta,ishaan.gupta989@hotmail.com,7702875447,Indore,Other,2023-01-13,New
3685,Ramesh Gupta,ramesh.gupta527@hotmail.com,9684884123,Vadodara,Male,2019-06-03,Premium
3686,Krishna Gupta,krishna.gupta632@yahoo.com,9345070851,Mumbai,Female,2019-11-05,Premium
3687,Divya Patel,divya.patel159@gmail.com,7788825322,Agra,Male,2021-04-28,New
3688,Ishaan Rao,ishaan.rao808@gmail.com,75864616,Ahmedabad,Male,2024-08-23,New
3689,Sanjay Rao,sanjay.rao723@gmail.com,9551996296,Delhi,Female,2022-06-15,Regular
3690,Nikhil Rao,nikhil.rao447@rediffmail.com,7295188740,Pune,Female,2021-03-10,New
3691,Aditya Reddy,aditya.reddy925@yahoo.com,8401690391,Pune,Female,2021-01-13,New
3692,Ayaan Reddy,ayaan.reddy407@rediffmail.com,7835317505,Vadodara,Female,2019-01-05,Regular
3693,Ramesh Malhotra,ramesh.malhotra633yahoo.com,8930735891,Kolkata,Female,2020-09-21,Regular
3694,Rahul Bansal,rahul.bansal58@hotmail.com,9564591618,Jaipur,Female,2022-05-29,Regular
3695,Saanvi Chopra,saanvi.chopra115@rediffmail,8091313272,Jaipur,Female,2021-11-08,VIP
3696,Aditya Malhotra,aditya.malhotra750@yahoo.com,9983875921,Nagpur,Female,2021-11-26,VIP
3697,Shreya Malhotra,shreya.malhotra510@outlook.com,7419484272,Chennai,Female,2022-05-23,Premium
3697,Shreya Malhotra,shreya.malhotra510@outlook.com,7419484272,Chennai,Female,2022-05-23,Premium
3698,,vihaan.chopra748@gmail.com,9563133389,Mumb@i,Male,2022-09-06,Regular
3699,Kritika Singh,kritika.singh448@yahoo.com,7831619848,Nagpur,Female,2022-10-16,Regular
3700,Isha Sharma,isha.sharma367@outlook.com,8598059977,Ludhiana,Female,2024-05-09,New
3701,Ayaan Gupta,ayaan.gupta444@yahoo.com,9837301497,Indore,Female,2022-12-13,Regular
3702,Vihaan Kumar,vihaan.kumar447yahoo.com,7833698748,Kanpur,Other,2020-11-22,Premium
3703,Anika Bhatt,anika.bhatt141@yahoo.com,7309194993,Indore,Other,2020-12-08,Regular
3704,Reyansh Gupta,reyansh.gupta111@outlook.com,9971532969,Mumbai,Other,2023-03-23,Premium
3704,Reyansh Gupta,reyansh.gupta111@outlook.com,9971532969,Mumbai,Other,2023-03-23,Premium
3705,,karan.mehta196@yahoo.com,8905206688,pune,Female,2023-06-07,New
3706,Aditya Kapoor,aditya.kapoor215@outlook.com,85968120,Agra,Male,2023-02-07,Regular
3707,Riya Bhatt,riya.bhatt793@outlook.com,7508432408,Chennai,Female,2021-12-07,Regular
3708,Karan Desai,karan.desai498@hotmail.com,8422580804,Indore,Female,2022-09-08,Regular
3709,Sai Agarwal,sai.agarwal755@yahoo.com,8522425,Vadodara,Female,2022-02-15,VIP
3710,Sai Reddy,sai.reddy834@yahoo.com,9147070618,Nashik,Male,2019-07-06,VIP
3711,Pari Chopra,pari.chopra497@outlook.com,9394673266,Bengaluru,Other,2020-09-04,Premium
3712,Sunita Reddy,sunita.reddy972@hotmail.com,8765679673,Kanpur,Female,2024-11-01,VIP
3713,Riya Pillai,riya.pillai512@outlook.com,8998680966,Bengaluru,Female,2021-05-02,Regular
3714,Aditya Reddy,aditya.reddy576@outlook.com,8594315464,Jaipur,Female,2023-08-14,Regular
3715,Krishna Kumar,krishna.kumar741@outlook.com,9390838317,Nagpur,Female,2024-10-25,VIP
3716,Ishaan Bhatt,ishaan.bhatt833@hotmail.com,9298865889,Ludhiana,Female,2023-07-12,Regular
3717,Rohan Bhatt,rohan.bhatt289@yahoo.com,8303579727,Jaipur,Female,2020-08-19,New
3718,Ishaan Kumar,ishaan.kumar266hotmail.com,7964134526,Bhopal,Male,2021-07-07,Premium
3719,Amit Nair,amit.nair389@rediffmail.com,9134319796,Pune,Other,2022-04-12,Regular
3720,Vivaan Malhotra,vivaan.malhotra375@outlook.com,8698004531,Ahmedabad,Other,2024-08-27,Regular
3721,Anika Verma,anika.verma509@gmail.com,9705025043,Lucknow,Male,2023-05-10,Regular
3722,Amit Mehta,amit.mehta70outlook.com,7097487260,Chennai,Other,2020-01-23,Premium
3723,Priya Iyer,priya.iyer726@yahoo.com,9478522109,Chennai,Female,2022-02-09,VIP
3724,Riya Kumar,riya.kumar426@outlook.com,9593068646,Hyderabad,Male,2023-08-13,Premium
3725,Saanvi Iyer,saanvi.iyer689@rediffmail.com,9394093474,Mumbai,Other,2024-01-12,New
3726,Divya Singh,divya.singh552@yahoo.com,9257735542,Ahmedabad,Other,2019-09-21,Premium
3727,Ishaan Bhatt,ishaan.bhatt789@rediffmail.com,8261808434,Chennai,Male,2019-02-06,VIP
3728,Pooja Bhatt,pooja.bhatt628@gmail.com,7153449663,Lucknow,Male,2020-09-05,New
3729,Krishna Kapoor,krishna.kapoor782@outlook.com,7273801229,Hyderabad,Female,2024-10-17,VIP
3730,Vivaan Verma,vivaan.verma482@gmail.com,8410914561,Mumbai,Male,2019-05-25,New
3731,Kavya Patel,kavya.patel673@outlook.com,7941354685,Agra,Male,2020-05-10,New
3732,Divya Verma,divya.verma851@hotmail.com,7098216059,Kolkata,Male,2024-10-28,Premium
3733,Anika Joshi,anika.joshi697@gmail.com,9506151333,Nagpur,Female,2022-04-18,New
3734,Kavya Sharma,kavya.sharma678@gmail.com,7949595361,Delhi,Male,2023-08-18,Premium
3735,Amit Desai,amit.desai297@outlook.com,7088062514,Patna,Other,2021-06-14,Regular
3736,Priya Kapoor,priya.kapoor603@yahoo.com,8921572534,Bhopal,Male,2020-10-07,VIP
3737,Kritika Iyer,kritika.iyer661@gmail.com,7662907038,Bengaluru,Male,2023-12-06,New
3738,Reyansh Agarwal,reyansh.agarwal721@yahoo.com,7770626685,Pune,Female,2021-02-22,VIP
3739,Ishaan Agarwal,ishaan.agarwal283@gmail.com,7456539096,Delhi,Male,2024-12-31,Premium
3740,Arjun Gupta,arjun.gupta296@rediffmail.com,9484413939,Surat,Other,2024-05-06,New
3741,Rohan Rao,rohan.rao214@yahoo.com,9839123903,Vadodara,Female,2020-02-27,VIP
3742,Nikhil Bhatt,nikhil.bhatt632@rediffmail.com,7201590223,Lucknow,Female,2024-11-27,Premium
3743,Sanjay Patel,sanjay.patel721@gmail.com,7518670474,Kolkata,Other,2020-06-25,Premium
3744,Nikhil Malhotra,nikhil.malhotra724@hotmail.com,7444017744,Lucknow,Other,2022-01-31,New
3745,Saanvi Bhatt,saanvi.bhatt55@rediffmail.com,8140600719,Jaipur,Female,2024-03-12,New
3746,Aditya Mehta,aditya.mehta80@outlook.com,9149410636,Jaipur,Female,2023-12-15,VIP
3747,Ramesh Nair,ramesh.nair622@outlook,72948702,Indore,Other,2023-02-12,Premium
3748,Sneha Kapoor,sneha.kapoor324@gmail.com,8532781825,Bhopal,Female,2022-01-17,Premium
3749,Suresh Patel,suresh.patel705@rediffmail.com,9502928174,Nagpur,Male,2022-11-07,New
3750,Aarav Pillai,aarav.pillai666@rediffmail.com,8948270553,Agra,Male,2020-01-04,VIP
3751,,nikhil.desai207@gmail.com,9686095464, Jaipur ,Female,2019-07-22,New
3752,Suresh Sharma,suresh.sharma455@yahoo.com,9252937885,Bengaluru,Other,2021-02-07,VIP
3753,Ramesh Kumar,ramesh.kumar497@outlook.com,8742107739,Jaipur,Female,2022-07-16,VIP
3754,Diya Pillai,diya.pillai608@gmail.com,9623511482,Bhopal,Female,2021-12-28,Regular
3755,Diya Agarwal,diya.agarwal21@outlook.com,8570385054,Surat,Male,2022-02-06,Premium
3756,Sanjay Mehta,sanjay.mehta251@yahoo.com,+91-7008970030,Chennai,Female,2021-03-02,Regular
3757,Meera Iyer,meera.iyer897@outlook.com,8681013830,Hyderabad,Other,2024-03-14,VIP
3758,Vivaan Desai,vivaan.desai138@gmail.com,9401377432,Ludhiana,Male,2023-03-26,New
3759,Sai Mehta,sai.mehta749@outlook.com,+91-8864353526,Mumbai,Male,2022-04-16,VIP
3760,Karan Bansal,karan.bansal937@rediffmail.com,8268829207,Chennai,Other,2022-02-18,Regular
3761,Ananya Bansal,ananya.bansal989@outlook.com,9916008929,Kanpur,Female,2022-10-23,Regular
3762,Anjali Verma,anjali.verma780@gmail.com,73711431,Mumbai,Male,2024-05-10,New
3763,Diya Gupta,diya.gupta242@yahoo.com,8164859280,Bhopal,Male,2020-03-01,Regular
3764,Anjali Kumar,anjali.kumar980@hotmail.com,9125442610,Chennai,Other,2019-08-11,New
3765,Anjali Pillai,anjali.pillai975@rediffmail.com,7842578911,Bengaluru,Female,2021-10-13,Premium
3766,Sunita Malhotra,sunita.malhotra564@hotmail.com,9508724078,Jaipur,Female,2023-07-04,Regular
3767,Sai Bhatt,sai.bhatt172@yahoo.com,9848441,Ahmedabad,Male,2020-06-17,VIP
3768,Ishaan Rao,ishaan.rao666@yahoo.com,7555854995,Patna,Female,2022-01-20,Regular
3769,Krishna Gupta,krishna.gupta232@hotmail.com,9737979183,Delhi,Other,2019-05-10,New
3770,Karan Bhatt,karan.bhatt538@rediffmail.com,8899166342,Kolkata,Male,2022-05-23,Regular
3771,Ananya Mehta,ananya.mehta387@gmail.com,7187527137,Indore,Other,2021-01-04,VIP
3772,Myra Patel,myra.patel783@rediffmail.com,8455775575,Bhopal,Other,2020-10-09,Premium
3773,Priya Chopra,priya.chopra132@gmail.com,9968285056,Kolkata,Other,2021-05-06,New
3774,Krishna Singh,krishna.singh91@rediffmail.com,9734059057,Delhi,Other,2022-06-20,VIP
3775,Isha Bansal,isha.bansal271@gmail.com,8860876878,Bhopal,Male,2019-05-17,New
3776,Karan Kumar,karan.kumar408@yahoo.com,8156867960,Pune,Female,2023-06-24,Premium
3777,Nikhil Joshi,nikhil.joshi258@yahoo.com,8991790350,Ahmedabad,Female,2024-04-24,New
3778,Sai Pillai,sai.pillai579@rediffmail.com,8140789078,Agra,Other,2020-06-06,New
3779,Divya Sharma,divya.sharma88@rediffmail.com,8612783319,Chennai,Female,2024-12-09,New
3780,Vivaan Joshi,vivaan.joshi286@hotmail.com,9593174973,Ludhiana,Female,2023-10-22,VIP
3781,Priya Desai,priya.desai968@gmail.com,8041524909,Vadodara,Female,2019-02-06,New
3782,Vihaan Singh,vihaan.singh16@hotmail.com,7809091344,Surat,Other,2023-08-28,Premium
3783,Saanvi Kumar,saanvi.kumar876@yahoo.com,8744143915,Mumbai,Male,2024-05-24,Premium
3784,Rahul Joshi,rahul.joshi831@rediffmail.com,7719451630,Kolkata,Male,2022-05-05,VIP
3785,Anjali Kumar,anjali.kumar480@gmail.com,9599176,Surat,Other,2020-02-29,Regular
3786,Amit Rao,amit.rao484@outlook.com,7504410077,Surat,Other,2022-06-22,New
3787,Arjun Joshi,arjun.joshi987@outlook.com,9786447244,Nashik,Male,2019-07-07,VIP
3788,Sunita Iyer,sunita.iyer631@outlook.com,838875255,Vadodara,Female,2021-09-10,Premium
3789,Krishna Verma,krishna.verma838@outlook.com,9812027589,Hyderabad,Other,2024-12-12,New
3790,Anjali Bansal,anjali.bansal452@hotmail.com,947596887,Ludhiana,Male,2019-03-06,New
3791,Ananya Iyer,ananya.iyer831@rediffmail.com,9467375692,Ludhiana,Female,2023-03-18,New
3792,Anjali Pillai,anjali.pillai642@outlook.com,9100870121,Agra,Male,2019-05-28,Regular
3793,Neha Nair,neha.nair385@hotmail.com,+91-9541695664,Surat,Other,2021-03-17,New
3794,Aditya Reddy,aditya.reddy339@rediffmail.com,8865950267,Mumbai,Male,2019-05-12,New
3795,Ishaan Gupta,ishaan.gupta754@hotmail.com,9563915807,Chennai,Female,2022-10-11,VIP
3796,Manish Malhotra,manish.malhotra274@yahoo.com,+91-8116628791,Pune,Other,2021-12-25,Premium
3797,Ayaan Sharma,ayaan.sharma992@yahoo.com,7327662525,Nashik,Male,2023-05-14,VIP
3798,Kavya Mehta,kavya.mehta701@outlook.com,7998356650,Pune,Other,2022-09-05,New
3798,Kavya Mehta,kavya.mehta701@outlook.com,7998356650,Pune,Other,2022-09-05,New
3799,,karan.kapoor320@outlook.com,8354470421,hyderabad,Female,2024-04-08,Regular
3800,Karan Verma,karan.verma524@yahoo.com,7126179111,Kolkata,Other,2022-01-27,Regular
3801,Manish Patel,manish.patel932@rediffmail.com,9200685920,Mumbai,Female,2021-09-17,New
3802,Pooja Kapoor,pooja.kapoor933@outlook.com,7887963932,Ahmedabad,Female,2023-12-27,Regular
3803,Pari Gupta,pari.gupta919@rediffmail.com,9630570135,Kolkata,Male,2020-09-28,VIP
3804,Kritika Mehta,kritika.mehta504@yahoo.com,7112293983,Lucknow,Female,2020-07-09,VIP
3805,Vivaan Bansal,vivaan.bansal227@gmail.com,7153994917,Ahmedabad,Female,2024-10-06,New
3806,Manish Nair,manish.nair979@outlook,8399560712,Agra,Male,2023-03-25,VIP
3807,Anjali Agarwal,anjali.agarwal924@hotmail.com,8426069414,Delhi,Other,2023-11-04,New
3808,Ayaan Nair,ayaan.nair634@outlook.com,7280296739,Vadodara,Female,2023-02-27,New
3809,Nikhil Iyer,nikhil.iyer943@yahoo.com,8156664088,Indore,Other,2019-04-21,Regular
3810,Karan Kapoor,karan.kapoor175@hotmail.com,7731758037,Delhi,Female,2024-07-23,New
3811,Divya Bansal,divya.bansal570@hotmail.com,7021762748,Nagpur,Other,2021-04-22,VIP
3812,Neha Patel,neha.patel527@yahoo.com,9886871271,Ludhiana,Female,2020-05-02,Premium
3813,Pooja Verma,pooja.verma933@yahoo.com,7786193934,Ahmedabad,Female,2024-03-22,VIP
3814,Myra Agarwal,myra.agarwal165@gmail.com,8730201244,Agra,Other,2023-05-22,Regular
3815,Aditya Bansal,aditya.bansal53@yahoo.com,7623106168,Kanpur,Male,2022-05-04,New
3816,Rohan Joshi,rohan.joshi334@gmail.com,8979697487,Nagpur,Female,2021-12-11,Regular
3817,Ayaan Rao,ayaan.rao390@yahoo.com,8640059091,Nashik,Female,2023-09-30,New
3818,Meera Singh,meera.singh359@gmail.com,8372920080,Nagpur,Male,2020-10-25,Regular
3819,Meera Joshi,meera.joshi373@yahoo.com,944347695,Patna,Other,2020-02-28,Regular
3820,Priya Patel,priya.patel974gmail.com,9204388400,Kanpur,Male,2023-06-24,New
3821,Arjun Nair,arjun.nair472@yahoo.com,7788646699,Ludhiana,Other,2024-05-31,Premium
3822,Nikhil Mehta,nikhil.mehta204@hotmail.com,9479341178,Bengaluru,Female,2022-02-18,Premium
3823,Myra Malhotra,myra.malhotra947@gmail.com,9950679834,Lucknow,Male,2024-08-30,New
3824,Vihaan Singh,vihaan.singh265@gmail.com,9747830229,Bhopal,Male,2022-12-18,Premium
3825,Suresh Sharma,suresh.sharma681@gmail.com,7561840381,Delhi,Other,2022-06-03,New
3826,Manish Patel,manish.patel315@gmail.com,9630443557,Indore,Female,2024-10-21,New
3827,Rohan Gupta,rohan.gupta979@outlook.com,9585172371,Mumbai,Other,2024-06-21,New
3828,Ayaan Bansal,ayaan.bansal988@outlook.com,9300247611,Ahmedabad,Other,2024-07-10,Regular
3829,,reyansh.verma547@gmail.com,7392326843,Patna  ,Female,2019-05-19,New
3830,Pari Bhatt,pari.bhatt59@rediffmail.com,9265991811,Nashik,Female,2024-08-25,VIP
3831,Sneha Bansal,sneha.bansal442@yahoo.com,8485508743,Nagpur,Female,2021-05-08,Regular
3832,Rahul Verma,rahul.verma521@gmail.com,8115821930,Patna,Male,2023-01-06,New
3833,Pooja Patel,pooja.patel347@rediffmail.com,9817263827,Surat,Other,2019-08-20,New
3834,Anika Nair,anika.nair826@hotmail.com,8249826930,Jaipur,Male,2019-10-11,Regular
3835,Aarav Bhatt,aarav.bhatt835@gmail.com,8683298277,Kolkata,Female,2019-09-07,VIP
3836,Pari Mehta,pari.mehta77@rediffmail.com,7507013409,Vadodara,Female,2021-10-13,New
3837,Vivaan Nair,vivaan.nair701yahoo.com,8148622198,Agra,Female,2019-08-23,VIP
3838,Priya Bansal,priya.bansal446@outlook.com,9150230465,Mumbai,Female,2022-04-26,New
3839,Deepak Singh,deepak.singh735@rediffmail.com,8184792679,Ludhiana,Other,2020-06-20,Regular
3840,Aarav Bansal,aarav.bansal673@rediffmail.com,7821397339,Delhi,Female,2023-03-21,VIP
3840,Aarav Bansal,aarav.bansal673@rediffmail.com,7821397339,Delhi,Female,2023-03-21,VIP
3841,,neha.mehta561@outlook.com,9555532844,Ludhiana  ,Other,2021-03-09,Premium
3842,Sunita Chopra,sunita.chopra33@hotmail.com,9502824229,Vadodara,Male,2024-02-25,Regular
3843,Pari Reddy,pari.reddy195@rediffmail.com,7233986562,Lucknow,Female,2024-08-21,VIP
3844,Sai Gupta,sai.gupta922@yahoo.com,8815005304,Nagpur,Male,2023-11-04,VIP
3845,Aadhya Sharma,aadhya.sharma981@gmail.com,9564155713,Surat,Female,2020-06-18,Regular
3846,Shreya Singh,shreya.singh818@rediffmail.com,7552587031,Kolkata,Male,2024-04-17,Regular
3847,Sanjay Patel,sanjay.patel895@rediffmail.com,9387699490,Hyderabad,Male,2023-06-23,Premium
3848,Aditya Verma,aditya.verma600@rediffmail.com,+91-7824343232,Patna,Male,2023-04-16,Regular
3849,Anjali Chopra,anjali.chopra45@gmail.com,7828221826,Kanpur,Male,2021-01-15,Premium
3850,Sanjay Rao,sanjay.rao82@outlook.com,9762347252,Kolkata,Male,2023-02-20,Premium
3851,Aarav Iyer,aarav.iyer249yahoo.com,7925123,Patna,Other,2021-11-16,New
3852,Aarav Joshi,aarav.joshi617@gmail.com,8080895893,Bhopal,Male,2021-11-02,VIP
3853,Vihaan Chopra,vihaan.chopra883@rediffmail.com,7102323791,Chennai,Male,2019-03-13,Premium
3854,Kritika Kumar,kritika.kumar124@yahoo.com,7134948458,Kanpur,Male,2021-10-15,Premium
3855,Reyansh Verma,reyansh.verma544@hotmail.com,7950796133,Lucknow,Female,2021-05-06,New
3856,Aditya Desai,aditya.desai502@outlook.com,8101748044,Nagpur,Other,2020-03-16,Premium
3857,Riya Malhotra,riya.malhotra640@yahoo.com,9872040142,Chennai,Male,2019-02-09,New
3858,Pari Joshi,pari.joshi786@hotmail.com,9896412737,Nashik,Female,2019-01-14,New
3859,Rohan Reddy,rohan.reddy460@rediffmail.com,7769602405,Ahmedabad,Female,2020-05-29,New
3860,Ramesh Gupta,ramesh.gupta266@gmail.com,71437239,Indore,Other,2022-04-01,Regular
3861,Sneha Chopra,sneha.chopra462@yahoo.com,9972647970,Kolkata,Other,2020-07-24,Regular
3862,Sanjay Nair,sanjay.nair742@hotmail.com,7094217581,Pune,Female,2022-07-25,VIP
3863,,sai.bansal219@yahoo.com,9850821117,NASHIK,Other,2020-10-06,Premium
3864,Shreya Mehta,shreya.mehta945@hotmail.com,8978774795,Kanpur,Other,2019-02-03,Regular
3865,Aditya Singh,aditya.singh394@gmail.com,9186122413,Chennai,Female,2023-09-14,New
3866,Divya Bhatt,divya.bhatt633@rediffmail.com,8116950004,Surat,Other,2020-01-07,New
3867,Karan Agarwal,karan.agarwal717@outlook.com,7782335742,Ahmedabad,Male,2023-02-19,VIP
3868,Ayaan Reddy,ayaan.reddy418@outlook.com,8114304300,Pune,Female,2023-04-20,Regular
3869,Pari Kapoor,pari.kapoor639@rediffmail.com,7364790737,Kanpur,Female,2022-04-30,Premium
3870,Myra Malhotra,myra.malhotra342@outlook.com,8078623209,Kolkata,Other,2024-06-24,Premium
3871,Vihaan Iyer,vihaan.iyer518@hotmail.com,8251437764,Pune,Female,2020-11-04,Premium
3872,Riya Verma,riya.verma825@yahoo.com,9431109916,Lucknow,Female,2019-04-02,Regular
3873,Myra Reddy,myra.reddy50hotmail.com,9605482505,Pune,Female,2019-01-22,Regular
3874,Vihaan Malhotra,vihaan.malhotra735@outlook,7665063397,Nashik,Other,2023-12-09,Regular
3875,Aadhya Rao,aadhya.rao752@gmail.com,8245002,Indore,Female,2022-04-12,New
3876,Myra Pillai,myra.pillai39@rediffmail.com,8016454079,Ahmedabad,Female,2022-03-25,New
3877,Nikhil Desai,nikhil.desai570@rediffmail.com,9443779279,Nagpur,Male,2024-02-09,Premium
3878,Rahul Mehta,rahul.mehta930@gmail.com,97948257,Mumbai,Other,2019-03-25,New
3879,Rahul Gupta,rahul.gupta334@gmail.com,8587066620,Mumbai,Other,2021-12-31,Premium
3880,Pooja Pillai,pooja.pillai378@gmail.com,+91-8175303710,Pune,Male,2024-09-03,New
3881,Amit Bansal,amit.bansal354@gmail.com,9562162323,Indore,Male,2019-12-07,Regular
3882,Neha Kapoor,neha.kapoor187@yahoo.com,8072893267,Kanpur,Male,2019-01-03,VIP
3883,Ayaan Verma,ayaan.verma8@gmail.com,8794854638,Agra,Female,2022-12-26,Premium
3884,Vihaan Desai,vihaan.desai29@gmail.com,7553305451,Hyderabad,Male,2024-10-17,New
3885,Sanjay Singh,sanjay.singh169@rediffmail.com,8147294193,Kanpur,Male,2021-05-29,New
3886,Anjali Pillai,anjali.pillai102@outlook.com,8335310209,Nashik,Female,2022-06-14,Premium
3887,Pari Verma,pari.verma253@hotmail.com,7585650237,Chennai,Female,2022-06-13,Regular
3888,Rahul Malhotra,rahul.malhotra623@rediffmail.com,9055074373,Lucknow,Female,2024-02-02,Regular
3889,Vivaan Agarwal,vivaan.agarwal99@gmail.com,8192939169,Ahmedabad,Other,2020-02-18,New
3890,Pari Mehta,pari.mehta934@rediffmail,8750076561,Indore,Female,2020-09-01,Premium
3891,Isha Bansal,isha.bansal128@gmail,7634372649,Bengaluru,Other,2023-12-20,Premium
3892,Rahul Patel,rahul.patel875@yahoo.com,8762298671,Pune,Female,2019-10-13,New
3893,Sunita Singh,sunita.singh141@gmail.com,7464954,Nagpur,Female,2019-03-22,Regular
3894,Sanjay Gupta,sanjay.gupta736@rediffmail.com,8721042078,Bhopal,Other,2020-08-18,New
3895,Ishaan Singh,ishaan.singh158@yahoo.com,7477062912,Bhopal,Other,2023-06-01,VIP
3896,Reyansh Pillai,reyansh.pillai944gmail.com,9826901120,Kanpur,Male,2020-07-18,Regular
3897,Suresh Desai,suresh.desai262@rediffmail.com,8153958497,Agra,Other,2023-10-14,New
3898,Priya Patel,priya.patel684@outlook.com,7937825386,Ludhiana,Male,2019-11-23,Regular
3899,Myra Agarwal,myra.agarwal977@hotmail.com,7643020621,Kolkata,Male,2023-12-22,New
3900,Isha Kumar,isha.kumar59@gmail.com,7064669510,Bhopal,Female,2021-03-14,VIP
3901,Meera Chopra,meera.chopra995@yahoo.com,7382273218,Pune,Other,2024-05-08,Premium
3902,Reyansh Agarwal,reyansh.agarwal863@yahoo.com,7879640,Surat,Female,2024-01-05,New
3903,Isha Rao,isha.rao289@gmail.com,7558547516,Delhi,Female,2022-09-05,Premium
3904,Pooja Verma,pooja.verma545@hotmail.com,9666322820,Delhi,Male,2023-09-15,Regular
3905,Sanjay Chopra,sanjay.chopra149@yahoo.com,7380696366,Kolkata,Female,2023-09-04,Premium
3906,Kavya Bansal,kavya.bansal541@hotmail.com,9969729252,Nashik,Other,2021-10-24,Premium
3907,,neha.verma527@outlook.com,9870110194,SURAT,Other,2023-08-17,New
3908,Rohan Sharma,rohan.sharma791@hotmail.com,7378430308,Bengaluru,Other,2022-09-30,Regular
3908,Rohan Sharma,rohan.sharma791@hotmail.com,7378430308,Bengaluru,Other,2022-09-30,Regular
3909,,ayaan.nair956@yahoo.com,8766568474, Nashik ,Male,2020-11-02,Regular
3910,Kavya Patel,kavya.patel582@yahoo.com,7117562940,Indore,Other,2022-08-21,VIP
3911,Vivaan Pillai,vivaan.pillai718@yahoo.com,9332852740,Bengaluru,Male,2022-07-29,Premium
3912,Diya Iyer,diya.iyer259@hotmail,9727358422,Mumbai,Other,2022-02-23,New
3913,Amit Bhatt,amit.bhatt375@outlook.com,8795838406,Vadodara,Female,2020-02-29,Regular
3914,Rahul Singh,rahul.singh468@outlook.com,7908822232,Ahmedabad,Male,2019-01-04,VIP
3915,Ramesh Malhotra,ramesh.malhotra562@yahoo.com,9229702545,Surat,Female,2024-08-09,Premium
3916,Isha Nair,isha.nair196@gmail.com,9173149015,Surat,Male,2023-01-30,Premium
3917,Rahul Patel,rahul.patel895@hotmail.com,9575437225,Nagpur,Female,2020-08-13,New
3918,Sneha Bansal,sneha.bansal321@yahoo.com,7358935378,Ludhiana,Female,2021-11-09,New
3919,Anjali Bhatt,anjali.bhatt572@hotmail.com,7071072107,Pune,Female,2023-05-11,VIP
3920,Kavya Iyer,kavya.iyer598@yahoo.com,9869758661,Surat,Other,2022-07-03,VIP
3921,Aadhya Patel,aadhya.patel320@gmail.com,8896975437,Nagpur,Other,2020-02-12,New
3922,Meera Kumar,meera.kumar718@rediffmail.com,7476672933,Kolkata,Female,2024-07-25,Premium
3923,Reyansh Verma,reyansh.verma310@yahoo.com,7004052632,Agra,Female,2024-11-24,Regular
3924,Shreya Sharma,shreya.sharma592@outlook.com,8614758014,Surat,Other,2024-05-25,VIP
3925,Pari Singh,pari.singh834@yahoo.com,8284185317,Nagpur,Other,2021-01-25,Regular
3926,Saanvi Sharma,saanvi.sharma584@rediffmail.com,9091337880,Indore,Male,2023-05-18,VIP
3927,Ishaan Desai,ishaan.desai957@yahoo.com,8131346794,Kanpur,Other,2022-03-04,Premium
3928,Deepak Gupta,deepak.gupta748@gmail.com,7400179511,Agra,Other,2020-07-16,Regular
3929,Suresh Nair,suresh.nair124@hotmail.com,9022132981,Kolkata,Male,2023-06-22,Regular
3930,Nikhil Gupta,nikhil.gupta473@rediffmail.com,7717351159,Kolkata,Other,2023-01-01,Premium
3931,Kavya Singh,kavya.singh427@gmail.com,9809595399,Kanpur,Female,2020-04-14,Premium
3932,Manish Kumar,manish.kumar176@gmail.com,9287669947,Ludhiana,Other,2023-04-22,New
3933,Meera Pillai,meera.pillai227@outlook.com,7854478001,Jaipur,Other,2021-04-09,Regular
3934,Sai Malhotra,sai.malhotra965yahoo.com,8516022314,Pune,Other,2023-09-09,Premium
3935,Aadhya Bhatt,aadhya.bhatt105@yahoo.com,8392216118,Bhopal,Female,2022-11-04,Regular
3936,Vihaan Singh,vihaan.singh616@hotmail.com,7284846175,Nagpur,Other,2022-05-11,Premium
3937,Sunita Mehta,sunita.mehta780@outlook.com,7694966075,Mumbai,Other,2020-09-26,Regular
3938,Sunita Bansal,sunita.bansal325outlook.com,9817321560,Vadodara,Other,2019-04-17,New
3939,Kritika Singh,kritika.singh724@outlook.com,7511948960,Surat,Other,2022-02-18,New
3940,Isha Mehta,isha.mehta857@gmail.com,7773887699,Surat,Male,2022-02-02,Premium
3941,Ananya Sharma,ananya.sharma464@hotmail.com,9491370325,Nagpur,Other,2023-11-24,VIP
3942,Sanjay Agarwal,sanjay.agarwal926@hotmail.com,97333266,Chennai,Female,2021-09-17,VIP
3943,Sanjay Pillai,sanjay.pillai831@rediffmail.com,+91-8100807664,Surat,Male,2023-11-18,Premium
3944,Myra Iyer,myra.iyer573@yahoo.com,9532818397,Surat,Other,2022-05-12,Regular
3945,Sneha Bhatt,sneha.bhatt875yahoo.com,8199558279,Delhi,Female,2022-09-29,New
3946,Ramesh Gupta,ramesh.gupta869@outlook.com,8090310602,Pune,Female,2019-06-16,New
3947,Aadhya Verma,aadhya.verma173@rediffmail.com,8810393471,Surat,Female,2022-04-08,VIP
3948,Amit Bhatt,amit.bhatt919@hotmail.com,7146820742,Nashik,Other,2024-01-19,VIP
3949,Reyansh Pillai,reyansh.pillai903@gmail.com,9053885035,Nagpur,Other,2021-05-12,New
3949,Reyansh Pillai,reyansh.pillai903@gmail.com,9053885035,Nagpur,Other,2021-05-12,New
3950,,manish.iyer677@hotmail.com,8483641169,pune,Female,2022-01-12,Regular
3951,Ananya Bhatt,ananya.bhatt526@outlook.com,80810240,Hyderabad,Male,2021-03-29,Premium
3952,Riya Pillai,riya.pillai935@outlook,7959800909,Bengaluru,Male,2024-10-08,VIP
3953,Sunita Joshi,sunita.joshi772@outlook.com,7791410089,Chennai,Female,2021-05-04,Premium
3954,Shreya Joshi,shreya.joshi790@outlook.com,9235477801,Hyderabad,Male,2023-06-30,Premium
3955,Priya Rao,priya.rao997@yahoo.com,7863870462,Patna,Male,2021-10-15,Regular
3956,Anjali Nair,anjali.nair326@rediffmail.com,9007493636,Nagpur,Other,2023-11-26,New
3957,Shreya Rao,shreya.rao432@gmail.com,7757818342,Bengaluru,Other,2020-01-08,Regular
3958,Myra Iyer,myra.iyer585@outlook.com,7342118657,Ludhiana,Female,2020-06-24,Premium
3959,Anjali Singh,anjali.singh916@outlook.com,7178691228,Vadodara,Female,2022-04-09,Regular
3960,Vihaan Kapoor,vihaan.kapoor881@gmail.com,7718823167,Hyderabad,Female,2021-09-20,New
3961,Meera Verma,meera.verma543@outlook.com,9508541085,Jaipur,Female,2022-11-03,New
3962,Sai Pillai,sai.pillai747@yahoo.com,9991972146,Nagpur,Female,2023-03-05,New
3963,Reyansh Rao,reyansh.rao973@hotmail.com,+91-8589790090,Agra,Female,2019-05-24,Regular
3964,Manish Bansal,manish.bansal125@gmail.com,7810726035,Nashik,Female,2023-07-28,New
3965,Meera Gupta,meera.gupta674@rediffmail.com,9000433002,Surat,Other,2024-11-21,VIP
3966,Anika Pillai,anika.pillai331@outlook.com,8538648484,Delhi,Other,2019-03-31,VIP
3967,Anika Reddy,anika.reddy781@yahoo,7550033825,Kolkata,Male,2023-11-10,Premium
3968,Riya Reddy,riya.reddy919@outlook.com,8644180753,Nashik,Male,2019-04-04,New
3969,Aadhya Kapoor,aadhya.kapoor576@outlook.com,9736636769,Indore,Male,2023-04-23,Premium
3970,Divya Singh,divya.singh926@yahoo.com,7441322377,Pune,Male,2024-09-05,New
3970,Divya Singh,divya.singh926@yahoo.com,7441322377,Pune,Male,2024-09-05,New
3971,,reyansh.kumar925@gmail.com,7872036473, Ludhiana ,Male,2024-12-07,Premium
3972,Reyansh Reddy,reyansh.reddy137yahoo.com,8081657620,Hyderabad,Other,2020-08-10,New
3973,Riya Kapoor,riya.kapoor431@gmail.com,9803262208,Nagpur,Other,2023-02-16,New
3974,Ayaan Sharma,ayaan.sharma458@hotmail.com,7755080342,Delhi,Other,2022-08-26,New
3975,Arjun Agarwal,arjun.agarwal912@rediffmail.com,7581800551,Pune,Female,2022-06-21,Premium
3976,Suresh Kumar,suresh.kumar674@rediffmail.com,8807919489,Bengaluru,Female,2022-09-17,New
3977,Pooja Nair,pooja.nair739@hotmail,8865856667,Patna,Other,2019-07-13,VIP
3978,Vihaan Patel,vihaan.patel788@gmail.com,7084058973,Pune,Male,2020-07-08,New
3979,Aarav Patel,aarav.patel181@outlook.com,7146242417,Delhi,Male,2022-11-12,New
3980,Vivaan Pillai,vivaan.pillai768@hotmail.com,7596116871,Indore,Male,2021-07-27,Regular
3981,Myra Verma,myra.verma749@gmail,9739619087,Kanpur,Female,2022-10-21,Regular
3982,Shreya Agarwal,shreya.agarwal680@gmail.com,8971151917,Jaipur,Male,2022-05-15,Regular
3983,Diya Bansal,diya.bansal260@rediffmail.com,8223169723,Patna,Other,2019-10-21,Premium
3984,Priya Nair,priya.nair718@hotmail.com,9142858127,Delhi,Other,2023-07-14,VIP
3985,Sanjay Rao,sanjay.rao10@rediffmail.com,8617601813,Kanpur,Other,2021-07-19,VIP
3986,Suresh Joshi,suresh.joshi224@gmail.com,9342415838,Agra,Male,2021-11-07,VIP
3987,Ananya Kapoor,ananya.kapoor237@outlook.com,8950133087,Lucknow,Male,2021-06-04,Premium
3988,Priya Sharma,priya.sharma905@gmail.com,8633045458,Agra,Female,2024-11-10,VIP
3989,Meera Pillai,meera.pillai432@hotmail.com,8929671515,Kolkata,Other,2020-03-08,Premium
3990,Krishna Kapoor,krishna.kapoor782@outlook.com,8768749386,Bengaluru,Other,2020-01-30,Premium
3991,Sneha Malhotra,sneha.malhotra262@gmail.com,7314273113,Patna,Female,2023-12-24,VIP
3992,Ayaan Mehta,ayaan.mehta468@rediffmail.com,7327144561,Patna,Other,2019-03-30,VIP
3993,Divya Kapoor,divya.kapoor864@rediffmail.com,8306115477,Jaipur,Other,2020-07-23,New
3994,Anika Chopra,anika.chopra673@outlook.com,8942634812,Kanpur,Female,2024-12-10,VIP
3995,Deepak Desai,deepak.desai188@rediffmail.com,+91-7958424012,Ahmedabad,Male,2021-04-18,VIP
3996,Deepak Patel,deepak.patel852@yahoo.com,8375017419,Bhopal,Female,2020-03-31,VIP
3997,Rahul Mehta,rahul.mehta776@outlook.com,7959571904,Bengaluru,Other,2021-02-13,VIP
3998,Ramesh Nair,ramesh.nair997@outlook.com,9553643790,Jaipur,Other,2024-02-10,New
3999,Shreya Rao,shreya.rao551@outlook.com,7748751527,Bhopal,Other,2019-06-10,Premium
4000,Ayaan Bansal,ayaan.bansal529@hotmail.com,7726646688,Kanpur,Other,2021-06-30,VIP
4001,Suresh Rao,suresh.rao686@outlook.com,8701961226,Kolkata,Other,2020-10-01,Regular
4002,Divya Verma,divya.verma531@rediffmail.com,7553650801,Ludhiana,Male,2022-05-30,New
4003,Pari Bansal,pari.bansal848@outlook.com,+91-9013122029,Kanpur,Male,2024-06-13,Premium
4004,Isha Pillai,isha.pillai659@yahoo.com,7433278831,Nagpur,Male,2023-07-20,New
4005,Kritika Kumar,kritika.kumar166@rediffmail.com,7043496053,Nagpur,Female,2023-08-14,New
4006,Reyansh Pillai,reyansh.pillai263@gmail.com,7854093497,Kanpur,Male,2022-03-18,New
4007,Karan Verma,karan.verma84@yahoo.com,8084362796,Mumbai,Male,2024-08-14,Regular
4007,Karan Verma,karan.verma84@yahoo.com,8084362796,Mumbai,Male,2024-08-14,Regular
4008,,reyansh.sharma983@yahoo.com,7370157173,Pune,Male,2024-03-10,Regular
4009,,aditya.iyer959@outlook.com,9528502733,ahmedabad,Female,2022-04-12,Regular
4010,Deepak Joshi,deepak.joshi25@hotmail.com,7109056332,Bengaluru,Male,2022-07-05,Regular
4011,Aditya Malhotra,aditya.malhotra551@hotmail.com,8780051597,Vadodara,Female,2022-02-02,Regular
4012,Kritika Sharma,kritika.sharma307@hotmail.com,7008219106,Bengaluru,Male,2023-12-18,VIP
4013,Krishna Verma,krishna.verma275outlook.com,8273497830,Jaipur,Female,2023-02-13,Regular
4014,Priya Chopra,priya.chopra1@yahoo.com,8820171718,Chennai,Other,2020-03-18,Regular
4015,Anjali Desai,anjali.desai41@gmail.com,8081346495,Lucknow,Other,2020-09-12,Premium
4016,Kritika Nair,kritika.nair13@outlook.com,9191887001,Pune,Male,2020-01-11,Premium
4017,Meera Pillai,meera.pillai779@hotmail.com,8748608094,Hyderabad,Other,2023-01-31,Premium
4018,Nikhil Iyer,nikhil.iyer314@gmail.com,7982439178,Delhi,Female,2023-08-20,VIP
4019,Isha Iyer,isha.iyer826@yahoo.com,9244414050,Kanpur,Female,2020-10-19,New
4020,Myra Verma,myra.verma424@rediffmail.com,7801030933,Hyderabad,Other,2023-09-03,Regular
4021,Meera Singh,meera.singh200@outlook.com,9051715878,Delhi,Male,2022-06-15,Regular
4022,Vihaan Patel,vihaan.patel102@outlook.com,7039555286,Ludhiana,Female,2021-02-26,Premium
4023,Anika Reddy,anika.reddy727@hotmail.com,8714272181,Ahmedabad,Male,2019-02-01,New
4024,Riya Malhotra,riya.malhotra132@yahoo.com,9709716832,Indore,Male,2020-04-16,VIP
4025,Ayaan Verma,ayaan.verma976@yahoo.com,8245190571,Bhopal,Other,2020-02-22,New
4026,Arjun Joshi,arjun.joshi991@rediffmail.com,9551063920,Delhi,Female,2023-04-16,Regular
4027,Pari Agarwal,pari.agarwal29@rediffmail.com,8077790321,Kanpur,Male,2023-01-11,Regular
4028,Nikhil Joshi,nikhil.joshi472@outlook.com,9470526659,Ahmedabad,Other,2020-07-13,New
4029,Sneha Agarwal,sneha.agarwal805@yahoo.com,8391675687,Delhi,Other,2019-05-14,Premium
4030,Sunita Nair,sunita.nair37@gmail.com,9596478554,Chennai,Male,2022-07-23,New
4031,Riya Pillai,riya.pillai806@rediffmail.com,9477136202,Indore,Female,2022-10-05,New
4032,Isha Chopra,isha.chopra1@rediffmail.com,7519873207,Agra,Male,2024-05-22,Premium
4033,Aadhya Bansal,aadhya.bansal661@hotmail.com,8820805195,Lucknow,Other,2023-08-30,Premium
4034,Divya Kapoor,divya.kapoor631@rediffmail.com,8232625992,Kanpur,Female,2021-08-30,Regular
4035,Meera Rao,meera.rao573@hotmail.com,7058095248,Vadodara,Male,2024-03-21,New
4036,Ishaan Rao,ishaan.rao205@hotmail.com,9906575501,Pune,Male,2022-04-07,New
4037,Divya Bhatt,divya.bhatt39@hotmail.com,8736853724,Agra,Male,2021-02-19,Premium
4038,Pooja Sharma,pooja.sharma667@outlook.com,7188452005,Vadodara,Other,2021-12-01,VIP
4039,Rahul Rao,rahul.rao333@gmail.com,8881842498,Mumbai,Female,2020-04-10,New
4040,Aarav Rao,aarav.rao321@rediffmail.com,8896758081,Jaipur,Male,2023-08-29,VIP
4041,Pari Chopra,pari.chopra452@gmail.com,9198353321,Delhi,Female,2022-10-14,Premium
4042,Ayaan Gupta,ayaan.gupta12@gmail.com,7135703481,Jaipur,Female,2020-11-08,VIP
4043,Kritika Kumar,kritika.kumar916@gmail.com,7303579734,Vadodara,Female,2020-12-27,VIP
4044,Manish Sharma,manish.sharma887@hotmail.com,8981352752,Ahmedabad,Other,2019-06-03,Premium
4045,Sunita Chopra,sunita.chopra475@outlook.com,9277694510,Indore,Male,2019-11-02,Regular
4046,Saanvi Kapoor,saanvi.kapoor534@outlook.com,9458354,Surat,Male,2022-07-08,New
4047,Amit Joshi,amit.joshi539@rediffmail.com,8870876445,Kanpur,Other,2023-09-22,Regular
4048,Karan Bhatt,karan.bhatt516@yahoo.com,7401754759,Surat,Female,2021-08-08,New
4049,Neha Mehta,neha.mehta609@outlook.com,7480504779,Pune,Female,2019-06-16,Premium
4050,Neha Kapoor,neha.kapoor472@gmail.com,9629450672,Kolkata,Other,2020-10-02,Regular
4051,Ishaan Mehta,ishaan.mehta392gmail.com,9683648352,Kanpur,Female,2021-08-19,VIP
4052,Pooja Verma,pooja.verma867@gmail.com,9959582274,Jaipur,Other,2019-09-08,New
4053,Arjun Gupta,arjun.gupta270@rediffmail.com,7236193399,Kolkata,Other,2022-02-18,VIP
4054,Kritika Reddy,kritika.reddy289@gmail.com,7720532409,Agra,Female,2021-02-02,VIP
4055,Manish Rao,manish.rao352@outlook.com,7219465687,Chennai,Female,2022-05-18,New
4056,Diya Desai,diya.desai908hotmail.com,9814404990,Bhopal,Male,2024-10-15,Regular
4057,Pari Chopra,pari.chopra977hotmail.com,8674699895,Vadodara,Male,2024-04-18,VIP
4058,Rohan Agarwal,rohan.agarwal328@rediffmail.com,+91-7538456094,Lucknow,Female,2019-01-02,Premium
4059,Manish Bansal,manish.bansal253@rediffmail.com,9236875465,Pune,Male,2023-08-26,New
4060,Shreya Verma,shreya.verma572@outlook.com,7977941554,Bengaluru,Female,2021-08-07,New
4061,Reyansh Gupta,reyansh.gupta363@outlook,9969130737,Agra,Other,2022-12-12,Premium
4062,Kavya Gupta,kavya.gupta594@yahoo.com,8851342824,Hyderabad,Male,2023-02-08,VIP
4063,Ramesh Joshi,ramesh.joshi745@hotmail.com,9992737914,Chennai,Other,2024-04-11,New
4064,Isha Nair,isha.nair299@gmail.com,7775397312,Hyderabad,Other,2024-08-28,New
4065,Rahul Iyer,rahul.iyer3@outlook.com,9824728556,Lucknow,Male,2023-08-23,VIP
4066,Sunita Mehta,sunita.mehta661@outlook.com,8766170396,Bhopal,Female,2021-11-04,New
4067,Deepak Joshi,deepak.joshi112@rediffmail.com,7850699696,Delhi,Other,2019-04-01,VIP
4068,Rohan Desai,rohan.desai5@outlook.com,9642640267,Surat,Other,2020-10-19,New
4069,Pari Rao,pari.rao628@gmail.com,7131422368,Ludhiana,Male,2022-02-17,VIP
4070,Priya Desai,priya.desai986@hotmail.com,7742498306,Agra,Other,2022-02-07,VIP
4071,Vihaan Desai,vihaan.desai600@rediffmail.com,7605727225,Agra,Male,2022-01-24,VIP
4072,Aadhya Malhotra,aadhya.malhotra96@outlook.com,7418731412,Jaipur,Male,2023-01-01,Regular
4073,Pari Kapoor,pari.kapoor750@hotmail.com,7424108446,Bengaluru,Female,2022-05-22,New
4073,Pari Kapoor,pari.kapoor750@hotmail.com,7424108446,Bengaluru,Female,2022-05-22,New
4074,,divya.verma108@gmail.com,7135121314,pune,Other,2021-08-18,Premium
4075,Sunita Sharma,sunita.sharma699@gmail.com,9780493148,Lucknow,Other,2022-04-01,New
4076,Kritika Chopra,kritika.chopra379@hotmail.com,9011466627,Surat,Other,2022-11-06,Regular
4077,Sneha Joshi,sneha.joshi418@hotmail.com,7129488578,Indore,Other,2022-11-21,Premium
4078,,ramesh.mehta137@gmail.com,8973404688,MUMBAI,Other,2023-10-04,Premium
4079,Vivaan Sharma,vivaan.sharma744@outlook.com,7574948928,Lucknow,Female,2021-12-28,Premium
4079,Vivaan Sharma,vivaan.sharma744@outlook.com,7574948928,Lucknow,Female,2021-12-28,Premium
4080,,suresh.mehta428@yahoo.com,+91-7729025259,Bhop@l,Female,2022-08-07,New
4081,Anika Rao,anika.rao138@gmail.com,8140254239,Nagpur,Female,2019-07-20,VIP
4082,Priya Joshi,priya.joshi528@gmail.com,7764615208,Mumbai,Other,2022-01-11,New
4083,Anjali Sharma,anjali.sharma228@outlook.com,9628783171,Patna,Male,2021-12-18,Regular
4084,Neha Desai,neha.desai976@rediffmail.com,8277743164,Ludhiana,Female,2019-05-29,Regular
4085,Saanvi Sharma,saanvi.sharma51@hotmail.com,7365556359,Nagpur,Female,2020-03-31,Regular
4086,Kavya Pillai,kavya.pillai358@hotmail.com,9249903357,Ludhiana,Female,2021-09-14,New
4087,Priya Nair,priya.nair482@gmail.com,9599514533,Jaipur,Other,2022-06-13,New
4088,Neha Iyer,neha.iyer161@gmail.com,9143494365,Nashik,Other,2024-02-08,Regular
4089,Myra Sharma,myra.sharma857@yahoo.com,9578004893,Delhi,Female,2024-09-28,New
4090,Rahul Verma,rahul.verma45@outlook.com,9384671071,Mumbai,Male,2021-08-19,Premium
4091,Reyansh Patel,reyansh.patel641@outlook.com,7718235995,Patna,Other,2023-07-20,Premium
4092,Aditya Chopra,aditya.chopra744@rediffmail.com,7481324244,Nagpur,Other,2021-03-27,New
4093,Aditya Nair,aditya.nair885@gmail.com,8607538541,Vadodara,Female,2021-06-20,Premium
4094,Aadhya Chopra,aadhya.chopra988@gmail.com,9253390319,Pune,Male,2024-03-03,Regular
4095,Priya Rao,priya.rao879@gmail.com,9318509965,Kolkata,Other,2020-03-17,Premium
4096,Neha Pillai,neha.pillai744@hotmail.com,7353496393,Ludhiana,Other,2023-01-25,VIP
4097,Diya Mehta,diya.mehta100@gmail.com,8145673833,Patna,Other,2024-06-13,New
4097,Diya Mehta,diya.mehta100@gmail.com,8145673833,Patna,Other,2024-06-13,New
4098,,deepak.nair603@rediffmail.com,7611024487,Delhi,Female,2021-07-06,New
4099,Aarav Gupta,aarav.gupta766gmail.com,7407741033,Hyderabad,Other,2024-06-03,VIP
4100,Kavya Nair,kavya.nair810@outlook.com,9088533655,Lucknow,Other,2021-12-08,Regular
4101,Isha Singh,isha.singh264@outlook.com,9457639903,Nashik,Male,2021-06-21,Regular
4102,Suresh Reddy,suresh.reddy841yahoo.com,7488225373,Kanpur,Other,2020-01-28,Premium
4103,Aarav Bhatt,aarav.bhatt843@gmail.com,7403229173,Indore,Other,2020-02-06,VIP
4104,Ayaan Singh,ayaan.singh804@outlook.com,8376542717,Agra,Female,2019-11-28,Regular
4105,Diya Verma,diya.verma38@hotmail.com,+91-7947231593,Jaipur,Female,2024-02-21,Premium
4106,Kavya Reddy,kavya.reddy382@gmail.com,7662229761,Vadodara,Other,2020-03-26,New
4107,Sneha Singh,sneha.singh165@outlook.com,7129746730,Vadodara,Male,2019-11-14,VIP
4108,Aditya Bansal,aditya.bansal208@yahoo.com,7630343903,Kanpur,Male,2024-02-09,New
4109,Karan Kumar,karan.kumar864@hotmail,8338490829,Ludhiana,Male,2021-01-17,New
4110,Myra Reddy,myra.reddy695@yahoo.com,7505268,Bhopal,Female,2020-03-29,New
4111,Amit Gupta,amit.gupta293@yahoo.com,9422484081,Jaipur,Female,2021-01-19,Premium
4112,Divya Agarwal,divya.agarwal535@yahoo.com,8715898833,Chennai,Other,2021-04-23,VIP
4113,Pooja Gupta,pooja.gupta352@hotmail.com,7325377815,Mumbai,Male,2019-04-23,Regular
4114,Pooja Kumar,pooja.kumar25@gmail.com,8396936830,Patna,Male,2022-10-14,Premium
4115,Isha Gupta,isha.gupta502@gmail.com,7507433802,Nagpur,Female,2019-06-02,VIP
4116,Ayaan Kapoor,ayaan.kapoor803@yahoo.com,7436785087,Patna,Female,2024-05-28,Regular
4117,Nikhil Bhatt,nikhil.bhatt339@rediffmail.com,8542536278,Indore,Female,2024-01-08,VIP
4118,Diya Agarwal,diya.agarwal197@gmail.com,9753056317,Pune,Male,2019-02-27,Premium
4119,Aditya Bhatt,aditya.bhatt123@outlook.com,9933692996,Ludhiana,Other,2020-10-22,Premium
4120,Manish Gupta,manish.gupta196@yahoo.com,8518102472,Kanpur,Other,2023-12-02,Regular
4121,Manish Kapoor,manish.kapoor202@outlook.com,9673926501,Kanpur,Male,2021-05-12,Regular
4122,Myra Verma,myra.verma910outlook.com,9865014280,Pune,Male,2021-12-10,New
4123,Anika Joshi,anika.joshi125@gmail.com,9970482806,Pune,Male,2024-10-01,Regular
4124,,rahul.iyer851@outlook.com,9266158100,bengaluru,Male,2024-03-29,Premium
4125,Aditya Pillai,aditya.pillai619@yahoo.com,9317716458,Chennai,Female,2024-06-14,New
4126,Amit Chopra,amit.chopra126@rediffmail.com,8513316423,Vadodara,Other,2021-07-30,Premium
4127,Isha Joshi,isha.joshi823@outlook,8137748570,Ahmedabad,Other,2021-07-24,VIP
4128,Shreya Pillai,shreya.pillai848@rediffmail.com,9862079718,Ludhiana,Other,2020-04-22,Regular
4129,Divya Sharma,divya.sharma157rediffmail.com,8176472632,Lucknow,Male,2020-07-12,Regular
4130,Krishna Singh,krishna.singh861@yahoo.com,8724472819,Lucknow,Male,2019-04-18,Regular
4131,Rohan Pillai,rohan.pillai309rediffmail.com,9936194846,Vadodara,Male,2019-09-24,Premium
4132,Deepak Nair,deepak.nair65@outlook.com,8049075675,Chennai,Other,2022-09-06,Regular
4133,Amit Verma,amit.verma963@gmail.com,9479250924,Vadodara,Other,2022-08-30,Premium
4134,Karan Sharma,karan.sharma450@yahoo.com,8433883373,Surat,Male,2022-08-16,Regular
4135,Kritika Kapoor,kritika.kapoor4@outlook.com,8671181357,Mumbai,Male,2024-09-15,VIP
4136,Ananya Mehta,ananya.mehta505@outlook.com,8664257931,Chennai,Other,2021-07-02,Premium
4137,Vihaan Gupta,vihaan.gupta332@yahoo.com,+91-8778682404,Jaipur,Other,2020-12-28,Premium
4138,Meera Bhatt,meera.bhatt804@outlook.com,7498990101,Lucknow,Male,2019-02-27,Regular
4139,Anika Mehta,anika.mehta79@rediffmail.com,7390371376,Bengaluru,Female,2021-05-07,Regular
4139,Anika Mehta,anika.mehta79@rediffmail.com,7390371376,Bengaluru,Female,2021-05-07,Regular
4140,,kritika.rao541@yahoo.com,7138967508,PATNA,Female,2019-02-13,New
4141,Neha Pillai,neha.pillai736@outlook.com,+91-9706460695,Ahmedabad,Female,2024-10-23,New
4142,Krishna Nair,krishna.nair52@yahoo,7809490736,Chennai,Female,2021-07-27,Premium
4143,Sneha Patel,sneha.patel361@hotmail.com,9904532293,Nashik,Other,2020-12-06,New
4144,Anjali Agarwal,anjali.agarwal778@yahoo.com,8877541962,Agra,Female,2023-01-18,Premium
4145,Ramesh Bhatt,ramesh.bhatt70@outlook.com,7732815847,Patna,Other,2019-03-29,Premium
4146,Amit Sharma,amit.sharma744@outlook.com,9061486052,Delhi,Male,2024-09-01,New
4147,Priya Kapoor,priya.kapoor431@gmail.com,8422765601,Agra,Other,2020-06-02,New
4148,Sneha Patel,sneha.patel235@gmail.com,8325442017,Ludhiana,Female,2023-01-25,Regular
4149,Anika Mehta,anika.mehta622@rediffmail.com,8250468084,Surat,Female,2023-03-14,Premium
4150,Anika Verma,anika.verma932@gmail.com,8617931871,Vadodara,Other,2020-03-31,VIP
4151,Saanvi Mehta,saanvi.mehta260@hotmail.com,8005895570,Ludhiana,Other,2024-04-06,Premium
4152,Anika Mehta,anika.mehta76@gmail.com,9566472555,Chennai,Female,2020-03-27,Regular
4153,Sneha Malhotra,sneha.malhotra746@hotmail.com,8422343675,Ahmedabad,Female,2020-05-16,Regular
4154,Kritika Patel,kritika.patel314@rediffmail.com,7615249289,Kolkata,Other,2019-10-30,Regular
4155,Ananya Gupta,ananya.gupta126@yahoo.com,9931215637,Indore,Other,2021-07-13,Regular
4156,Ishaan Reddy,ishaan.reddy313@outlook.com,8055126264,Nashik,Male,2024-03-04,Regular
4157,Kavya Nair,kavya.nair755@yahoo.com,9301135612,Nagpur,Other,2023-12-16,VIP
4158,Manish Desai,manish.desai681@hotmail,9919231731,Chennai,Male,2024-10-25,Regular
4159,Anika Verma,anika.verma519@hotmail.com,+91-9429538095,Ahmedabad,Male,2021-08-03,New
4160,Neha Gupta,neha.gupta592hotmail.com,9550972459,Patna,Other,2024-04-20,VIP
4161,Kavya Malhotra,kavya.malhotra52@yahoo,8118299169,Nashik,Male,2019-07-05,VIP
4162,Aarav Bansal,aarav.bansal527@rediffmail.com,8687405623,Kolkata,Male,2022-03-09,New
4163,Shreya Kapoor,shreya.kapoor304@yahoo.com,9811790661,Jaipur,Male,2021-10-29,New
4164,Vihaan Singh,vihaan.singh812@yahoo.com,9721641377,Hyderabad,Female,2022-05-23,New
4165,Sanjay Sharma,sanjay.sharma145@yahoo.com,9349596345,Bengaluru,Female,2024-05-17,Premium
4166,Isha Reddy,isha.reddy271@gmail.com,7269924587,Mumbai,Other,2022-11-19,New
4167,Diya Singh,diya.singh78@hotmail.com,8586295798,Nagpur,Female,2024-08-19,Premium
4168,Vihaan Bhatt,vihaan.bhatt460@hotmail.com,7917430806,Indore,Male,2022-01-26,New
4169,Nikhil Agarwal,nikhil.agarwal154@rediffmail.com,7681817968,Bhopal,Female,2020-02-29,Regular
4170,Kritika Desai,kritika.desai325@gmail.com,7955077968,Kanpur,Male,2020-09-22,New
4171,Riya Malhotra,riya.malhotra443@hotmail.com,8239797467,Agra,Other,2019-03-15,New
4172,Anika Reddy,anika.reddy672@outlook.com,8869590736,Surat,Male,2024-02-03,New
4173,Rohan Pillai,rohan.pillai672gmail.com,9444804695,Vadodara,Other,2021-07-08,New
4174,Aarav Verma,aarav.verma662@outlook.com,9549547718,Bengaluru,Other,2019-10-13,New
4175,Nikhil Chopra,nikhil.chopra109@hotmail.com,9309847090,Indore,Male,2024-01-28,VIP
4176,Sunita Malhotra,sunita.malhotra471@yahoo.com,8053034804,Delhi,Female,2024-06-03,Regular
4177,Neha Bansal,neha.bansal797@outlook.com,9602582,Indore,Other,2024-04-05,VIP
4178,Saanvi Kumar,saanvi.kumar911@outlook,7224154071,Ludhiana,Male,2024-09-16,Premium
4179,Kavya Bhatt,kavya.bhatt197@outlook.com,+91-8362200480,Surat,Female,2022-06-11,Premium
4180,Riya Nair,riya.nair483@yahoo.com,8206377935,Kanpur,Male,2019-11-25,Regular
4181,Sneha Bhatt,sneha.bhatt445@outlook.com,7604607822,Mumbai,Female,2021-01-10,Regular
4182,Suresh Mehta,suresh.mehta812@rediffmail.com,8381450221,Kanpur,Other,2024-08-31,Regular
4183,Meera Mehta,meera.mehta128@gmail.com,8985921759,Agra,Other,2019-11-19,VIP
4184,Arjun Bansal,arjun.bansal380@outlook.com,7749391954,Kanpur,Male,2024-06-02,Premium
4185,Karan Sharma,karan.sharma114@outlook.com,9070896146,Mumbai,Female,2021-04-23,Regular
4186,Sunita Mehta,sunita.mehta36@yahoo.com,9693976652,Kanpur,Other,2023-08-09,Regular
4187,Karan Verma,karan.verma169@rediffmail.com,8899070946,Jaipur,Female,2024-07-02,VIP
4188,Ayaan Agarwal,ayaan.agarwal806@rediffmail.com,7644221581,Hyderabad,Male,2023-04-24,Premium
4189,Manish Mehta,manish.mehta490@yahoo.com,7159316220,Patna,Female,2022-11-29,Regular
4190,Vivaan Mehta,vivaan.mehta778@yahoo.com,7661172613,Indore,Female,2023-10-08,Regular
4191,Aadhya Reddy,aadhya.reddy107@outlook.com,7713470773,Nashik,Other,2022-07-20,VIP
4192,Anika Bansal,anika.bansal749@gmail.com,8151505659,Chennai,Male,2023-05-30,New
4193,Reyansh Joshi,reyansh.joshi233outlook.com,8223875686,Ludhiana,Male,2019-11-13,New
4194,Manish Iyer,manish.iyer715@hotmail.com,7777826774,Bhopal,Female,2021-07-13,Premium
4195,Meera Singh,meera.singh583@hotmail.com,9772713133,Kanpur,Female,2022-11-07,Premium
4196,Meera Rao,meera.rao334@yahoo.com,8238492554,Hyderabad,Other,2024-03-09,Premium
4197,Sai Sharma,sai.sharma64@yahoo.com,7554407697,Ludhiana,Other,2019-05-23,New
4198,,manish.pillai661@hotmail.com,9332287144, Jaipur ,Female,2022-05-15,VIP
4199,Arjun Iyer,arjun.iyer572@rediffmail.com,7654060006,Surat,Other,2020-05-01,Regular
4199,Arjun Iyer,arjun.iyer572@rediffmail.com,7654060006,Surat,Other,2020-05-01,Regular
4200,,aditya.singh304@yahoo.com,8756343387,Bhopal  ,Female,2022-07-06,VIP
4201,Anjali Mehta,anjali.mehta353@rediffmail.com,9411481588,Bhopal,Other,2020-09-05,VIP
4202,Sanjay Malhotra,sanjay.malhotra636@yahoo.com,7302022053,Hyderabad,Male,2021-01-17,Premium
4203,Rohan Nair,rohan.nair658@rediffmail.com,9255336620,Delhi,Other,2019-05-31,Premium
4204,Aditya Chopra,aditya.chopra484@rediffmail.com,7730380506,Lucknow,Female,2024-09-10,Regular
4205,Priya Gupta,priya.gupta377@yahoo.com,7723223615,Ahmedabad,Other,2021-07-08,Premium
4206,Ayaan Malhotra,ayaan.malhotra541@outlook.com,7342112114,Lucknow,Female,2019-11-25,New
4207,Meera Gupta,meera.gupta907@gmail.com,8301977435,Hyderabad,Other,2019-03-11,New
4208,Suresh Sharma,suresh.sharma707@rediffmail.com,8728828847,Chennai,Other,2020-06-22,Premium
4209,Divya Mehta,divya.mehta752@rediffmail.com,9074526808,Jaipur,Female,2024-04-21,Regular
4210,Ishaan Mehta,ishaan.mehta520@gmail.com,9149465906,Ludhiana,Female,2020-08-27,New
4211,Sanjay Malhotra,sanjay.malhotra922@hotmail.com,9135176930,Agra,Female,2021-10-12,New
4212,Ananya Desai,ananya.desai652@hotmail.com,9511552894,Nashik,Female,2019-11-15,New
4213,Ramesh Desai,ramesh.desai857gmail.com,8962328077,Chennai,Male,2022-11-12,VIP
4214,Vihaan Chopra,vihaan.chopra437@hotmail.com,77922772,Hyderabad,Male,2021-06-29,Premium
4215,Ananya Kumar,ananya.kumar426@rediffmail.com,7211259270,Chennai,Male,2024-03-29,Regular
4216,Divya Rao,divya.rao581@outlook.com,9691752877,Delhi,Male,2021-08-11,Premium
4217,Priya Nair,priya.nair764@gmail.com,9884831524,Lucknow,Other,2019-10-02,VIP
4218,Aditya Rao,aditya.rao195gmail.com,+91-7265179254,Bhopal,Other,2022-10-01,New
4219,Shreya Bhatt,shreya.bhatt864@rediffmail.com,7018570542,Chennai,Other,2019-10-07,Premium
4220,Pari Reddy,pari.reddy183@rediffmail.com,9199053,Indore,Female,2021-05-22,New
4221,Vivaan Nair,vivaan.nair75@outlook.com,7141350317,Chennai,Female,2019-02-05,VIP
4222,Ishaan Agarwal,ishaan.agarwal987@outlook.com,7038793361,Lucknow,Other,2020-01-20,Premium
4223,Divya Gupta,divya.gupta349@gmail.com,8416013497,Indore,Female,2023-05-30,New
4224,Ayaan Nair,ayaan.nair678@yahoo.com,7908017812,Delhi,Female,2020-07-13,Premium
4225,Myra Rao,myra.rao717@gmail.com,8238734115,Kolkata,Female,2020-08-04,New
4226,Ishaan Sharma,ishaan.sharma130@hotmail.com,9080816378,Ludhiana,Male,2021-06-19,New
4227,Rahul Kumar,rahul.kumar841@rediffmail.com,9569726,Surat,Male,2023-08-05,Regular
4228,Pari Bhatt,pari.bhatt141@gmail.com,7455169955,Vadodara,Male,2022-01-01,Regular
4229,Sunita Reddy,sunita.reddy806@yahoo.com,8257929489,Ahmedabad,Male,2024-04-14,Regular
4230,Ishaan Chopra,ishaan.chopra755@hotmail.com,7509729194,Patna,Male,2022-08-02,Regular
4231,Pari Bansal,pari.bansal207@rediffmail,8375893720,Ahmedabad,Other,2022-03-24,VIP
4232,Meera Rao,meera.rao132@gmail.com,7039751092,Agra,Other,2020-07-16,Premium
4233,Sanjay Sharma,sanjay.sharma582@outlook.com,7402893882,Nagpur,Female,2020-01-13,VIP
4234,Sneha Joshi,sneha.joshi282@hotmail.com,8753045250,Patna,Other,2021-08-14,VIP
4235,Ramesh Nair,ramesh.nair444@yahoo.com,8055458915,Lucknow,Other,2022-01-10,VIP
4236,Manish Bansal,manish.bansal541@hotmail.com,9513563,Patna,Other,2021-08-19,VIP
4237,Ayaan Chopra,ayaan.chopra577@yahoo.com,9499283170,Bengaluru,Other,2024-11-29,VIP
4238,Sai Rao,sai.rao582@yahoo.com,9264513590,Nagpur,Male,2020-03-09,Regular
4239,Manish Verma,manish.verma650@hotmail.com,8451484685,Agra,Female,2021-02-21,Premium
4240,Ishaan Pillai,ishaan.pillai378@outlook.com,81120778,Delhi,Female,2021-07-11,Premium
4241,Meera Desai,meera.desai412gmail.com,9961693085,Kanpur,Female,2024-05-12,New
4242,Suresh Kapoor,suresh.kapoor850@outlook.com,9150004630,Pune,Female,2024-09-18,Regular
4243,Divya Gupta,divya.gupta640@rediffmail.com,7574233575,Bengaluru,Male,2021-08-10,Premium
4244,Diya Desai,diya.desai811@yahoo.com,8309972567,Ahmedabad,Other,2023-10-03,VIP
4245,Sneha Agarwal,sneha.agarwal847@hotmail.com,7800088181,Ahmedabad,Male,2021-08-29,New
4246,,sai.desai280@gmail.com,8135651041,Mumbai  ,Male,2021-10-31,Regular
4247,Meera Bhatt,meera.bhatt550@hotmail.com,9987950803,Kolkata,Female,2024-07-05,Regular
4248,Deepak Reddy,deepak.reddy623@rediffmail.com,7254225354,Kanpur,Other,2024-12-13,Premium
4249,Ramesh Sharma,ramesh.sharma683@yahoo.com,9205669609,Bengaluru,Other,2021-01-25,VIP
4250,Suresh Kumar,suresh.kumar130@yahoo.com,9749449323,Bhopal,Female,2023-07-13,Premium
4251,Aarav Kapoor,aarav.kapoor510@rediffmail.com,8352028762,Agra,Male,2019-03-09,New
4252,Ananya Kapoor,ananya.kapoor734@hotmail.com,9385013024,Nashik,Female,2020-03-11,Regular
4253,Saanvi Reddy,saanvi.reddy328@rediffmail.com,9502145369,Vadodara,Male,2023-05-29,Premium
4254,Myra Rao,myra.rao286@yahoo.com,9021712441,Kolkata,Female,2019-10-17,Premium
4255,Ishaan Singh,ishaan.singh905@outlook.com,8583105020,Mumbai,Female,2023-12-17,Regular
4256,Kavya Kapoor,kavya.kapoor421@rediffmail.com,9323991358,Lucknow,Other,2024-03-21,New
4257,Amit Gupta,amit.gupta886@gmail.com,8766964816,Hyderabad,Male,2022-01-13,VIP
4258,Divya Singh,divya.singh231@yahoo.com,9301768890,Lucknow,Other,2022-01-23,New
4259,Rohan Nair,rohan.nair473@gmail.com,8885267381,Mumbai,Female,2023-09-19,New
4260,Shreya Verma,shreya.verma643@outlook.com,7344052855,Bengaluru,Male,2021-11-03,VIP
4261,Kavya Kapoor,kavya.kapoor851@rediffmail.com,7666168994,Surat,Male,2022-08-31,Regular
4262,Vihaan Nair,vihaan.nair556@yahoo.com,8923135260,Vadodara,Male,2019-10-16,VIP
4263,Suresh Bhatt,suresh.bhatt146outlook.com,9415309320,Patna,Other,2021-09-17,Regular
4264,Amit Mehta,amit.mehta444@hotmail.com,99104101,Agra,Female,2020-08-20,Regular
4265,Isha Chopra,isha.chopra700@outlook.com,8068972860,Hyderabad,Male,2022-07-30,VIP
4266,Vivaan Pillai,vivaan.pillai752@outlook.com,7486391318,Indore,Other,2019-06-06,Premium
4267,Myra Reddy,myra.reddy65yahoo.com,9192737868,Bhopal,Male,2019-12-24,Premium
4268,Sneha Iyer,sneha.iyer457@outlook.com,8299984937,Nashik,Female,2022-07-25,VIP
4269,Pari Sharma,pari.sharma602@outlook.com,9749173534,Lucknow,Male,2021-02-28,VIP
4270,Priya Verma,priya.verma25@yahoo.com,7226131653,Kanpur,Other,2023-05-10,Premium
4271,Anika Gupta,anika.gupta572@rediffmail.com,7199395404,Mumbai,Other,2019-04-25,VIP
4272,Ananya Bhatt,ananya.bhatt74@gmail.com,8281621191,Kolkata,Male,2019-11-04,Regular
4273,Sunita Verma,sunita.verma603@hotmail.com,9280332801,Hyderabad,Female,2022-11-06,Regular
4274,Suresh Agarwal,suresh.agarwal475@yahoo.com,9088246093,Mumbai,Female,2024-12-30,New
4275,Karan Rao,karan.rao389@outlook.com,9760320291,Bengaluru,Male,2022-03-31,Regular
4276,Sanjay Bhatt,sanjay.bhatt148@hotmail.com,+91-7378619233,Ludhiana,Other,2021-11-08,Regular
4277,Manish Malhotra,manish.malhotra639@yahoo.com,8025970612,Ludhiana,Other,2023-03-26,Regular
4278,Kritika Iyer,kritika.iyer955@hotmail.com,+91-8967877606,Lucknow,Female,2022-06-28,VIP
4279,Kavya Mehta,kavya.mehta507@yahoo.com,8021167401,Ahmedabad,Other,2022-11-14,Regular
4280,Kritika Agarwal,kritika.agarwal549@outlook.com,7506250789,Kolkata,Other,2019-06-11,New
4281,Ayaan Iyer,ayaan.iyer904@rediffmail.com,7165462430,Kolkata,Other,2021-09-06,Regular
4282,Manish Nair,manish.nair868@rediffmail.com,8831504154,Vadodara,Male,2023-11-01,New
4283,Sunita Kumar,sunita.kumar619yahoo.com,8095199918,Mumbai,Male,2022-07-27,VIP
4284,Neha Reddy,neha.reddy284@outlook.com,8401082811,Mumbai,Male,2020-11-06,Regular
4285,Deepak Malhotra,deepak.malhotra778@outlook.com,9993236918,Mumbai,Male,2020-12-26,Regular
4286,Ramesh Nair,ramesh.nair862@rediffmail.com,8840192645,Ludhiana,Female,2020-08-13,Regular
4287,Suresh Patel,suresh.patel414@outlook.com,9656265998,Bengaluru,Other,2024-01-14,Regular
4288,Sanjay Agarwal,sanjay.agarwal259@yahoo,7489385409,Ludhiana,Other,2019-01-04,VIP
4289,Vivaan Mehta,vivaan.mehta213rediffmail.com,9570486444,Nashik,Male,2022-01-27,Premium
4290,Meera Pillai,meera.pillai317@rediffmail.com,9108105426,Kolkata,Other,2023-09-22,VIP
4291,Meera Malhotra,meera.malhotra64@yahoo.com,8447483678,Kanpur,Other,2020-03-18,Premium
4292,Sai Desai,sai.desai802@outlook.com,8169801740,Surat,Other,2022-12-29,Premium
4293,Vihaan Gupta,vihaan.gupta729@rediffmail.com,9044156619,Bhopal,Female,2024-05-25,Regular
4293,Vihaan Gupta,vihaan.gupta729@rediffmail.com,9044156619,Bhopal,Female,2024-05-25,Regular
4294,,rahul.chopra22@yahoo.com,9327185926, Ludhiana ,Male,2021-12-27,Premium
4295,Pooja Singh,pooja.singh369@rediffmail.com,7864553967,Ludhiana,Female,2019-12-01,Premium
4296,Saanvi Sharma,saanvi.sharma273@gmail.com,715498013,Vadodara,Female,2020-07-03,VIP
4297,Sneha Joshi,sneha.joshi545@outlook.com,7091171517,Pune,Male,2020-07-19,New
4298,Aadhya Bhatt,aadhya.bhatt656@outlook.com,7136492807,Bengaluru,Other,2019-06-09,Premium
4299,Riya Bansal,riya.bansal160@gmail.com,8044521392,Nashik,Female,2019-02-11,VIP
4300,Diya Verma,diya.verma361@gmail.com,7079019989,Surat,Female,2020-07-07,Regular
4301,Neha Reddy,neha.reddy827@outlook.com,8332485935,Bhopal,Female,2024-07-15,New
4302,Anika Kumar,anika.kumar253@rediffmail.com,8155109903,Ludhiana,Female,2024-09-30,VIP
4303,Myra Chopra,myra.chopra837@hotmail.com,7823698360,Ludhiana,Female,2023-12-22,VIP
4304,Aarav Verma,aarav.verma300@rediffmail.com,7120042569,Nagpur,Male,2019-12-12,Regular
4305,Amit Agarwal,amit.agarwal139@yahoo.com,+91-8716341147,Pune,Female,2023-11-07,VIP
4306,Diya Mehta,diya.mehta650@hotmail.com,9595145117,Lucknow,Male,2023-07-27,Regular
4307,Kritika Mehta,kritika.mehta696@yahoo.com,9854688948,Kolkata,Male,2022-02-24,New
4308,Ayaan Joshi,ayaan.joshi842@rediffmail.com,8120023944,Agra,Female,2023-11-06,VIP
4309,Kritika Kapoor,kritika.kapoor789@hotmail.com,9320065899,Bhopal,Other,2020-03-12,New
4310,Sai Singh,sai.singh983@hotmail.com,7264639788,Nagpur,Female,2020-08-12,Regular
4311,Priya Nair,priya.nair189@gmail,9800523550,Indore,Male,2024-08-18,Regular
4312,Reyansh Nair,reyansh.nair111@hotmail.com,8193023383,Pune,Other,2021-12-03,New
4313,Suresh Iyer,suresh.iyer382@rediffmail.com,8555407182,Nashik,Other,2022-04-04,VIP
4314,Karan Gupta,karan.gupta151@outlook.com,8279597568,Jaipur,Female,2021-01-11,Regular
4315,Krishna Bhatt,krishna.bhatt777@gmail.com,9266732103,Ahmedabad,Female,2023-11-14,Regular
4316,Vivaan Pillai,vivaan.pillai533@yahoo.com,9405013388,Bengaluru,Female,2022-01-01,VIP
4317,Aditya Reddy,aditya.reddy654@hotmail.com,8537705962,Bhopal,Other,2022-02-14,Premium
4318,Priya Malhotra,priya.malhotra757@yahoo.com,8241304,Ahmedabad,Other,2024-01-14,VIP
4319,Rohan Joshi,rohan.joshi422@gmail.com,8871924919,Bhopal,Male,2022-09-01,Regular
4320,Deepak Mehta,deepak.mehta471@rediffmail,9715651440,Hyderabad,Male,2020-04-29,VIP
4321,Anika Pillai,anika.pillai574@hotmail.com,8463793841,Chennai,Male,2019-12-11,VIP
4322,Ayaan Chopra,ayaan.chopra120@rediffmail.com,7854723805,Ludhiana,Female,2024-08-09,New
4323,Rahul Patel,rahul.patel642@rediffmail.com,8895794584,Nagpur,Other,2023-11-20,New
4324,Isha Bhatt,isha.bhatt251@rediffmail.com,7807368148,Bengaluru,Other,2020-08-19,Regular
4325,Nikhil Pillai,nikhil.pillai741@yahoo.com,8656444517,Mumbai,Female,2020-06-04,Regular
4326,Pooja Verma,pooja.verma274@hotmail,8340694753,Vadodara,Other,2022-07-29,Regular
4327,Ishaan Gupta,ishaan.gupta473@hotmail.com,8937524062,Kolkata,Male,2019-04-28,New
4328,Aadhya Verma,aadhya.verma2@rediffmail.com,8783618875,Ahmedabad,Male,2021-07-10,VIP
4329,Isha Agarwal,isha.agarwal807@outlook.com,8785961034,Delhi,Other,2021-05-26,Regular
4330,Isha Bhatt,isha.bhatt907@hotmail.com,7505147339,Ahmedabad,Female,2024-09-12,Regular
4331,Sanjay Agarwal,sanjay.agarwal968@hotmail.com,7124426563,Delhi,Male,2022-01-22,Regular
4332,Meera Chopra,meera.chopra74@outlook.com,9628275286,Jaipur,Other,2019-01-06,VIP
4333,Ishaan Pillai,ishaan.pillai306@rediffmail.com,8668410102,Ludhiana,Other,2019-03-19,New
4334,Ayaan Agarwal,ayaan.agarwal436@gmail.com,7419698333,Nashik,Male,2023-10-12,Premium
4335,Ananya Bhatt,ananya.bhatt429@yahoo.com,9124213998,Mumbai,Other,2021-07-21,VIP
4335,Ananya Bhatt,ananya.bhatt429@yahoo.com,9124213998,Mumbai,Other,2021-07-21,VIP
4336,,anika.bhatt711@rediffmail,9941551618,Hyderabad  ,Male,2020-04-20,VIP
4337,Manish Chopra,manish.chopra864@yahoo.com,7062739848,Chennai,Other,2023-12-04,Premium
4338,Priya Iyer,priya.iyer27@yahoo.com,8396372424,Bhopal,Female,2020-07-29,New
4339,Meera Joshi,meera.joshi600@rediffmail.com,8006891653,Bhopal,Female,2024-02-11,Regular
4340,Sneha Nair,sneha.nair137@gmail.com,7578498978,Bengaluru,Female,2020-10-09,Regular
4341,Sneha Agarwal,sneha.agarwal585@hotmail.com,9174392668,Lucknow,Other,2023-05-19,New
4342,Myra Nair,myra.nair435@rediffmail.com,7367044806,Nashik,Male,2022-08-18,New
4343,Aarav Iyer,aarav.iyer776@outlook.com,9786297596,Indore,Male,2024-12-28,VIP
4344,Reyansh Kapoor,reyansh.kapoor288@outlook.com,9040504026,Jaipur,Other,2019-01-23,VIP
4345,Rohan Joshi,rohan.joshi883@yahoo.com,8302119530,Nashik,Male,2022-11-06,New
4346,Priya Joshi,priya.joshi12@rediffmail.com,8430873164,Nagpur,Male,2021-09-06,Regular
4347,Manish Rao,manish.rao978@rediffmail.com,9717383358,Lucknow,Female,2021-09-23,Regular
4348,Ayaan Chopra,ayaan.chopra265@gmail.com,7702029147,Kanpur,Male,2021-11-08,Premium
4349,Vivaan Bansal,vivaan.bansal264@hotmail.com,8682633324,Vadodara,Male,2020-01-04,Regular
4350,Karan Bansal,karan.bansal892@yahoo.com,9012227735,Hyderabad,Male,2021-04-17,VIP
4351,Ananya Singh,ananya.singh85hotmail.com,9876409359,Delhi,Female,2023-07-14,Premium
4352,Kritika Bansal,kritika.bansal984@yahoo.com,8466108142,Bengaluru,Male,2019-10-04,VIP
4353,Amit Joshi,amit.joshi512@hotmail.com,7121516648,Patna,Male,2022-09-30,Regular
4354,Riya Pillai,riya.pillai812@outlook.com,7537268266,Patna,Other,2019-06-04,Premium
4355,Manish Chopra,manish.chopra241hotmail.com,942045264,Lucknow,Female,2019-05-31,Premium
4356,Riya Pillai,riya.pillai290@yahoo.com,7699125852,Indore,Female,2021-04-29,Regular
4357,Aadhya Iyer,aadhya.iyer888@outlook.com,9816398234,Mumbai,Other,2020-02-29,New
4358,Anika Gupta,anika.gupta173@yahoo.com,7379871270,Lucknow,Other,2022-03-30,VIP
4359,Rahul Gupta,rahul.gupta669@outlook.com,+91-7051088130,Kanpur,Female,2020-05-08,Regular
4360,Anjali Desai,anjali.desai944@rediffmail.com,8544478425,Hyderabad,Other,2022-05-20,New
4361,Sanjay Chopra,sanjay.chopra8@yahoo.com,7109048989,Jaipur,Other,2020-07-20,VIP
4362,Krishna Kumar,krishna.kumar392@hotmail.com,8077359145,Bengaluru,Male,2021-02-16,Regular
4363,Anjali Bhatt,anjali.bhatt713@gmail.com,7147641979,Kolkata,Female,2023-07-03,VIP
4364,Isha Iyer,isha.iyer264@rediffmail.com,7378743466,Hyderabad,Other,2023-07-14,Regular
4365,Ayaan Chopra,ayaan.chopra903@yahoo.com,8368355105,Lucknow,Other,2019-02-21,New
4366,Karan Nair,karan.nair50@yahoo.com,7504582738,Mumbai,Other,2021-08-26,Regular
4367,Anjali Malhotra,anjali.malhotra718@rediffmail.com,8486985756,Hyderabad,Other,2020-08-10,New
4368,Kavya Pillai,kavya.pillai63@rediffmail.com,9703245442,Nashik,Other,2019-06-17,VIP
4369,Saanvi Singh,saanvi.singh972@rediffmail.com,9317508258,Delhi,Male,2024-08-17,Premium
4370,Manish Kumar,manish.kumar578@gmail.com,8346538706,Surat,Male,2021-01-11,Premium
4371,Priya Mehta,priya.mehta303@yahoo.com,7464311922,Ludhiana,Female,2021-05-24,Premium
4372,Deepak Verma,deepak.verma42@rediffmail.com,9928884828,Bengaluru,Female,2024-01-09,VIP
4373,Vivaan Singh,vivaan.singh125@rediffmail.com,7036297691,Indore,Male,2023-12-11,Regular
4374,Divya Malhotra,divya.malhotra947@yahoo.com,8122081022,Nashik,Female,2022-09-19,Premium
4375,Myra Mehta,myra.mehta624@hotmail.com,9217376920,Surat,Male,2021-10-08,Regular
4376,Aarav Gupta,aarav.gupta624@yahoo.com,9237375191,Lucknow,Other,2022-01-31,VIP
4377,Aarav Gupta,aarav.gupta927@rediffmail.com,9982265437,Pune,Male,2023-06-21,New
4378,Isha Verma,isha.verma622yahoo.com,8441463460,Surat,Female,2022-10-07,Regular
4379,Manish Pillai,manish.pillai354@outlook.com,7590919710,Patna,Male,2021-01-01,Premium
4380,Rohan Pillai,rohan.pillai630@hotmail.com,7732342921,Kolkata,Female,2021-06-25,Premium
4381,Sai Patel,sai.patel619@gmail.com,7184031153,Nagpur,Other,2019-11-24,Premium
4382,Aadhya Chopra,aadhya.chopra200@outlook.com,7158518001,Pune,Female,2023-02-07,Premium
4383,Divya Agarwal,divya.agarwal985@hotmail.com,8881784543,Chennai,Female,2022-01-20,VIP
4384,Rahul Verma,rahul.verma669@rediffmail.com,8919888384,Surat,Other,2023-03-12,VIP
4385,Sai Joshi,sai.joshi689@yahoo.com,9025997982,Vadodara,Female,2019-06-04,Regular
4386,Neha Sharma,neha.sharma569@rediffmail.com,+91-7536114962,Delhi,Other,2023-03-05,New
4387,Priya Verma,priya.verma192@gmail.com,7045225035,Hyderabad,Male,2023-06-16,VIP
4388,Vihaan Mehta,vihaan.mehta151@yahoo.com,7763869499,Bengaluru,Other,2020-04-15,New
4389,Sunita Malhotra,sunita.malhotra136@yahoo.com,9369833380,Jaipur,Other,2022-03-30,Regular
4390,Ishaan Nair,ishaan.nair896@hotmail.com,8797527865,Agra,Male,2024-06-13,Premium
4391,Amit Chopra,amit.chopra156@gmail.com,8086231753,Indore,Male,2024-02-05,VIP
4392,Deepak Sharma,deepak.sharma859@hotmail.com,9598614434,Kolkata,Female,2024-12-17,Regular
4393,Anjali Bansal,anjali.bansal496@rediffmail.com,7336780923,Bhopal,Female,2020-05-19,Regular
4394,Isha Kumar,isha.kumar102@gmail.com,7447895036,Ahmedabad,Other,2024-04-12,New
4395,Pari Agarwal,pari.agarwal580@yahoo.com,8262944253,Vadodara,Other,2020-04-09,Regular
4396,Anjali Kapoor,anjali.kapoor503@hotmail.com,8413928123,Delhi,Female,2021-10-15,Regular
4397,Kritika Reddy,kritika.reddy502@hotmail.com,8307624737,Vadodara,Female,2022-06-17,VIP
4398,Meera Kapoor,meera.kapoor124@outlook.com,9907220301,Indore,Male,2022-06-28,Premium
4399,Saanvi Singh,saanvi.singh857@hotmail.com,9421128751,Vadodara,Other,2023-02-26,Regular
4400,Pari Nair,pari.nair502@gmail.com,8618734683,Agra,Male,2022-06-04,VIP
4401,Kavya Rao,kavya.rao557@yahoo.com,9090945315,Jaipur,Male,2020-12-15,VIP
4402,Nikhil Reddy,nikhil.reddy223@gmail.com,7984037689,Bengaluru,Male,2023-10-20,Premium
4403,Isha Joshi,isha.joshi995@rediffmail.com,972621558,Hyderabad,Female,2022-07-24,Regular
4404,Arjun Iyer,arjun.iyer925@outlook.com,8571023228,Bengaluru,Other,2020-10-31,Premium
4405,,saanvi.joshi156@yahoo.com,8673904604,Kolkata  ,Male,2019-01-26,VIP
4406,Shreya Pillai,shreya.pillai318@rediffmail,9977838760,Kolkata,Female,2020-01-11,VIP
4407,Kavya Desai,kavya.desai229@rediffmail.com,9981377328,Patna,Female,2021-05-19,Premium
4408,Aadhya Bhatt,aadhya.bhatt262@outlook.com,8078874574,Lucknow,Other,2020-07-15,Regular
4409,Anjali Agarwal,anjali.agarwal776@rediffmail.com,7218492030,Lucknow,Male,2022-11-05,Regular
4410,Amit Reddy,amit.reddy214@hotmail.com,8385168599,Patna,Male,2021-02-25,New
4411,Kavya Rao,kavya.rao71@hotmail.com,9695119297,Jaipur,Male,2024-10-09,Premium
4412,Sanjay Verma,sanjay.verma126@hotmail.com,9699616271,Hyderabad,Male,2022-02-28,VIP
4413,Ramesh Desai,ramesh.desai771@outlook.com,9234561135,Delhi,Female,2024-01-13,New
4414,Aditya Singh,aditya.singh883@outlook.com,7770236277,Patna,Female,2021-06-19,VIP
4415,Rahul Desai,rahul.desai684@hotmail.com,8994342378,Ludhiana,Female,2021-05-04,Premium
4416,Sanjay Joshi,sanjay.joshi336@rediffmail.com,7865333148,Jaipur,Male,2024-04-24,New
4417,Anika Verma,anika.verma987@gmail.com,9690162571,Nagpur,Other,2022-03-28,VIP
4418,Ishaan Mehta,ishaan.mehta237hotmail.com,9324142721,Lucknow,Female,2020-10-06,VIP
4419,Karan Chopra,karan.chopra168@hotmail.com,9997869566,Ahmedabad,Female,2022-08-05,New
4420,Ishaan Bhatt,ishaan.bhatt946@rediffmail.com,8991888350,Lucknow,Female,2021-05-29,New
4421,Ananya Chopra,ananya.chopra596@hotmail.com,83008715,Chennai,Male,2020-03-08,Premium
4422,Manish Nair,manish.nair406@gmail.com,8001425993,Kanpur,Male,2019-02-16,Regular
4423,Reyansh Rao,reyansh.rao969@yahoo,7936438572,Ludhiana,Other,2021-03-16,VIP
4424,Krishna Rao,krishna.rao110@outlook.com,8436329394,Patna,Female,2020-10-08,Regular
4425,Isha Sharma,isha.sharma690@gmail.com,8642195494,Indore,Male,2022-11-10,Premium
4426,Neha Rao,neha.rao978@outlook.com,7624146005,Chennai,Male,2019-09-02,Premium
4427,Aarav Pillai,aarav.pillai979@outlook.com,8643096042,Jaipur,Other,2022-11-10,VIP
4428,Pari Agarwal,pari.agarwal110@hotmail.com,+91-9031759740,Vadodara,Male,2019-06-28,Regular
4429,Vivaan Mehta,vivaan.mehta93@outlook.com,7970283532,Agra,Male,2019-09-19,New
4430,Divya Reddy,divya.reddy274@gmail.com,9039448554,Hyderabad,Female,2022-05-17,Premium
4431,Priya Verma,priya.verma500@hotmail.com,8484852103,Pune,Other,2024-05-18,New
4432,Ramesh Joshi,ramesh.joshi756@hotmail.com,+91-9979377013,Vadodara,Male,2019-08-03,Premium
4433,Divya Chopra,divya.chopra580@outlook.com,9988343122,Indore,Other,2020-12-04,New
4434,Neha Bhatt,neha.bhatt654@yahoo.com,9025361208,Kolkata,Female,2022-11-15,Regular
4435,Reyansh Desai,reyansh.desai709@gmail.com,8444277730,Bhopal,Male,2021-04-05,New
4436,Deepak Bhatt,deepak.bhatt125@rediffmail,8770973607,Chennai,Male,2020-07-06,Regular
4437,Sai Agarwal,sai.agarwal56@yahoo.com,9212774988,Agra,Female,2019-11-19,Premium
4438,Sai Joshi,sai.joshi471@hotmail.com,9819752963,Jaipur,Male,2021-01-28,Regular
4439,Sai Rao,sai.rao334@hotmail.com,7537990731,Indore,Female,2024-02-20,VIP
4440,Diya Sharma,diya.sharma175@yahoo.com,7779357957,Jaipur,Male,2022-05-19,Regular
4441,Riya Mehta,riya.mehta430@yahoo.com,8333660021,Mumbai,Female,2022-06-11,VIP
4442,Rahul Verma,rahul.verma100@yahoo.com,+91-9317691422,Surat,Female,2021-05-03,Regular
4443,Diya Bansal,diya.bansal30@hotmail.com,8732604060,Vadodara,Other,2023-11-11,Premium
4444,Krishna Bansal,krishna.bansal533@yahoo.com,8037925541,Vadodara,Male,2023-02-21,VIP
4445,Sneha Nair,sneha.nair719@outlook.com,7959717507,Nagpur,Male,2020-12-20,VIP
4446,Kavya Iyer,kavya.iyer358@hotmail.com,9907260439,Ahmedabad,Other,2019-02-25,Premium
4447,Saanvi Rao,saanvi.rao919@yahoo.com,9193440033,Ludhiana,Female,2019-05-09,VIP
4448,Suresh Mehta,suresh.mehta44@yahoo.com,9639976338,Nashik,Female,2024-06-15,VIP
4449,Amit Agarwal,amit.agarwal75@rediffmail.com,8478831172,Delhi,Male,2022-02-17,VIP
4450,Nikhil Kapoor,nikhil.kapoor12@hotmail.com,+91-9577158973,Delhi,Female,2023-05-25,New
4451,Arjun Chopra,arjun.chopra611@rediffmail.com,9237937669,Hyderabad,Female,2022-06-25,Premium
4452,Riya Pillai,riya.pillai635@hotmail.com,7257268681,Ludhiana,Male,2021-01-02,Premium
4452,Riya Pillai,riya.pillai635@hotmail.com,7257268681,Ludhiana,Male,2021-01-02,Premium
4453,,rohan.bhatt424@yahoo.com,9995817483,JAIPUR,Other,2022-04-24,Regular
4454,Neha Desai,neha.desai718@yahoo.com,8485549888,Bhopal,Male,2024-09-14,New
4455,Riya Chopra,riya.chopra42@rediffmail.com,9183681610,Nagpur,Female,2019-05-06,New
4456,Kavya Pillai,kavya.pillai490@outlook.com,7806002754,Bhopal,Male,2022-09-21,New
4457,Sai Sharma,sai.sharma787@hotmail.com,7087385794,Agra,Other,2023-08-14,Premium
4458,Rahul Agarwal,rahul.agarwal876@gmail.com,7412686971,Pune,Female,2024-09-15,Premium
4459,Riya Rao,riya.rao420@yahoo.com,7746268718,Agra,Male,2021-12-16,Regular
4460,Vivaan Rao,vivaan.rao654@hotmail.com,8396394290,Chennai,Male,2023-12-03,New
4461,Sneha Kumar,sneha.kumar280@hotmail.com,9256210666,Patna,Other,2021-02-12,VIP
4462,Sunita Rao,sunita.rao172@rediffmail.com,7770348086,Hyderabad,Female,2019-07-17,VIP
4463,Isha Chopra,isha.chopra902@outlook,7656008527,Indore,Other,2023-09-15,New
4464,Neha Desai,neha.desai578@rediffmail.com,9615279198,Bhopal,Female,2019-10-04,VIP
4465,Sneha Patel,sneha.patel755@gmail.com,7578526169,Pune,Other,2024-12-22,Premium
4466,Rahul Pillai,rahul.pillai321@rediffmail.com,9267169233,Lucknow,Female,2024-12-14,Premium
4467,Riya Kapoor,riya.kapoor256@outlook.com,7776465916,Bhopal,Female,2020-01-24,Regular
4468,Amit Verma,amit.verma553@outlook.com,9793827746,Kolkata,Female,2019-01-05,VIP
4469,Pooja Bhatt,pooja.bhatt422@gmail.com,8663613753,Lucknow,Female,2023-10-15,Regular
4470,Suresh Verma,suresh.verma99@rediffmail.com,7195950125,Mumbai,Other,2023-07-18,VIP
4471,Pooja Mehta,pooja.mehta11@gmail.com,9065229825,Kolkata,Male,2024-03-25,Regular
4472,Kritika Chopra,kritika.chopra737@outlook.com,7165525433,Hyderabad,Female,2020-01-04,Premium
4473,Manish Malhotra,manish.malhotra162@hotmail.com,7834691165,Vadodara,Female,2023-03-01,Premium
4474,,vivaan.bansal696@hotmail.com,7528604502,bhopal,Female,2022-05-30,VIP
4475,Kritika Iyer,kritika.iyer324@gmail.com,9739736012,Delhi,Other,2023-10-20,Regular
4476,Sai Pillai,sai.pillai928@yahoo.com,9810966398,Kanpur,Male,2023-05-31,Regular
4477,Divya Iyer,divya.iyer618@rediffmail.com,75077431,Agra,Other,2019-06-23,New
4478,Nikhil Singh,nikhil.singh285@hotmail.com,7983569016,Jaipur,Male,2021-09-06,New
4479,Meera Bansal,meera.bansal201@yahoo.com,924625038,Kanpur,Other,2023-11-23,VIP
4480,Ananya Bhatt,ananya.bhatt116@yahoo.com,7439545712,Agra,Female,2020-02-22,Premium
4481,Rahul Sharma,rahul.sharma719@gmail.com,9739786467,Nashik,Male,2019-08-28,New
4482,Manish Iyer,manish.iyer745@rediffmail.com,8554216801,Bhopal,Male,2023-07-03,New
4483,Rahul Patel,rahul.patel841@gmail.com,7807314880,Ahmedabad,Male,2021-09-10,VIP
4484,Amit Sharma,amit.sharma506@outlook.com,9407886129,Vadodara,Female,2023-03-21,Regular
4485,Riya Gupta,riya.gupta811@rediffmail.com,9449345542,Ludhiana,Female,2024-08-15,VIP
4486,Manish Mehta,manish.mehta539@yahoo.com,7901868305,Surat,Other,2024-04-18,Regular
4487,Rahul Singh,rahul.singh563@hotmail.com,7934205059,Indore,Male,2022-02-21,Premium
4488,Shreya Bhatt,shreya.bhatt849@gmail.com,8293020385,Chennai,Female,2019-10-17,Premium
4489,Krishna Rao,krishna.rao881@gmail.com,98233294,Agra,Other,2023-05-31,VIP
4490,Deepak Kumar,deepak.kumar962@yahoo.com,7904605590,Nagpur,Male,2022-03-14,New
4490,Deepak Kumar,deepak.kumar962@yahoo.com,7904605590,Nagpur,Male,2022-03-14,New
4491,,vivaan.verma138@yahoo.com,8451847427,nagpur,Female,2019-09-07,New
4492,Neha Bansal,neha.bansal574@rediffmail.com,7150654559,Surat,Female,2019-01-10,New
4493,Saanvi Chopra,saanvi.chopra341@gmail.com,8229339308,Nagpur,Other,2019-01-18,New
4494,Deepak Nair,deepak.nair122@gmail.com,9174134070,Delhi,Male,2022-05-17,New
4495,Ishaan Kumar,ishaan.kumar572@hotmail,9717596203,Lucknow,Female,2023-04-12,Regular
4496,Manish Mehta,manish.mehta219@hotmail.com,8164527910,Bengaluru,Male,2022-09-30,New
4497,Ramesh Malhotra,ramesh.malhotra629@gmail.com,7650072302,Vadodara,Female,2019-03-25,Premium
4498,Deepak Desai,deepak.desai230@rediffmail.com,9690184313,Agra,Male,2023-01-13,Premium
4499,Aarav Singh,aarav.singh471@gmail.com,7862666431,Vadodara,Male,2022-11-10,New
4500,Divya Kumar,divya.kumar903@rediffmail.com,9324705196,Hyderabad,Female,2019-04-19,Regular
4501,Neha Rao,neha.rao5@yahoo.com,7728996492,Nagpur,Other,2023-11-08,Premium
4502,Rahul Desai,rahul.desai977outlook.com,7222973291,Bengaluru,Male,2019-02-03,Regular
4503,Anika Patel,anika.patel535@rediffmail.com,+91-7582540501,Nagpur,Female,2023-01-17,VIP
4504,Riya Mehta,riya.mehta861@outlook.com,7249456182,Mumbai,Male,2019-12-04,New
4505,Sunita Verma,sunita.verma500@rediffmail.com,7588045733,Indore,Male,2023-06-18,Premium
4506,Ananya Reddy,ananya.reddy852@outlook.com,9899297964,Pune,Other,2019-01-02,New
4507,Myra Rao,myra.rao555@gmail.com,8497061973,Pune,Male,2022-01-27,Regular
4508,Pari Nair,pari.nair325@rediffmail.com,8803204351,Kolkata,Female,2019-09-22,New
4509,Aarav Nair,aarav.nair22@hotmail.com,8245006250,Jaipur,Female,2024-01-27,New
4510,Anjali Patel,anjali.patel425@gmail.com,7858020672,Jaipur,Other,2024-12-17,Regular
4511,Kritika Kumar,kritika.kumar327@outlook.com,9076801378,Hyderabad,Female,2024-04-30,VIP
4512,Kavya Nair,kavya.nair784@outlook.com,9388564746,Agra,Female,2021-08-31,New
4513,Sai Gupta,sai.gupta14@rediffmail.com,8691694567,Agra,Male,2023-06-04,New
4514,Myra Agarwal,myra.agarwal253@outlook.com,9026782516,Bengaluru,Female,2023-07-31,Premium
4515,Neha Bhatt,neha.bhatt519@rediffmail.com,7378970214,Vadodara,Female,2019-08-31,New
4516,Rohan Agarwal,rohan.agarwal12@hotmail.com,7914353912,Lucknow,Other,2024-12-12,Regular
4517,Aditya Agarwal,aditya.agarwal996@gmail.com,7672228065,Hyderabad,Other,2020-11-14,Regular
4518,Ishaan Patel,ishaan.patel673outlook.com,9584200183,Surat,Female,2021-01-30,Regular
4519,Ananya Mehta,ananya.mehta947@rediffmail.com,7532945500,Indore,Male,2019-10-18,Regular
4520,Kritika Kumar,kritika.kumar641@gmail.com,7105559961,Indore,Female,2020-06-01,Regular
4521,Anjali Iyer,anjali.iyer248@rediffmail.com,8440326689,Delhi,Other,2023-02-26,Premium
4522,Aadhya Nair,aadhya.nair729@hotmail.com,9258530126,Bengaluru,Other,2023-07-03,Regular
4523,Sneha Singh,sneha.singh199@yahoo.com,7552459426,Bhopal,Female,2020-03-24,Regular
4524,Kavya Reddy,kavya.reddy660@rediffmail.com,7012362455,Jaipur,Male,2022-02-17,VIP
4525,Meera Agarwal,meera.agarwal370hotmail.com,7165134946,Pune,Female,2019-12-14,Premium
4526,Karan Malhotra,karan.malhotra90@rediffmail.com,8061413197,Kanpur,Female,2019-09-30,Regular
4526,Karan Malhotra,karan.malhotra90@rediffmail.com,8061413197,Kanpur,Female,2019-09-30,Regular
4527,,anjali.nair557@yahoo.com,7152259081,NAGPUR,Female,2023-04-09,Premium
4528,Amit Bansal,amit.bansal712@outlook.com,9520542644,Agra,Female,2019-04-15,VIP
4529,Vihaan Verma,vihaan.verma73@hotmail.com,9772966102,Ludhiana,Female,2021-10-26,Premium
4530,Anjali Verma,anjali.verma262@gmail.com,7691333673,Chennai,Other,2020-09-15,Regular
4531,Diya Mehta,diya.mehta417@gmail.com,7414758471,Hyderabad,Male,2021-07-15,Regular
4532,Rohan Patel,rohan.patel85@yahoo.com,8768022631,Ahmedabad,Male,2019-01-17,Premium
4533,Sunita Mehta,sunita.mehta443@outlook.com,9428128780,Surat,Female,2024-11-21,New
4534,Deepak Agarwal,deepak.agarwal731@rediffmail.com,8808155417,Nagpur,Other,2023-12-11,New
4535,Neha Kapoor,neha.kapoor208@rediffmail.com,8618225165,Ludhiana,Other,2021-03-17,Premium
4536,Arjun Pillai,arjun.pillai33@gmail.com,7184076674,Hyderabad,Other,2022-03-28,Premium
4537,Ayaan Gupta,ayaan.gupta887@hotmail.com,7663622708,Nagpur,Female,2021-11-22,New
4538,Arjun Pillai,arjun.pillai834@gmail.com,+91-8327800458,Kanpur,Male,2020-11-28,Regular
4539,Aarav Patel,aarav.patel102@gmail.com,9619886213,Nagpur,Other,2020-12-22,Regular
4540,Arjun Malhotra,arjun.malhotra267@gmail.com,9233104760,Ludhiana,Other,2021-10-19,VIP
4541,Suresh Malhotra,suresh.malhotra537@hotmail.com,7198811312,Bengaluru,Male,2023-10-15,Regular
4542,Arjun Pillai,arjun.pillai455@rediffmail.com,7127095384,Vadodara,Male,2023-05-23,VIP
4543,Anjali Gupta,anjali.gupta909@rediffmail.com,7761099309,Lucknow,Male,2021-08-21,VIP
4544,Reyansh Joshi,reyansh.joshi591@yahoo.com,9024371374,Jaipur,Female,2021-10-17,Regular
4545,Sunita Verma,sunita.verma423@outlook.com,7418068720,Mumbai,Other,2019-12-30,New
4546,Pari Sharma,pari.sharma295@outlook.com,7441064573,Agra,Other,2019-12-15,Regular
4547,Aarav Singh,aarav.singh577@gmail.com,9480390095,Ludhiana,Female,2019-03-10,VIP
4548,Rahul Joshi,rahul.joshi404@yahoo.com,9536424369,Hyderabad,Other,2020-08-13,Premium
4549,Deepak Verma,deepak.verma199@hotmail.com,9026115591,Indore,Other,2021-06-21,Regular
4549,Deepak Verma,deepak.verma199@hotmail.com,9026115591,Indore,Other,2021-06-21,Regular
4550,,kritika.singh495@rediffmail.com,8057906048,Beng@luru,Female,2024-07-14,New
4551,Meera Joshi,meera.joshi639@hotmail.com,8983160901,Ahmedabad,Other,2024-09-06,VIP
4552,Anjali Pillai,anjali.pillai426@yahoo.com,9024876118,Chennai,Female,2022-09-22,Regular
4553,Aadhya Mehta,aadhya.mehta905@hotmail.com,8357030177,Chennai,Female,2021-02-22,VIP
4554,Pooja Gupta,pooja.gupta504@rediffmail.com,9149176637,Pune,Male,2019-08-05,New
4555,Sanjay Rao,sanjay.rao702@yahoo,7578330111,Ludhiana,Other,2020-12-21,VIP
4556,Rohan Kumar,rohan.kumar367@yahoo.com,9083479678,Pune,Male,2023-10-03,Premium
4557,Sneha Kapoor,sneha.kapoor361@rediffmail.com,8248981616,Kolkata,Female,2019-04-10,Premium
4558,Isha Kumar,isha.kumar63@hotmail.com,7068385586,Nashik,Female,2022-09-30,Premium
4559,Aarav Kapoor,aarav.kapoor426@gmail,9630253473,Ludhiana,Female,2024-04-12,Regular
4560,Deepak Malhotra,deepak.malhotra662@gmail.com,+91-8866989385,Patna,Male,2022-05-28,VIP
4561,Krishna Mehta,krishna.mehta627@outlook.com,7008481389,Ahmedabad,Male,2019-01-29,VIP
4562,Sanjay Kapoor,sanjay.kapoor657@gmail.com,7243249878,Hyderabad,Female,2024-09-25,VIP
4563,Anika Kapoor,anika.kapoor291@outlook.com,7550615371,Patna,Male,2021-07-04,VIP
4564,,neha.nair343@outlook.com,7541666665,Indore  ,Male,2020-07-14,Premium
4565,Priya Verma,priya.verma249@gmail.com,7553518115,Agra,Other,2020-06-05,VIP
4566,Krishna Singh,krishna.singh646@outlook.com,9584242221,Chennai,Female,2020-04-24,VIP
4567,Ananya Patel,ananya.patel531@yahoo.com,8276870873,Surat,Other,2023-01-05,Regular
4568,Amit Kumar,amit.kumar802@gmail.com,7615098254,Pune,Other,2023-10-22,New
4569,Sanjay Reddy,sanjay.reddy505@outlook.com,7040683973,Bengaluru,Other,2022-12-25,Regular
4570,Diya Kapoor,diya.kapoor883@outlook.com,97303197,Hyderabad,Other,2024-06-06,Premium
4571,Aditya Iyer,aditya.iyer874@yahoo.com,7299616763,Ahmedabad,Male,2023-05-17,VIP
4572,Aditya Verma,aditya.verma573@yahoo.com,7866214077,Vadodara,Female,2024-11-17,Regular
4573,Aadhya Iyer,aadhya.iyer618@outlook.com,9549208112,Ludhiana,Female,2021-03-09,Premium
4574,Saanvi Verma,saanvi.verma967@outlook.com,9683095555,Delhi,Female,2021-07-20,Premium
4575,Aadhya Kapoor,aadhya.kapoor972@outlook.com,8178617723,Bengaluru,Male,2021-06-11,Regular
4576,Aarav Patel,aarav.patel194yahoo.com,+91-9968266605,Agra,Male,2023-05-03,Regular
4577,Manish Agarwal,manish.agarwal500@yahoo.com,8408894245,Kanpur,Female,2021-03-09,Premium
4578,Rahul Bansal,rahul.bansal144@hotmail.com,7208858299,Kolkata,Other,2024-06-03,VIP
4579,Myra Pillai,myra.pillai551@outlook.com,9222780693,Vadodara,Other,2024-06-06,Regular
4580,Shreya Malhotra,shreya.malhotra34@gmail.com,7178565112,Jaipur,Female,2021-06-22,Regular
4581,Saanvi Verma,saanvi.verma633@hotmail.com,9760463582,Bengaluru,Male,2020-03-17,Premium
4582,Vivaan Patel,vivaan.patel759@rediffmail.com,7121729470,Vadodara,Female,2021-08-03,Regular
4583,Divya Bansal,divya.bansal763@rediffmail.com,8849810861,Bengaluru,Other,2024-03-10,New
4584,Krishna Chopra,krishna.chopra451@rediffmail.com,8730539738,Lucknow,Female,2020-02-15,Regular
4585,Diya Iyer,diya.iyer16@gmail.com,8563117282,Surat,Male,2023-07-13,VIP
4586,Ishaan Pillai,ishaan.pillai377@yahoo.com,8306301048,Nashik,Male,2021-12-16,Regular
4587,Sanjay Kumar,sanjay.kumar271@outlook.com,8551615079,Chennai,Other,2021-02-27,VIP
4588,Riya Kapoor,riya.kapoor838@hotmail.com,8044916976,Kolkata,Female,2019-02-06,Premium
4589,Sunita Pillai,sunita.pillai530hotmail.com,9600258963,Mumbai,Female,2020-07-24,New
4590,Aditya Nair,aditya.nair828@gmail,9963916516,Nashik,Other,2020-09-06,VIP
4591,Meera Desai,meera.desai736@outlook.com,92177500,Ahmedabad,Other,2023-12-19,Premium
4592,Kavya Mehta,kavya.mehta725@outlook.com,8304392282,Vadodara,Other,2019-12-08,New
4593,Pooja Patel,pooja.patel509@outlook.com,8838792672,Pune,Other,2024-09-14,Regular
4594,Anjali Reddy,anjali.reddy906@yahoo.com,7985413809,Surat,Other,2019-09-15,Regular
4595,Amit Pillai,amit.pillai930@gmail.com,7687350318,Ludhiana,Male,2021-02-26,VIP
4596,Kavya Rao,kavya.rao125@gmail.com,9766990276,Lucknow,Male,2024-07-14,New
4597,Aditya Bansal,aditya.bansal517@outlook.com,9752855484,Ludhiana,Male,2022-04-23,VIP
4598,Deepak Joshi,deepak.joshi288@yahoo.com,7948130514,Bengaluru,Female,2024-05-27,Regular
4599,Kavya Joshi,kavya.joshi212@outlook.com,76190431,Kolkata,Female,2023-06-19,Premium
4600,Amit Singh,amit.singh19@outlook.com,9364987134,Vadodara,Other,2019-07-01,Regular
4601,Anika Gupta,anika.gupta590@rediffmail.com,9407742637,Indore,Other,2024-02-11,VIP
4602,Anika Joshi,anika.joshi669@outlook.com,9033720647,Patna,Female,2022-08-05,New
4603,Ramesh Desai,ramesh.desai62@rediffmail.com,9281588211,Mumbai,Male,2022-04-07,Regular
4604,Pooja Nair,pooja.nair537@rediffmail.com,8326954626,Hyderabad,Other,2021-11-25,Premium
4605,Isha Desai,isha.desai378@outlook.com,+91-8887160347,Hyderabad,Female,2019-11-19,Regular
4606,Riya Pillai,riya.pillai738@rediffmail,8232185220,Jaipur,Female,2020-12-27,Premium
4607,Riya Bansal,riya.bansal276@yahoo.com,9249170882,Nashik,Other,2024-10-20,Regular
4608,Myra Mehta,myra.mehta496@rediffmail.com,9588526869,Jaipur,Male,2019-06-08,Regular
4609,Neha Sharma,neha.sharma456@yahoo.com,7316387671,Bhopal,Female,2020-10-27,Premium
4610,,krishna.desai585@rediffmail.com,8666791621,VADODARA,Female,2023-05-04,New
4611,Reyansh Verma,reyansh.verma72gmail.com,8512003291,Delhi,Other,2023-08-19,VIP
4612,Ananya Joshi,ananya.joshi129@rediffmail.com,8458221586,Mumbai,Female,2019-12-01,New
4613,Aarav Pillai,aarav.pillai155@yahoo.com,8826278001,Surat,Male,2020-02-15,Regular
4614,Reyansh Malhotra,reyansh.malhotra852gmail.com,9938724778,Bhopal,Female,2019-01-09,Premium
4615,Kritika Nair,kritika.nair683@rediffmail.com,9295954996,Hyderabad,Female,2021-07-10,VIP
4616,Divya Desai,divya.desai803@gmail.com,7669314808,Lucknow,Other,2020-07-08,VIP
4617,Amit Rao,amit.rao472@hotmail.com,8762083382,Nashik,Male,2024-06-15,Premium
4618,Arjun Bansal,arjun.bansal311@outlook.com,9739964633,Ludhiana,Other,2019-09-17,New
4619,Ramesh Malhotra,ramesh.malhotra784@yahoo.com,8290902491,Kanpur,Male,2023-05-23,VIP
4620,Diya Verma,diya.verma865@rediffmail.com,8503055896,Agra,Male,2023-04-23,VIP
4621,Ramesh Bansal,ramesh.bansal633@outlook.com,8847286825,Hyderabad,Other,2019-03-06,Regular
4622,Neha Pillai,neha.pillai394@gmail.com,7632990258,Agra,Male,2021-06-26,Premium
4623,Suresh Iyer,suresh.iyer372@outlook.com,9033514429,Pune,Male,2021-03-08,New
4624,Diya Kapoor,diya.kapoor192@hotmail.com,9427013446,Mumbai,Male,2021-11-17,VIP
4625,Divya Gupta,divya.gupta224@rediffmail.com,7052607312,Ludhiana,Other,2020-07-20,New
4626,Meera Verma,meera.verma749@hotmail.com,8960601127,Bhopal,Male,2019-09-17,Premium
4627,Ananya Gupta,ananya.gupta555@yahoo.com,7023405340,Pune,Other,2024-03-30,VIP
4628,Divya Pillai,divya.pillai489@gmail.com,7546077872,Agra,Male,2023-11-09,New
4629,Ramesh Chopra,ramesh.chopra298@outlook.com,7907915486,Bengaluru,Male,2020-12-06,New
4630,Shreya Bansal,shreya.bansal224@yahoo.com,7822610234,Bhopal,Female,2022-07-10,New
4631,Shreya Malhotra,shreya.malhotra159@outlook.com,7386239883,Ludhiana,Female,2024-03-08,Regular
4632,Myra Reddy,myra.reddy695@yahoo.com,8753066534,Vadodara,Male,2021-02-02,Premium
4633,Arjun Patel,arjun.patel277@outlook.com,9484704764,Ludhiana,Male,2021-03-31,Regular
4634,Karan Iyer,karan.iyer720@hotmail.com,97829480,Agra,Female,2020-10-12,VIP
4635,Neha Bansal,neha.bansal156@gmail.com,9581785034,Bengaluru,Female,2024-03-11,Regular
4636,Ishaan Nair,ishaan.nair931@rediffmail.com,9331827688,Ludhiana,Female,2022-01-05,Regular
4637,Rahul Bhatt,rahul.bhatt287@yahoo.com,8674373500,Delhi,Female,2023-06-23,Regular
4638,Pari Kapoor,pari.kapoor716@yahoo.com,928489307,Vadodara,Other,2021-07-06,VIP
4639,Ananya Pillai,ananya.pillai270@outlook.com,+91-8951338110,Kanpur,Male,2021-11-03,Regular
4640,Vivaan Desai,vivaan.desai859@rediffmail.com,9349807133,Surat,Other,2020-05-05,Regular
4641,Neha Bansal,neha.bansal149@gmail.com,7119327150,Pune,Female,2020-05-14,VIP
4642,Vivaan Malhotra,vivaan.malhotra282@yahoo.com,8765213698,Hyderabad,Other,2024-04-30,New
4643,Neha Bansal,neha.bansal510@rediffmail.com,9074799728,Kolkata,Male,2023-05-08,New
4644,Arjun Verma,arjun.verma5@yahoo.com,8012378044,Agra,Female,2020-06-09,VIP
4645,Pooja Mehta,pooja.mehta744@outlook.com,7673464939,Kanpur,Other,2022-11-06,VIP
4645,Pooja Mehta,pooja.mehta744@outlook.com,7673464939,Kanpur,Other,2022-11-06,VIP
4646,,priya.sharma312@gmail.com,8938214832,mumbai,Male,2023-02-11,New
4647,Manish Iyer,manish.iyer582@gmail.com,842899165,Bengaluru,Male,2019-07-31,New
4648,Riya Nair,riya.nair516@outlook.com,8348494469,Indore,Other,2020-06-06,Regular
4649,Sunita Gupta,sunita.gupta303@yahoo.com,9363861600,Jaipur,Female,2022-02-21,Regular
4650,Sunita Chopra,sunita.chopra909@rediffmail.com,9225510538,Ahmedabad,Other,2019-01-18,Premium
4651,Reyansh Agarwal,reyansh.agarwal832@outlook.com,8923086946,Kanpur,Female,2024-06-16,Premium
4652,Kavya Bhatt,kavya.bhatt258@yahoo.com,7953921268,Lucknow,Other,2020-03-25,Regular
4653,Diya Singh,diya.singh902@rediffmail.com,8780480256,Mumbai,Other,2020-09-24,Regular
4654,Anika Pillai,anika.pillai996@outlook.com,9897140411,Patna,Male,2024-12-24,Regular
4655,Kavya Singh,kavya.singh291@rediffmail.com,7715869530,Jaipur,Other,2022-10-30,New
4655,Kavya Singh,kavya.singh291@rediffmail.com,7715869530,Jaipur,Other,2022-10-30,New
4656,,diya.agarwal903@hotmail.com,8271301217, Chennai ,Female,2022-07-31,Premium
4657,Amit Verma,amit.verma687rediffmail.com,9207051850,Chennai,Male,2021-06-28,Regular
4657,Amit Verma,amit.verma687rediffmail.com,9207051850,Chennai,Male,2021-06-28,Regular
4658,,arjun.verma407@rediffmail.com,9563861233,SURAT,Female,2019-02-05,Regular
4659,Priya Pillai,priya.pillai59@hotmail,8425332362,Delhi,Male,2023-11-05,VIP
4660,Aditya Reddy,aditya.reddy465@outlook.com,7298635918,Kolkata,Female,2022-05-02,VIP
4661,Diya Singh,diya.singh64@yahoo.com,8020318157,Nashik,Male,2019-03-13,VIP
4662,Aarav Verma,aarav.verma212@rediffmail.com,+91-8986911703,Pune,Male,2022-12-09,New
4663,Anika Pillai,anika.pillai350@outlook.com,7075978944,Indore,Male,2023-08-13,VIP
4664,Priya Kumar,priya.kumar478@rediffmail.com,7683670246,Hyderabad,Male,2020-07-18,New
4665,Anjali Bansal,anjali.bansal247@yahoo.com,88139029,Indore,Male,2019-11-16,New
4666,Diya Patel,diya.patel202@yahoo.com,7704960516,Chennai,Female,2019-08-13,New
4667,Sunita Patel,sunita.patel631@yahoo.com,8697966199,Vadodara,Male,2024-12-05,New
4668,Meera Rao,meera.rao590@yahoo,+91-9937098262,Ludhiana,Other,2023-07-01,VIP
4669,Pari Joshi,pari.joshi617@yahoo.com,7655175916,Kanpur,Female,2021-06-17,Premium
4670,Sunita Gupta,sunita.gupta917@outlook.com,9650761061,Delhi,Female,2022-02-03,VIP
4671,Ishaan Verma,ishaan.verma24@gmail.com,9675646163,Hyderabad,Other,2019-07-14,New
4672,Amit Desai,amit.desai119@rediffmail.com,8804481851,Surat,Female,2024-06-28,VIP
4673,Amit Kumar,amit.kumar51@outlook.com,9022348014,Surat,Female,2022-07-29,VIP
4674,Divya Nair,divya.nair127@hotmail.com,+91-8445330431,Bengaluru,Other,2019-10-22,VIP
4675,Ananya Nair,ananya.nair298@hotmail.com,9966611155,Lucknow,Male,2021-06-18,VIP
4676,Krishna Singh,krishna.singh467@hotmail.com,8831351031,Patna,Female,2022-05-19,New
4677,Manish Nair,manish.nair778@gmail.com,7392376218,Bhopal,Male,2021-01-04,Regular
4678,Anjali Rao,anjali.rao704@gmail.com,8993742830,Kanpur,Male,2019-12-09,VIP
4679,Vihaan Kumar,vihaan.kumar228@gmail.com,9579589183,Kanpur,Other,2024-06-23,Regular
4680,Rohan Agarwal,rohan.agarwal50@outlook.com,7964554133,Ludhiana,Female,2022-01-10,Regular
4681,Arjun Nair,arjun.nair434@outlook,+91-7460957081,Kanpur,Male,2021-07-06,Premium
4682,Suresh Gupta,suresh.gupta54@outlook.com,9587427279,Mumbai,Other,2020-05-22,Premium
4683,Suresh Rao,suresh.rao630@gmail.com,8341739531,Jaipur,Other,2019-02-03,New
4684,Amit Bansal,amit.bansal155@outlook.com,8947986095,Kanpur,Male,2019-03-06,Premium
4685,Vihaan Nair,vihaan.nair132@gmail.com,8659529940,Kolkata,Female,2019-06-21,Regular
4686,Manish Malhotra,manish.malhotra694@hotmail.com,7854696474,Mumbai,Other,2019-08-23,Premium
4687,Diya Patel,diya.patel164@rediffmail.com,9596663274,Chennai,Female,2022-06-15,Premium
4688,Suresh Iyer,suresh.iyer827@gmail.com,8677280796,Ludhiana,Male,2021-09-09,Regular
4689,Ramesh Bhatt,ramesh.bhatt846@outlook.com,8483099251,Hyderabad,Other,2021-06-20,New
4690,Sai Iyer,sai.iyer815@outlook.com,7017450691,Pune,Male,2024-09-20,New
4691,Vihaan Bansal,vihaan.bansal543@gmail.com,9110844487,Chennai,Female,2021-09-10,VIP
4692,Aarav Gupta,aarav.gupta876outlook.com,8321766581,Nashik,Female,2023-05-15,Premium
4693,Sneha Verma,sneha.verma497@gmail.com,9987516720,Ahmedabad,Other,2022-03-22,Premium
4694,Deepak Gupta,deepak.gupta211@outlook.com,7246665634,Ludhiana,Other,2022-05-30,New
4695,Isha Mehta,isha.mehta304@gmail.com,8876857992,Pune,Female,2023-05-26,New
4696,Kritika Rao,kritika.rao658@gmail.com,7401556170,Kolkata,Female,2020-08-07,Regular
4697,Vivaan Bansal,vivaan.bansal792@hotmail.com,9389691147,Kanpur,Female,2019-04-06,Premium
4698,Aarav Gupta,aarav.gupta323@yahoo.com,7616216342,Delhi,Other,2019-07-01,New
4699,Vivaan Mehta,vivaan.mehta672@rediffmail.com,9706601273,Chennai,Female,2023-11-06,Premium
4700,Aditya Chopra,aditya.chopra278@outlook.com,8780146699,Bhopal,Female,2021-07-28,VIP
4701,Shreya Singh,shreya.singh491@gmail.com,+91-7639134197,Kanpur,Female,2019-10-08,VIP
4702,Ishaan Sharma,ishaan.sharma131@rediffmail.com,8855343520,Jaipur,Other,2021-10-22,New
4703,Arjun Kumar,arjun.kumar457@gmail,9902897090,Ahmedabad,Female,2020-11-26,Premium
4704,Saanvi Agarwal,saanvi.agarwal283@outlook.com,9016820299,Bhopal,Other,2021-02-15,Regular
4705,Myra Patel,myra.patel979@outlook.com,8259808382,Nashik,Male,2020-03-16,VIP
4706,Ishaan Nair,ishaan.nair206@hotmail.com,9301034842,Pune,Female,2020-03-29,Regular
4707,Anika Iyer,anika.iyer580@gmail.com,9034047987,Ludhiana,Female,2019-05-03,New
4708,Ayaan Kapoor,ayaan.kapoor385@hotmail.com,9147740154,Indore,Male,2023-08-05,New
4709,Shreya Nair,shreya.nair633@gmail.com,9471278720,Bhopal,Other,2023-02-20,Premium
4710,Meera Chopra,meera.chopra838@rediffmail.com,8168363849,Vadodara,Male,2019-08-27,New
4711,Reyansh Joshi,reyansh.joshi729@outlook.com,7412000256,Mumbai,Other,2022-06-06,New
4712,Nikhil Bhatt,nikhil.bhatt917@yahoo.com,9244906634,Agra,Female,2019-10-27,VIP
4713,Sai Verma,sai.verma237@hotmail.com,7334130137,Lucknow,Other,2024-08-26,VIP
4714,Ananya Gupta,ananya.gupta302@gmail.com,8860520441,Agra,Male,2020-09-09,VIP
4715,Riya Patel,riya.patel750@yahoo.com,8857935231,Vadodara,Male,2024-04-09,New
4716,Ayaan Chopra,ayaan.chopra404@rediffmail.com,9215266007,Kanpur,Female,2022-09-07,VIP
4717,Meera Nair,meera.nair845@outlook.com,7064638958,Ludhiana,Female,2023-02-10,Regular
4718,Ananya Verma,ananya.verma110@outlook.com,7641199945,Indore,Other,2019-04-14,Premium
4719,Vivaan Verma,vivaan.verma429@yahoo.com,7711724169,Kolkata,Female,2020-02-02,Regular
4720,Isha Agarwal,isha.agarwal677@hotmail.com,7594470334,Jaipur,Male,2019-09-12,Regular
4721,Ananya Rao,ananya.rao198@gmail.com,9004276647,Patna,Other,2024-02-14,Regular
4722,Isha Bansal,isha.bansal121yahoo.com,8400951394,Kolkata,Other,2024-02-05,Regular
4723,Sanjay Pillai,sanjay.pillai779@hotmail.com,9928635004,Kolkata,Female,2024-11-25,VIP
4724,Diya Bhatt,diya.bhatt408@hotmail.com,8792804922,Indore,Male,2022-10-16,VIP
4725,Deepak Kumar,deepak.kumar30@outlook.com,9688870916,Lucknow,Male,2019-05-29,VIP
4726,Sanjay Kapoor,sanjay.kapoor314@rediffmail,7197395625,Nagpur,Other,2019-11-25,New
4727,Myra Nair,myra.nair513@hotmail.com,7876626894,Indore,Male,2024-08-16,Premium
4728,Pooja Mehta,pooja.mehta768@gmail.com,9984410635,Nashik,Other,2022-06-25,New
4729,Diya Bhatt,diya.bhatt707@gmail.com,7671395546,Mumbai,Other,2020-11-24,VIP
4730,Shreya Kapoor,shreya.kapoor106@yahoo.com,7202323580,Ludhiana,Male,2022-01-14,Premium
4731,Ayaan Pillai,ayaan.pillai580@outlook.com,8602972562,Mumbai,Other,2019-10-12,Premium
4732,Rohan Singh,rohan.singh307@hotmail.com,7099436601,Surat,Other,2024-01-04,Premium
4733,Isha Chopra,isha.chopra147@rediffmail.com,9986047878,Surat,Female,2022-10-22,New
4734,Kritika Gupta,kritika.gupta295@gmail.com,8826395884,Agra,Other,2022-04-03,Regular
4735,Sanjay Sharma,sanjay.sharma742@gmail.com,8092694615,Ludhiana,Other,2023-06-14,Regular
4736,Manish Verma,manish.verma467@hotmail.com,8548911759,Nagpur,Male,2022-03-01,Regular
4737,Diya Singh,diya.singh140@yahoo.com,9649342056,Hyderabad,Male,2021-09-17,Regular
4737,Diya Singh,diya.singh140@yahoo.com,9649342056,Hyderabad,Male,2021-09-17,Regular
4738,,deepak.verma225@hotmail.com,8345042886,Indore,Other,2021-02-22,Premium
4739,Myra Rao,myra.rao137@outlook.com,8001317819,Chennai,Male,2022-06-20,New
4740,Kritika Reddy,kritika.reddy631@yahoo.com,8865131331,Ahmedabad,Male,2022-03-29,VIP
4741,Nikhil Sharma,nikhil.sharma220@gmail.com,7277349756,Lucknow,Other,2023-07-29,Premium
4742,Aarav Bhatt,aarav.bhatt589@hotmail.com,7268260036,Kanpur,Other,2020-01-25,Regular
4743,Krishna Patel,krishna.patel529@gmail.com,7590562588,Ahmedabad,Male,2021-02-18,Regular
4744,Amit Gupta,amit.gupta311@hotmail.com,7609871828,Lucknow,Female,2022-10-08,Regular
4745,Karan Joshi,karan.joshi803@rediffmail.com,7063676393,Lucknow,Male,2022-05-10,Regular
4746,Pooja Gupta,pooja.gupta257@rediffmail.com,90197437,Agra,Male,2021-10-18,VIP
4747,Sneha Rao,sneha.rao225@rediffmail.com,7263033269,Indore,Male,2019-05-23,VIP
4748,Meera Patel,meera.patel48@hotmail.com,9257568,Kolkata,Male,2024-06-21,New
4749,Amit Mehta,amit.mehta313@rediffmail.com,9491648662,Bhopal,Other,2020-08-17,VIP
4750,Pari Iyer,pari.iyer480@gmail.com,9557564301,Vadodara,Other,2020-10-15,New
4751,Meera Patel,meera.patel664hotmail.com,8373441520,Lucknow,Male,2024-10-13,New
4752,Karan Singh,karan.singh391@gmail.com,8948105829,Patna,Male,2020-08-14,VIP
4753,Shreya Reddy,shreya.reddy489@gmail.com,9407521855,Lucknow,Female,2019-06-26,VIP
4754,Ayaan Bansal,ayaan.bansal870@outlook.com,9013025411,Jaipur,Other,2023-01-16,Premium
4755,Riya Malhotra,riya.malhotra632@hotmail.com,8312691518,Lucknow,Female,2021-02-21,Regular
4756,Anjali Rao,anjali.rao635@outlook.com,8554035663,Surat,Male,2022-12-09,VIP
4757,Isha Joshi,isha.joshi920@outlook.com,8740111838,Jaipur,Female,2023-12-06,Regular
4758,Priya Patel,priya.patel576@hotmail.com,9881925498,Hyderabad,Other,2022-04-05,Regular
4759,Kavya Gupta,kavya.gupta564@rediffmail.com,9910927914,Nashik,Male,2019-03-15,Premium
4760,Shreya Desai,shreya.desai286@gmail.com,8633865818,Lucknow,Female,2023-06-02,VIP
4761,Meera Chopra,meera.chopra632@gmail.com,9191807394,Ahmedabad,Male,2023-09-08,VIP
4762,Ramesh Singh,ramesh.singh569@hotmail.com,7747450937,Surat,Other,2019-08-25,Premium
4763,Kritika Patel,kritika.patel272@yahoo.com,9657014803,Lucknow,Other,2023-12-24,New
4764,Sunita Pillai,sunita.pillai945@yahoo.com,9821106066,Kanpur,Female,2024-06-27,Regular
4765,Kavya Rao,kavya.rao782@hotmail.com,8594007680,Vadodara,Female,2019-01-06,New
4766,Divya Bhatt,divya.bhatt507yahoo.com,9447901187,Vadodara,Female,2023-12-23,Premium
4767,Anjali Malhotra,anjali.malhotra435@outlook.com,8928108407,Bhopal,Male,2023-02-13,Regular
4768,Neha Malhotra,neha.malhotra346@yahoo.com,7096360759,Bhopal,Female,2019-07-08,New
4769,Krishna Singh,krishna.singh778@rediffmail.com,9412826513,Patna,Female,2022-03-31,New
4770,Diya Kapoor,diya.kapoor821@outlook.com,+91-8522907423,Agra,Other,2019-06-16,Premium
4771,Divya Chopra,divya.chopra251@gmail,8881426520,Nagpur,Female,2021-10-26,VIP
4772,Amit Joshi,amit.joshi713@hotmail.com,9812299911,Jaipur,Male,2020-06-17,VIP
4773,Anika Mehta,anika.mehta735@gmail.com,7362216104,Nagpur,Male,2020-06-27,VIP
4774,Karan Reddy,karan.reddy283@yahoo.com,7872976552,Ahmedabad,Other,2024-01-24,VIP
4775,Neha Agarwal,neha.agarwal458@gmail.com,8035019605,Kanpur,Female,2022-01-05,Premium
4776,Rahul Sharma,rahul.sharma866@hotmail.com,7967706973,Ahmedabad,Female,2019-10-29,New
4777,Neha Gupta,neha.gupta950@yahoo.com,7083929841,Mumbai,Male,2023-07-31,Regular
4778,Rahul Gupta,rahul.gupta19@yahoo.com,8899360384,Kanpur,Male,2021-12-08,VIP
4779,,anika.joshi288@yahoo.com,9973346290, Chennai ,Female,2019-08-03,Premium
4780,Aditya Desai,aditya.desai285@yahoo.com,9625764049,Chennai,Female,2023-01-18,New
4781,Ishaan Mehta,ishaan.mehta495@gmail.com,9463363698,Jaipur,Other,2019-12-15,Premium
4782,Saanvi Malhotra,saanvi.malhotra701@outlook.com,+91-9437907790,Vadodara,Other,2024-03-24,New
4783,Sai Reddy,sai.reddy230@hotmail.com,8862821186,Nashik,Other,2024-01-18,Premium
4784,Ishaan Chopra,ishaan.chopra706@hotmail.com,7093835337,Kanpur,Female,2024-12-28,Premium
4785,Ishaan Chopra,ishaan.chopra954@hotmail.com,+91-7420005495,Bengaluru,Male,2019-03-18,Regular
4786,Divya Bhatt,divya.bhatt368@outlook.com,9433830617,Pune,Female,2023-02-25,Regular
4787,Sai Agarwal,sai.agarwal129@yahoo.com,9974514726,Jaipur,Male,2022-09-21,Premium
4788,Sai Iyer,sai.iyer295@yahoo.com,7593456411,Nashik,Other,2022-12-10,New
4789,Diya Agarwal,diya.agarwal926@rediffmail.com,7749440135,Mumbai,Male,2022-04-23,VIP
4790,Ishaan Iyer,ishaan.iyer282@rediffmail.com,9524918924,Nashik,Male,2022-06-10,VIP
4791,Priya Gupta,priya.gupta714@outlook.com,9715344335,Delhi,Other,2021-12-06,New
4792,Sanjay Mehta,sanjay.mehta213@yahoo.com,7834105281,Jaipur,Male,2022-12-23,Premium
4793,Rohan Singh,rohan.singh176outlook.com,9612361281,Nashik,Other,2024-05-05,New
4794,Pooja Nair,pooja.nair750@rediffmail.com,7623960134,Kolkata,Male,2023-02-16,Regular
4795,Aarav Desai,aarav.desai154@hotmail.com,9619147935,Surat,Female,2024-01-17,Premium
4796,Anika Pillai,anika.pillai15@hotmail.com,9079440662,Nashik,Male,2019-04-10,New
4797,Isha Nair,isha.nair592rediffmail.com,7811490820,Mumbai,Male,2024-05-04,Regular
4798,Amit Kapoor,amit.kapoor936@yahoo.com,8201845844,Hyderabad,Female,2024-03-05,Premium
4799,Anjali Gupta,anjali.gupta106@yahoo.com,9044751439,Bhopal,Female,2024-04-06,Regular
4800,Kritika Bhatt,kritika.bhatt506@outlook.com,9676828585,Pune,Other,2023-02-22,Premium
4801,Anika Iyer,anika.iyer614@yahoo.com,9259582383,Hyderabad,Other,2020-10-08,Regular
4802,Deepak Sharma,deepak.sharma506@outlook.com,7975302018,Indore,Other,2023-09-20,New
4803,Aarav Gupta,aarav.gupta108rediffmail.com,+91-7281247495,Mumbai,Female,2020-01-10,VIP
4804,Anjali Kumar,anjali.kumar506outlook.com,7663745220,Nagpur,Other,2023-04-21,VIP
4805,Rahul Kapoor,rahul.kapoor195@hotmail.com,8662786704,Agra,Female,2022-10-11,New
4806,Meera Verma,meera.verma726@hotmail.com,9206734512,Lucknow,Other,2022-05-21,VIP
4807,Isha Pillai,isha.pillai783@rediffmail.com,8613171818,Mumbai,Female,2023-01-08,Regular
4808,Isha Chopra,isha.chopra966@yahoo,8131148162,Ahmedabad,Other,2020-08-24,Premium
4809,Pari Bhatt,pari.bhatt699@rediffmail.com,7989701965,Bengaluru,Other,2019-02-25,Regular
4810,Aarav Chopra,aarav.chopra869@outlook.com,8185673474,Surat,Female,2023-01-21,Regular
4811,Arjun Bhatt,arjun.bhatt585@rediffmail.com,7918807462,Hyderabad,Female,2024-06-16,VIP
4812,Pari Mehta,pari.mehta578@yahoo.com,+91-7181296645,Bengaluru,Other,2020-12-20,Regular
4813,Diya Patel,diya.patel99@hotmail.com,9173423511,Delhi,Male,2020-11-05,New
4814,Isha Malhotra,isha.malhotra876@gmail.com,9867454,Indore,Male,2024-07-16,Regular
4815,Sai Joshi,sai.joshi165@yahoo.com,970613582,Bhopal,Male,2024-04-16,New
4816,Anjali Sharma,anjali.sharma715@outlook.com,9201803268,Bhopal,Male,2022-11-09,New
4817,Meera Mehta,meera.mehta876@yahoo.com,9715506670,Lucknow,Other,2021-08-25,Premium
4818,Sai Desai,sai.desai632@hotmail.com,7826616139,Lucknow,Female,2022-12-28,VIP
4818,Sai Desai,sai.desai632@hotmail.com,7826616139,Lucknow,Female,2022-12-28,VIP
4819,,reyansh.bhatt3@rediffmail.com,9627107180,Kolk@t@,Male,2023-06-15,VIP
4820,Suresh Kumar,suresh.kumar166@gmail.com,9634919861,Hyderabad,Other,2019-04-26,Regular
4821,Arjun Iyer,arjun.iyer425@hotmail.com,+91-8762655865,Hyderabad,Male,2023-12-20,New
4822,Reyansh Bhatt,reyansh.bhatt716@gmail.com,8758834534,Chennai,Female,2020-07-05,VIP
4823,Ayaan Desai,ayaan.desai59@yahoo.com,8491865669,Nashik,Male,2021-06-11,VIP
4824,Anjali Nair,anjali.nair234@gmail.com,9469812730,Jaipur,Male,2020-08-10,VIP
4825,Kritika Rao,kritika.rao694@hotmail.com,7069224301,Jaipur,Male,2022-04-08,Premium
4826,Neha Bansal,neha.bansal227@outlook.com,8780084459,Kanpur,Male,2019-11-10,Regular
4827,Pooja Bhatt,pooja.bhatt518@hotmail.com,8408775817,Agra,Other,2023-02-03,Regular
4828,,rahul.chopra271@yahoo.com,9041652097, Hyderabad ,Other,2019-08-27,Regular
4829,Manish Patel,manish.patel58@gmail.com,9227095,Lucknow,Male,2024-11-04,Regular
4830,Suresh Bansal,suresh.bansal604@outlook.com,+91-8875100988,Vadodara,Other,2020-06-18,VIP
4831,Priya Verma,priya.verma917@rediffmail.com,8747177644,Hyderabad,Female,2021-01-15,Premium
4832,Divya Patel,divya.patel435@outlook.com,9462038257,Mumbai,Male,2023-06-28,Regular
4833,Suresh Singh,suresh.singh672@outlook.com,8190405906,Chennai,Male,2019-02-20,Regular
4834,Shreya Nair,shreya.nair878@outlook.com,8939257465,Nagpur,Female,2022-08-14,New
4835,Kavya Bhatt,kavya.bhatt427@outlook.com,8806425892,Chennai,Other,2019-01-02,Premium
4836,Vivaan Desai,vivaan.desai664@outlook.com,8059427949,Pune,Female,2020-03-26,VIP
4837,Arjun Kapoor,arjun.kapoor569@gmail.com,7811629674,Patna,Male,2021-06-12,VIP
4838,Shreya Sharma,shreya.sharma359yahoo.com,7187970366,Nagpur,Female,2022-03-03,New
4839,Vihaan Reddy,vihaan.reddy745@outlook.com,7085073879,Bengaluru,Other,2019-04-24,New
4840,Aadhya Desai,aadhya.desai400@rediffmail.com,7416305769,Kanpur,Male,2019-01-22,Regular
4841,Shreya Verma,shreya.verma770@hotmail.com,8475485057,Mumbai,Other,2019-11-09,Premium
4842,Ayaan Kumar,ayaan.kumar765@hotmail.com,9825068,Jaipur,Female,2021-10-21,New
4843,Vivaan Desai,vivaan.desai31@hotmail,99915175,Indore,Male,2021-10-09,VIP
4844,Amit Nair,amit.nair634@hotmail,9618902206,Pune,Male,2024-10-12,New
4845,Rohan Chopra,rohan.chopra52@gmail.com,7638619743,Vadodara,Other,2023-09-16,Premium
4846,Vivaan Bansal,vivaan.bansal789@gmail.com,8553869518,Agra,Other,2020-03-17,VIP
4847,Sanjay Kapoor,sanjay.kapoor150rediffmail.com,8580769868,Surat,Male,2021-03-28,VIP
4848,Divya Bansal,divya.bansal240@rediffmail.com,7451847779,Kanpur,Male,2023-12-05,VIP
4849,Rohan Singh,rohan.singh757@hotmail.com,9273448077,Kolkata,Male,2019-07-04,New
4850,Vihaan Sharma,vihaan.sharma945@rediffmail.com,9557758632,Ahmedabad,Male,2020-02-04,Regular
4851,Krishna Chopra,krishna.chopra709@outlook.com,8621349645,Agra,Male,2020-12-17,New
4852,Amit Kapoor,amit.kapoor329@hotmail.com,7899474655,Mumbai,Male,2021-06-19,New
4853,Myra Mehta,myra.mehta362@rediffmail.com,7111259161,Ahmedabad,Other,2023-01-30,New
4854,Kavya Joshi,kavya.joshi779@hotmail.com,8682403001,Lucknow,Female,2019-10-11,VIP
4855,Nikhil Nair,nikhil.nair641@gmail.com,7476493,Kanpur,Male,2021-01-06,VIP
4856,Neha Pillai,neha.pillai280@rediffmail.com,8215327005,Kanpur,Male,2020-07-12,New
4857,Manish Nair,manish.nair667@gmail.com,8509097420,Pune,Male,2024-04-18,VIP
4858,Sneha Nair,sneha.nair945@yahoo.com,9047940025,Chennai,Female,2023-12-22,Regular
4859,Nikhil Kapoor,nikhil.kapoor202@hotmail.com,9659867411,Chennai,Male,2023-08-25,Premium
4860,Reyansh Reddy,reyansh.reddy766@gmail.com,7857856439,Kolkata,Other,2023-02-08,Regular
4861,Krishna Mehta,krishna.mehta640@hotmail.com,8511857109,Vadodara,Other,2020-11-19,New
4862,Ramesh Nair,ramesh.nair226@hotmail.com,7894445574,Indore,Female,2021-11-20,Regular
4863,Neha Bansal,neha.bansal366@rediffmail.com,7289138151,Kolkata,Other,2022-01-20,Premium
4864,Diya Pillai,diya.pillai533@outlook.com,8640333350,Jaipur,Other,2021-06-26,New
4865,Suresh Malhotra,suresh.malhotra540@outlook.com,9290151353,Jaipur,Other,2021-07-19,Premium
4866,Nikhil Pillai,nikhil.pillai420@rediffmail.com,9821339856,Ahmedabad,Female,2019-06-25,Premium
4867,Aarav Malhotra,aarav.malhotra4@rediffmail.com,8177538009,Vadodara,Male,2024-11-14,Premium
4868,Meera Kapoor,meera.kapoor168@hotmail.com,8223430100,Bengaluru,Male,2022-04-01,New
4869,Divya Desai,divya.desai824@yahoo.com,9072155131,Bhopal,Male,2022-05-03,Regular
4870,Sai Joshi,sai.joshi14@outlook.com,9441437088,Kanpur,Male,2021-06-29,New
4871,Diya Bansal,diya.bansal816@rediffmail.com,8891389610,Ahmedabad,Other,2019-03-20,Premium
4872,Sanjay Nair,sanjay.nair144@hotmail.com,9427054433,Bhopal,Male,2020-12-11,Premium
4873,Myra Mehta,myra.mehta693@outlook.com,8184310079,Hyderabad,Other,2021-11-04,VIP
4874,Ishaan Rao,ishaan.rao466@hotmail.com,8812475306,Hyderabad,Other,2020-04-15,Regular
4875,Suresh Bhatt,suresh.bhatt175@yahoo.com,8465828346,Bengaluru,Other,2020-05-03,Premium
4876,Manish Bhatt,manish.bhatt210@gmail.com,8693868023,Nashik,Other,2022-02-22,Regular
4877,Ramesh Desai,ramesh.desai542@yahoo.com,7321429308,Ludhiana,Female,2019-03-01,VIP
4878,Meera Agarwal,meera.agarwal218@gmail.com,7626112807,Hyderabad,Female,2021-09-23,Premium
4879,Riya Malhotra,riya.malhotra710@rediffmail.com,7568373676,Bengaluru,Male,2019-04-05,VIP
4880,Amit Pillai,amit.pillai64@rediffmail.com,8870344358,Hyderabad,Other,2023-05-31,New
4881,Priya Rao,priya.rao550@gmail.com,+91-8656539625,Patna,Female,2021-05-29,New
4882,Vivaan Agarwal,vivaan.agarwal221@hotmail.com,8708139730,Bengaluru,Female,2023-01-10,Regular
4883,Sunita Sharma,sunita.sharma757@rediffmail.com,8722159625,Ludhiana,Male,2020-03-15,Premium
4884,Pari Bhatt,pari.bhatt610@gmail.com,8579084814,Agra,Female,2019-09-21,New
4885,Sanjay Iyer,sanjay.iyer531@hotmail.com,7479244665,Chennai,Female,2022-10-29,VIP
4886,Ishaan Nair,ishaan.nair500@outlook.com,8072110876,Jaipur,Female,2024-11-15,New
4887,Shreya Agarwal,shreya.agarwal6@yahoo.com,96890821,Kanpur,Male,2023-12-21,Regular
4888,Suresh Rao,suresh.rao224@rediffmail.com,9535608844,Patna,Male,2022-04-06,VIP
4889,Manish Gupta,manish.gupta206yahoo.com,8172977608,Agra,Other,2019-03-31,VIP
4890,Sneha Pillai,sneha.pillai351@outlook,8510090786,Jaipur,Other,2020-04-13,VIP
4891,Shreya Kapoor,shreya.kapoor658@outlook.com,886873952,Patna,Female,2022-01-12,Regular
4892,Suresh Chopra,suresh.chopra236@hotmail.com,7160014221,Agra,Male,2019-10-26,VIP
4893,Sai Kumar,sai.kumar221@yahoo.com,9775384,Pune,Other,2019-09-12,Premium
4894,Meera Bhatt,meera.bhatt170@outlook.com,882943355,Lucknow,Other,2023-12-11,Regular
4895,Krishna Nair,krishna.nair576@gmail.com,7746475294,Ahmedabad,Other,2019-05-13,VIP
4896,Ananya Chopra,ananya.chopra679@yahoo.com,8082077310,Bhopal,Female,2021-12-13,VIP
4897,Kavya Bhatt,kavya.bhatt610@outlook.com,8509752201,Patna,Other,2021-11-02,Premium
4898,Deepak Kapoor,deepak.kapoor439@outlook.com,9393753302,Ahmedabad,Male,2022-08-27,New
4899,Anjali Verma,anjali.verma737@gmail.com,7841286243,Pune,Male,2022-02-03,Premium
4900,Vivaan Bansal,vivaan.bansal140@rediffmail.com,8888761426,Hyderabad,Male,2020-09-17,Regular
4901,Divya Patel,divya.patel661@rediffmail.com,7863545207,Agra,Other,2024-09-22,VIP
4902,Meera Joshi,meera.joshi651@rediffmail.com,7340345144,Mumbai,Other,2023-09-22,New
4903,,kavya.rao374@outlook.com,+91-7079548187,Ludhiana  ,Female,2023-05-19,Regular
4904,Ananya Bansal,ananya.bansal895@outlook.com,9676064149,Chennai,Female,2020-09-21,Premium
4905,Anjali Mehta,anjali.mehta668@gmail.com,7030948735,Ahmedabad,Female,2019-12-31,VIP
4906,Pari Kumar,pari.kumar580@rediffmail.com,7972736524,Delhi,Male,2023-07-27,VIP
4907,Ananya Pillai,ananya.pillai900@outlook.com,9263722252,Surat,Female,2022-09-14,Regular
4908,Manish Agarwal,manish.agarwal958@gmail.com,+91-7902339819,Nashik,Female,2020-03-03,VIP
4909,Ramesh Chopra,ramesh.chopra580@yahoo.com,7476413456,Surat,Other,2024-01-20,Regular
4910,Sunita Desai,sunita.desai963@yahoo.com,7451556024,Vadodara,Other,2021-10-04,New
4911,Aarav Rao,aarav.rao663@outlook.com,8012682885,Kolkata,Male,2019-04-23,New
4912,Pari Sharma,pari.sharma484@rediffmail.com,7523439504,Kolkata,Other,2023-10-22,Regular
4913,Nikhil Desai,nikhil.desai764@hotmail.com,+91-8668871388,Ludhiana,Other,2020-08-09,Regular
4914,Karan Desai,karan.desai393@hotmail.com,9658555885,Mumbai,Male,2024-07-11,Premium
4915,Krishna Pillai,krishna.pillai601outlook.com,9353326092,Delhi,Other,2023-07-27,VIP
4916,Riya Chopra,riya.chopra216@gmail.com,8587275024,Mumbai,Female,2022-03-07,VIP
4917,Aadhya Chopra,aadhya.chopra515@outlook.com,9009725836,Delhi,Other,2022-03-15,Regular
4918,Ananya Gupta,ananya.gupta796@gmail.com,9752992080,Hyderabad,Female,2019-06-18,Premium
4919,Kritika Gupta,kritika.gupta926@hotmail.com,+91-7352150425,Hyderabad,Other,2024-04-27,Regular
4920,Sanjay Rao,sanjay.rao485@outlook.com,8482789911,Kanpur,Male,2021-09-08,VIP
4921,Reyansh Agarwal,reyansh.agarwal112@yahoo.com,7601408389,Vadodara,Other,2024-07-20,Premium
4922,Vivaan Pillai,vivaan.pillai695@outlook,8363079351,Hyderabad,Other,2021-11-10,Regular
4923,Arjun Joshi,arjun.joshi880rediffmail.com,9834822612,Kolkata,Male,2022-10-16,New
4924,Anjali Agarwal,anjali.agarwal740@gmail.com,7226258318,Jaipur,Other,2024-01-15,VIP
4925,Aarav Singh,aarav.singh169@yahoo.com,7499878354,Indore,Other,2024-07-24,Regular
4926,Kritika Iyer,kritika.iyer202@hotmail.com,9108686413,Mumbai,Female,2023-09-25,Premium
4927,Shreya Mehta,shreya.mehta274@yahoo.com,9865562635,Indore,Male,2024-11-08,VIP
4928,Manish Singh,manish.singh703@gmail.com,7050487225,Kolkata,Other,2019-12-11,VIP
4929,Neha Joshi,neha.joshi933@gmail.com,7740007634,Indore,Other,2024-08-07,Premium
4930,Krishna Malhotra,krishna.malhotra181hotmail.com,9033406380,Surat,Other,2021-01-07,Premium
4931,Sunita Desai,sunita.desai940@yahoo.com,7924460905,Pune,Other,2024-01-03,Regular
4932,Aadhya Reddy,aadhya.reddy78@rediffmail.com,9636496208,Chennai,Female,2023-02-25,New
4933,Riya Bhatt,riya.bhatt901@rediffmail.com,9454446241,Indore,Female,2022-05-18,Premium
4934,Aadhya Singh,aadhya.singh734@yahoo.com,7781181295,Nagpur,Male,2024-04-22,New
4935,Kavya Kumar,kavya.kumar906@yahoo.com,7389675460,Bengaluru,Male,2021-07-20,New
4936,Sneha Kumar,sneha.kumar813@gmail.com,802987729,Kolkata,Male,2021-01-19,Premium
4937,Ramesh Iyer,ramesh.iyer868@hotmail.com,7002326464,Nagpur,Female,2020-07-29,New
4938,Aarav Chopra,aarav.chopra180@rediffmail.com,8437939577,Hyderabad,Other,2020-02-05,Regular
4939,Ayaan Chopra,ayaan.chopra381@gmail.com,+91-9875066033,Surat,Other,2022-04-26,Regular
4940,Deepak Chopra,deepak.chopra329@yahoo.com,9543285954,Kolkata,Male,2021-04-05,Regular
4941,Pooja Nair,pooja.nair216@gmail.com,7982376070,Nashik,Male,2021-01-16,New
4942,Saanvi Singh,saanvi.singh58@outlook.com,7420658833,Hyderabad,Other,2022-07-01,Premium
4943,Priya Agarwal,priya.agarwal94@yahoo.com,7049823626,Nagpur,Female,2021-12-08,VIP
4944,Priya Nair,priya.nair505@gmail.com,7970911899,Vadodara,Other,2021-01-17,VIP
4945,Sai Iyer,sai.iyer176@hotmail.com,7039605826,Vadodara,Female,2019-04-14,VIP
4946,Vihaan Pillai,vihaan.pillai800@rediffmail.com,8648288552,Vadodara,Female,2022-04-28,VIP
4947,Suresh Sharma,suresh.sharma373@rediffmail.com,9699537695,Lucknow,Other,2020-02-11,Regular
4948,Nikhil Agarwal,nikhil.agarwal434gmail.com,8945593804,Jaipur,Other,2021-04-27,Premium
4949,Vivaan Kumar,vivaan.kumar37@outlook.com,9251336774,Delhi,Male,2021-09-19,Regular
4950,Arjun Desai,arjun.desai993@gmail.com,7080118518,Chennai,Other,2021-10-31,Premium
4951,Arjun Pillai,arjun.pillai20@outlook.com,9856630472,Ahmedabad,Male,2022-02-09,Regular
4952,Anika Pillai,anika.pillai635@gmail,8843396686,Nashik,Female,2024-08-09,Premium
4953,Karan Kumar,karan.kumar667@gmail.com,8214043279,Bengaluru,Other,2022-10-16,New
4954,Aarav Reddy,aarav.reddy287@gmail.com,8240332864,Ludhiana,Male,2020-06-24,Premium
4955,Ananya Bhatt,ananya.bhatt936@rediffmail.com,9122478027,Nashik,Other,2019-05-07,New
4956,Pooja Kapoor,pooja.kapoor715@yahoo.com,7110964197,Ludhiana,Other,2023-03-19,New
4957,Deepak Joshi,deepak.joshi938@yahoo.com,+91-7647731032,Ludhiana,Female,2023-07-19,New
4958,Riya Chopra,riya.chopra242@yahoo.com,7970876708,Kolkata,Male,2023-08-04,Regular
4959,Neha Sharma,neha.sharma938@hotmail.com,8002454218,Chennai,Male,2019-10-03,Regular
4960,Diya Bansal,diya.bansal178@gmail.com,8581657302,Patna,Other,2019-01-12,Regular
4961,Ishaan Patel,ishaan.patel540@hotmail.com,9501979765,Lucknow,Other,2022-03-23,Premium
4962,Aadhya Bhatt,aadhya.bhatt50@outlook.com,7326688653,Bengaluru,Other,2021-04-13,VIP
4963,Krishna Mehta,krishna.mehta624@rediffmail.com,9799097157,Kanpur,Male,2023-03-23,New
4964,Manish Nair,manish.nair128@yahoo.com,7123182837,Ludhiana,Other,2023-07-27,New
4965,Anika Joshi,anika.joshi873@yahoo.com,+91-8198533955,Lucknow,Other,2023-03-07,Regular
4966,Saanvi Patel,saanvi.patel759@rediffmail.com,8523966065,Indore,Other,2024-09-12,Premium
4967,Reyansh Kapoor,reyansh.kapoor191@rediffmail.com,7813060591,Pune,Other,2024-11-16,Regular
4968,Neha Joshi,neha.joshi462@outlook.com,8802158441,Ludhiana,Female,2021-06-18,VIP
4969,Aadhya Gupta,aadhya.gupta526@yahoo.com,9675693840,Bengaluru,Female,2020-07-30,Premium
4970,Meera Kumar,meera.kumar278@rediffmail.com,8805152352,Agra,Other,2023-09-12,New
4971,Ayaan Bhatt,ayaan.bhatt208@outlook.com,7074721012,Chennai,Other,2023-03-18,New
4971,Ayaan Bhatt,ayaan.bhatt208@outlook.com,7074721012,Chennai,Other,2023-03-18,New
4972,,sunita.agarwal554@rediffmail.com,+91-9013214779,Bhopal  ,Other,2023-02-04,Premium
4973,Ramesh Malhotra,ramesh.malhotra49@gmail.com,96838575,Jaipur,Other,2023-03-04,Regular
4974,Krishna Singh,krishna.singh408@outlook.com,9650674981,Ludhiana,Male,2021-01-24,New
4975,Sanjay Chopra,sanjay.chopra869@gmail.com,9054369817,Hyderabad,Female,2022-03-30,VIP
4976,Myra Agarwal,myra.agarwal775@yahoo.com,9134265524,Chennai,Male,2020-03-04,Premium
4977,Reyansh Iyer,reyansh.iyer928@hotmail.com,7007337273,Indore,Male,2020-03-09,New
4978,Ishaan Pillai,ishaan.pillai358@yahoo.com,9888356955,Pune,Male,2023-10-28,Premium
4979,Anjali Bhatt,anjali.bhatt941@rediffmail.com,9726384732,Kolkata,Male,2021-05-28,Regular
4980,Ananya Pillai,ananya.pillai95@rediffmail.com,7144882873,Lucknow,Female,2021-08-17,New
4981,Meera Kumar,meera.kumar604@rediffmail.com,7056590077,Ahmedabad,Other,2024-04-12,VIP
4982,Sneha Reddy,sneha.reddy674@hotmail.com,8748661927,Lucknow,Other,2021-01-01,Regular
4983,Reyansh Sharma,reyansh.sharma36@outlook.com,8996787167,Ahmedabad,Male,2022-06-21,Regular
4984,Sunita Singh,sunita.singh290outlook.com,9166980205,Bengaluru,Male,2024-07-02,Regular
4985,Pari Reddy,pari.reddy750outlook.com,9707848149,Bhopal,Female,2023-12-22,Premium
4986,Sai Agarwal,sai.agarwal551@hotmail.com,9353818337,Chennai,Other,2022-11-21,New
4987,Aadhya Bhatt,aadhya.bhatt510@outlook.com,8983359129,Agra,Female,2020-05-25,Premium
4988,Ayaan Agarwal,ayaan.agarwal149@gmail.com,7365714584,Pune,Other,2023-07-07,Regular
4989,,reyansh.iyer663@gmail.com,7554978998,hyderabad,Male,2023-04-20,New
4990,Deepak Bansal,deepak.bansal856@rediffmail.com,7959864836,Lucknow,Female,2023-04-10,New
4991,Aditya Nair,aditya.nair83@rediffmail.com,+91-7245944930,Jaipur,Female,2020-08-03,Regular
4992,Manish Singh,manish.singh139@gmail.com,9968059536,Delhi,Male,2023-06-04,Regular
4993,Karan Kumar,karan.kumar74@yahoo.com,8789320445,Nagpur,Male,2022-07-07,New
4994,Nikhil Singh,nikhil.singh470@outlook.com,8710633073,Agra,Other,2020-06-16,Regular
4995,Aarav Verma,aarav.verma743@gmail.com,8621874452,Hyderabad,Male,2020-05-29,New
4996,Ayaan Gupta,ayaan.gupta139@gmail.com,8961798487,Bhopal,Female,2020-10-10,Regular
4997,Shreya Reddy,shreya.reddy182@hotmail.com,9432905159,Ludhiana,Male,2021-01-08,Regular
4998,Manish Bansal,manish.bansal553@outlook.com,9688185288,Surat,Other,2024-02-02,New
4999,Myra Nair,myra.nair974@yahoo.com,702335158,Nagpur,Other,2023-07-30,Premium
5000,Neha Pillai,neha.pillai734@gmail.com,9977570299,Bhopal,Male,2019-05-17,New
5001,Pari Patel,pari.patel613@yahoo.com,9266022310,Lucknow,Other,2023-04-21,Regular
5002,Aadhya Nair,aadhya.nair304@gmail.com,7937948550,Ludhiana,Other,2023-10-09,New
5003,Arjun Singh,arjun.singh49@gmail.com,9152396440,Jaipur,Other,2022-03-18,VIP
5004,Aadhya Joshi,aadhya.joshi284@hotmail.com,9793355738,Bhopal,Other,2021-12-17,New
5005,Sai Nair,sai.nair660@hotmail.com,7432609883,Bhopal,Other,2019-01-28,Premium
5006,Sanjay Patel,sanjay.patel574@outlook.com,8921911281,Patna,Other,2024-05-16,New
5007,Aadhya Mehta,aadhya.mehta649@rediffmail.com,9978103430,Agra,Other,2022-12-02,Premium
5008,Sanjay Malhotra,sanjay.malhotra987@gmail.com,7287759186,Agra,Male,2023-06-07,New
5009,Isha Nair,isha.nair645@yahoo.com,9189742335,Ahmedabad,Female,2021-10-17,New
5010,Priya Patel,priya.patel163@gmail.com,8803305700,Kanpur,Male,2022-06-06,Premium
5011,Ramesh Pillai,ramesh.pillai51@yahoo.com,7694577187,Nashik,Male,2020-01-06,Regular
5012,Amit Singh,amit.singh707@hotmail.com,8653472143,Mumbai,Other,2022-04-02,Premium
5013,Arjun Joshi,arjun.joshi427rediffmail.com,7776472317,Bhopal,Male,2022-03-11,New
5014,Shreya Patel,shreya.patel525@yahoo.com,+91-7323326228,Bengaluru,Female,2024-12-06,VIP
5015,Ayaan Agarwal,ayaan.agarwal937@outlook.com,7451901791,Lucknow,Male,2020-08-25,VIP
5016,Ishaan Patel,ishaan.patel726@gmail.com,7780166360,Indore,Male,2021-09-12,Premium
5017,Arjun Iyer,arjun.iyer977@rediffmail.com,7969774297,Indore,Male,2019-09-25,New
5018,Aadhya Kumar,aadhya.kumar564@outlook.com,9949419778,Jaipur,Male,2023-02-22,Regular
5019,Pooja Mehta,pooja.mehta624@gmail.com,9517199322,Lucknow,Female,2021-07-16,Regular
5020,Pooja Verma,pooja.verma900@outlook.com,7262092976,Kanpur,Female,2022-02-20,Regular
5021,Pari Desai,pari.desai112@yahoo.com,9148915062,Ludhiana,Female,2020-06-25,Premium
5022,Amit Singh,amit.singh933@gmail.com,7073796397,Lucknow,Female,2021-02-11,Regular
5023,Vihaan Bhatt,vihaan.bhatt681@outlook.com,7381357659,Agra,Female,2019-08-01,Premium
5024,Suresh Rao,suresh.rao551@hotmail.com,9291210883,Mumbai,Female,2020-12-22,Premium
5025,Vivaan Agarwal,vivaan.agarwal80@outlook.com,8524605124,Hyderabad,Male,2021-08-07,VIP
5026,Isha Reddy,isha.reddy824@rediffmail.com,8626958366,Nashik,Other,2021-06-26,Regular
5027,Riya Joshi,riya.joshi204@outlook.com,7882394909,Ahmedabad,Male,2020-03-24,Premium
5028,Kritika Bansal,kritika.bansal795yahoo.com,9465677261,Ahmedabad,Female,2023-03-22,VIP
5029,Manish Patel,manish.patel28@gmail.com,7292745248,Hyderabad,Male,2022-09-04,New
5030,Riya Mehta,riya.mehta536@yahoo.com,8240737,Kanpur,Female,2024-08-03,VIP
5031,Arjun Bhatt,arjun.bhatt744@hotmail.com,7649777977,Bengaluru,Male,2021-11-30,New
5032,Rahul Gupta,rahul.gupta328@rediffmail.com,8662982729,Delhi,Other,2021-03-14,New
5033,Priya Sharma,priya.sharma310@outlook.com,8364232907,Ahmedabad,Female,2020-01-23,New
5034,Rahul Iyer,rahul.iyer629gmail.com,9769996232,Agra,Male,2019-10-08,Regular
5035,Riya Iyer,riya.iyer978outlook.com,9825332725,Jaipur,Female,2019-11-02,VIP
5036,Riya Mehta,riya.mehta567@gmail.com,8376477633,Hyderabad,Female,2021-09-06,VIP
5037,Krishna Kapoor,krishna.kapoor304@hotmail.com,8668135281,Lucknow,Female,2023-05-28,Premium
5038,Reyansh Agarwal,reyansh.agarwal392@gmail.com,8925789191,Kolkata,Male,2022-02-17,Premium
5039,Vihaan Verma,vihaan.verma993@yahoo.com,8700522426,Delhi,Other,2020-09-28,Premium
5040,Riya Desai,riya.desai108@gmail.com,7451055466,Pune,Female,2024-09-02,VIP
5041,Rohan Reddy,rohan.reddy482@outlook.com,9758936724,Surat,Other,2021-06-13,VIP
5042,Priya Sharma,priya.sharma931@hotmail.com,9716447144,Surat,Female,2020-08-09,Regular
5043,Aarav Gupta,aarav.gupta227@rediffmail.com,9499304624,Kolkata,Other,2024-12-20,Regular
5044,Diya Nair,diya.nair172@yahoo.com,8515921894,Chennai,Male,2022-09-24,VIP
5045,Sneha Patel,sneha.patel391@outlook.com,7100544265,Pune,Other,2024-12-29,New
5046,Vihaan Singh,vihaan.singh66@outlook.com,+91-8359946582,Kanpur,Male,2019-09-07,New
5046,Vihaan Singh,vihaan.singh66@outlook.com,+91-8359946582,Kanpur,Male,2019-09-07,New
5047,,suresh.gupta217@gmail.com,7456525574,SURAT,Other,2023-09-16,New
5048,Ayaan Patel,ayaan.patel20@yahoo.com,8675389275,Ludhiana,Female,2021-06-03,Regular
5049,Sai Kumar,sai.kumar543@yahoo,7512420808,Mumbai,Female,2023-08-24,VIP
5050,Kritika Rao,kritika.rao540@rediffmail.com,7079748738,Pune,Female,2022-12-23,New
5051,Meera Gupta,meera.gupta877@rediffmail.com,9587159355,Chennai,Other,2019-03-18,VIP
5052,Priya Kumar,priya.kumar799@rediffmail.com,8960565987,Bhopal,Male,2022-07-22,Regular
5053,Ananya Pillai,ananya.pillai925@outlook.com,8243017334,Vadodara,Female,2023-07-02,VIP
5054,Aarav Verma,aarav.verma306@outlook.com,8379291062,Bengaluru,Male,2020-08-25,New
5055,Ananya Reddy,ananya.reddy607@hotmail.com,8108355487,Jaipur,Male,2020-12-02,VIP
5056,Aarav Nair,aarav.nair358@gmail.com,8957778072,Delhi,Other,2024-11-08,Premium
5057,Amit Mehta,amit.mehta524@gmail.com,7853544994,Mumbai,Female,2024-08-17,Premium
5058,Ananya Singh,ananya.singh519@hotmail.com,8277888231,Patna,Male,2021-05-19,VIP
5059,Vihaan Chopra,vihaan.chopra946@hotmail,7035703152,Chennai,Male,2024-02-06,Premium
5060,,nikhil.singh396@rediffmail.com,+91-7435406778, Kolkata ,Male,2020-02-04,Premium
5061,Priya Agarwal,priya.agarwal116@gmail.com,8300369306,Lucknow,Female,2021-08-03,Premium
5062,Krishna Verma,krishna.verma170@yahoo.com,7864943529,Nagpur,Female,2019-02-21,VIP
5063,Aditya Singh,aditya.singh378@hotmail,9738719204,Lucknow,Male,2022-04-06,Premium
5064,Ramesh Patel,ramesh.patel673@yahoo.com,9789099796,Delhi,Female,2019-10-08,VIP
5065,Meera Reddy,meera.reddy731@yahoo.com,8132349437,Agra,Female,2020-07-08,New
5066,Sneha Mehta,sneha.mehta251@gmail.com,9973626328,Hyderabad,Male,2023-06-07,Premium
5067,Divya Pillai,divya.pillai515@rediffmail.com,9064859,Kolkata,Other,2024-07-06,Regular
5068,Kavya Verma,kavya.verma23@rediffmail,7706052179,Bhopal,Female,2021-07-04,VIP
5069,Rohan Kapoor,rohan.kapoor470@hotmail.com,9536365935,Nashik,Other,2021-07-23,Regular
5070,Vivaan Bhatt,vivaan.bhatt146@gmail.com,7057446651,Ahmedabad,Male,2019-12-25,Premium
5071,Kavya Kumar,kavya.kumar97@yahoo.com,7938624111,Patna,Other,2020-12-05,New
5072,Divya Chopra,divya.chopra406@hotmail.com,9413333237,Hyderabad,Female,2023-12-19,Premium
5073,Manish Rao,manish.rao667@rediffmail.com,9866955363,Agra,Other,2022-10-17,VIP
5074,Pooja Pillai,pooja.pillai649@rediffmail.com,7618216818,Delhi,Male,2023-01-08,VIP
5075,Anika Chopra,anika.chopra184@rediffmail.com,7645706860,Delhi,Female,2023-02-05,New
5076,Meera Kumar,meera.kumar605@hotmail.com,8321074337,Agra,Male,2021-04-02,VIP
5077,Aarav Joshi,aarav.joshi917@yahoo.com,8042757474,Mumbai,Female,2022-12-31,Premium
5078,Deepak Agarwal,deepak.agarwal643@gmail.com,7194797319,Kanpur,Male,2020-07-25,Premium
5079,Manish Singh,manish.singh861@rediffmail.com,9712586765,Chennai,Female,2020-01-20,Regular
5079,Manish Singh,manish.singh861@rediffmail.com,9712586765,Chennai,Female,2020-01-20,Regular
5080,,aarav.sharma590@hotmail.com,9075916310, Ahmedabad ,Other,2023-02-16,VIP
5081,Pooja Singh,pooja.singh862@hotmail.com,9373206616,Vadodara,Male,2020-11-21,VIP
5082,Arjun Bhatt,arjun.bhatt11@outlook,9576160610,Nagpur,Female,2020-04-27,VIP
5083,Anika Bhatt,anika.bhatt673@gmail.com,9517627598,Chennai,Other,2019-01-27,Premium
5084,Amit Bansal,amit.bansal779@outlook.com,8532792000,Chennai,Female,2024-04-11,Regular
5085,Ananya Rao,ananya.rao486@hotmail.com,7599406841,Lucknow,Female,2022-07-05,New
5086,Myra Pillai,myra.pillai908@hotmail.com,9176019126,Vadodara,Female,2022-11-05,VIP
5087,Aarav Pillai,aarav.pillai239@yahoo.com,8909371335,Mumbai,Female,2020-02-15,Regular
5088,Anjali Joshi,anjali.joshi42gmail.com,7883785808,Bhopal,Other,2024-01-27,Premium
5089,Sai Malhotra,sai.malhotra465@gmail.com,7906575158,Indore,Male,2019-12-01,New
5090,Riya Joshi,riya.joshi66@gmail.com,8443884542,Hyderabad,Male,2022-12-15,Regular
5091,Sneha Rao,sneha.rao450@yahoo.com,7118685972,Nagpur,Other,2019-11-06,Regular
5092,Rahul Kapoor,rahul.kapoor46@gmail.com,7904370742,Chennai,Male,2020-10-04,New
5093,Riya Desai,riya.desai661@outlook.com,8547295839,Bengaluru,Other,2024-04-22,VIP
5094,Aarav Mehta,aarav.mehta260@yahoo.com,9857551060,Pune,Male,2023-10-26,Regular
5095,Anjali Rao,anjali.rao62@hotmail.com,70848727,Chennai,Female,2022-05-27,Premium
5096,Anjali Reddy,anjali.reddy984@gmail.com,7370801195,Surat,Male,2019-01-18,VIP
5097,Nikhil Singh,nikhil.singh313@outlook.com,9407679344,Agra,Female,2022-10-01,Premium
5098,Ishaan Bansal,ishaan.bansal563@hotmail.com,9738962036,Ahmedabad,Other,2022-04-02,Regular
5099,Pari Pillai,pari.pillai658@outlook.com,8988646547,Hyderabad,Female,2019-07-27,New
5100,Pari Chopra,pari.chopra408@gmail.com,7236833501,Jaipur,Female,2022-11-28,Regular
5101,Sanjay Gupta,sanjay.gupta879@outlook,865567513,Mumbai,Female,2023-07-11,Regular
5102,Vihaan Kumar,vihaan.kumar231@hotmail.com,8265509142,Kanpur,Male,2019-09-16,Regular
5103,Diya Singh,diya.singh206@rediffmail.com,9515360869,Ludhiana,Female,2023-01-24,New
5104,Suresh Gupta,suresh.gupta43@hotmail.com,7238393330,Vadodara,Other,2021-04-18,Premium
5105,Manish Verma,manish.verma39@outlook.com,7893266412,Ahmedabad,Male,2022-09-15,New
5106,Shreya Bhatt,shreya.bhatt193@outlook.com,9178286023,Bhopal,Other,2024-07-11,Regular
5107,Nikhil Bansal,nikhil.bansal770@yahoo.com,7224673065,Kanpur,Female,2023-12-31,VIP
5108,Rohan Desai,rohan.desai7@hotmail.com,9847580638,Vadodara,Other,2023-03-04,New
5109,Myra Verma,myra.verma81@outlook.com,7007890645,Agra,Other,2019-01-14,New
5110,Karan Singh,karan.singh897@hotmail.com,9286242455,Jaipur,Female,2019-02-28,VIP
5111,Sunita Patel,sunita.patel407@gmail.com,7595338455,Kolkata,Male,2023-05-11,Premium
5112,Amit Agarwal,amit.agarwal565gmail.com,8969919641,Kolkata,Other,2023-07-16,Regular
5113,Pooja Bhatt,pooja.bhatt733hotmail.com,8821585632,Jaipur,Female,2024-11-21,VIP
5114,Aditya Gupta,aditya.gupta858rediffmail.com,8834109040,Indore,Male,2023-08-01,New
5115,Rahul Patel,rahul.patel293@yahoo.com,8124805826,Ahmedabad,Other,2021-04-19,Premium
5116,Krishna Sharma,krishna.sharma845@hotmail.com,7977023848,Agra,Male,2020-09-26,Regular
5117,Isha Iyer,isha.iyer275@rediffmail.com,9637212056,Pune,Female,2022-03-12,VIP
5118,Ramesh Kumar,ramesh.kumar708@rediffmail.com,+91-9784542300,Chennai,Other,2023-12-07,Regular
5119,Deepak Reddy,deepak.reddy540@gmail.com,8029929997,Kolkata,Female,2022-03-12,VIP
5120,Ishaan Joshi,ishaan.joshi801@yahoo.com,8738268874,Ludhiana,Other,2021-10-22,VIP
5121,Aditya Verma,aditya.verma612@gmail.com,9242757744,Patna,Male,2023-08-29,VIP
5122,Myra Kapoor,myra.kapoor891@outlook.com,9314670076,Nashik,Male,2019-01-05,Premium
5123,Neha Patel,neha.patel367@rediffmail.com,7337767331,Lucknow,Female,2020-08-14,Regular
5124,Ramesh Verma,ramesh.verma737@gmail.com,7376020122,Pune,Male,2024-09-03,Premium
5125,Karan Nair,karan.nair482@gmail.com,9058874419,Pune,Male,2023-01-16,VIP
5125,Karan Nair,karan.nair482@gmail.com,9058874419,Pune,Male,2023-01-16,VIP
5126,,rohan.kapoor464@hotmail.com,7289752938,VADODARA,Other,2021-09-12,VIP
5127,Saanvi Joshi,saanvi.joshi167@yahoo.com,7664754345,Pune,Other,2019-04-21,Premium
5128,Kavya Kumar,kavya.kumar246hotmail.com,8627955632,Surat,Male,2022-10-05,Premium
5129,Anjali Nair,anjali.nair964@yahoo.com,7823585870,Nagpur,Male,2023-01-17,Regular
5130,Ramesh Malhotra,ramesh.malhotra797@hotmail.com,8932215396,Agra,Female,2023-03-15,Regular
5131,Ayaan Patel,ayaan.patel193@hotmail.com,+91-8252141175,Delhi,Female,2023-10-17,Regular
5132,Deepak Nair,deepak.nair567outlook.com,7446646693,Lucknow,Other,2019-07-30,New
5133,Nikhil Chopra,nikhil.chopra418@yahoo.com,9567861174,Lucknow,Male,2022-08-24,Regular
5134,Diya Gupta,diya.gupta305@hotmail.com,8139358731,Lucknow,Female,2023-02-17,New
5135,Manish Agarwal,manish.agarwal634@gmail.com,9586032962,Vadodara,Female,2021-07-29,VIP
5136,Diya Reddy,diya.reddy185@outlook.com,9675890753,Indore,Other,2023-02-21,VIP
5137,Anika Bansal,anika.bansal262@yahoo.com,9995420554,Delhi,Other,2021-12-29,New
5138,Sai Mehta,sai.mehta812@outlook.com,8696183202,Jaipur,Male,2020-11-23,VIP
5139,Anika Singh,anika.singh925@hotmail.com,9484408577,Patna,Other,2024-11-05,Premium
5140,Rahul Bansal,rahul.bansal447@rediffmail.com,857813674,Nagpur,Other,2020-02-19,Regular
5141,Meera Pillai,meera.pillai865@rediffmail,9343916,Chennai,Male,2020-02-04,VIP
5142,Karan Agarwal,karan.agarwal904@gmail.com,8512348345,Bhopal,Male,2023-07-17,VIP
5143,Deepak Patel,deepak.patel618@hotmail.com,8339534409,Nashik,Other,2021-10-25,New
5144,Shreya Malhotra,shreya.malhotra641@gmail.com,7727777478,Agra,Other,2022-03-19,Regular
5145,Suresh Chopra,suresh.chopra928@outlook.com,7877046759,Kanpur,Male,2021-07-19,Premium
5146,Kavya Pillai,kavya.pillai15@rediffmail.com,7139700492,Kolkata,Other,2022-08-14,VIP
5147,Neha Chopra,neha.chopra908@hotmail.com,9340116211,Nagpur,Male,2021-07-10,Premium
5148,Ayaan Rao,ayaan.rao452@rediffmail.com,7157592707,Hyderabad,Female,2020-07-18,Regular
5149,Sai Verma,sai.verma383@rediffmail.com,7722788830,Ludhiana,Other,2021-07-24,Regular
5150,Divya Kapoor,divya.kapoor674@outlook.com,7672989435,Lucknow,Male,2019-08-07,Regular
5151,Nikhil Bhatt,nikhil.bhatt330@gmail.com,7167833342,Chennai,Female,2023-10-12,Regular
5152,Diya Verma,diya.verma858@yahoo.com,7210612291,Bhopal,Other,2023-06-03,New
5153,Krishna Malhotra,krishna.malhotra801@hotmail.com,8367193539,Ahmedabad,Male,2023-07-31,Regular
5154,Pari Mehta,pari.mehta158@outlook.com,8606455969,Ludhiana,Other,2022-10-05,VIP
5155,Diya Rao,diya.rao664@outlook.com,9888646185,Indore,Female,2020-05-21,Regular
5156,Aadhya Pillai,aadhya.pillai912@outlook.com,8568628782,Bhopal,Other,2023-02-27,New
5157,Vivaan Bhatt,vivaan.bhatt860@gmail.com,9661453710,Ahmedabad,Female,2023-07-04,New
5158,Sunita Iyer,sunita.iyer670@yahoo.com,7945306192,Patna,Other,2024-09-03,Premium
5159,Kritika Singh,kritika.singh823@outlook.com,8392872836,Kanpur,Male,2019-05-21,New
5160,Pari Singh,pari.singh614@rediffmail.com,9648182570,Ahmedabad,Other,2022-08-30,Premium
5161,Neha Mehta,neha.mehta158@outlook.com,8341918936,Agra,Female,2021-07-20,Regular
5162,Neha Kumar,neha.kumar214@outlook.com,8372257201,Chennai,Female,2019-08-28,Regular
5163,Ananya Sharma,ananya.sharma882@gmail.com,8508597551,Patna,Other,2020-06-24,New
5164,Sanjay Gupta,sanjay.gupta135@hotmail.com,8226483983,Jaipur,Other,2022-10-16,Premium
5165,Anika Verma,anika.verma996@gmail.com,9757707710,Vadodara,Other,2021-06-02,Regular
5166,Pooja Chopra,pooja.chopra873@hotmail.com,9325839715,Surat,Female,2022-12-07,Regular
5167,Sai Gupta,sai.gupta561@rediffmail.com,8687779174,Jaipur,Female,2020-03-18,Regular
5168,Reyansh Malhotra,reyansh.malhotra600@yahoo.com,9798721137,Lucknow,Male,2022-04-18,Premium
5169,Priya Rao,priya.rao507@outlook.com,9226312057,Jaipur,Other,2020-04-23,Premium
5170,Krishna Pillai,krishna.pillai601@rediffmail,7812226612,Vadodara,Male,2024-10-18,New
5171,Sunita Kapoor,sunita.kapoor978@gmail.com,9375037860,Chennai,Male,2021-09-24,New
5172,Ayaan Singh,ayaan.singh246@yahoo.com,9834792001,Pune,Female,2023-03-28,Regular
5173,Rahul Pillai,rahul.pillai908@rediffmail.com,9363571195,Chennai,Other,2022-07-20,New
5174,Sanjay Reddy,sanjay.reddy103@yahoo.com,+91-9747390734,Surat,Male,2019-10-05,Premium
5175,Aadhya Agarwal,aadhya.agarwal522@outlook,9641105585,Kanpur,Male,2023-11-23,VIP
5176,Anika Agarwal,anika.agarwal93@outlook.com,8852625027,Bhopal,Male,2024-09-22,New
5177,Priya Iyer,priya.iyer488@yahoo.com,9252483511,Mumbai,Male,2020-07-31,VIP
5178,Myra Iyer,myra.iyer490@yahoo.com,8751208775,Patna,Male,2019-07-30,New
5179,Arjun Desai,arjun.desai358@hotmail.com,8827428147,Agra,Male,2022-05-07,New
5180,Aadhya Bhatt,aadhya.bhatt899@outlook.com,7255057446,Jaipur,Female,2021-04-29,New
5181,Sanjay Pillai,sanjay.pillai132@outlook.com,8481129165,Vadodara,Other,2024-01-08,Premium
5182,Sai Reddy,sai.reddy719@rediffmail.com,7259469902,Lucknow,Female,2020-06-27,Premium
5183,Isha Nair,isha.nair233@hotmail.com,8621445440,Nagpur,Female,2021-09-20,New
5184,Pooja Pillai,pooja.pillai455@outlook.com,7589299146,Kolkata,Female,2023-01-24,New
5185,Ishaan Joshi,ishaan.joshi518@outlook.com,9606232837,Delhi,Other,2022-05-23,New
5186,Vihaan Nair,vihaan.nair85@yahoo.com,7925682206,Nashik,Female,2019-04-02,New
5187,Anjali Nair,anjali.nair567@hotmail.com,+91-9718198256,Chennai,Male,2019-01-16,New
5188,Suresh Mehta,suresh.mehta144@rediffmail.com,8815449357,Indore,Female,2023-08-15,Premium
5189,Pari Bansal,pari.bansal160@yahoo.com,9266596681,Bengaluru,Other,2023-12-26,Premium
5190,Pooja Agarwal,pooja.agarwal397@hotmail.com,7440707932,Ahmedabad,Male,2023-04-13,New
5191,Isha Iyer,isha.iyer221@gmail.com,9027222954,Surat,Male,2023-09-09,VIP
5192,Reyansh Agarwal,reyansh.agarwal370@gmail.com,8492024320,Mumbai,Other,2024-04-22,Regular
5193,Karan Mehta,karan.mehta56@hotmail.com,74394633,Surat,Female,2019-01-28,VIP
5194,Vihaan Sharma,vihaan.sharma414@outlook.com,8313810996,Bengaluru,Female,2020-11-07,New
5195,Vihaan Malhotra,vihaan.malhotra987@yahoo.com,7891449418,Surat,Other,2023-02-14,New
5196,Priya Gupta,priya.gupta317@hotmail.com,8328759566,Indore,Other,2024-02-18,Regular
5197,Anika Nair,anika.nair691@rediffmail.com,8081859464,Bengaluru,Male,2024-02-06,Regular
5198,Aadhya Desai,aadhya.desai468@yahoo.com,9377743911,Chennai,Female,2019-05-01,VIP
5199,Karan Reddy,karan.reddy671@yahoo.com,8177072301,Bengaluru,Female,2022-11-06,VIP
5200,Pari Pillai,pari.pillai815@yahoo.com,9910501,Surat,Other,2023-04-06,VIP
5201,Sneha Nair,sneha.nair378@yahoo.com,7499371908,Hyderabad,Other,2023-11-16,New
5202,Ananya Patel,ananya.patel184@rediffmail.com,78020222,Surat,Male,2021-12-09,New
5203,Manish Joshi,manish.joshi158@hotmail.com,7259204825,Hyderabad,Female,2022-06-10,New
5204,Riya Rao,riya.rao831@yahoo.com,7042559180,Agra,Female,2019-02-24,New
5205,Nikhil Pillai,nikhil.pillai285@outlook.com,7640584877,Kanpur,Female,2022-08-09,Premium
5206,Riya Sharma,riya.sharma161@rediffmail.com,8988614879,Lucknow,Male,2020-04-04,Premium
5207,Sanjay Sharma,sanjay.sharma417@hotmail.com,7687519155,Ludhiana,Female,2021-08-08,Regular
5208,Divya Bhatt,divya.bhatt169@outlook.com,7721742889,Indore,Male,2021-07-15,VIP
5209,Aarav Pillai,aarav.pillai682@yahoo.com,9349196728,Kanpur,Female,2019-10-09,Regular
5210,Vihaan Agarwal,vihaan.agarwal892@rediffmail.com,9566754683,Bengaluru,Male,2024-03-28,Premium
5211,Riya Joshi,riya.joshi889outlook.com,8100929281,Ahmedabad,Male,2024-02-15,VIP
5212,Kavya Verma,kavya.verma408@outlook.com,7913244807,Agra,Male,2023-05-14,Regular
5213,Manish Verma,manish.verma377@gmail.com,7416586852,Jaipur,Other,2023-11-28,Regular
5214,Diya Bhatt,diya.bhatt471@rediffmail.com,8967131156,Kolkata,Male,2023-11-12,Regular
5215,Isha Nair,isha.nair748@outlook.com,8211228277,Hyderabad,Other,2022-04-05,VIP
5216,Ananya Verma,ananya.verma999@gmail.com,7934559518,Ludhiana,Other,2020-05-26,New
5217,Priya Malhotra,priya.malhotra290@rediffmail.com,9280270850,Mumbai,Female,2019-01-07,VIP
5218,Ananya Agarwal,ananya.agarwal736@gmail.com,7985483726,Chennai,Other,2024-06-03,New
5219,Myra Verma,myra.verma539yahoo.com,9303760,Chennai,Other,2024-12-20,New
5220,Krishna Rao,krishna.rao438@yahoo.com,7571147343,Ahmedabad,Male,2019-09-29,New
5221,Karan Desai,karan.desai53@outlook.com,9498751711,Delhi,Other,2020-04-08,New
5222,Riya Pillai,riya.pillai675@yahoo.com,7458071089,Delhi,Other,2020-12-11,Regular
5223,Ayaan Patel,ayaan.patel298@outlook.com,9591414624,Hyderabad,Other,2020-01-30,VIP
5224,Rohan Kapoor,rohan.kapoor637@hotmail.com,8896935693,Nagpur,Other,2023-05-27,Regular
5225,Ayaan Iyer,ayaan.iyer331@rediffmail.com,7587516909,Patna,Male,2020-07-08,Premium
5226,Deepak Kumar,deepak.kumar710@gmail.com,8233091654,Kanpur,Male,2023-04-27,VIP
5227,Anika Agarwal,anika.agarwal183@hotmail.com,8128936067,Bengaluru,Male,2024-08-08,Premium
5228,Anjali Agarwal,anjali.agarwal554@rediffmail.com,8642066170,Ludhiana,Other,2022-02-22,New
5229,Anjali Mehta,anjali.mehta476@rediffmail.com,9000063603,Pune,Female,2020-02-23,Premium
5230,Krishna Pillai,krishna.pillai592@rediffmail.com,8666932724,Lucknow,Male,2022-11-21,VIP
5231,Krishna Chopra,krishna.chopra118@hotmail.com,7180313002,Bengaluru,Female,2022-10-30,Premium
5232,Ananya Patel,ananya.patel506@yahoo.com,7747377800,Kanpur,Male,2020-02-01,Regular
5233,Neha Singh,neha.singh490@yahoo.com,7964653538,Kolkata,Other,2019-11-21,VIP
5234,Diya Mehta,diya.mehta995@rediffmail.com,7856211947,Jaipur,Male,2023-05-10,Premium
5235,Manish Kumar,manish.kumar723@rediffmail.com,90696063,Kanpur,Other,2021-07-16,VIP
5236,Isha Reddy,isha.reddy369@outlook.com,9264897133,Chennai,Female,2022-04-21,Premium
5237,Aarav Sharma,aarav.sharma232@hotmail.com,7220391051,Vadodara,Other,2019-11-19,Premium
5238,Saanvi Patel,saanvi.patel690@rediffmail.com,7110247761,Bengaluru,Male,2023-08-10,Premium
5239,Kavya Desai,kavya.desai955@outlook.com,7210780777,Mumbai,Female,2020-02-05,New
5240,Vivaan Singh,vivaan.singh70@yahoo.com,9652062639,Agra,Female,2024-11-01,Premium
5241,Ayaan Kumar,ayaan.kumar577outlook.com,+91-9837225907,Bhopal,Male,2023-05-02,Regular
5242,Pooja Reddy,pooja.reddy482@hotmail.com,7531490903,Bhopal,Female,2024-07-24,Regular
5243,Reyansh Kumar,reyansh.kumar673@hotmail.com,9012687957,Kanpur,Male,2022-11-22,New
5244,Manish Verma,manish.verma697@hotmail.com,9249478700,Bengaluru,Male,2020-05-11,New
5245,Manish Iyer,manish.iyer744@rediffmail.com,7042026098,Indore,Other,2022-10-17,Premium
5246,Reyansh Nair,reyansh.nair896@gmail.com,870299066,Vadodara,Female,2020-05-15,New
5247,Karan Verma,karan.verma76@rediffmail.com,7890998502,Jaipur,Male,2023-02-22,VIP
5247,Karan Verma,karan.verma76@rediffmail.com,7890998502,Jaipur,Male,2023-02-22,VIP
5248,,karan.reddy883@rediffmail.com,7466439671, Kanpur ,Other,2023-05-05,VIP
5249,Suresh Chopra,suresh.chopra182@rediffmail.com,7171625089,Kolkata,Male,2019-12-27,Regular
5250,Arjun Joshi,arjun.joshi799@rediffmail.com,8178453616,Hyderabad,Male,2024-01-29,Regular
5251,Sunita Patel,sunita.patel247@rediffmail.com,8116363165,Pune,Male,2022-08-24,Premium
5252,Shreya Gupta,shreya.gupta231yahoo.com,8489359965,Surat,Male,2019-04-15,Regular
5253,Ramesh Singh,ramesh.singh156@hotmail.com,7936882237,Delhi,Male,2020-11-12,Regular
5254,Ishaan Rao,ishaan.rao487@outlook.com,8667743380,Kanpur,Female,2020-04-14,New
5255,Rohan Malhotra,rohan.malhotra262@outlook,8477110309,Hyderabad,Male,2020-05-31,New
5256,Deepak Patel,deepak.patel101@yahoo.com,9927714380,Bengaluru,Male,2019-05-01,Regular
5257,Pari Verma,pari.verma276@gmail.com,7951125791,Indore,Other,2019-09-29,Premium
5258,Vivaan Nair,vivaan.nair405@hotmail.com,7805171244,Kanpur,Other,2023-04-30,VIP
5259,Vihaan Sharma,vihaan.sharma225@hotmail.com,8230667375,Chennai,Other,2020-02-18,Regular
5260,Krishna Kapoor,krishna.kapoor632@hotmail.com,7148036550,Jaipur,Male,2021-10-17,Premium
5261,Aarav Sharma,aarav.sharma806@hotmail.com,8301609294,Vadodara,Female,2022-07-26,Regular
5262,Riya Gupta,riya.gupta373@rediffmail.com,7367606391,Patna,Male,2024-10-01,VIP
5263,Pari Chopra,pari.chopra5@yahoo.com,9270323928,Ludhiana,Female,2022-01-29,Premium
5264,Vihaan Verma,vihaan.verma523@gmail.com,7591733608,Nashik,Other,2020-06-12,VIP
5265,Sai Malhotra,sai.malhotra46@outlook.com,8625412282,Hyderabad,Other,2022-11-10,New
5266,Pooja Iyer,pooja.iyer273@hotmail.com,8808685331,Nashik,Female,2024-05-22,VIP
5267,Ramesh Malhotra,ramesh.malhotra860@gmail.com,+91-7725813483,Nashik,Female,2020-07-03,New
5268,Arjun Singh,arjun.singh610@rediffmail.com,9861168501,Agra,Other,2019-06-17,VIP
5269,Deepak Sharma,deepak.sharma579@rediffmail.com,7107032349,Indore,Female,2019-03-26,Premium
5270,Rohan Verma,rohan.verma592@rediffmail.com,8433944004,Vadodara,Male,2020-12-25,New
5270,Rohan Verma,rohan.verma592@rediffmail.com,8433944004,Vadodara,Male,2020-12-25,New
5271,,vivaan.desai353@rediffmail.com,9102953684,patna,Other,2024-06-03,VIP
5272,Vihaan Malhotra,vihaan.malhotra193@outlook.com,7237031745,Ahmedabad,Male,2019-02-21,New
5273,Vihaan Sharma,vihaan.sharma57@outlook,7952489553,Jaipur,Other,2019-12-16,Regular
5274,Suresh Bansal,suresh.bansal189@outlook.com,9947726259,Ahmedabad,Male,2021-03-18,VIP
5275,Aarav Malhotra,aarav.malhotra88@yahoo.com,9077869823,Ludhiana,Male,2021-08-10,New
5276,Manish Reddy,manish.reddy968@outlook.com,7782235194,Nagpur,Other,2022-06-11,Premium
5277,Aditya Verma,aditya.verma295@outlook.com,8756360663,Ahmedabad,Male,2021-04-18,Regular
5278,Ayaan Patel,ayaan.patel160@gmail.com,9463820383,Bhopal,Female,2022-09-14,Premium
5279,Vihaan Singh,vihaan.singh628@gmail.com,7908874794,Patna,Male,2021-04-22,Premium
5280,Riya Mehta,riya.mehta608@rediffmail.com,7467873868,Chennai,Female,2020-03-06,New
5281,Suresh Pillai,suresh.pillai98@rediffmail.com,7991107700,Surat,Other,2022-09-03,VIP
5282,Nikhil Pillai,nikhil.pillai753@gmail.com,9060495620,Kanpur,Male,2022-11-22,Premium
5283,Sunita Verma,sunita.verma451@rediffmail.com,8300369395,Patna,Other,2022-05-13,New
5284,Anika Malhotra,anika.malhotra215@yahoo.com,7247582081,Ahmedabad,Male,2024-10-03,Regular
5285,Pari Nair,pari.nair494@outlook.com,9940226092,Vadodara,Male,2024-10-31,Premium
5286,Shreya Reddy,shreya.reddy196@rediffmail.com,8449990385,Patna,Male,2021-03-25,VIP
5287,Sunita Pillai,sunita.pillai354@gmail.com,8721680689,Jaipur,Female,2023-02-27,New
5288,Pooja Singh,pooja.singh220@yahoo.com,7967146606,Delhi,Female,2020-03-15,VIP
5289,Riya Patel,riya.patel953@hotmail.com,7942762616,Patna,Female,2021-02-28,New
5290,Isha Joshi,isha.joshi718@hotmail.com,9535219081,Delhi,Female,2023-01-26,New
5291,Nikhil Pillai,nikhil.pillai656@yahoo.com,7089978516,Delhi,Female,2019-03-28,Regular
5292,Sunita Patel,sunita.patel797@gmail.com,81448534,Vadodara,Other,2022-07-18,Regular
5293,Pari Patel,pari.patel630@gmail.com,7787761091,Chennai,Female,2019-12-07,Regular
5294,Diya Mehta,diya.mehta705@hotmail.com,9101301724,Kanpur,Other,2020-10-11,Premium
5295,Arjun Patel,arjun.patel969@outlook.com,9884798280,Bengaluru,Female,2019-08-20,Regular
5296,Aditya Iyer,aditya.iyer291@outlook.com,9906006951,Ahmedabad,Female,2022-05-17,New
5297,Suresh Sharma,suresh.sharma986@hotmail.com,8488281191,Ludhiana,Male,2021-06-09,VIP
5298,Divya Kapoor,divya.kapoor723@hotmail.com,8520619535,Lucknow,Female,2022-08-12,Regular
5299,Vivaan Agarwal,vivaan.agarwal961@hotmail.com,9067375094,Pune,Male,2023-07-19,Regular
5300,Priya Chopra,priya.chopra526@yahoo.com,9939354852,Bhopal,Other,2023-10-13,New
5301,Saanvi Kumar,saanvi.kumar759@hotmail.com,9317890888,Lucknow,Male,2022-12-17,New
5302,Ramesh Patel,ramesh.patel29@yahoo.com,8635397528,Jaipur,Other,2019-03-06,Premium
5303,Karan Chopra,karan.chopra959@gmail.com,8011770758,Nashik,Other,2024-06-26,Regular
5304,Rohan Sharma,rohan.sharma367@rediffmail.com,9085964953,Bhopal,Female,2021-07-16,Premium
5305,Myra Gupta,myra.gupta590@rediffmail.com,+91-7582798264,Lucknow,Male,2020-05-04,Premium
5305,Myra Gupta,myra.gupta590@rediffmail.com,+91-7582798264,Lucknow,Male,2020-05-04,Premium
5306,,isha.sharma230@outlook.com,8131661970, Surat ,Male,2023-11-15,Regular
5307,Ayaan Joshi,ayaan.joshi516@yahoo.com,8065950006,Bengaluru,Female,2023-03-20,New
5308,Ramesh Rao,ramesh.rao531yahoo.com,8834779252,Mumbai,Other,2022-04-02,Regular
5309,Anika Kapoor,anika.kapoor714@rediffmail.com,8038406753,Surat,Other,2024-01-16,VIP
5310,Arjun Agarwal,arjun.agarwal703@gmail.com,9432900497,Mumbai,Male,2019-12-18,Regular
5311,Aditya Patel,aditya.patel583@gmail.com,+91-8296631940,Surat,Male,2023-05-08,Regular
5312,Aarav Desai,aarav.desai867@yahoo.com,9386461178,Nashik,Other,2021-01-13,New
5313,Amit Joshi,amit.joshi389@gmail.com,9134075910,Jaipur,Other,2022-09-17,Premium
5314,Pooja Reddy,pooja.reddy772@outlook.com,8483307401,Ahmedabad,Other,2023-12-24,New
5315,Suresh Bhatt,suresh.bhatt281@yahoo,7044764793,Hyderabad,Female,2024-01-07,Premium
5316,Meera Desai,meera.desai153@gmail,7065516916,Kolkata,Male,2021-05-14,New
5317,Sneha Rao,sneha.rao147@outlook.com,9771355371,Chennai,Male,2024-01-09,New
5318,Rohan Patel,rohan.patel755@gmail.com,8783150887,Agra,Male,2020-09-19,Premium
5319,Vihaan Kapoor,vihaan.kapoor891@outlook.com,7900585680,Mumbai,Male,2022-06-08,VIP
5320,Amit Patel,amit.patel559@gmail.com,9651125911,Ludhiana,Female,2024-06-17,VIP
5321,Ananya Sharma,ananya.sharma82@gmail.com,7442826599,Indore,Female,2022-09-06,VIP
5322,Sneha Patel,sneha.patel383@outlook.com,9626813806,Kanpur,Female,2024-11-04,Premium
5323,Diya Singh,diya.singh854@outlook.com,7344472452,Delhi,Other,2023-08-11,Premium
5324,Deepak Mehta,deepak.mehta413@yahoo.com,8988894459,Vadodara,Other,2024-07-03,VIP
5325,Kritika Patel,kritika.patel506gmail.com,7739609720,Kolkata,Male,2021-01-09,VIP
5326,Aadhya Reddy,aadhya.reddy384@outlook.com,7054660385,Jaipur,Female,2020-08-29,New
5327,Ishaan Bhatt,ishaan.bhatt469@yahoo.com,8681390126,Nashik,Other,2024-04-05,New
5328,Ananya Joshi,ananya.joshi158@gmail.com,8169717703,Kanpur,Other,2019-01-24,VIP
5329,Rohan Mehta,rohan.mehta293@gmail.com,9488044184,Pune,Male,2023-09-28,VIP
5330,Pooja Sharma,pooja.sharma809@gmail.com,7545197091,Surat,Other,2024-05-31,VIP
5331,Vihaan Bansal,vihaan.bansal332@gmail.com,76213048,Mumbai,Male,2023-11-03,Regular
5332,Amit Agarwal,amit.agarwal148@hotmail.com,9026670910,Hyderabad,Female,2023-12-05,VIP
5333,Sai Bhatt,sai.bhatt688@gmail.com,7884022825,Bhopal,Other,2019-08-15,Regular
5334,Aadhya Malhotra,aadhya.malhotra366@yahoo.com,8167277722,Delhi,Female,2021-05-01,New
5335,Manish Desai,manish.desai372@outlook.com,8974127973,Delhi,Other,2022-08-22,VIP
5336,Divya Desai,divya.desai888@rediffmail.com,9480082,Delhi,Female,2020-12-05,VIP
5337,Ayaan Joshi,ayaan.joshi60@outlook.com,7141208547,Jaipur,Male,2020-06-14,VIP
5338,Shreya Agarwal,shreya.agarwal509@gmail.com,+91-7878975698,Patna,Female,2021-05-26,Premium
5339,Anika Bansal,anika.bansal70@outlook.com,9337258788,Nashik,Male,2022-12-04,VIP
5340,Deepak Iyer,deepak.iyer70@outlook.com,7473392236,Pune,Female,2024-03-18,New
5341,Anjali Chopra,anjali.chopra291outlook.com,9707534559,Jaipur,Other,2019-11-26,New
5342,Sanjay Patel,sanjay.patel888@hotmail.com,7917370561,Patna,Male,2020-08-30,New
5343,Pari Reddy,pari.reddy908@gmail.com,7044081775,Mumbai,Female,2021-11-09,New
5344,Pari Joshi,pari.joshi950@rediffmail.com,7802883697,Agra,Male,2020-12-06,VIP
5345,Amit Reddy,amit.reddy538@yahoo.com,8516519313,Patna,Other,2021-05-22,VIP
5346,Ananya Bansal,ananya.bansal767@yahoo.com,9437194531,Vadodara,Female,2024-02-18,Premium
5347,Rohan Bansal,rohan.bansal347rediffmail.com,7346417893,Kanpur,Male,2023-07-25,New
5348,Sunita Nair,sunita.nair552@gmail.com,8280986364,Bengaluru,Female,2024-01-27,VIP
5349,Priya Agarwal,priya.agarwal635@gmail.com,7175582051,Bhopal,Male,2019-08-19,New
5350,Ishaan Sharma,ishaan.sharma708@rediffmail.com,866352151,Nashik,Female,2023-05-09,Regular
5351,Priya Bansal,priya.bansal903yahoo.com,7221989256,Vadodara,Female,2022-10-21,Regular
5352,Kritika Malhotra,kritika.malhotra398@yahoo.com,8498225350,Kolkata,Male,2022-01-26,Regular
5353,Rahul Kapoor,rahul.kapoor385@yahoo.com,8776475999,Ahmedabad,Female,2023-09-27,Premium
5354,Vivaan Verma,vivaan.verma834@rediffmail.com,8938733644,Nashik,Female,2020-08-26,Premium
5355,Sai Reddy,sai.reddy856yahoo.com,9346646111,Patna,Other,2019-06-27,VIP
5356,Amit Agarwal,amit.agarwal383@gmail.com,8581425358,Agra,Female,2021-11-11,Regular
5357,Ayaan Joshi,ayaan.joshi275@rediffmail.com,8434732527,Jaipur,Female,2024-10-28,Premium
5358,Riya Reddy,riya.reddy279@hotmail.com,9785181428,Pune,Male,2023-12-22,Regular
5359,Sanjay Chopra,sanjay.chopra422@gmail.com,9241865933,Pune,Other,2021-09-24,New
5360,Reyansh Iyer,reyansh.iyer921@yahoo.com,7233344136,Patna,Female,2020-09-18,Regular
5361,Myra Mehta,myra.mehta48@yahoo.com,7864161445,Nashik,Other,2024-08-08,New
5362,Vihaan Gupta,vihaan.gupta767@outlook.com,7215973701,Patna,Male,2019-03-19,New
5363,Isha Pillai,isha.pillai362@hotmail.com,8726665304,Kanpur,Other,2019-03-12,Regular
5364,Pari Gupta,pari.gupta487@rediffmail.com,+91-8973671350,Patna,Other,2024-04-22,VIP
5365,Arjun Mehta,arjun.mehta354@hotmail,9900751418,Pune,Male,2020-11-18,VIP
5366,Rahul Patel,rahul.patel237@rediffmail,7975403900,Ahmedabad,Female,2024-04-12,New
5367,Reyansh Desai,reyansh.desai683@gmail.com,8492363152,Lucknow,Other,2019-06-09,Premium
5368,Vivaan Malhotra,vivaan.malhotra955@rediffmail.com,8746409511,Kolkata,Other,2024-11-16,Premium
5369,Shreya Mehta,shreya.mehta139@yahoo.com,9024293,Vadodara,Other,2023-09-21,New
5370,Rohan Chopra,rohan.chopra244@hotmail.com,9946784004,Ludhiana,Male,2023-06-23,Premium
5371,,anika.kumar558@yahoo.com,8125522553,delhi,Male,2023-03-05,Premium
5372,Sneha Desai,sneha.desai640hotmail.com,7121542763,Bhopal,Other,2020-06-28,Regular
5373,Suresh Kapoor,suresh.kapoor321@yahoo.com,8412612579,Kanpur,Other,2023-10-17,Premium
5374,Neha Kapoor,neha.kapoor246@rediffmail.com,9657785839,Delhi,Other,2022-09-01,Regular
5375,Amit Verma,amit.verma116@outlook.com,7320602667,Mumbai,Male,2024-03-27,VIP
5376,Aarav Singh,aarav.singh707@gmail.com,9409259933,Kanpur,Other,2023-06-26,New
5377,Meera Pillai,meera.pillai878@hotmail.com,8622630673,Mumbai,Other,2020-11-14,VIP
5378,Ananya Kapoor,ananya.kapoor530@outlook.com,8843238037,Chennai,Other,2022-08-12,Regular
5379,Rahul Bhatt,rahul.bhatt563@gmail.com,7854364924,Nashik,Other,2024-03-26,New
5380,Shreya Pillai,shreya.pillai70@outlook.com,7927367826,Jaipur,Female,2022-10-06,Premium
5381,Pari Verma,pari.verma277@gmail.com,7202886007,Hyderabad,Male,2020-01-23,Premium
5382,Isha Kapoor,isha.kapoor52@rediffmail.com,8639687370,Pune,Female,2022-12-27,Regular
5383,Neha Mehta,neha.mehta812@yahoo.com,9420781758,Ludhiana,Female,2021-05-11,Premium
5384,Shreya Sharma,shreya.sharma24@hotmail.com,8267245521,Bengaluru,Female,2024-09-28,New
5385,Vivaan Iyer,vivaan.iyer257@outlook.com,7427149907,Mumbai,Female,2023-09-19,New
5386,Saanvi Pillai,saanvi.pillai746@rediffmail.com,9149444392,Nashik,Female,2024-03-28,Premium
5387,Deepak Pillai,deepak.pillai431@rediffmail.com,7307793474,Chennai,Female,2020-08-08,New
5388,Diya Bansal,diya.bansal717@rediffmail.com,9625175843,Bengaluru,Female,2020-11-15,Premium
5389,Vihaan Bhatt,vihaan.bhatt681gmail.com,9799880985,Bengaluru,Male,2022-08-27,New
5390,Manish Verma,manish.verma351@yahoo,9521135693,Bhopal,Male,2020-02-02,New
5391,Amit Chopra,amit.chopra410@hotmail.com,9756493213,Indore,Other,2022-06-23,VIP
5392,Amit Desai,amit.desai112@yahoo.com,9935816616,Hyderabad,Other,2022-12-02,VIP
5393,Vivaan Desai,vivaan.desai438@rediffmail.com,8384314349,Vadodara,Male,2021-04-26,VIP
5394,Shreya Desai,shreya.desai664@gmail.com,9965443840,Ahmedabad,Female,2024-12-06,New
5395,Aadhya Verma,aadhya.verma902@yahoo.com,7315563921,Bhopal,Other,2021-09-02,Premium
5396,Ishaan Joshi,ishaan.joshi278@outlook.com,7978485937,Delhi,Female,2023-02-24,Regular
5397,Rahul Sharma,rahul.sharma888gmail.com,7165137118,Bengaluru,Other,2021-01-14,Premium
5398,Sneha Kumar,sneha.kumar534@yahoo.com,7720972770,Patna,Other,2022-05-13,VIP
5398,Sneha Kumar,sneha.kumar534@yahoo.com,7720972770,Patna,Other,2022-05-13,VIP
5399,,neha.malhotra244@hotmail.com,8972316205, Patna ,Other,2021-05-12,New
5400,Shreya Bansal,shreya.bansal399@outlook.com,+91-8306942195,Surat,Other,2023-03-09,New
5401,Saanvi Sharma,saanvi.sharma526@yahoo.com,7154045264,Ludhiana,Female,2024-07-27,New
5402,Aarav Kumar,aarav.kumar830@yahoo.com,+91-9950200542,Hyderabad,Male,2019-10-21,New
5403,Karan Nair,karan.nair842@rediffmail.com,9628128737,Kanpur,Male,2024-09-16,New
5404,Ayaan Rao,ayaan.rao11@rediffmail,+91-9704580394,Jaipur,Male,2022-07-29,New
5405,Manish Pillai,manish.pillai804@gmail,7568941110,Nashik,Other,2021-03-01,Premium
5406,Rohan Desai,rohan.desai167@rediffmail.com,9632897747,Jaipur,Female,2022-01-07,Premium
5407,Vihaan Pillai,vihaan.pillai818@hotmail.com,7478852713,Agra,Other,2020-11-07,VIP
5408,Ayaan Agarwal,ayaan.agarwal948@outlook.com,9705033870,Hyderabad,Other,2021-11-03,Premium
5409,Sai Singh,sai.singh424@hotmail.com,7212765467,Surat,Male,2019-11-24,Regular
5410,Diya Nair,diya.nair128@outlook,8810107747,Pune,Male,2023-10-24,New
5411,Sanjay Malhotra,sanjay.malhotra840@outlook.com,8404717101,Patna,Other,2022-12-03,Premium
5412,Riya Rao,riya.rao726@outlook.com,+91-8827461085,Nagpur,Female,2020-11-26,VIP
5413,Pari Pillai,pari.pillai576@yahoo.com,9831896827,Surat,Male,2021-07-28,VIP
5414,Krishna Mehta,krishna.mehta359@rediffmail.com,7142197507,Hyderabad,Male,2021-08-13,New
5415,Ishaan Reddy,ishaan.reddy501@gmail.com,7458016468,Delhi,Male,2021-11-09,Premium
5416,Anjali Kapoor,anjali.kapoor343@gmail.com,+91-7849973698,Agra,Male,2019-06-18,New
5417,Nikhil Iyer,nikhil.iyer32@yahoo.com,7344673614,Chennai,Other,2020-06-15,VIP
5418,Ananya Singh,ananya.singh422@gmail.com,7868626192,Bhopal,Female,2020-10-09,New
5419,Sai Iyer,sai.iyer486@hotmail.com,9181561,Kanpur,Female,2020-05-20,Premium
5420,Manish Reddy,manish.reddy308@gmail.com,7056933600,Kanpur,Other,2021-05-30,New
5421,Saanvi Patel,saanvi.patel792@hotmail.com,954922413,Lucknow,Female,2022-09-04,Premium
5422,Nikhil Chopra,nikhil.chopra904@outlook.com,8543632974,Vadodara,Female,2020-11-03,VIP
5423,Isha Reddy,isha.reddy709@rediffmail.com,8576155910,Indore,Female,2023-02-05,New
5424,Arjun Sharma,arjun.sharma789@gmail.com,7091738918,Bengaluru,Female,2021-02-12,Premium
5425,Ayaan Desai,ayaan.desai539@outlook.com,7742682005,Jaipur,Male,2022-09-10,VIP
5426,Sneha Kumar,sneha.kumar107@hotmail.com,8147716528,Bhopal,Male,2023-04-20,New
5427,Anika Gupta,anika.gupta894@rediffmail.com,7831225496,Lucknow,Male,2024-07-11,VIP
5428,Meera Chopra,meera.chopra713@hotmail.com,7387474154,Hyderabad,Female,2021-08-30,VIP
5429,Sai Joshi,sai.joshi272@gmail.com,9150389305,Patna,Other,2022-05-11,Premium
5430,Nikhil Mehta,nikhil.mehta628@gmail.com,8211344123,Jaipur,Male,2024-07-12,Regular
5431,Amit Joshi,amit.joshi290rediffmail.com,949636089,Kanpur,Female,2022-09-10,Regular
5432,Karan Joshi,karan.joshi700@gmail.com,9531773701,Chennai,Female,2022-07-19,Regular
5433,Deepak Kapoor,deepak.kapoor363@yahoo.com,9655816948,Indore,Other,2022-01-15,VIP
5434,Reyansh Verma,reyansh.verma904@outlook.com,8734151324,Vadodara,Other,2019-07-07,Premium
5435,Anika Malhotra,anika.malhotra987@hotmail.com,+91-7531251609,Nagpur,Other,2022-09-07,New
5436,Anika Bhatt,anika.bhatt485@hotmail.com,7065537082,Kolkata,Other,2024-12-22,Premium
5437,Sneha Reddy,sneha.reddy169@outlook.com,7030287502,Hyderabad,Other,2023-07-19,Premium
5438,Deepak Iyer,deepak.iyer431@outlook.com,7097333936,Nagpur,Male,2020-02-21,Regular
5439,Suresh Gupta,suresh.gupta69@gmail.com,7478303272,Delhi,Male,2022-02-20,New
5440,Sneha Kapoor,sneha.kapoor378@rediffmail.com,8268158297,Ludhiana,Female,2019-04-20,Regular
5441,Anjali Bansal,anjali.bansal130@outlook.com,8365172160,Patna,Other,2023-12-04,VIP
5442,Sai Singh,sai.singh850@outlook.com,8527071960,Indore,Male,2020-01-20,New
5443,Divya Kapoor,divya.kapoor987@yahoo.com,+91-9870006329,Kolkata,Female,2023-12-31,Premium
5444,Ishaan Reddy,ishaan.reddy946@rediffmail.com,8900795940,Kolkata,Female,2021-04-22,VIP
5445,Krishna Gupta,krishna.gupta951@hotmail.com,9761155139,Lucknow,Other,2024-08-24,VIP
5446,Rahul Patel,rahul.patel378@outlook.com,7287106208,Bengaluru,Female,2024-12-31,Premium
5447,Reyansh Iyer,reyansh.iyer851@outlook.com,8056146740,Bengaluru,Male,2021-10-14,New
5448,Manish Kapoor,manish.kapoor485@hotmail.com,7553963514,Hyderabad,Male,2022-04-17,Premium
5449,Vivaan Joshi,vivaan.joshi967@gmail.com,8905325225,Jaipur,Male,2020-05-04,VIP
5450,Anika Kapoor,anika.kapoor153@rediffmail.com,724535452,Ahmedabad,Male,2019-09-15,New
5451,Ramesh Joshi,ramesh.joshi461@outlook.com,8813772779,Hyderabad,Female,2021-12-13,Premium
5452,Neha Sharma,neha.sharma926@rediffmail.com,8780720492,Ahmedabad,Female,2020-02-24,Regular
5453,Rahul Chopra,rahul.chopra262@yahoo.com,+91-8870531349,Pune,Other,2020-11-09,Premium
5454,Rohan Kapoor,rohan.kapoor628@yahoo.com,7781439002,Nashik,Male,2021-12-13,VIP
5455,Kavya Nair,kavya.nair331@outlook,7299986977,Ahmedabad,Male,2021-08-29,Regular
5456,Sai Chopra,sai.chopra878@rediffmail.com,7966699608,Bhopal,Female,2020-05-13,New
5456,Sai Chopra,sai.chopra878@rediffmail.com,7966699608,Bhopal,Female,2020-05-13,New
5457,,karan.kumar23@hotmail.com,8281166161,Nashik  ,Female,2019-07-04,VIP
5458,Meera Bhatt,meera.bhatt182@gmail.com,8747257460,Pune,Other,2021-01-23,Regular
5459,Myra Sharma,myra.sharma931@yahoo.com,7671586216,Nagpur,Other,2023-11-30,VIP
5460,Karan Pillai,karan.pillai977@gmail.com,8499916877,Ludhiana,Female,2023-01-12,Premium
5461,Priya Bhatt,priya.bhatt122@outlook.com,7931447525,Nashik,Male,2022-01-21,VIP
5462,Ishaan Reddy,ishaan.reddy567@rediffmail.com,8664141082,Bengaluru,Female,2024-01-10,VIP
5463,Karan Chopra,karan.chopra925@gmail.com,9977187314,Nashik,Other,2024-12-20,Regular
5464,Kritika Gupta,kritika.gupta700@hotmail.com,8290052284,Indore,Male,2022-12-01,Regular
5465,Manish Iyer,manish.iyer384@yahoo.com,7034025873,Delhi,Other,2024-01-31,VIP
5466,Arjun Bansal,arjun.bansal195@yahoo.com,9044067024,Kolkata,Other,2020-03-28,New
5467,Ayaan Desai,ayaan.desai15@rediffmail.com,84333933,Lucknow,Male,2023-06-21,Premium
5468,Kavya Iyer,kavya.iyer641@yahoo.com,7643892263,Ludhiana,Other,2019-05-13,Regular
5469,Ayaan Bhatt,ayaan.bhatt141@yahoo.com,9590927261,Mumbai,Other,2021-09-04,New
5470,Sunita Chopra,sunita.chopra952@hotmail.com,8624026561,Kolkata,Male,2020-10-12,Premium
5471,Vivaan Pillai,vivaan.pillai331hotmail.com,8639386384,Mumbai,Female,2021-01-05,Premium
5472,Anika Iyer,anika.iyer69@yahoo.com,7850713415,Pune,Other,2022-02-07,VIP
5473,Meera Bhatt,meera.bhatt754@rediffmail.com,8613472267,Vadodara,Other,2023-04-04,VIP
5474,Manish Singh,manish.singh971hotmail.com,7740786337,Agra,Other,2021-07-11,Premium
5475,Aadhya Malhotra,aadhya.malhotra530@yahoo.com,83081660,Nagpur,Other,2021-06-02,New
5476,Pooja Kapoor,pooja.kapoor580rediffmail.com,8355345437,Delhi,Other,2019-04-07,Regular
5477,Pooja Agarwal,pooja.agarwal662@yahoo.com,79058568,Jaipur,Male,2020-06-12,Regular
5478,Vihaan Agarwal,vihaan.agarwal652@gmail.com,8572523002,Delhi,Female,2020-12-17,Regular
5479,Vivaan Kumar,vivaan.kumar127@yahoo.com,7838072519,Chennai,Female,2020-12-24,New
5480,Pooja Malhotra,pooja.malhotra95@outlook.com,9234261259,Ludhiana,Male,2024-07-16,Regular
5481,Priya Pillai,priya.pillai442@outlook.com,8857287576,Surat,Male,2023-11-17,Premium
5481,Priya Pillai,priya.pillai442@outlook.com,8857287576,Surat,Male,2023-11-17,Premium
5482,,diya.singh659@hotmail,7101552191,AHMEDABAD,Male,2019-11-16,VIP
5483,Rohan Nair,rohan.nair645@yahoo.com,9907422886,Patna,Female,2020-07-24,New
5484,Amit Rao,amit.rao889@rediffmail.com,9146366087,Agra,Male,2022-04-02,VIP
5485,Meera Rao,meera.rao604@hotmail.com,8676158660,Lucknow,Male,2021-06-19,New
5486,Diya Iyer,diya.iyer259@hotmail.com,+91-8598427580,Kanpur,Other,2023-04-26,Premium
5487,Shreya Mehta,shreya.mehta990@hotmail.com,9436474381,Patna,Male,2021-03-17,Premium
5488,Deepak Sharma,deepak.sharma491@gmail.com,7534740384,Lucknow,Male,2023-06-21,New
5489,Divya Mehta,divya.mehta973@rediffmail.com,8949279587,Indore,Female,2020-08-15,Regular
5490,Sanjay Nair,sanjay.nair475@rediffmail.com,7426899546,Mumbai,Other,2022-07-07,VIP
5491,Divya Bhatt,divya.bhatt392@hotmail.com,+91-9894352069,Lucknow,Other,2019-12-26,New
5492,Aadhya Nair,aadhya.nair230@outlook.com,9896952698,Mumbai,Female,2021-11-13,VIP
5493,Manish Reddy,manish.reddy910@yahoo.com,9041192543,Ludhiana,Other,2021-02-05,Premium
5494,Sai Desai,sai.desai298@hotmail.com,9741013342,Nashik,Other,2021-01-02,VIP
5494,Sai Desai,sai.desai298@hotmail.com,9741013342,Nashik,Other,2021-01-02,VIP
5495,,reyansh.joshi93@gmail.com,711684952,ahmedabad,Female,2022-02-09,VIP
5496,Ananya Chopra,ananya.chopra116@hotmail.com,8354520980,Chennai,Male,2022-03-19,VIP
5497,Aarav Malhotra,aarav.malhotra615@outlook.com,+91-9533085872,Ahmedabad,Male,2020-12-19,Premium
5498,Sunita Iyer,sunita.iyer871@yahoo.com,9770396832,Lucknow,Male,2023-06-23,Premium
5499,Aadhya Desai,aadhya.desai322@rediffmail.com,8873678400,Ludhiana,Other,2023-10-28,VIP
5500,Suresh Agarwal,suresh.agarwal790@hotmail.com,7746874638,Pune,Female,2023-04-13,VIP
5501,Vivaan Kumar,vivaan.kumar448@hotmail.com,8023939670,Ahmedabad,Female,2022-09-09,Premium
5502,Vihaan Agarwal,vihaan.agarwal313@rediffmail,9913099281,Surat,Female,2023-07-24,Premium
5503,Sai Pillai,sai.pillai712@hotmail,7411335066,Patna,Other,2023-11-24,VIP
5504,Ramesh Kumar,ramesh.kumar150@yahoo.com,8139318103,Surat,Male,2021-08-21,VIP
5504,Ramesh Kumar,ramesh.kumar150@yahoo.com,8139318103,Surat,Male,2021-08-21,VIP
5505,,isha.malhotra144@rediffmail.com,9720305893, Kolkata ,Other,2022-11-21,Premium
5506,Riya Reddy,riya.reddy455@rediffmail.com,9900646715,Chennai,Other,2022-03-18,New
5507,Pari Agarwal,pari.agarwal249@hotmail.com,7638648420,Kanpur,Other,2019-11-22,Regular
5508,Ayaan Rao,ayaan.rao501outlook.com,8761186660,Indore,Female,2019-05-31,VIP
5509,Amit Gupta,amit.gupta63@rediffmail.com,7641995037,Hyderabad,Other,2020-01-20,New
5510,Reyansh Kapoor,reyansh.kapoor225@outlook.com,9042249966,Chennai,Female,2021-07-21,Regular
5511,Deepak Bansal,deepak.bansal111@rediffmail.com,9832853802,Kolkata,Other,2021-12-13,New
5512,Riya Joshi,riya.joshi418@yahoo.com,7222611619,Ahmedabad,Male,2023-06-24,Regular
5513,Shreya Rao,shreya.rao86@gmail.com,7022143968,Jaipur,Female,2019-04-16,New
5514,Suresh Chopra,suresh.chopra864yahoo.com,7290311894,Vadodara,Female,2019-08-23,Regular
5515,Ayaan Iyer,ayaan.iyer867@yahoo.com,9188701197,Ludhiana,Male,2023-12-24,Premium
5516,Sanjay Patel,sanjay.patel856@yahoo.com,8209978458,Nagpur,Female,2022-01-27,Regular
5517,Pari Rao,pari.rao895@yahoo.com,9124926971,Kanpur,Male,2022-12-10,New
5518,Deepak Joshi,deepak.joshi617@gmail.com,8318409119,Bhopal,Other,2021-05-30,VIP
5519,Priya Joshi,priya.joshi534@gmail.com,8774016958,Nashik,Other,2020-01-15,VIP
5520,Sai Desai,sai.desai330@hotmail.com,8164143705,Delhi,Male,2024-11-12,Regular
5521,Ishaan Nair,ishaan.nair55@rediffmail.com,7874780741,Jaipur,Female,2019-04-23,Premium
5522,Rohan Joshi,rohan.joshi535@rediffmail.com,7303260133,Patna,Male,2021-09-18,Premium
5523,Vivaan Gupta,vivaan.gupta934@rediffmail.com,7485116806,Chennai,Other,2020-06-24,New
5524,Vihaan Iyer,vihaan.iyer162@yahoo.com,7993503081,Bhopal,Female,2024-06-04,Regular
5525,Anika Joshi,anika.joshi679@gmail.com,9970933212,Agra,Male,2023-07-21,Regular
5526,Priya Gupta,priya.gupta903@outlook.com,7435492033,Hyderabad,Female,2024-03-11,Regular
5527,Diya Sharma,diya.sharma922@outlook.com,8142198439,Patna,Female,2022-04-10,Regular
5528,Kritika Verma,kritika.verma200@gmail.com,8103855182,Agra,Female,2020-09-29,Premium
5529,Ramesh Singh,ramesh.singh485@hotmail.com,8959846164,Patna,Male,2022-05-08,New
5530,Neha Kumar,neha.kumar922@hotmail.com,8827818927,Kanpur,Male,2022-09-04,New
5531,Isha Singh,isha.singh721@hotmail.com,7042456060,Delhi,Female,2023-06-19,Premium
5532,Diya Malhotra,diya.malhotra583@hotmail.com,8157985280,Kanpur,Male,2022-09-10,Regular
5533,Ayaan Kapoor,ayaan.kapoor332@outlook.com,8583259704,Ahmedabad,Male,2023-02-14,New
5534,Aarav Sharma,aarav.sharma722@hotmail.com,9180523785,Agra,Other,2023-03-13,VIP
5535,Arjun Desai,arjun.desai228@rediffmail.com,8314984675,Bhopal,Male,2023-03-12,Premium
5536,Aadhya Gupta,aadhya.gupta637hotmail.com,9625100186,Lucknow,Other,2021-09-27,VIP
5537,Anjali Bansal,anjali.bansal461@outlook.com,8197516470,Nagpur,Female,2021-04-21,VIP
5538,Ananya Mehta,ananya.mehta645@hotmail.com,7911324269,Kanpur,Female,2022-03-31,VIP
5539,Isha Reddy,isha.reddy492@gmail.com,8074086791,Agra,Female,2021-09-25,New
5540,Isha Chopra,isha.chopra272@yahoo.com,7743463642,Kolkata,Male,2023-01-10,Premium
5541,Sai Patel,sai.patel886@yahoo.com,8339762308,Ahmedabad,Other,2020-08-09,VIP
5542,Ananya Sharma,ananya.sharma824@yahoo.com,+91-9064986078,Delhi,Male,2023-06-13,Premium
5543,Rahul Chopra,rahul.chopra347@gmail.com,8362560917,Agra,Male,2021-06-23,New
5544,Sai Mehta,sai.mehta585@rediffmail.com,9944414410,Kolkata,Female,2020-05-23,Regular
5545,Divya Chopra,divya.chopra124@outlook.com,9097057194,Bengaluru,Other,2023-04-29,VIP
5546,Ananya Nair,ananya.nair729@outlook.com,7983055580,Indore,Other,2022-11-13,Regular
5547,Diya Nair,diya.nair750@outlook.com,7913564731,Kanpur,Female,2021-01-24,New
5548,Aditya Bansal,aditya.bansal395@rediffmail,8001335523,Nashik,Female,2023-09-21,Regular
5549,Neha Verma,neha.verma138@yahoo.com,8283824201,Chennai,Male,2020-07-20,VIP
5550,Ananya Mehta,ananya.mehta460@yahoo.com,8912709218,Nashik,Other,2024-01-22,Regular
5551,Vivaan Malhotra,vivaan.malhotra580gmail.com,9262495452,Delhi,Female,2022-11-15,Premium
5552,Anika Pillai,anika.pillai141rediffmail.com,9211776205,Nagpur,Male,2023-09-30,Regular
5553,Nikhil Malhotra,nikhil.malhotra700@hotmail.com,+91-7000853840,Delhi,Other,2023-03-16,Regular
5554,Arjun Verma,arjun.verma591@outlook.com,7636733378,Mumbai,Other,2019-01-10,Premium
5555,Sai Joshi,sai.joshi147outlook.com,7540782514,Nagpur,Male,2020-01-26,Regular
5556,Ramesh Malhotra,ramesh.malhotra949outlook.com,9341723125,Lucknow,Other,2023-01-12,New
5557,Pooja Chopra,pooja.chopra205@outlook.com,8236075741,Kanpur,Other,2021-04-19,Premium
5558,Sanjay Sharma,sanjay.sharma469@gmail.com,8408589121,Nashik,Other,2022-07-23,VIP
5559,Myra Kapoor,myra.kapoor288@rediffmail.com,7325826069,Bengaluru,Female,2021-08-14,VIP
5560,Meera Joshi,meera.joshi437@outlook.com,9064424412,Bhopal,Female,2020-10-05,Premium
5561,Meera Patel,meera.patel398@gmail.com,9610287887,Chennai,Female,2019-11-22,VIP
5562,Kavya Desai,kavya.desai334@rediffmail.com,9745586889,Agra,Other,2020-12-02,VIP
5563,Arjun Kumar,arjun.kumar501@rediffmail.com,8943005171,Kolkata,Male,2024-02-16,VIP
5564,Rahul Iyer,rahul.iyer84@yahoo.com,9512574557,Bengaluru,Male,2020-04-09,VIP
5565,Sanjay Kumar,sanjay.kumar990@rediffmail.com,7923356363,Delhi,Other,2022-12-16,Regular
5566,Divya Pillai,divya.pillai397@hotmail.com,7575302938,Jaipur,Female,2019-03-07,New
5567,Aadhya Mehta,aadhya.mehta181@hotmail.com,7127366586,Ahmedabad,Other,2023-08-15,Regular
5568,Neha Desai,neha.desai811@hotmail.com,7504320439,Kanpur,Other,2022-02-22,Premium
5568,Neha Desai,neha.desai811@hotmail.com,7504320439,Kanpur,Other,2022-02-22,Premium
5569,,saanvi.bansal673@outlook.com,8360169697, Pune ,Male,2020-11-09,Regular
5570,Anjali Gupta,anjali.gupta678@gmail.com,8483062055,Agra,Male,2022-09-01,New
5571,Anika Reddy,anika.reddy331@rediffmail.com,7863901012,Jaipur,Other,2023-06-24,Regular
5572,Anjali Joshi,anjali.joshi125@outlook.com,9101694,Jaipur,Female,2022-03-03,Regular
5573,Reyansh Singh,reyansh.singh470@hotmail.com,9078948637,Ahmedabad,Female,2021-07-12,Regular
5574,Saanvi Gupta,saanvi.gupta673@yahoo.com,9471445912,Surat,Female,2023-09-21,VIP
5575,Sneha Reddy,sneha.reddy764@outlook.com,7611152103,Surat,Male,2020-09-11,New
5576,Rohan Rao,rohan.rao445@outlook.com,8025899012,Agra,Other,2021-08-02,Regular
5577,Sai Verma,sai.verma796@hotmail.com,9250050559,Kolkata,Male,2021-12-21,Regular
5578,Nikhil Gupta,nikhil.gupta999@outlook.com,9964400812,Ludhiana,Female,2020-08-07,Premium
5579,Shreya Kapoor,shreya.kapoor447@yahoo.com,7243065703,Nagpur,Male,2020-01-20,New
5579,Shreya Kapoor,shreya.kapoor447@yahoo.com,7243065703,Nagpur,Male,2020-01-20,New
5580,,meera.patel359@gmail.com,8858391127, Jaipur ,Other,2023-06-21,New
5581,Aditya Sharma,aditya.sharma828@gmail.com,7737601955,Bengaluru,Female,2024-09-19,Regular
5582,Riya Singh,riya.singh58@gmail.com,9796817887,Nagpur,Other,2023-10-07,VIP
5583,Diya Agarwal,diya.agarwal56@rediffmail.com,8609002994,Ludhiana,Other,2023-09-18,VIP
5584,Sunita Patel,sunita.patel800@outlook.com,8749791170,Delhi,Male,2019-11-02,VIP
5585,Amit Chopra,amit.chopra200@hotmail.com,8586346484,Jaipur,Female,2023-05-25,Regular
5586,Nikhil Nair,nikhil.nair585hotmail.com,9427617468,Jaipur,Male,2020-06-11,Premium
5587,Aadhya Rao,aadhya.rao648@rediffmail.com,7436935580,Nashik,Male,2019-02-27,New
5588,Shreya Reddy,shreya.reddy618@hotmail.com,8536249885,Surat,Female,2019-02-13,New
5589,Arjun Sharma,arjun.sharma953@yahoo.com,7448718402,Delhi,Female,2022-06-16,New
5590,Anika Singh,anika.singh733@outlook.com,7562943178,Jaipur,Other,2021-12-08,New
5591,Vihaan Verma,vihaan.verma846@yahoo.com,7259951453,Vadodara,Other,2019-05-10,Regular
5592,Sunita Reddy,sunita.reddy785@yahoo,7125092928,Indore,Male,2020-04-19,Premium
5593,Sunita Chopra,sunita.chopra97@hotmail.com,9840625803,Mumbai,Other,2019-06-04,Premium
5594,Myra Chopra,myra.chopra370@yahoo.com,9896666996,Jaipur,Female,2024-12-31,Premium
5595,Ananya Singh,ananya.singh978@yahoo.com,9457987855,Ahmedabad,Male,2024-03-11,Regular
5596,Divya Kumar,divya.kumar453hotmail.com,9634028977,Surat,Female,2019-04-03,New
5597,Vivaan Nair,vivaan.nair126@yahoo.com,8126011000,Nashik,Female,2022-12-18,Regular
5598,Reyansh Mehta,reyansh.mehta464@rediffmail.com,7617659650,Bengaluru,Female,2019-11-20,VIP
5599,,kritika.kapoor579@rediffmail.com,8744541527,BHOPAL,Male,2020-02-10,Premium
5600,Ayaan Joshi,ayaan.joshi473@outlook.com,8177814953,Vadodara,Female,2022-07-17,Regular
5601,Aadhya Kapoor,aadhya.kapoor449@outlook.com,9002472502,Jaipur,Male,2022-04-30,VIP
5602,Ramesh Bansal,ramesh.bansal286@hotmail.com,8884340109,Bengaluru,Female,2019-10-09,VIP
5603,Shreya Malhotra,shreya.malhotra8@outlook.com,9466236505,Indore,Female,2024-01-27,VIP
5604,Aadhya Mehta,aadhya.mehta203@hotmail.com,9884550501,Patna,Male,2023-06-24,New
5605,Rahul Chopra,rahul.chopra480hotmail.com,9271114768,Indore,Female,2020-03-28,Premium
5606,Aadhya Gupta,aadhya.gupta664yahoo.com,8387637151,Patna,Male,2024-01-31,VIP
5607,Deepak Kapoor,deepak.kapoor508@yahoo.com,7237019056,Bhopal,Male,2024-10-19,Regular
5608,Deepak Sharma,deepak.sharma420@rediffmail.com,9842276267,Hyderabad,Male,2020-11-29,Premium
5609,Karan Gupta,karan.gupta717@outlook.com,8343056615,Surat,Male,2020-01-11,New
5610,Aadhya Sharma,aadhya.sharma389@outlook.com,9004570724,Kolkata,Female,2023-03-07,Premium
5611,Aarav Kapoor,aarav.kapoor139@rediffmail.com,8810273189,Kanpur,Other,2023-11-09,VIP
5612,Meera Iyer,meera.iyer586@yahoo.com,7960964170,Ludhiana,Male,2021-08-31,New
5613,Aarav Verma,aarav.verma216@hotmail.com,7502364921,Jaipur,Other,2022-11-30,Premium
5614,Vivaan Reddy,vivaan.reddy3@rediffmail.com,9884499692,Jaipur,Other,2021-11-26,VIP
5615,Neha Rao,neha.rao884@rediffmail.com,7914107209,Nashik,Male,2022-10-04,Premium
5616,Divya Nair,divya.nair245@outlook.com,8258126658,Ludhiana,Female,2021-12-25,New
5617,Anika Desai,anika.desai285@rediffmail.com,7758500804,Bengaluru,Female,2019-04-24,New
5618,Sneha Kumar,sneha.kumar867hotmail.com,9691242952,Delhi,Other,2019-07-08,Regular
5619,Myra Verma,myra.verma613gmail.com,7347606113,Vadodara,Other,2019-04-24,Premium
5620,Sneha Joshi,sneha.joshi691@yahoo.com,9923845499,Indore,Other,2020-01-21,New
5621,Sanjay Mehta,sanjay.mehta155@yahoo.com,8982372,Pune,Other,2021-08-29,Regular
5622,Sneha Mehta,sneha.mehta946@rediffmail.com,+91-7486550834,Kolkata,Male,2021-10-04,VIP
5623,Aarav Bhatt,aarav.bhatt331@gmail.com,7006626633,Agra,Female,2024-04-17,Regular
5624,Divya Reddy,divya.reddy444@outlook.com,7954658811,Nashik,Other,2024-12-08,New
5625,Reyansh Agarwal,reyansh.agarwal174outlook.com,7268594645,Nashik,Female,2024-06-23,Regular
5626,Ayaan Verma,ayaan.verma194@gmail.com,8216736769,Delhi,Male,2022-11-13,New
5627,Nikhil Mehta,nikhil.mehta988@outlook.com,8854989669,Chennai,Other,2020-11-10,VIP
5628,Vivaan Joshi,vivaan.joshi488@outlook.com,8468576327,Bhopal,Female,2020-11-07,VIP
5629,Aditya Chopra,aditya.chopra369@hotmail.com,7379116492,Bhopal,Male,2023-03-05,Regular
5630,Ishaan Kapoor,ishaan.kapoor976@rediffmail.com,8350749695,Jaipur,Other,2021-03-11,Regular
5631,Manish Gupta,manish.gupta280@gmail,8516140794,Agra,Female,2021-03-29,New
5632,Reyansh Desai,reyansh.desai329@outlook.com,8862571199,Ludhiana,Female,2023-02-24,Regular
5633,Aarav Bansal,aarav.bansal721@gmail.com,+91-9761750885,Ludhiana,Male,2024-11-02,VIP
5634,Reyansh Kumar,reyansh.kumar777@yahoo.com,7518601945,Hyderabad,Female,2023-10-20,VIP
5635,Riya Verma,riya.verma752@yahoo.com,9445869471,Ahmedabad,Female,2020-07-11,VIP
5636,,ishaan.singh917@rediffmail.com,8975671576, Bhopal ,Male,2022-08-24,New
5637,Rahul Patel,rahul.patel267@yahoo.com,866046983,Kolkata,Other,2021-04-04,VIP
5638,Amit Pillai,amit.pillai750@rediffmail.com,8163844665,Pune,Female,2024-03-24,New
5639,Aadhya Kumar,aadhya.kumar745@rediffmail.com,9221963196,Patna,Other,2024-07-26,New
5640,Myra Reddy,myra.reddy973@hotmail.com,8217466566,Jaipur,Female,2023-03-10,VIP
5641,Aarav Desai,aarav.desai389@yahoo.com,86955969,Pune,Male,2021-10-22,VIP
5642,,anika.singh6@outlook.com,7931905337,nagpur,Female,2023-03-11,VIP
5643,Isha Kapoor,isha.kapoor722@hotmail.com,8977907060,Ludhiana,Female,2023-08-18,Regular
5644,Myra Agarwal,myra.agarwal910@gmail.com,+91-7657935368,Bengaluru,Female,2022-05-15,New
5645,Reyansh Desai,reyansh.desai757@hotmail.com,8266519189,Mumbai,Other,2021-12-10,New
5646,Kavya Mehta,kavya.mehta685@gmail.com,+91-9678066350,Bhopal,Male,2022-01-21,New
5646,Kavya Mehta,kavya.mehta685@gmail.com,+91-9678066350,Bhopal,Male,2022-01-21,New
5647,,myra.sharma39@hotmail.com,7888752166,Kolk@t@,Female,2021-04-02,VIP
5648,Ananya Singh,ananya.singh89@gmail.com,9717931064,Hyderabad,Female,2022-04-15,VIP
5649,Amit Nair,amit.nair525@hotmail.com,9586230509,Chennai,Other,2023-01-04,VIP
5650,Saanvi Reddy,saanvi.reddy590@outlook.com,8126619967,Kanpur,Female,2021-02-23,New
5651,Suresh Kapoor,suresh.kapoor803@rediffmail.com,9048687927,Nagpur,Female,2020-08-02,New
5652,Diya Malhotra,diya.malhotra229@hotmail.com,7675721467,Chennai,Male,2024-04-21,Regular
5653,Ramesh Reddy,ramesh.reddy772@hotmail.com,9776870170,Delhi,Female,2020-09-20,VIP
5654,Vihaan Bhatt,vihaan.bhatt142@outlook,9614945928,Patna,Male,2022-07-19,VIP
5655,Reyansh Desai,reyansh.desai731@hotmail.com,8291797978,Lucknow,Male,2019-07-08,Regular
5656,Vihaan Chopra,vihaan.chopra134@yahoo,9334453777,Ahmedabad,Female,2019-05-30,Regular
5657,Krishna Gupta,krishna.gupta624@yahoo.com,8046253561,Pune,Other,2020-04-26,Premium
5658,Anjali Mehta,anjali.mehta426@rediffmail.com,9538836973,Jaipur,Female,2023-05-03,New
5659,Aadhya Pillai,aadhya.pillai29@rediffmail.com,82937987,Kolkata,Male,2020-02-04,Regular
5660,Vivaan Verma,vivaan.verma135@rediffmail.com,7116735149,Chennai,Other,2021-05-21,VIP
5661,Shreya Nair,shreya.nair95@hotmail.com,8145795772,Vadodara,Other,2023-06-27,VIP
5662,Nikhil Singh,nikhil.singh443@hotmail.com,9204577469,Chennai,Other,2021-06-20,VIP
5663,Shreya Reddy,shreya.reddy476@yahoo.com,7475735226,Ludhiana,Female,2023-03-11,Premium
5664,Suresh Singh,suresh.singh293@outlook.com,7586121093,Nagpur,Male,2021-10-03,VIP
5665,Ayaan Patel,ayaan.patel331@rediffmail.com,9670653162,Jaipur,Male,2023-07-01,Regular
5666,Karan Singh,karan.singh711@outlook.com,7214938353,Patna,Other,2023-12-15,Premium
5667,Ishaan Kapoor,ishaan.kapoor876@yahoo.com,8437518493,Bhopal,Other,2020-05-05,New
5668,Pari Sharma,pari.sharma17@outlook.com,9574613073,Indore,Male,2023-07-29,Regular
5669,Ramesh Bansal,ramesh.bansal91@gmail,7318256962,Indore,Male,2020-01-06,Regular
5670,Isha Kumar,isha.kumar338@yahoo.com,740636148,Kanpur,Female,2020-03-07,Premium
5671,Reyansh Reddy,reyansh.reddy403@rediffmail.com,8876995556,Kolkata,Other,2022-03-02,Premium
5672,Isha Sharma,isha.sharma877@gmail.com,8122254785,Delhi,Male,2019-01-17,New
5673,Meera Agarwal,meera.agarwal715@hotmail.com,8083821617,Patna,Female,2020-09-27,Regular
5674,Aadhya Joshi,aadhya.joshi733@hotmail.com,+91-7556312887,Surat,Male,2023-09-27,New
5675,Diya Bansal,diya.bansal644@yahoo.com,7334147636,Chennai,Female,2022-10-13,Premium
5676,Riya Mehta,riya.mehta856@rediffmail.com,8081030897,Delhi,Male,2019-12-05,Premium
5677,Amit Singh,amit.singh282@hotmail.com,8211464708,Lucknow,Female,2022-10-29,VIP
5678,Pari Kapoor,pari.kapoor308@outlook.com,8708621840,Nagpur,Other,2019-08-12,VIP
5679,Ishaan Nair,ishaan.nair490@gmail.com,9326809265,Vadodara,Other,2020-05-31,VIP
5680,Karan Reddy,karan.reddy195@gmail.com,8307827565,Kanpur,Other,2021-10-25,VIP
5681,Sunita Joshi,sunita.joshi204@outlook.com,9758050646,Vadodara,Female,2023-08-27,VIP
5682,Myra Singh,myra.singh631@gmail.com,8506647346,Kanpur,Male,2021-11-25,Regular
5683,Sneha Kumar,sneha.kumar605@hotmail.com,8177266565,Agra,Female,2021-11-15,Premium
5684,Karan Chopra,karan.chopra537@outlook.com,9190546461,Patna,Female,2023-11-15,Regular
5685,Shreya Patel,shreya.patel816@yahoo.com,7629426673,Nagpur,Other,2022-02-19,Regular
5686,Ramesh Kumar,ramesh.kumar641@rediffmail,9247882571,Surat,Other,2019-03-01,VIP
5687,Riya Mehta,riya.mehta934@hotmail.com,+91-9181356967,Nashik,Other,2022-04-10,New
5688,Diya Verma,diya.verma121@rediffmail.com,7752200045,Hyderabad,Male,2023-03-25,Premium
5689,Deepak Singh,deepak.singh192@gmail.com,7047828158,Ludhiana,Male,2024-07-14,Regular
5690,Suresh Desai,suresh.desai993@yahoo.com,8911706244,Kolkata,Male,2021-07-22,VIP
5691,Aditya Patel,aditya.patel408@yahoo.com,7453035896,Pune,Female,2023-12-22,VIP
5692,Aarav Sharma,aarav.sharma758@rediffmail.com,9896114197,Nagpur,Female,2022-03-26,VIP
5693,Amit Iyer,amit.iyer986@gmail.com,8521962216,Ahmedabad,Other,2023-12-21,New
5694,Divya Nair,divya.nair650@yahoo.com,9987047713,Kanpur,Other,2021-06-13,New
5695,Vivaan Verma,vivaan.verma715@yahoo.com,7170084665,Ludhiana,Other,2020-07-31,New
5696,Amit Nair,amit.nair923@hotmail.com,9324664476,Kolkata,Female,2021-12-22,Regular
5697,Sunita Sharma,sunita.sharma463@gmail.com,8040813397,Indore,Male,2020-10-09,VIP
5698,Diya Singh,diya.singh117@outlook.com,8024421966,Vadodara,Female,2023-08-10,VIP
5699,Suresh Reddy,suresh.reddy413@outlook.com,9557528393,Hyderabad,Other,2024-03-29,New
5700,Pari Desai,pari.desai724@hotmail.com,8084448535,Nashik,Male,2024-03-31,Premium
5701,Sanjay Rao,sanjay.rao957@outlook.com,7498557441,Pune,Other,2023-06-23,New
5702,Sanjay Joshi,sanjay.joshi524@outlook.com,8296167661,Nashik,Female,2021-10-16,VIP
5703,Divya Bansal,divya.bansal424@outlook.com,7492336562,Vadodara,Male,2021-02-18,Premium
5704,Myra Iyer,myra.iyer847@rediffmail.com,9019950447,Hyderabad,Female,2023-06-26,Regular
5705,Priya Iyer,priya.iyer114@rediffmail.com,7294076617,Jaipur,Other,2022-02-04,Regular
5706,Anjali Malhotra,anjali.malhotra765@yahoo.com,+91-9368673752,Lucknow,Other,2020-06-22,New
5707,Meera Reddy,meera.reddy305@outlook.com,9470283156,Hyderabad,Other,2022-02-25,New
5708,Shreya Nair,shreya.nair935@hotmail.com,9312117578,Patna,Male,2023-01-31,Regular
5709,Riya Bansal,riya.bansal893@yahoo.com,7873330404,Mumbai,Other,2020-10-30,Premium
5710,Karan Agarwal,karan.agarwal710@gmail.com,8863680615,Kanpur,Male,2023-03-24,Regular
5711,Suresh Mehta,suresh.mehta749@yahoo.com,9689319966,Patna,Female,2022-03-13,VIP
5712,Sunita Malhotra,sunita.malhotra221@outlook.com,8532428098,Delhi,Male,2019-05-24,Regular
5713,Manish Pillai,manish.pillai700@yahoo.com,9457501,Bhopal,Male,2021-02-23,Premium
5714,Reyansh Kapoor,reyansh.kapoor168@outlook.com,8844974106,Nagpur,Male,2019-07-03,Premium
5715,Amit Patel,amit.patel964@yahoo.com,9454793488,Bhopal,Female,2020-10-24,Regular
5716,Arjun Verma,arjun.verma838@hotmail.com,7699524814,Surat,Female,2020-03-21,VIP
5717,Pooja Chopra,pooja.chopra423@outlook.com,9183884390,Chennai,Other,2024-01-31,New
5718,Sanjay Gupta,sanjay.gupta344@outlook.com,7595744083,Hyderabad,Male,2021-12-27,VIP
5719,Aditya Patel,aditya.patel480@gmail.com,7566239061,Bengaluru,Male,2019-03-24,Regular
5720,Deepak Agarwal,deepak.agarwal979@gmail.com,80383647,Delhi,Female,2022-11-25,VIP
5721,Amit Chopra,amit.chopra602yahoo.com,9038220592,Delhi,Female,2023-02-02,Premium
5722,Ishaan Malhotra,ishaan.malhotra631@rediffmail.com,9241175046,Chennai,Female,2020-11-22,VIP
5723,Pooja Nair,pooja.nair483@rediffmail.com,7737271429,Jaipur,Male,2024-12-25,New
5724,Manish Reddy,manish.reddy435@yahoo.com,8807285125,Agra,Male,2024-07-24,Premium
5725,Meera Kapoor,meera.kapoor401@yahoo.com,+91-8892600188,Hyderabad,Male,2022-12-02,VIP
5726,Kritika Sharma,kritika.sharma249@rediffmail.com,7348672331,Ahmedabad,Male,2020-11-25,New
5727,Neha Iyer,neha.iyer555@yahoo.com,9735155466,Kanpur,Female,2020-08-16,VIP
5728,Shreya Mehta,shreya.mehta185@outlook.com,9476699841,Patna,Other,2024-03-07,New
5729,Reyansh Iyer,reyansh.iyer741@outlook,8663035840,Indore,Other,2021-06-03,VIP
5730,Rohan Joshi,rohan.joshi672@hotmail.com,9658185696,Chennai,Female,2024-03-18,New
5731,Saanvi Patel,saanvi.patel723@outlook.com,8124004715,Indore,Male,2022-09-08,New
5731,Saanvi Patel,saanvi.patel723@outlook.com,8124004715,Indore,Male,2022-09-08,New
5732,,myra.reddy410@gmail.com,9347659616,nagpur,Male,2019-09-29,New
5733,Divya Rao,divya.rao874@outlook.com,8511384,Bengaluru,Other,2020-05-12,VIP
5733,Divya Rao,divya.rao874@outlook.com,8511384,Bengaluru,Other,2020-05-12,VIP
5734,,anika.sharma972rediffmail.com,8309008630, Nagpur ,Female,2019-05-27,Premium
5735,Shreya Kumar,shreya.kumar393@rediffmail.com,7928268,Patna,Other,2020-11-07,Regular
5736,Ramesh Kapoor,ramesh.kapoor99gmail.com,8638433630,Indore,Other,2023-06-03,VIP
5737,Sneha Kumar,sneha.kumar696@rediffmail.com,9982051276,Mumbai,Male,2019-12-27,Premium
5738,Riya Nair,riya.nair358@rediffmail.com,9060272964,Ludhiana,Female,2019-12-10,New
5739,Aadhya Mehta,aadhya.mehta166@outlook.com,8188915502,Pune,Male,2024-11-09,Regular
5740,Arjun Kapoor,arjun.kapoor902@yahoo.com,8724698049,Nagpur,Male,2024-06-24,Premium
5741,Rohan Verma,rohan.verma566@yahoo.com,9463707786,Patna,Other,2021-01-23,Regular
5741,Rohan Verma,rohan.verma566@yahoo.com,9463707786,Patna,Other,2021-01-23,Regular
5742,,sunita.gupta912@outlook.com,7148358873,Bhop@l,Male,2020-05-31,VIP
5743,Rohan Reddy,rohan.reddy765@gmail.com,8442086155,Patna,Male,2023-01-12,New
5744,Sanjay Pillai,sanjay.pillai914gmail.com,8024201294,Patna,Female,2024-08-27,Regular
5745,Pooja Agarwal,pooja.agarwal593@outlook.com,9637737708,Jaipur,Female,2022-12-06,Regular
5746,Ramesh Singh,ramesh.singh581@gmail.com,9546994915,Kanpur,Male,2024-09-30,Premium
5747,Arjun Rao,arjun.rao571@rediffmail.com,9151367964,Nashik,Female,2024-12-09,New
5748,Ananya Bansal,ananya.bansal514@yahoo.com,7012899996,Hyderabad,Other,2019-07-20,VIP
5749,Krishna Singh,krishna.singh210@gmail.com,7937552317,Chennai,Other,2024-03-01,Regular
5750,Anika Kumar,anika.kumar912@outlook.com,7852480035,Hyderabad,Male,2024-02-14,VIP
5751,Sai Bansal,sai.bansal558gmail.com,7247897152,Lucknow,Other,2021-10-16,Premium
5752,Aarav Nair,aarav.nair229@hotmail.com,8508148454,Chennai,Female,2020-08-06,New
5753,Kritika Bhatt,kritika.bhatt560@gmail,8018983350,Chennai,Female,2021-06-04,Regular
5754,Diya Iyer,diya.iyer293hotmail.com,7059185463,Ahmedabad,Female,2021-04-03,Regular
5755,Sunita Sharma,sunita.sharma489@outlook.com,9646772722,Mumbai,Other,2022-06-05,New
5756,Deepak Gupta,deepak.gupta545@rediffmail.com,9163827113,Nagpur,Male,2023-10-18,Regular
5757,Ayaan Singh,ayaan.singh615@hotmail.com,7170508582,Indore,Male,2022-07-16,Premium
5758,Suresh Agarwal,suresh.agarwal210@gmail.com,7868240252,Delhi,Female,2023-05-06,Regular
5759,Divya Reddy,divya.reddy759@yahoo.com,9179839900,Ludhiana,Male,2023-10-23,Regular
5760,Diya Joshi,diya.joshi273@hotmail.com,8481124204,Pune,Male,2020-05-20,VIP
5761,Neha Iyer,neha.iyer690@rediffmail.com,8290472640,Delhi,Male,2021-10-01,New
5762,Aadhya Malhotra,aadhya.malhotra674@yahoo.com,9340924530,Kolkata,Female,2020-02-07,VIP
5763,Meera Bhatt,meera.bhatt275@hotmail.com,9115757777,Ahmedabad,Male,2021-02-07,New
5764,Aarav Pillai,aarav.pillai941@yahoo.com,9733374106,Nashik,Other,2021-06-25,Premium
5765,Sunita Pillai,sunita.pillai104@rediffmail.com,9128587634,Nagpur,Male,2020-02-13,VIP
5766,Vivaan Mehta,vivaan.mehta192@yahoo.com,9586886280,Jaipur,Male,2024-09-25,Regular
5767,Shreya Rao,shreya.rao269@yahoo.com,9780538733,Ahmedabad,Other,2019-02-04,VIP
5768,Ramesh Mehta,ramesh.mehta495hotmail.com,7950527780,Jaipur,Other,2022-11-14,New
5769,Aditya Patel,aditya.patel43@hotmail.com,7608270739,Nashik,Male,2019-11-16,New
5770,Kavya Malhotra,kavya.malhotra655@rediffmail.com,7419142355,Agra,Male,2021-10-19,New
5770,Kavya Malhotra,kavya.malhotra655@rediffmail.com,7419142355,Agra,Male,2021-10-19,New
5771,,kritika.joshi320@gmail,9199654688,DELHI,Male,2019-07-02,Regular
5772,Rohan Reddy,rohan.reddy571@rediffmail.com,7508857590,Nagpur,Female,2024-01-16,Premium
5773,Neha Patel,neha.patel926@rediffmail.com,9065036130,Jaipur,Male,2022-07-24,Premium
5774,Suresh Nair,suresh.nair871@rediffmail.com,7835200819,Pune,Other,2020-10-07,VIP
5775,Ramesh Kapoor,ramesh.kapoor95@yahoo.com,9090125029,Mumbai,Female,2019-07-03,Premium
5776,Sai Singh,sai.singh218gmail.com,9891952248,Nagpur,Female,2021-02-08,Regular
5777,Ananya Nair,ananya.nair392@yahoo.com,8282471030,Pune,Other,2019-05-08,VIP
5778,Anika Nair,anika.nair217@outlook.com,8949225512,Hyderabad,Male,2019-08-28,VIP
5779,Rohan Singh,rohan.singh533@rediffmail.com,8257527,Bengaluru,Female,2019-01-19,Premium
5780,Arjun Joshi,arjun.joshi270@outlook.com,7845549274,Agra,Other,2021-05-26,Premium
5781,Suresh Singh,suresh.singh206@yahoo.com,9931782984,Hyderabad,Other,2020-04-05,New
5782,Kritika Nair,kritika.nair827@outlook.com,92009615,Kanpur,Female,2020-08-30,New
5783,Aditya Agarwal,aditya.agarwal978@hotmail.com,9204391398,Nashik,Male,2023-03-15,New
5784,Arjun Agarwal,arjun.agarwal416@yahoo.com,7768288921,Kolkata,Female,2021-10-26,New
5785,Ramesh Desai,ramesh.desai243@yahoo.com,9307406758,Pune,Male,2023-02-18,Premium
5786,Kritika Sharma,kritika.sharma683@rediffmail.com,964768692,Kolkata,Female,2019-03-12,New
5787,Ramesh Reddy,ramesh.reddy160@outlook.com,9454943067,Surat,Male,2022-07-02,Premium
5788,Aadhya Chopra,aadhya.chopra941@rediffmail.com,9431093124,Patna,Male,2022-01-07,VIP
5789,Nikhil Iyer,nikhil.iyer163@yahoo.com,7265197207,Agra,Male,2021-09-30,VIP
5790,Sai Nair,sai.nair528@hotmail.com,9550780668,Nashik,Male,2022-06-10,Premium
5791,Karan Rao,karan.rao966@yahoo.com,9033321665,Lucknow,Female,2021-01-29,Regular
5792,Sanjay Mehta,sanjay.mehta413@gmail.com,9593514891,Ludhiana,Male,2020-06-14,New
5793,Anjali Rao,anjali.rao404@outlook.com,7567891770,Hyderabad,Female,2021-04-05,Premium
5794,Suresh Malhotra,suresh.malhotra245@gmail.com,7237041824,Agra,Female,2019-03-16,Regular
5795,Ramesh Kumar,ramesh.kumar734@rediffmail.com,7519663622,Patna,Other,2021-07-01,Premium
5796,Divya Kumar,divya.kumar964hotmail.com,9052471011,Kolkata,Other,2019-09-01,Premium
5797,Sai Rao,sai.rao778@rediffmail.com,7630177365,Agra,Male,2023-05-29,Premium
5798,Anjali Bhatt,anjali.bhatt274@gmail.com,7951989275,Nagpur,Female,2021-08-11,Premium
5799,Saanvi Gupta,saanvi.gupta297@yahoo.com,8887152599,Nashik,Male,2024-01-13,Premium
5800,Krishna Gupta,krishna.gupta47@hotmail.com,9875452349,Nagpur,Male,2022-09-19,Premium
5801,Arjun Bhatt,arjun.bhatt398@yahoo.com,8156884818,Vadodara,Male,2019-08-21,Premium
5802,Vihaan Patel,vihaan.patel871@gmail.com,9491884367,Mumbai,Other,2019-03-06,VIP
5803,Pooja Gupta,pooja.gupta666@rediffmail.com,7300910972,Agra,Female,2024-04-29,VIP
5804,Sanjay Kumar,sanjay.kumar439@hotmail.com,8931408435,Kolkata,Other,2019-10-25,Premium
5805,Ramesh Iyer,ramesh.iyer283@gmail,9612756882,Bengaluru,Other,2019-08-09,VIP
5806,Rohan Singh,rohan.singh128@outlook.com,+91-7042597636,Delhi,Male,2024-03-07,Regular
5807,Amit Rao,amit.rao711@yahoo.com,7222061588,Kanpur,Male,2019-06-09,Premium
5808,Vihaan Bhatt,vihaan.bhatt948@hotmail.com,8616096558,Ahmedabad,Male,2024-05-20,Regular
5809,Sneha Desai,sneha.desai995@rediffmail.com,7144727365,Surat,Male,2019-06-02,VIP
5810,Krishna Joshi,krishna.joshi369@yahoo.com,9796126252,Indore,Male,2023-10-25,Regular
5811,Shreya Malhotra,shreya.malhotra492@yahoo.com,9521624564,Jaipur,Female,2019-02-23,New
5812,Neha Joshi,neha.joshi710@gmail.com,7579608413,Mumbai,Other,2021-05-23,VIP
5813,Kavya Desai,kavya.desai405@gmail.com,9134652737,Pune,Male,2023-04-26,New
5814,Krishna Kumar,krishna.kumar204rediffmail.com,9331552251,Pune,Other,2022-06-24,Premium
5815,Isha Kumar,isha.kumar795@rediffmail.com,7001988459,Hyderabad,Other,2021-09-19,New
5816,Aditya Sharma,aditya.sharma579@gmail.com,9025206590,Pune,Female,2020-06-17,Regular
5817,Nikhil Malhotra,nikhil.malhotra381@gmail.com,8152542093,Agra,Other,2023-12-04,VIP
5818,Pooja Kapoor,pooja.kapoor364hotmail.com,7876920331,Kanpur,Other,2024-02-16,Premium
5819,Reyansh Rao,reyansh.rao84@yahoo.com,9979211144,Nagpur,Other,2019-02-24,Premium
5820,Ayaan Desai,ayaan.desai233@gmail.com,9522805640,Ludhiana,Other,2024-01-28,New
5821,Nikhil Kumar,nikhil.kumar418@yahoo.com,7288070322,Nagpur,Female,2023-12-01,VIP
5822,Suresh Sharma,suresh.sharma306@gmail.com,8504893624,Ludhiana,Other,2021-01-05,New
5823,Aditya Bhatt,aditya.bhatt135@outlook.com,8376349502,Mumbai,Other,2023-09-28,New
5824,Vivaan Desai,vivaan.desai540@yahoo.com,8235327720,Pune,Other,2023-11-14,New
5825,Neha Nair,neha.nair118@hotmail.com,9090497586,Agra,Male,2021-09-09,VIP
5826,Rohan Bansal,rohan.bansal435@gmail.com,9305441607,Jaipur,Male,2020-07-09,VIP
5827,Anika Reddy,anika.reddy616@hotmail,9768192580,Surat,Other,2020-01-27,Regular
5828,Kritika Pillai,kritika.pillai254@rediffmail.com,8634615552,Indore,Male,2022-11-16,New
5829,Riya Gupta,riya.gupta217@outlook.com,8596147921,Hyderabad,Female,2022-04-18,Premium
5830,Anjali Bhatt,anjali.bhatt308@hotmail.com,7353378572,Kolkata,Male,2024-12-24,Regular
5831,Meera Verma,meera.verma419@gmail.com,8532829837,Lucknow,Female,2020-12-19,New
5832,Sunita Verma,sunita.verma846@yahoo.com,8822726288,Delhi,Other,2019-11-14,Premium
5833,Amit Mehta,amit.mehta213@gmail.com,7640935471,Hyderabad,Male,2023-07-02,New
5834,Suresh Nair,suresh.nair462@gmail,9611982416,Kolkata,Male,2024-10-11,VIP
5835,Aarav Singh,aarav.singh727@gmail.com,9064266641,Vadodara,Male,2020-03-24,VIP
5836,Myra Patel,myra.patel240@outlook.com,8450183215,Indore,Male,2020-12-05,New
5837,Nikhil Nair,nikhil.nair418@yahoo.com,7499282645,Jaipur,Other,2020-11-09,New
5838,Ayaan Joshi,ayaan.joshi286@rediffmail,8911143955,Pune,Female,2019-12-26,Regular
5839,Shreya Iyer,shreya.iyer833@gmail.com,8827053470,Nagpur,Other,2019-09-10,VIP
5840,Anjali Mehta,anjali.mehta527@yahoo.com,8054179823,Ahmedabad,Other,2020-10-27,New
5841,Anjali Reddy,anjali.reddy11@gmail.com,9164531514,Ludhiana,Male,2022-05-09,Regular
5842,Ramesh Mehta,ramesh.mehta201@gmail.com,8073668160,Lucknow,Male,2022-01-24,Premium
5843,Rohan Kumar,rohan.kumar641@hotmail.com,8277225297,Kanpur,Male,2019-05-10,Regular
5844,Diya Chopra,diya.chopra720@gmail.com,8123865595,Lucknow,Male,2023-09-05,VIP
5845,Pooja Gupta,pooja.gupta446@gmail.com,9533063623,Indore,Female,2024-11-17,New
5846,Ramesh Joshi,ramesh.joshi802@yahoo.com,8138476875,Nashik,Other,2020-08-16,New
5847,Vivaan Rao,vivaan.rao959@outlook.com,+91-9414892183,Nashik,Male,2022-11-28,Premium
5848,Kritika Pillai,kritika.pillai675@yahoo.com,9100747864,Kanpur,Other,2022-12-17,VIP
5848,Kritika Pillai,kritika.pillai675@yahoo.com,9100747864,Kanpur,Other,2022-12-17,VIP
5849,,reyansh.gupta662@yahoo.com,7310329474,KANPUR,Other,2019-08-25,VIP
5850,Ramesh Mehta,ramesh.mehta801@gmail.com,9865863673,Chennai,Male,2019-09-12,New
5851,Meera Desai,meera.desai718@gmail.com,8849149856,Kolkata,Female,2023-11-06,Premium
5852,Kavya Kapoor,kavya.kapoor548@outlook.com,7978259959,Nagpur,Male,2020-11-16,Premium
5853,Meera Kumar,meera.kumar923@outlook.com,7718067,Nagpur,Male,2021-05-06,VIP
5854,Suresh Mehta,suresh.mehta630@gmail,8393829507,Pune,Female,2019-02-03,Regular
5855,Priya Pillai,priya.pillai557@rediffmail.com,8605447724,Pune,Female,2023-08-27,Premium
5856,Aditya Singh,aditya.singh951@hotmail.com,+91-9908615217,Pune,Other,2021-11-30,Premium
5857,Divya Singh,divya.singh259@yahoo.com,7060559407,Jaipur,Female,2019-07-21,Premium
5858,Riya Bhatt,riya.bhatt908@hotmail.com,9093359561,Chennai,Male,2022-06-04,VIP
5859,Karan Agarwal,karan.agarwal46@rediffmail.com,7397067693,Surat,Female,2022-07-25,Premium
5860,Ramesh Kapoor,ramesh.kapoor123@gmail.com,9779754635,Nashik,Male,2020-05-29,Regular
5861,Isha Kumar,isha.kumar900@rediffmail.com,7775850227,Delhi,Female,2023-09-05,Regular
5862,Pari Mehta,pari.mehta879@yahoo.com,8385378399,Indore,Male,2023-02-02,VIP
5863,Kritika Desai,kritika.desai465@outlook.com,+91-9882726534,Delhi,Other,2021-01-31,Regular
5864,Pari Bansal,pari.bansal419@yahoo.com,9284329862,Nagpur,Male,2020-08-30,New
5864,Pari Bansal,pari.bansal419@yahoo.com,9284329862,Nagpur,Male,2020-08-30,New
5865,,pooja.nair616hotmail.com,8782808835,Surat  ,Male,2021-08-23,VIP
5866,Kritika Joshi,kritika.joshi271@rediffmail.com,7522331192,Kolkata,Other,2021-11-07,Regular
5867,Shreya Reddy,shreya.reddy8@outlook.com,7007004110,Kolkata,Other,2021-08-15,VIP
5868,Riya Gupta,riya.gupta90@gmail,+91-7619521582,Kolkata,Female,2020-10-01,New
5869,Aadhya Nair,aadhya.nair759@hotmail.com,8817975436,Lucknow,Male,2021-06-29,VIP
5870,Rahul Reddy,rahul.reddy167@rediffmail.com,9321857369,Hyderabad,Male,2022-10-12,VIP
5871,Saanvi Kapoor,saanvi.kapoor818@gmail.com,8607177474,Agra,Other,2019-01-08,Regular
5871,Saanvi Kapoor,saanvi.kapoor818@gmail.com,8607177474,Agra,Other,2019-01-08,Regular
5872,,sunita.verma483@gmail.com,8124838805,surat,Other,2022-02-07,Premium
5873,Deepak Desai,deepak.desai775yahoo.com,9176381247,Kanpur,Male,2019-01-25,Regular
5874,Priya Singh,priya.singh588@hotmail.com,7960304650,Lucknow,Other,2024-03-28,Premium
5875,Ramesh Pillai,ramesh.pillai920@rediffmail.com,7352717015,Bengaluru,Other,2022-10-19,VIP
5876,Isha Joshi,isha.joshi589@gmail.com,8300569619,Mumbai,Male,2023-09-29,Regular
5877,Priya Pillai,priya.pillai590@gmail.com,8420777781,Ludhiana,Other,2019-05-24,Premium
5878,Ishaan Joshi,ishaan.joshi980@hotmail.com,8013189380,Lucknow,Female,2024-04-18,VIP
5879,Pari Mehta,pari.mehta388@gmail,8296166509,Patna,Female,2022-06-20,New
5880,Rohan Verma,rohan.verma676rediffmail.com,9344954993,Surat,Male,2022-05-05,New
5881,,manish.rao134@outlook.com,8100035328,LUDHIANA,Other,2020-10-31,Premium
5882,Manish Kapoor,manish.kapoor507@outlook.com,7672104872,Bhopal,Other,2021-10-30,Premium
5883,Sai Iyer,sai.iyer227@gmail.com,9738384246,Indore,Female,2019-09-12,Premium
5884,Meera Bhatt,meera.bhatt256@gmail.com,9708695411,Nashik,Female,2022-03-20,VIP
5885,Rohan Mehta,rohan.mehta519@yahoo.com,8191298677,Kanpur,Male,2023-02-14,VIP
5886,Vivaan Joshi,vivaan.joshi979@yahoo.com,8200296407,Surat,Other,2020-06-05,Regular
5887,Suresh Kapoor,suresh.kapoor596@hotmail.com,921703358,Hyderabad,Other,2022-07-26,Premium
5888,Aarav Gupta,aarav.gupta686@outlook.com,8772739836,Bengaluru,Female,2024-11-17,Regular
5889,Neha Mehta,neha.mehta168@yahoo.com,8650060057,Jaipur,Male,2022-02-11,VIP
5890,Ayaan Bansal,ayaan.bansal666@rediffmail.com,+91-9050904020,Ludhiana,Male,2019-04-11,New
5891,Deepak Nair,deepak.nair599@rediffmail.com,732691060,Vadodara,Other,2020-12-14,Premium
5892,Karan Verma,karan.verma298@gmail.com,7012441973,Kolkata,Male,2022-11-21,New
5893,Ishaan Singh,ishaan.singh397@outlook.com,9327607145,Indore,Other,2022-04-06,Premium
5894,Anjali Kumar,anjali.kumar93@rediffmail.com,7991981295,Agra,Male,2023-12-02,New
5895,Krishna Verma,krishna.verma521@rediffmail.com,9245857756,Surat,Other,2023-09-06,Premium
5896,Krishna Bhatt,krishna.bhatt352@rediffmail.com,9532432541,Patna,Male,2022-11-01,Regular
5897,,manish.kumar651@outlook.com,9596368345, Mumbai ,Other,2019-10-13,Premium
5898,Diya Pillai,diya.pillai876@outlook.com,7253193003,Nashik,Other,2023-09-17,Premium
5899,Myra Chopra,myra.chopra530outlook.com,9049866319,Vadodara,Female,2020-12-02,VIP
5900,Kavya Rao,kavya.rao86@hotmail.com,7161886329,Hyderabad,Female,2022-07-27,VIP
5901,Manish Gupta,manish.gupta397yahoo.com,8524134125,Bengaluru,Other,2020-01-08,New
5902,Aditya Mehta,aditya.mehta997@rediffmail.com,7692250766,Mumbai,Female,2023-11-17,VIP
5903,Shreya Gupta,shreya.gupta590@gmail.com,8916125457,Indore,Male,2021-03-16,VIP
5904,Anika Patel,anika.patel319@outlook.com,8436079434,Surat,Other,2020-09-26,New
5905,Aadhya Desai,aadhya.desai663@yahoo.com,8108457260,Lucknow,Female,2019-06-17,VIP
5906,Krishna Reddy,krishna.reddy565@yahoo.com,9658155762,Pune,Male,2020-08-09,Regular
5907,Pooja Agarwal,pooja.agarwal266@hotmail.com,9746981381,Bengaluru,Other,2023-04-25,New
5908,Pari Rao,pari.rao511@yahoo.com,8903516761,Kanpur,Other,2024-07-09,New
5909,Aarav Singh,aarav.singh958@yahoo.com,9890278,Kanpur,Male,2024-06-23,Regular
5910,Ramesh Kapoor,ramesh.kapoor609@hotmail.com,8871185895,Patna,Female,2024-04-23,Regular
5911,Anika Rao,anika.rao804@hotmail.com,8302661,Hyderabad,Other,2022-02-19,Regular
5912,Nikhil Chopra,nikhil.chopra167@rediffmail.com,8539833588,Patna,Male,2020-06-01,Premium
5913,Isha Singh,isha.singh242@gmail.com,9599749894,Chennai,Other,2021-02-13,VIP
5914,Vivaan Reddy,vivaan.reddy111@gmail.com,7080310792,Surat,Other,2021-07-24,New
5915,Krishna Verma,krishna.verma888@yahoo.com,8906786020,Indore,Other,2020-07-09,New
5916,Riya Singh,riya.singh607@outlook.com,7980355545,Ahmedabad,Male,2021-04-04,New
5917,Ananya Patel,ananya.patel370@outlook.com,7940424984,Vadodara,Female,2019-09-18,Premium
5918,Neha Bansal,neha.bansal355@outlook.com,9621830971,Vadodara,Male,2022-11-09,VIP
5919,Reyansh Pillai,reyansh.pillai999@gmail.com,978007818,Vadodara,Other,2023-10-12,Regular
5920,Ananya Reddy,ananya.reddy131@gmail.com,9930986613,Delhi,Male,2024-03-10,VIP
5921,Anjali Gupta,anjali.gupta666@gmail.com,8912518098,Mumbai,Female,2024-11-30,Premium
5922,Suresh Desai,suresh.desai192@yahoo.com,8238114751,Lucknow,Male,2023-04-15,Regular
5923,Rahul Bhatt,rahul.bhatt918yahoo.com,7123348069,Kolkata,Other,2020-03-30,VIP
5924,Amit Sharma,amit.sharma31@hotmail.com,878116582,Indore,Other,2022-12-06,New
5925,Vihaan Sharma,vihaan.sharma546@gmail.com,8708646719,Agra,Male,2020-11-20,Regular
5926,Pari Rao,pari.rao179yahoo.com,7381358134,Kolkata,Male,2024-01-13,Regular
5927,Sneha Iyer,sneha.iyer571@rediffmail.com,8281364415,Bengaluru,Male,2023-11-29,VIP
5928,Sanjay Patel,sanjay.patel274@hotmail.com,9745303309,Chennai,Male,2024-10-08,New
5929,Ayaan Agarwal,ayaan.agarwal587@yahoo.com,9546197,Bhopal,Male,2020-12-03,Regular
5930,Priya Agarwal,priya.agarwal342@hotmail,8332313285,Nashik,Female,2021-07-07,VIP
5931,Kavya Iyer,kavya.iyer563@gmail.com,8726755416,Jaipur,Other,2024-08-19,New
5932,Reyansh Desai,reyansh.desai563@outlook.com,8700902874,Jaipur,Female,2023-10-29,Regular
5933,Neha Kapoor,neha.kapoor414@yahoo.com,9468593968,Mumbai,Female,2019-12-16,VIP
5934,Kritika Rao,kritika.rao329rediffmail.com,9052070595,Surat,Other,2023-11-16,New
5935,Isha Desai,isha.desai72@rediffmail.com,9970372444,Pune,Other,2020-10-25,New
5936,Deepak Mehta,deepak.mehta866@gmail.com,8312452693,Ludhiana,Female,2021-01-24,Premium
5937,Diya Malhotra,diya.malhotra946@yahoo.com,8048912891,Indore,Female,2021-02-09,Premium
5938,Manish Agarwal,manish.agarwal975@yahoo.com,8667544097,Nagpur,Male,2023-07-04,VIP
5939,Priya Iyer,priya.iyer981@hotmail.com,7080792272,Kanpur,Male,2021-10-09,Premium
5940,Priya Bansal,priya.bansal638@rediffmail.com,7679359181,Nashik,Male,2022-01-01,New
5941,Ishaan Bansal,ishaan.bansal741@gmail.com,8020634154,Bengaluru,Female,2023-02-28,VIP
5942,Shreya Bhatt,shreya.bhatt26@rediffmail.com,8627239759,Chennai,Other,2021-08-16,Premium
5943,Sunita Chopra,sunita.chopra897@hotmail.com,9952939817,Kanpur,Male,2023-08-03,VIP
5944,Sunita Gupta,sunita.gupta995@hotmail.com,9760913805,Patna,Female,2019-11-22,New
5945,Sunita Malhotra,sunita.malhotra635@yahoo.com,9114086725,Ahmedabad,Other,2024-11-24,Premium
5946,Pari Kumar,pari.kumar933@gmail.com,9924450863,Mumbai,Female,2019-05-27,VIP
5947,Pooja Chopra,pooja.chopra533@outlook.com,9360920260,Pune,Female,2020-04-22,New
5948,Shreya Mehta,shreya.mehta728@yahoo.com,8938937,Ahmedabad,Other,2019-10-27,New
5949,Pooja Iyer,pooja.iyer875@rediffmail.com,8844488076,Mumbai,Male,2020-05-28,Regular
5950,Sai Verma,sai.verma41@yahoo.com,738932963,Nashik,Other,2023-05-28,VIP
5950,Sai Verma,sai.verma41@yahoo.com,738932963,Nashik,Other,2023-05-28,VIP
5951,,aarav.reddy622@yahoo.com,8111414490,N@shik,Other,2022-02-05,VIP
5952,Karan Rao,karan.rao96@hotmail.com,7560148372,Bengaluru,Female,2019-08-03,Regular
5953,Riya Nair,riya.nair132@hotmail,+91-9545979734,Indore,Female,2024-09-27,Premium
5954,Ramesh Rao,ramesh.rao768@rediffmail.com,8231827400,Bhopal,Other,2020-12-02,Premium
5955,Ishaan Mehta,ishaan.mehta100@gmail,9196312411,Kolkata,Female,2024-04-04,VIP
5956,Sanjay Nair,sanjay.nair73@rediffmail.com,8315072274,Chennai,Female,2023-03-19,Premium
5957,Manish Singh,manish.singh259@hotmail.com,9465328564,Kanpur,Male,2019-07-24,VIP
5958,Neha Chopra,neha.chopra498@yahoo.com,8995178041,Chennai,Male,2022-05-26,VIP
5959,Aditya Agarwal,aditya.agarwal265@hotmail.com,8294982045,Delhi,Other,2020-10-13,Premium
5960,Rohan Singh,rohan.singh867@gmail.com,7146401622,Bengaluru,Male,2024-03-22,VIP
5961,Kritika Sharma,kritika.sharma459@gmail.com,8739500799,Hyderabad,Female,2021-08-07,VIP
5962,Aditya Nair,aditya.nair853@yahoo.com,8266026957,Pune,Male,2022-12-23,Regular
5963,Kritika Iyer,kritika.iyer49@hotmail.com,9729609266,Mumbai,Other,2023-06-20,Regular
5964,Neha Joshi,neha.joshi456@hotmail.com,7134898361,Indore,Male,2023-10-27,VIP
5965,,divya.joshi291@gmail.com,8339108090,K@npur,Other,2021-01-05,New
5966,Pooja Mehta,pooja.mehta122@gmail.com,7591543214,Indore,Male,2019-11-17,Premium
5967,Aarav Reddy,aarav.reddy663@outlook.com,9352789710,Jaipur,Other,2023-10-14,Regular
5968,Diya Gupta,diya.gupta558@outlook.com,8966836361,Pune,Female,2021-08-28,VIP
5969,Karan Kapoor,karan.kapoor845@outlook.com,8068215431,Pune,Female,2021-07-30,New
5970,Sneha Nair,sneha.nair78@hotmail.com,9343617420,Kolkata,Other,2024-04-15,VIP
5971,Riya Agarwal,riya.agarwal259hotmail.com,9764919033,Kanpur,Female,2020-05-24,VIP
5972,Aadhya Gupta,aadhya.gupta604@yahoo.com,7762755539,Mumbai,Female,2022-10-08,New
5973,Sunita Malhotra,sunita.malhotra713@hotmail.com,7208312848,Vadodara,Female,2022-09-02,New
5974,Anika Joshi,anika.joshi880@hotmail.com,7300763240,Delhi,Female,2023-06-04,New
5975,Ramesh Chopra,ramesh.chopra215@hotmail.com,8792851431,Delhi,Male,2019-07-19,Regular
5976,Anika Pillai,anika.pillai284@rediffmail.com,9365337620,Jaipur,Male,2020-08-25,New
5977,Pooja Reddy,pooja.reddy111@gmail.com,8284711894,Delhi,Other,2021-05-07,New
5978,Aditya Kumar,aditya.kumar661@outlook.com,9403468618,Nagpur,Other,2023-06-16,Premium
5979,Amit Joshi,amit.joshi538@yahoo.com,7824895,Agra,Female,2023-05-26,VIP
5980,Vivaan Pillai,vivaan.pillai881@hotmail.com,8330186871,Agra,Other,2020-03-14,New
5981,Pari Singh,pari.singh825@rediffmail.com,+91-8305729152,Nashik,Female,2019-10-28,Regular
5982,Vihaan Kumar,vihaan.kumar36@outlook.com,7723122782,Nashik,Male,2024-04-29,New
5983,Ayaan Reddy,ayaan.reddy696@outlook.com,8430705276,Agra,Male,2020-11-13,Regular
5984,Sai Singh,sai.singh849@gmail.com,7889175921,Delhi,Other,2022-10-22,VIP
5985,Isha Nair,isha.nair141@outlook.com,9346195789,Pune,Other,2022-08-14,Regular
5986,Aarav Gupta,aarav.gupta754@rediffmail.com,9645415784,Chennai,Other,2020-04-07,Regular
5987,Deepak Verma,deepak.verma80@gmail.com,9566776440,Agra,Male,2021-10-31,Regular
5988,Arjun Joshi,arjun.joshi541@gmail.com,7735683267,Surat,Male,2023-11-26,Premium
5989,Suresh Iyer,suresh.iyer331@rediffmail.com,7134740208,Kolkata,Male,2020-06-24,VIP
5990,Sneha Bhatt,sneha.bhatt960@outlook.com,7667327793,Bhopal,Male,2019-12-25,New
5991,Shreya Rao,shreya.rao852@hotmail.com,9867528380,Agra,Female,2019-04-02,VIP
5992,Divya Bhatt,divya.bhatt526@yahoo.com,7797557314,Lucknow,Other,2020-11-08,Premium
5993,Kritika Patel,kritika.patel873@hotmail.com,9574744700,Delhi,Female,2020-12-12,New
5994,Rohan Singh,rohan.singh923@gmail.com,8728786355,Chennai,Male,2024-01-30,New
5995,Sunita Kapoor,sunita.kapoor158@yahoo.com,9237530917,Delhi,Other,2020-06-26,VIP
5996,Pari Iyer,pari.iyer597@rediffmail.com,9780355175,Bengaluru,Female,2021-07-05,VIP
5997,Vivaan Joshi,vivaan.joshi57@yahoo.com,9612818909,Jaipur,Male,2020-01-12,Premium
5998,Diya Agarwal,diya.agarwal527@yahoo.com,8614416116,Ludhiana,Male,2023-03-19,VIP
5999,Aarav Gupta,aarav.gupta173rediffmail.com,7809015939,Jaipur,Male,2020-08-13,Premium
6000,Neha Rao,neha.rao502@yahoo.com,8462637022,Kolkata,Male,2022-07-20,New
