inventory_id,product_id,store_id,stock_quantity,reorder_level,last_restock_date
1,214,35,513,59,2024-05-07
2,25,34,913,58,2023-07-01
3,218,32,188,131,2023-01-02
4,231,14,214,91,2024-06-15
5,179,27,77,34,2024-08-18
6,302,34,396,43,2024-02-12
7,163,7,420,43,2023-01-06
8,47,30,71,145,2023-10-28
9,248,5,624,50,2024-12-07
10,149,14,338,42,2023-05-07
11,187,16,568,126,2023-06-20
12,79,29,327,145,2023-11-16
13,350,29,417,38,2023-02-09
14,135,10,616,56,2023-05-02
15,68,3,784,89,2024-06-01
16,331,14,582,130,2023-02-08
17,247,14,589,33,2023-03-21
18,30,4,581,137,2024-07-04
19,63,13,946,48,2023-08-24
20,135,32,99,43,2024-03-30
21,85,1,808,95,2023-04-24
22,92,35,16,26,2024-09-30
23,202,23,389,22,2023-01-30
24,294,32,62,110,2024-12-16
25,24,19,161,48,2023-06-05
26,4,3,927,111,2024-01-27
27,264,17,409,124,2023-05-02
28,89,3,200,62,2024-09-01
29,161,5,216,76,2023-02-04
30,242,27,86,108,2024-05-25
31,286,34,474,55,2023-11-18
32,346,35,516,82,2023-01-27
33,295,18,739,99,2024-03-30
34,291,21,753,128,2024-10-13
35,346,14,880,120,2024-08-30
36,234,5,-13,63,2023-06-25
37,210,11,243,44,2024-05-17
38,298,24,930,149,2024-09-11
39,264,33,421,138,2023-08-15
40,224,3,211,26,2023-07-19
41,137,34,80,74,2023-11-02
42,2,32,843,63,2024-07-03
43,339,29,66,52,2024-10-07
44,84,23,803,100,2023-07-19
45,360,9,735,142,2024-06-30
46,186,32,444,48,2023-08-06
47,133,6,162,66,2024-10-17
48,295,26,747,150,2024-08-26
49,233,26,75,86,2024-07-11
50,81,31,625,20,2024-06-24
51,91,16,334,78,2023-10-28
52,2,13,618,81,2023-02-17
53,329,15,25,72,2023-06-09
54,343,4,345,137,2024-09-28
55,213,7,571,37,2024-08-29
56,293,1,673,51,2023-08-23
57,268,24,498,83,2023-07-17
58,241,21,888,56,2023-07-29
59,318,34,99,27,2024-08-12
60,324,14,555,93,2024-10-10
61,269,33,750,142,2023-07-08
62,9999,999,,76,2023-08-14
63,194,4,323,90,2023-03-21
64,349,2,820,145,2023-05-08
65,139,26,754,88,2024-06-08
66,227,3,719,51,2023-05-29
67,290,3,581,60,2023-02-17
68,146,31,16,132,2023-08-15
69,297,32,132,25,2023-12-12
70,161,8,846,102,2023-08-14
71,233,11,950,80,2024-02-11
72,336,2,923,55,2023-08-11
73,180,11,646,92,2024-07-10
74,308,15,907,27,2023-10-21
75,206,12,656,22,2023-07-22
76,121,6,119,132,2024-01-30
77,252,14,915,45,2023-06-21
78,158,25,581,140,2023-09-04
79,357,26,459,100,2024-10-10
80,20,1,981,94,2024-06-07
81,177,17,116,53,2024-03-02
82,88,23,,99,2023-06-27
83,193,12,643,108,2024-10-17
84,102,10,183,138,2023-03-17
85,88,13,60,53,2023-03-26
86,138,16,36,58,2024-04-15
87,216,2,857,144,2024-01-12
88,50,8,590,67,2023-03-09
89,51,16,248,150,2024-01-19
90,127,16,295,85,2024-03-20
91,226,9,802,138,2024-11-08
92,229,20,423,67,2024-02-09
93,28,21,58,101,2023-12-19
94,281,1,-15,45,2023-01-26
95,32,12,-13,119,2024-07-26
96,352,5,256,89,2023-09-22
97,237,2,834,144,2023-05-16
98,145,9,861,94,2023-01-17
99,194,2,788,52,2024-03-30
100,48,6,369,24,2023-05-20
101,197,12,852,103,2023-10-05
102,289,5,792,42,2024-06-18
103,264,4,327,110,2024-06-11
104,242,35,-22,34,2023-06-10
105,136,13,558,126,2023-05-31
106,78,30,950,136,2023-03-24
107,262,3,95,37,2023-12-11
108,111,7,,44,2023-06-02
109,287,7,547,148,2024-06-15
110,279,17,68,79,2024-11-20
111,85,12,749,55,2023-09-14
112,85,7,249,95,2023-06-27
113,256,27,816,22,2024-04-08
114,30,4,403,134,2024-04-06
115,283,21,157,111,2024-12-06
116,30,14,589,37,2023-12-31
117,335,18,19,150,2023-10-26
118,347,3,551,138,2024-01-05
119,37,27,378,92,2023-12-05
120,116,33,660,116,2024-11-05
121,155,12,676,120,2023-08-20
122,273,30,270,21,2023-11-17
123,342,30,,114,2024-06-07
124,9999,999,-38,95,2024-01-03
125,110,9,930,117,2024-08-16
126,142,32,476,43,2023-06-09
127,152,4,757,56,2024-12-14
128,25,16,269,83,2023-12-30
129,294,6,378,104,2023-06-21
130,72,21,580,127,2024-02-26
131,28,8,168,29,2023-02-14
132,57,3,207,49,2024-02-24
133,10,24,919,56,2024-11-13
134,124,32,445,97,2023-07-25
135,335,34,374,109,2023-04-16
136,220,8,636,50,2023-11-06
137,197,1,430,134,2024-08-28
138,21,26,250,96,2024-08-28
139,342,35,622,123,2024-09-17
140,224,26,657,29,2023-06-02
141,297,16,315,107,2023-05-12
142,181,12,282,45,2024-06-07
143,292,29,266,140,2024-01-27
144,126,27,133,30,2023-08-09
145,132,16,,70,2023-03-15
146,346,11,697,29,2023-04-14
147,9,1,870,92,2023-09-30
148,271,22,362,125,2024-08-31
149,113,15,,109,2024-07-07
150,268,2,939,40,2024-07-17
151,4,22,815,118,2023-11-06
152,90,23,386,133,2023-05-05
153,140,33,511,95,2024-10-24
154,32,8,846,145,2024-07-15
155,294,25,451,57,2024-08-21
156,254,20,191,108,2023-07-02
157,143,17,327,110,2024-11-13
158,143,26,526,102,2024-02-26
159,137,8,590,55,2023-04-05
160,10,25,988,40,2024-10-04
161,142,13,212,80,2023-08-04
162,355,12,776,24,2023-12-30
163,360,18,903,115,2023-08-02
164,14,12,265,45,2023-08-21
165,209,2,287,132,2023-05-22
166,154,21,271,32,2024-12-02
167,57,22,749,79,2023-11-07
168,114,18,587,80,2024-02-10
169,158,19,946,134,2024-02-29
170,79,5,227,145,2023-09-03
171,214,30,246,114,2023-01-27
172,258,33,524,78,2024-05-07
173,6,21,730,28,2023-09-25
174,259,18,623,23,2023-07-29
175,156,35,56,128,2024-04-16
176,298,28,685,106,2023-03-22
177,41,9,983,21,2024-05-27
178,190,3,396,44,2023-05-02
179,359,5,243,123,2024-12-31
180,199,18,575,61,2024-07-16
181,195,9,984,130,2024-01-04
182,173,2,455,139,2023-06-02
183,207,28,104,77,2024-03-24
184,27,10,929,61,2023-12-22
185,4,27,703,20,2023-04-26
186,295,19,817,51,2024-08-17
187,234,15,467,48,2024-10-12
188,266,14,655,111,2023-01-26
189,313,4,-44,68,2024-01-24
190,38,1,487,90,2023-09-05
191,350,32,787,84,2024-07-17
192,270,15,314,58,2024-06-04
193,228,2,706,116,2023-01-04
194,218,6,13,122,2023-05-13
195,82,15,585,150,2023-12-16
196,138,22,568,27,2024-03-01
197,248,33,126,57,2024-07-20
198,333,28,697,95,2023-03-26
199,282,14,732,90,2024-05-31
200,357,1,917,31,2024-02-08
201,104,4,870,36,2023-11-06
202,335,21,156,51,2023-11-08
203,43,9,105,148,2024-09-29
204,185,5,458,73,2024-11-14
205,96,27,155,28,2023-11-26
206,17,31,864,104,2024-10-02
207,308,23,982,138,2023-11-18
208,101,11,531,104,2024-12-12
209,164,23,930,86,2023-05-24
210,51,16,,96,2023-02-21
211,100,9,545,116,2023-10-08
212,150,24,606,62,2024-04-14
213,243,17,501,52,2023-01-13
214,202,17,379,61,2024-05-08
215,71,19,242,45,2024-02-27
216,173,21,,117,2023-12-17
217,186,22,740,127,2023-05-31
218,329,20,3,99,2023-02-06
219,79,14,507,26,2024-01-30
220,305,24,316,137,2024-02-07
221,161,30,,149,2024-06-26
222,301,34,916,82,2023-02-04
223,309,33,97,68,2024-06-17
224,275,6,123,78,2024-03-27
225,160,15,745,107,2023-04-20
226,316,10,241,80,2024-12-02
227,129,20,484,26,2024-11-19
228,15,18,749,138,2023-04-01
229,353,23,171,85,2023-07-17
230,232,31,624,94,2024-12-01
231,302,4,679,135,2023-08-17
232,221,12,64,129,2024-02-12
233,335,7,144,102,2024-08-26
234,179,6,601,38,2023-10-16
235,330,3,750,71,2023-09-26
236,329,29,684,57,2023-05-12
237,160,29,663,70,2024-07-23
238,215,26,772,71,2024-05-25
239,197,2,180,57,2023-06-02
240,302,1,,119,2023-05-29
241,32,21,223,51,2024-09-25
242,223,13,351,142,2023-12-05
243,75,34,,90,2023-07-20
244,294,12,491,79,2023-12-05
245,10,12,245,123,2023-10-17
246,202,7,588,55,2024-09-22
247,41,16,649,113,2023-04-15
248,291,35,179,20,2024-01-09
249,318,26,112,122,2024-05-31
250,45,30,490,143,2024-06-05
251,119,14,82,78,2023-06-12
252,149,28,980,63,2024-03-28
253,73,15,273,51,2024-05-28
254,347,24,485,144,2024-12-17
255,309,4,272,123,2023-11-06
256,207,1,677,99,2024-04-05
257,353,17,144,114,2024-09-16
258,271,20,512,70,2023-02-19
259,336,24,635,55,2024-04-14
260,349,26,397,31,2023-07-21
261,292,35,159,126,2023-04-29
262,89,27,98,60,2023-10-23
263,310,23,,112,2023-11-30
264,218,4,680,29,2023-01-22
265,237,10,475,67,2024-06-08
266,143,4,265,125,2023-04-29
267,326,30,540,24,2023-09-29
268,29,31,697,111,2024-12-16
269,287,9,927,87,2024-06-22
270,41,30,585,125,2024-04-06
271,264,18,134,97,2024-05-11
272,250,8,543,100,2023-12-15
273,194,3,870,128,2023-06-26
274,9,29,,53,2023-10-02
275,5,6,294,121,2023-09-02
276,274,11,586,24,2024-05-08
277,137,6,,90,2024-11-07
278,335,30,396,60,2024-10-25
279,140,14,771,43,2023-04-17
280,137,12,767,136,2024-03-04
281,54,1,655,76,2024-09-29
282,158,11,583,130,2024-05-27
283,245,32,869,104,2024-05-26
284,274,6,996,49,2024-10-28
285,189,3,523,112,2024-09-19
286,251,13,902,47,2024-04-16
287,106,26,853,135,2023-01-02
288,108,9,664,44,2023-05-30
289,160,35,666,67,2023-11-15
290,201,13,966,67,2023-09-24
291,256,13,,137,2024-03-26
292,71,8,,118,2023-04-07
293,286,11,,37,2024-04-01
294,335,12,865,37,2023-06-22
295,268,1,547,126,2023-01-02
296,241,12,392,83,2023-11-14
297,152,20,106,101,2024-02-17
298,34,35,77,70,2024-06-05
299,292,7,338,145,2023-11-29
300,226,24,631,98,2024-01-25
301,328,23,718,99,2023-10-28
302,292,1,67,79,2023-07-03
303,289,28,875,95,2023-12-08
304,27,25,750,54,2024-01-19
305,252,15,220,64,2024-03-25
306,340,14,769,148,2024-08-15
307,55,25,503,62,2023-04-02
308,251,31,789,37,2023-10-11
309,263,35,944,133,2023-12-06
310,292,23,750,33,2023-05-23
311,60,29,377,150,2024-03-11
312,194,10,698,77,2023-04-18
313,215,24,431,103,2023-09-11
314,164,12,-19,45,2023-04-15
315,198,3,235,129,2024-08-01
316,266,24,963,75,2024-10-05
317,45,35,703,47,2024-05-19
318,278,10,69,40,2024-12-14
319,250,22,658,32,2024-03-21
320,198,29,482,144,2024-02-29
321,218,15,900,28,2024-03-11
322,279,9,50,21,2024-12-05
323,88,33,670,48,2024-09-01
324,81,24,882,143,2024-04-12
325,273,27,525,39,2024-06-30
326,211,32,400,52,2023-11-26
327,139,35,33,145,2023-03-16
328,9,7,589,146,2023-06-26
329,186,31,318,101,2024-06-12
330,214,2,115,41,2024-10-27
331,318,24,579,123,2024-12-16
332,168,7,608,144,2023-08-07
333,258,15,581,32,2023-03-28
334,120,24,-12,69,2023-12-29
335,259,3,884,142,2023-02-01
336,68,21,774,100,2024-05-09
337,283,19,495,117,2023-06-19
338,181,6,321,71,2023-12-02
339,69,24,748,32,2023-12-11
340,21,13,60,42,2023-04-19
341,342,33,762,51,2024-05-14
342,90,34,700,38,2023-01-17
343,203,23,766,25,2024-09-13
344,302,18,955,119,2023-03-01
345,85,29,,70,2023-05-31
346,105,17,740,66,2023-05-01
347,313,2,390,148,2024-10-16
348,84,22,692,121,2023-01-28
349,245,8,66,104,2024-11-07
350,282,2,189,22,2023-03-07
351,340,20,532,105,2024-10-06
352,298,25,770,146,2023-10-22
353,285,8,306,67,2023-02-11
354,155,3,756,67,2023-01-29
355,184,27,113,57,2023-02-21
356,7,7,697,41,2023-07-02
357,154,7,474,59,2024-11-20
358,253,15,955,92,2023-11-27
359,214,20,533,76,2024-12-13
360,341,9,427,94,2023-08-27
361,260,3,824,29,2024-12-24
362,166,28,487,29,2024-10-06
363,171,30,445,73,2024-10-31
364,162,26,961,130,2023-12-28
365,272,27,276,72,2023-10-19
366,241,13,793,114,2023-06-09
367,179,23,322,84,2024-07-17
368,182,25,555,80,2023-11-27
369,105,1,902,86,2024-01-26
370,274,10,768,28,2023-10-14
371,165,28,451,104,2023-06-23
372,22,20,487,102,2024-07-27
373,333,21,182,109,2024-12-06
374,115,22,857,88,2023-08-15
375,193,8,64,96,2024-11-18
376,360,22,617,108,2023-10-28
377,116,31,754,140,2023-04-16
378,122,26,643,61,2023-09-09
379,148,9,507,148,2023-01-13
380,127,18,746,43,2023-05-29
381,54,6,545,26,2023-02-12
382,97,2,206,35,2024-07-25
383,273,11,496,102,2023-08-20
384,9999,999,-10,106,2024-07-09
385,216,12,60,87,2024-01-11
386,27,15,600,51,2024-12-01
387,1,4,853,140,2024-07-19
388,190,12,619,132,2024-09-23
389,25,10,367,111,2023-02-04
390,213,22,297,51,2024-08-16
391,178,3,414,63,2023-12-25
392,234,33,903,27,2024-10-28
393,119,21,261,111,2023-01-10
394,38,23,28,134,2024-02-06
395,209,4,383,38,2023-03-29
396,2,13,683,45,2023-05-22
397,90,14,194,24,2023-02-14
398,337,31,645,138,2024-09-11
399,126,16,204,73,2023-01-08
400,147,19,427,70,2024-11-17
401,233,23,904,91,2023-11-04
402,8,7,862,99,2023-12-25
403,356,12,321,142,2024-12-10
404,117,28,224,39,2024-02-21
405,165,32,550,49,2024-10-19
406,245,3,456,47,2023-01-07
407,353,25,245,84,2024-12-14
408,120,13,813,103,2024-10-30
409,109,35,186,113,2023-04-28
410,267,10,477,33,2024-04-20
411,21,9,240,96,2023-03-12
412,277,16,957,133,2023-04-22
413,227,24,966,74,2023-04-03
414,326,24,188,92,2023-01-07
415,236,18,521,71,2023-11-25
416,194,19,860,57,2024-01-28
417,152,32,995,24,2023-09-23
418,296,32,803,55,2024-12-30
419,83,3,171,26,2023-07-25
420,314,10,852,41,2023-05-20
421,128,22,495,102,2024-07-11
422,140,25,19,48,2024-04-30
423,169,17,93,115,2024-02-20
424,237,12,905,23,2023-02-12
425,225,27,829,88,2023-08-20
426,296,23,34,138,2024-10-30
427,279,30,,63,2023-02-02
428,262,13,602,142,2024-06-22
429,135,5,904,76,2024-01-01
430,295,32,49,50,2023-06-12
431,9999,999,-18,125,2023-08-16
432,186,2,592,27,2023-08-30
433,335,23,132,128,2023-11-18
434,9,9,215,132,2024-11-01
435,288,32,892,95,2024-12-20
436,355,22,883,81,2024-12-10
437,297,34,292,47,2024-02-25
438,168,22,599,93,2023-11-22
439,295,30,155,50,2023-01-15
440,333,32,93,128,2024-03-29
441,179,33,811,20,2023-01-22
442,279,34,174,102,2024-10-15
443,119,25,736,116,2023-08-09
444,59,13,612,83,2023-10-19
445,195,22,742,141,2023-09-06
446,258,1,959,22,2024-01-07
447,266,19,2,126,2024-07-31
448,311,9,253,137,2023-05-04
449,152,19,571,54,2024-09-07
450,288,3,182,47,2023-04-03
451,30,28,82,77,2023-04-08
452,102,7,524,88,2024-01-01
453,228,23,643,133,2024-08-31
454,209,31,628,51,2023-02-12
455,276,29,327,125,2024-12-19
456,93,8,553,106,2024-09-27
457,179,17,584,52,2023-04-25
458,14,11,468,58,2023-05-12
459,106,10,,109,2024-11-06
460,249,32,163,87,2024-08-01
461,256,29,298,107,2023-06-30
462,77,21,861,64,2024-05-10
463,181,23,256,99,2024-06-28
464,185,35,198,119,2023-01-31
465,118,18,273,40,2024-06-20
466,25,5,518,41,2023-01-12
467,19,30,,133,2023-07-14
468,196,12,237,76,2023-04-23
469,177,2,863,102,2023-05-08
470,70,32,897,31,2023-11-29
471,105,3,412,106,2023-03-25
472,312,25,301,109,2023-06-05
473,203,2,342,94,2023-02-20
474,120,23,286,108,2024-01-01
475,234,31,380,41,2023-10-08
476,48,15,-49,139,2024-03-19
477,219,12,247,131,2024-11-11
478,174,20,924,31,2023-01-27
479,343,30,634,56,2023-10-18
480,358,7,-20,138,2024-10-10
481,314,13,109,89,2023-07-18
482,33,24,490,56,2024-06-14
483,327,9,545,27,2024-04-09
484,198,19,59,37,2023-11-15
485,104,13,684,79,2024-09-24
486,193,28,494,127,2024-06-09
487,57,21,742,56,2023-08-23
488,139,13,965,74,2023-04-22
489,25,31,368,22,2023-04-12
490,196,33,764,113,2024-10-05
491,253,32,813,97,2023-06-14
492,6,19,91,120,2024-09-24
493,276,4,368,121,2023-04-06
494,302,12,534,37,2024-08-25
495,296,24,44,93,2023-11-03
496,299,29,263,147,2023-04-02
497,271,5,367,96,2023-05-14
498,107,12,252,99,2023-06-30
499,123,34,-21,126,2024-09-28
500,83,31,948,77,2023-04-13
501,143,27,365,88,2023-11-05
502,161,11,183,95,2024-10-27
503,112,11,820,32,2024-09-29
504,290,6,531,79,2024-03-27
505,297,3,246,137,2023-05-10
506,239,8,116,68,2023-08-15
507,94,27,986,61,2023-08-27
508,65,6,591,50,2023-02-12
509,93,8,-4,89,2023-02-21
510,263,25,667,49,2024-10-28
511,24,29,325,70,2024-12-29
512,255,7,521,108,2023-08-12
513,17,32,502,88,2024-01-31
514,252,29,943,74,2024-11-07
515,228,14,513,29,2023-01-29
516,302,35,831,119,2023-03-26
517,335,32,404,33,2024-09-28
518,175,7,516,98,2024-09-09
519,271,23,571,70,2024-02-08
520,92,16,938,30,2024-03-17
521,111,12,,100,2024-02-04
522,142,2,668,34,2023-09-26
523,318,31,178,139,2023-10-14
524,261,12,907,129,2023-07-07
525,196,27,809,46,2024-10-05
526,268,5,458,24,2023-07-20
527,59,12,380,139,2024-01-31
528,171,6,175,31,2023-05-26
529,162,28,180,95,2023-02-28
530,353,20,110,43,2023-09-10
531,128,1,216,53,2024-12-04
532,294,17,726,30,2024-11-24
533,133,14,159,145,2023-07-29
534,54,18,424,72,2023-10-29
535,274,15,69,146,2024-05-25
536,11,23,139,54,2024-10-20
537,160,13,202,106,2023-09-29
538,253,19,225,112,2023-01-20
539,14,30,230,143,2024-04-15
540,175,23,197,128,2024-11-28
541,9999,999,-43,42,2024-04-08
542,29,1,67,128,2023-09-22
543,58,12,354,64,2024-06-13
544,84,18,447,88,2023-08-22
545,341,12,75,43,2023-09-07
546,131,5,296,145,2023-06-10
547,347,29,-3,79,2024-12-04
548,290,27,60,102,2024-10-04
549,9,5,625,69,2024-11-21
550,91,35,699,55,2024-09-15
551,106,10,718,81,2024-02-08
552,47,15,898,108,2024-05-08
553,253,24,223,74,2023-07-10
554,122,35,954,38,2024-02-22
555,227,20,226,129,2023-04-19
556,9999,999,-19,59,2024-08-15
557,86,29,49,80,2024-07-05
558,275,11,178,25,2023-02-08
559,197,15,770,57,2023-05-19
560,287,5,371,112,2023-09-28
561,75,25,454,58,2023-02-27
562,347,24,458,110,2023-01-28
563,323,34,825,94,2023-04-28
564,128,18,454,89,2023-11-02
565,190,20,588,97,2024-11-18
566,182,14,689,58,2024-06-19
567,267,16,555,144,2024-01-14
568,153,19,728,110,2023-07-24
569,297,30,756,81,2024-04-11
570,42,22,38,125,2024-03-28
571,277,10,234,92,2024-04-01
572,214,28,4,89,2024-01-08
573,238,27,-15,37,2023-12-21
574,81,5,422,35,2023-12-12
575,319,24,433,84,2023-08-02
576,116,1,640,43,2024-02-02
577,256,3,-12,64,2023-03-18
578,268,16,652,58,2023-05-16
579,199,14,-6,48,2023-01-20
580,131,21,230,22,2023-12-10
581,338,12,380,87,2024-11-02
582,111,24,953,108,2023-08-26
583,196,9,797,56,2024-04-03
584,1,18,558,127,2023-10-17
585,44,10,590,24,2024-10-08
586,138,26,561,38,2024-05-30
587,353,5,376,25,2024-04-06
588,255,13,667,141,2023-06-12
589,24,15,59,134,2024-09-18
590,294,32,199,115,2023-12-20
591,211,25,766,65,2023-01-05
592,160,32,132,48,2024-10-03
593,29,19,296,79,2024-07-06
594,352,21,698,85,2024-01-24
595,216,12,486,100,2024-06-14
596,85,21,826,94,2023-02-26
597,114,2,833,121,2024-12-03
598,178,26,84,98,2024-02-19
599,104,32,448,61,2023-11-02
600,140,10,749,83,2023-02-17
601,275,8,560,142,2023-07-07
602,236,16,313,56,2023-10-06
603,167,25,532,63,2024-11-30
604,51,9,450,37,2023-04-13
605,70,22,124,43,2024-08-24
606,121,4,695,110,2023-03-15
607,354,17,839,136,2023-07-18
608,5,29,832,109,2024-09-13
609,61,23,914,40,2024-11-03
610,177,30,988,70,2024-09-01
611,157,19,139,101,2024-04-25
612,310,19,524,75,2024-09-01
613,40,6,431,123,2024-03-12
614,262,15,781,141,2024-07-04
615,300,23,381,76,2023-10-06
616,92,5,149,35,2024-01-09
617,120,23,197,72,2023-03-22
618,296,29,401,27,2023-08-25
619,348,3,146,90,2024-03-05
620,84,29,610,36,2024-03-07
621,201,9,69,106,2023-03-05
622,231,13,779,28,2023-09-20
623,68,18,444,120,2023-07-29
624,217,23,830,51,2024-08-12
625,132,25,,58,2024-10-21
626,97,2,111,24,2023-08-04
627,356,33,6,150,2023-05-08
628,175,23,751,123,2023-03-14
629,21,13,551,133,2023-12-25
630,192,17,706,84,2023-01-01
631,92,1,642,129,2024-05-19
632,250,28,614,59,2023-06-29
633,177,31,706,22,2024-05-06
634,176,28,939,116,2023-04-29
635,176,34,532,50,2023-01-09
636,193,28,368,89,2024-02-21
637,37,14,241,108,2023-05-04
638,102,32,166,56,2023-11-06
639,260,11,45,135,2023-11-29
640,205,16,823,69,2024-04-12
641,124,7,633,141,2024-04-12
642,57,12,314,100,2023-02-23
643,138,13,450,133,2023-03-20
644,90,12,644,83,2023-01-12
645,268,9,986,63,2023-09-10
646,64,26,361,124,2024-04-09
647,261,27,728,89,2024-06-25
648,310,20,760,44,2024-12-30
649,340,16,544,22,2023-04-24
650,161,21,266,108,2023-07-20
651,198,10,959,85,2024-09-06
652,80,6,260,70,2024-02-02
653,221,29,524,135,2024-07-03
654,324,27,765,149,2023-09-27
655,111,8,145,24,2024-01-20
656,169,21,812,64,2023-11-08
657,344,20,530,146,2024-05-10
658,182,21,989,56,2024-12-27
659,283,33,21,84,2023-11-24
660,71,22,639,79,2024-07-16
661,224,21,774,150,2023-04-18
662,266,13,32,96,2024-05-10
663,112,15,142,139,2024-03-17
664,257,9,147,68,2024-01-17
665,307,31,,31,2024-12-31
666,183,33,503,139,2023-07-27
667,152,16,656,31,2024-08-10
668,172,29,9,142,2024-06-17
669,296,33,358,89,2024-11-15
670,302,30,771,112,2023-06-09
671,192,5,339,72,2023-11-02
672,111,20,504,124,2023-01-30
673,62,11,321,92,2023-09-23
674,271,32,102,128,2024-07-19
675,211,8,719,128,2023-09-01
676,217,3,144,95,2024-07-26
677,185,30,603,84,2024-07-16
678,26,26,582,29,2023-03-31
679,297,10,337,135,2024-11-27
680,123,5,352,58,2024-05-09
681,295,23,899,120,2023-08-19
682,327,24,607,113,2023-05-28
683,60,9,196,49,2023-02-21
684,208,2,348,81,2024-02-22
685,330,14,982,29,2023-04-01
686,232,25,615,133,2024-05-18
687,339,19,987,72,2024-04-24
688,7,16,290,28,2024-04-16
689,300,11,979,106,2023-05-01
690,228,8,121,52,2024-02-27
691,40,34,852,80,2023-10-27
692,199,8,563,88,2024-01-19
693,65,20,527,43,2024-10-31
694,276,1,801,61,2024-03-28
695,281,18,710,125,2024-06-21
696,219,32,44,101,2024-09-24
697,236,8,964,54,2023-06-17
698,114,19,545,122,2023-09-04
699,43,9,359,93,2024-03-27
700,39,30,809,100,2024-07-22
701,122,21,834,125,2024-12-11
702,119,31,429,113,2024-06-28
703,331,28,206,42,2023-05-23
704,172,13,522,31,2023-11-24
705,145,27,325,20,2023-08-04
706,180,19,309,148,2023-04-21
707,347,12,147,119,2024-10-29
708,211,19,970,48,2024-05-11
709,1,17,500,25,2024-08-17
710,190,22,389,64,2024-07-23
711,146,6,,107,2023-10-08
712,342,24,924,140,2024-09-23
713,211,23,246,150,2024-11-07
714,171,3,118,29,2024-09-23
715,190,21,-50,81,2024-11-27
716,275,21,965,120,2023-06-11
717,186,26,873,46,2024-05-21
718,216,8,321,77,2024-08-16
719,55,19,794,79,2023-09-19
720,245,26,29,144,2023-01-03
721,52,9,200,136,2024-08-22
722,336,12,432,52,2023-11-11
723,265,7,565,52,2023-07-06
724,342,20,,150,2023-04-04
725,187,9,697,114,2024-08-31
726,81,33,780,68,2024-11-25
727,136,34,818,115,2024-09-10
728,20,5,88,122,2024-11-22
729,254,1,994,85,2024-12-23
730,296,17,189,119,2023-02-24
731,27,22,,47,2023-06-02
732,73,28,637,61,2024-01-24
733,67,2,577,22,2024-04-28
734,265,15,981,59,2024-06-23
735,250,22,147,98,2023-05-07
736,344,9,772,120,2023-04-07
737,132,25,576,71,2023-12-28
738,26,15,882,148,2024-06-29
739,35,1,636,149,2023-11-04
740,321,18,347,64,2024-03-02
741,232,34,616,53,2024-09-04
742,197,31,6,136,2023-05-26
743,210,21,75,150,2023-05-18
744,176,19,730,148,2023-10-04
745,63,8,701,147,2023-11-11
746,322,23,881,119,2023-09-26
747,327,6,477,20,2023-02-27
748,16,13,634,88,2024-03-19
749,189,12,90,84,2023-12-15
750,232,12,176,37,2023-08-23
751,180,16,981,130,2024-01-28
752,91,15,93,53,2024-05-25
753,60,30,517,137,2023-05-06
754,258,24,481,91,2023-02-05
755,246,27,688,79,2024-09-30
756,201,5,394,59,2024-01-01
757,79,12,788,46,2024-10-25
758,68,16,91,127,2023-12-19
759,167,5,166,65,2024-12-30
760,336,11,459,54,2023-01-04
761,147,1,585,57,2024-07-09
762,250,11,973,144,2023-01-19
763,85,34,552,107,2024-09-21
764,302,12,227,55,2023-03-11
765,158,27,144,124,2023-07-03
766,226,14,590,37,2023-07-29
767,337,24,292,75,2023-03-23
768,331,23,,42,2023-11-15
769,148,8,,97,2023-11-14
770,28,12,89,120,2024-03-10
771,35,6,665,110,2024-02-19
772,213,32,152,130,2023-03-02
773,60,19,520,134,2024-01-13
774,293,24,222,71,2024-12-16
775,122,15,168,118,2024-08-17
776,229,10,613,98,2023-01-13
777,118,21,50,123,2024-09-30
778,313,10,-39,94,2023-01-04
779,69,8,299,68,2023-02-08
780,244,27,289,96,2023-06-10
781,120,12,874,89,2023-01-26
782,256,7,89,141,2024-02-23
783,332,9,231,104,2023-10-22
784,98,3,280,103,2024-07-31
785,41,34,723,24,2023-02-19
786,98,24,434,44,2024-07-14
787,206,1,662,109,2023-10-31
788,81,7,713,143,2024-04-06
789,97,23,728,123,2024-09-16
790,205,28,266,124,2023-04-16
791,249,31,111,139,2024-06-30
792,233,33,901,53,2023-04-19
793,128,13,,64,2023-06-17
794,187,5,-3,108,2023-02-14
795,20,26,822,21,2023-07-05
796,244,16,268,106,2023-12-31
797,257,32,447,129,2023-03-02
798,67,33,7,59,2023-10-12
799,107,5,260,71,2024-05-19
800,155,6,904,21,2024-06-02
801,71,5,852,87,2024-11-05
802,52,20,201,143,2024-02-14
803,287,7,526,109,2024-04-29
804,244,12,740,80,2024-02-16
805,248,30,182,24,2023-05-26
806,33,31,893,80,2023-11-21
807,246,7,,134,2023-08-12
808,344,10,803,117,2023-12-30
809,288,18,602,119,2023-10-10
810,269,23,913,102,2024-09-16
811,200,30,649,120,2024-12-26
812,269,14,242,116,2024-04-04
813,153,23,0,75,2023-07-26
814,9999,999,-10,101,2023-01-15
815,89,16,392,66,2024-03-23
816,97,9,931,108,2024-08-25
817,2,22,253,34,2024-12-23
818,9999,999,,32,2024-08-23
819,171,34,923,148,2023-09-12
820,173,20,331,32,2023-11-10
821,47,2,351,46,2024-01-05
822,141,17,298,54,2024-08-10
823,290,29,660,70,2023-12-04
824,324,11,863,31,2024-02-25
825,85,25,923,93,2023-04-02
826,90,35,866,68,2024-07-30
827,250,17,197,137,2024-07-02
828,279,23,581,48,2024-05-06
829,349,20,345,115,2024-04-01
830,54,2,,66,2023-10-26
831,302,13,392,42,2024-06-21
832,84,17,810,109,2023-11-25
833,113,12,304,68,2023-10-15
834,65,10,287,113,2024-08-22
835,101,35,815,133,2024-02-22
836,85,26,1,80,2023-04-27
837,250,13,910,85,2023-07-14
838,200,28,126,70,2023-10-23
839,240,15,188,110,2024-08-11
840,218,30,386,65,2024-04-10
841,9999,999,-43,133,2024-01-15
842,87,10,509,95,2024-02-03
843,179,13,669,126,2023-08-28
844,310,9,55,54,2023-08-24
845,17,6,-50,109,2024-12-07
846,127,6,816,61,2023-03-08
847,227,28,808,55,2023-12-10
848,150,22,966,80,2023-09-17
849,146,33,68,139,2024-04-07
850,140,16,416,120,2024-03-09
851,179,12,57,26,2023-10-28
852,351,17,857,49,2023-10-15
853,22,1,336,29,2023-02-24
854,51,4,840,80,2024-06-18
855,46,28,30,149,2023-12-03
856,273,30,125,141,2023-10-27
857,109,21,665,118,2023-11-29
858,257,26,774,84,2024-04-22
859,155,1,311,77,2024-04-09
860,179,13,844,108,2024-02-16
861,169,20,953,58,2023-03-11
862,46,33,86,61,2024-05-23
863,291,29,904,119,2024-08-15
864,223,7,534,125,2024-09-06
865,336,21,263,133,2024-06-02
866,246,9,341,69,2023-08-19
867,326,35,430,150,2023-08-24
868,84,24,542,72,2024-03-31
869,343,17,388,111,2024-02-06
870,245,24,881,69,2024-10-06
871,329,23,872,82,2024-07-07
872,113,17,,62,2024-01-20
873,241,28,819,70,2023-04-03
874,46,22,529,24,2023-08-01
875,31,29,914,88,2023-04-01
876,241,25,124,143,2023-12-17
877,301,7,643,121,2023-07-28
878,59,35,820,126,2024-03-10
879,18,1,2,120,2023-01-25
880,60,11,917,118,2023-09-11
881,332,14,898,123,2023-09-27
882,168,19,107,118,2024-08-06
883,269,9,521,60,2024-09-02
884,32,35,651,109,2024-07-23
885,331,14,325,89,2023-03-16
886,137,19,245,22,2024-03-03
887,117,11,841,77,2023-11-05
888,212,8,-30,79,2024-07-21
889,127,25,997,141,2024-11-23
890,182,29,103,118,2023-11-06
891,117,27,,31,2024-04-24
892,97,15,604,49,2024-10-18
893,349,2,828,57,2024-03-30
894,102,34,500,124,2024-08-26
895,322,23,420,31,2024-07-26
896,77,31,507,74,2023-08-22
897,94,24,260,84,2023-11-01
898,355,34,597,34,2024-06-13
899,70,3,654,68,2024-05-16
900,74,25,366,85,2023-05-06
901,305,6,376,120,2023-08-12
902,29,32,269,84,2024-02-05
903,13,3,640,109,2023-09-19
904,256,30,856,74,2023-02-27
905,189,20,674,118,2024-11-14
906,217,19,608,99,2023-05-08
907,148,16,617,21,2023-11-03
908,287,14,306,140,2023-08-28
909,149,8,449,49,2023-02-13
910,236,29,894,79,2024-02-20
911,66,29,257,147,2023-08-25
912,250,17,368,117,2024-07-24
913,194,11,145,108,2024-04-20
914,187,12,657,137,2023-10-19
915,346,23,881,111,2023-05-13
916,132,35,76,31,2023-09-19
917,342,19,264,47,2023-06-21
918,165,14,836,76,2024-10-19
919,241,4,565,76,2023-07-05
920,185,23,788,65,2024-04-19
921,21,26,278,128,2024-02-14
922,132,26,272,120,2024-08-31
923,19,29,413,123,2024-07-24
924,227,18,531,108,2024-09-27
925,14,13,,42,2023-06-19
926,211,5,321,81,2023-07-28
927,288,12,678,103,2024-04-25
928,260,35,479,98,2023-10-24
929,261,22,194,64,2024-04-28
930,108,2,393,37,2023-09-18
931,123,14,191,75,2024-11-23
932,112,7,548,85,2023-02-12
933,5,27,818,99,2023-11-12
934,306,12,641,68,2024-03-29
935,239,14,85,120,2024-08-27
936,170,29,1000,89,2024-07-29
937,322,20,579,123,2023-04-02
938,351,35,256,150,2024-03-20
939,162,8,20,150,2023-03-31
940,339,24,311,99,2023-08-01
941,123,22,178,96,2023-12-17
942,91,19,371,102,2024-04-22
943,192,10,129,73,2023-04-04
944,171,16,120,36,2024-03-17
945,341,28,701,111,2024-05-25
946,9999,999,-31,33,2024-05-22
947,221,32,767,55,2024-08-27
948,289,15,789,30,2023-11-25
949,109,7,757,123,2023-08-29
950,142,33,184,38,2024-03-01
951,65,1,690,21,2024-01-15
952,223,4,,105,2023-06-01
953,358,12,473,82,2023-03-12
954,57,21,658,38,2024-12-04
955,219,7,943,45,2023-08-31
956,6,15,282,101,2024-03-23
957,5,9,899,107,2024-11-26
958,185,12,-31,147,2024-11-09
959,45,2,475,30,2024-05-27
960,80,33,9,144,2023-12-07
961,155,14,113,135,2023-08-22
962,191,19,264,25,2023-07-16
963,268,18,214,34,2024-08-17
964,209,24,360,109,2023-08-12
965,298,24,988,32,2023-08-24
966,148,20,817,67,2023-02-17
967,9,7,535,97,2024-11-05
968,9999,999,-48,129,2023-09-22
969,351,19,824,39,2023-09-07
970,211,29,595,47,2024-04-09
971,132,8,273,119,2024-05-30
972,229,9,42,95,2024-04-27
973,184,30,273,48,2024-07-18
974,101,35,64,30,2024-11-12
975,353,22,597,92,2023-05-26
976,91,12,25,145,2023-11-10
977,76,33,152,69,2024-12-02
978,340,20,413,56,2023-07-10
979,280,19,102,77,2023-05-17
980,181,26,973,110,2024-10-07
981,32,4,,117,2024-08-26
982,275,28,963,132,2023-07-25
983,262,27,557,53,2023-12-03
984,171,16,977,146,2024-02-20
985,154,6,973,40,2023-06-10
986,316,11,377,130,2024-04-22
987,347,14,621,73,2024-12-01
988,200,28,461,129,2024-04-16
989,323,3,16,141,2023-03-11
990,190,11,151,89,2024-06-27
991,315,10,815,116,2024-10-10
992,105,8,562,83,2023-11-30
993,110,1,290,56,2024-07-31
994,134,13,883,132,2023-01-31
995,90,1,886,26,2023-09-27
996,90,11,695,87,2024-09-27
997,41,30,,66,2023-03-19
998,337,13,188,116,2023-02-16
999,253,20,258,66,2024-05-20
1000,276,20,50,104,2024-12-17
1001,256,15,728,47,2024-08-20
1002,183,9,944,100,2024-02-22
1003,9999,999,-30,126,2023-04-28
1004,4,9,398,102,2023-09-15
1005,317,15,683,40,2023-03-01
1006,118,6,642,60,2023-04-19
1007,194,3,177,58,2024-03-28
1008,170,11,657,129,2024-06-16
1009,43,6,749,108,2023-10-21
1010,128,19,329,133,2024-09-18
1011,107,29,282,143,2023-01-25
1012,206,6,826,133,2024-10-20
1013,129,13,194,65,2023-01-07
1014,313,5,79,44,2024-02-11
1015,160,3,,132,2023-01-31
1016,298,30,695,27,2024-12-30
1017,200,11,180,47,2024-10-02
1018,256,25,201,39,2023-09-01
1019,37,23,886,58,2023-09-07
1020,245,22,301,30,2023-11-19
1021,177,2,102,73,2024-08-21
1022,157,28,393,42,2024-04-18
1023,358,32,680,36,2024-10-08
1024,278,16,267,123,2023-09-16
1025,88,34,163,28,2023-12-29
1026,122,19,280,124,2023-01-07
1027,64,24,817,104,2023-05-02
1028,322,21,385,113,2023-02-12
1029,74,1,290,79,2024-02-03
1030,125,33,655,130,2024-09-04
1031,159,12,705,87,2024-06-03
1032,177,24,221,128,2023-04-17
1033,30,5,607,56,2024-10-15
1034,83,32,649,112,2024-02-14
1035,138,22,691,105,2024-07-26
1036,336,33,956,44,2023-08-21
1037,69,35,28,141,2024-06-16
1038,8,31,361,46,2023-07-01
1039,274,34,605,51,2023-08-20
1040,88,18,277,143,2023-01-20
1041,203,34,365,137,2024-01-19
1042,79,33,549,121,2024-02-15
1043,298,30,212,150,2024-07-30
1044,111,8,1,61,2023-01-03
1045,110,25,129,50,2023-11-24
1046,69,35,996,56,2024-07-15
1047,236,30,841,81,2023-05-19
1048,21,15,598,71,2023-06-12
1049,100,34,353,87,2023-05-06
1050,306,29,172,66,2023-12-11
1051,314,31,432,124,2023-10-17
1052,239,29,899,32,2023-12-04
1053,217,2,855,46,2023-11-23
1054,271,8,741,23,2024-08-13
1055,7,13,982,131,2024-06-28
1056,24,34,498,108,2023-07-04
1057,203,26,474,78,2024-10-06
1058,287,27,620,85,2023-01-02
1059,324,1,592,69,2023-05-16
1060,252,11,138,108,2024-08-09
1061,81,20,745,54,2024-04-22
1062,87,33,346,81,2024-10-21
1063,16,9,168,148,2023-10-14
1064,112,25,775,21,2023-04-23
1065,99,18,364,81,2024-03-13
1066,135,4,612,144,2024-05-29
1067,267,2,432,35,2023-09-24
1068,18,10,405,81,2023-01-20
1069,193,1,222,58,2023-10-10
1070,144,16,193,55,2023-07-03
1071,316,6,78,74,2023-09-24
1072,35,28,977,120,2024-03-19
1073,310,8,911,115,2024-07-21
1074,268,14,7,105,2023-09-26
1075,172,8,746,127,2023-07-16
1076,331,3,270,27,2023-11-04
1077,174,23,61,27,2024-02-10
1078,292,25,407,90,2024-09-21
1079,268,30,75,85,2024-06-22
1080,138,29,717,103,2024-10-08
1081,35,23,648,100,2023-09-28
1082,172,22,125,78,2023-01-27
1083,105,10,876,141,2024-04-21
1084,88,10,728,85,2023-09-28
1085,23,25,981,145,2024-01-31
1086,1,34,84,134,2024-01-10
1087,171,10,799,137,2024-11-14
1088,110,32,,74,2024-12-05
1089,254,25,843,142,2023-11-26
1090,242,23,585,59,2023-12-30
1091,332,33,476,74,2023-06-29
1092,156,4,828,64,2023-06-13
1093,83,33,325,30,2024-09-22
1094,110,33,115,57,2023-11-14
1095,251,19,629,140,2024-06-13
1096,284,4,,91,2023-10-13
1097,229,30,110,120,2023-04-27
1098,283,16,780,131,2023-06-23
1099,273,23,36,76,2024-02-23
1100,76,1,546,71,2023-07-11
1101,104,22,189,79,2023-08-08
1102,130,7,480,33,2024-12-08
1103,352,9,974,107,2023-02-05
1104,138,6,342,66,2024-11-28
1105,145,5,935,42,2023-10-14
1106,39,12,385,127,2023-01-28
1107,20,28,561,32,2024-04-07
1108,335,1,530,149,2023-09-06
1109,127,19,-4,35,2023-06-14
1110,147,14,465,22,2023-04-03
1111,173,10,518,61,2023-11-13
1112,275,21,298,36,2023-07-23
1113,121,9,-19,118,2024-11-20
1114,150,10,791,70,2023-04-28
1115,187,19,-42,51,2024-10-25
1116,100,29,,138,2024-08-13
1117,103,26,579,135,2024-11-24
1118,241,28,505,130,2024-02-16
1119,1,32,129,119,2024-07-14
1120,62,30,495,97,2023-10-04
1121,293,5,552,116,2023-12-06
1122,160,32,576,118,2023-03-21
1123,96,7,217,63,2024-05-13
1124,53,21,660,130,2023-08-28
1125,338,28,71,125,2023-10-14
1126,189,35,224,147,2024-01-26
1127,153,19,252,76,2024-05-08
1128,79,25,578,148,2024-06-01
1129,180,18,112,20,2023-07-21
1130,144,6,231,71,2023-05-04
1131,8,28,460,112,2024-08-01
1132,264,23,182,114,2023-06-06
1133,25,2,485,30,2024-03-19
1134,291,12,304,110,2023-10-17
1135,293,22,684,85,2024-07-14
1136,347,26,616,140,2024-05-29
1137,343,31,626,78,2023-02-28
1138,131,4,396,78,2023-09-17
1139,67,28,206,150,2024-10-12
1140,149,24,754,80,2023-06-02
1141,202,11,785,149,2023-08-12
1142,112,23,979,146,2024-03-12
1143,191,9,442,125,2024-04-24
1144,44,16,328,49,2023-08-27
1145,80,7,357,135,2023-04-25
1146,28,4,192,112,2024-04-15
1147,213,19,500,128,2024-01-26
1148,333,14,223,56,2023-09-22
1149,237,17,-26,39,2024-02-02
1150,34,29,808,69,2023-03-24
1151,7,31,194,66,2024-03-23
1152,88,1,851,106,2024-08-25
1153,38,22,145,122,2023-08-18
1154,129,21,332,52,2023-05-23
1155,123,28,,45,2023-05-30
1156,43,25,,30,2023-08-15
1157,189,6,281,129,2023-06-18
1158,98,1,998,100,2023-07-03
1159,59,19,131,73,2023-08-22
1160,91,15,81,95,2023-01-16
1161,205,19,570,92,2023-10-10
1162,324,26,337,81,2023-10-14
1163,242,23,74,112,2024-04-20
1164,229,28,95,88,2023-02-06
1165,229,12,907,59,2024-03-05
1166,25,12,9,78,2024-03-14
1167,42,12,798,31,2024-08-13
1168,37,2,674,131,2023-10-10
1169,35,2,53,123,2024-06-05
1170,221,28,882,41,2024-10-03
1171,16,25,672,31,2023-09-09
1172,214,14,,103,2023-03-25
1173,4,35,101,116,2023-05-31
1174,332,27,108,101,2023-01-11
1175,61,35,94,33,2024-03-18
1176,309,19,17,122,2023-01-29
1177,330,1,575,21,2024-03-12
1178,38,32,287,109,2023-09-03
1179,163,4,700,148,2024-11-09
1180,101,30,511,36,2023-01-31
1181,73,13,651,125,2024-01-28
1182,251,14,812,85,2023-05-04
1183,241,18,788,66,2023-09-09
1184,224,23,914,36,2023-08-11
1185,341,20,774,25,2024-04-03
1186,227,16,76,95,2024-05-27
1187,286,6,694,90,2024-07-19
1188,213,24,412,87,2023-11-09
1189,202,30,590,68,2023-04-04
1190,60,24,533,111,2024-04-05
1191,123,12,631,111,2024-01-21
1192,74,10,121,131,2024-09-02
1193,280,24,803,85,2024-03-20
1194,274,10,375,110,2024-11-15
1195,283,27,276,70,2024-01-19
1196,283,17,236,142,2023-07-19
1197,141,8,666,86,2023-10-10
1198,161,22,148,82,2023-11-07
1199,271,10,126,138,2024-05-09
1200,347,14,150,122,2024-02-17
1201,240,32,557,115,2024-12-26
1202,179,2,325,131,2023-08-31
1203,348,7,269,47,2024-04-19
1204,214,33,298,88,2024-04-01
1205,6,27,622,96,2024-09-15
1206,318,6,340,64,2024-04-25
1207,323,35,584,100,2024-04-13
1208,189,5,151,136,2023-12-29
1209,286,16,875,40,2023-04-11
1210,65,5,399,123,2024-05-21
1211,9,8,964,142,2024-10-18
1212,9999,999,-8,22,2024-03-18
1213,16,3,252,119,2023-02-18
1214,217,26,827,109,2023-04-05
1215,73,11,990,119,2024-09-22
1216,146,15,285,140,2023-07-23
1217,107,10,575,36,2024-01-01
1218,108,13,581,122,2024-08-05
1219,17,19,751,127,2024-08-03
1220,122,9,818,27,2024-06-23
1221,343,1,243,46,2024-05-17
1222,114,20,841,121,2024-03-06
1223,329,18,94,20,2023-01-11
1224,50,14,405,117,2023-04-27
1225,1,20,630,136,2023-11-25
1226,86,34,269,29,2023-12-21
1227,175,23,-1,146,2023-09-04
1228,113,29,488,109,2024-12-02
1229,83,18,890,24,2023-12-27
1230,113,10,322,74,2024-02-13
1231,58,29,11,98,2024-10-24
1232,70,34,439,114,2024-12-15
1233,118,13,174,40,2024-05-07
1234,98,29,353,48,2023-06-23
1235,145,33,552,103,2023-04-06
1236,283,5,584,46,2024-10-20
1237,207,23,359,31,2023-04-17
1238,284,4,647,69,2023-10-20
1239,292,16,128,87,2024-11-25
1240,102,2,910,136,2023-04-15
1241,298,22,249,36,2024-07-10
1242,10,30,856,100,2023-01-29
1243,250,1,423,52,2024-07-16
1244,64,25,660,26,2023-11-18
1245,328,28,980,109,2024-10-14
1246,140,13,775,122,2023-02-03
1247,151,2,108,45,2024-11-20
1248,20,5,177,47,2023-01-12
1249,311,29,377,89,2023-11-22
1250,298,11,781,147,2023-08-07
1251,298,13,547,65,2023-10-19
1252,101,7,,87,2023-12-16
1253,200,23,824,121,2023-02-18
1254,140,34,592,36,2023-08-30
1255,72,21,708,134,2024-06-30
1256,25,1,922,40,2024-06-28
1257,280,25,866,99,2024-11-01
1258,213,27,343,63,2023-04-17
1259,350,8,674,26,2024-06-12
1260,267,8,292,115,2024-11-17
1261,268,16,791,58,2023-04-11
1262,360,9,890,51,2023-11-27
1263,277,8,384,98,2023-10-21
1264,323,7,316,113,2023-07-06
1265,61,2,182,90,2023-12-12
1266,81,19,980,70,2024-12-20
1267,279,6,933,47,2023-03-18
1268,8,21,157,85,2023-11-24
1269,73,34,62,131,2024-03-28
1270,85,11,,25,2024-06-01
1271,29,8,3,92,2023-01-26
1272,260,19,814,69,2024-06-23
1273,227,33,386,60,2024-01-13
1274,41,25,477,121,2023-08-27
1275,1,19,370,73,2024-09-29
1276,80,16,818,110,2024-07-16
1277,273,3,92,63,2024-09-07
1278,332,24,985,144,2023-05-03
1279,347,23,411,104,2023-07-02
1280,321,5,810,46,2023-08-11
1281,89,34,270,108,2023-06-28
1282,94,2,85,89,2023-02-17
1283,235,12,162,32,2024-11-26
1284,196,5,,105,2023-12-04
1285,336,32,250,77,2024-11-04
1286,104,15,193,105,2023-01-15
1287,255,11,783,92,2024-08-13
1288,228,17,287,109,2024-01-14
1289,26,3,113,80,2023-08-27
1290,17,1,732,23,2024-04-06
1291,269,6,145,74,2024-10-02
1292,352,5,314,80,2024-06-04
1293,192,22,613,106,2024-09-14
1294,74,3,,98,2024-11-01
1295,29,29,189,119,2024-11-07
1296,156,7,239,58,2023-11-26
1297,9999,999,,30,2023-06-27
1298,56,31,56,30,2023-10-12
1299,266,24,779,116,2023-10-22
1300,216,20,158,39,2024-08-26
1301,246,6,574,92,2023-02-01
1302,48,4,507,79,2023-01-29
1303,236,18,833,84,2024-12-14
1304,79,13,306,134,2024-10-29
1305,221,11,464,115,2024-12-27
1306,185,7,532,97,2023-02-12
1307,271,23,956,68,2023-07-05
1308,68,4,843,90,2023-11-25
1309,60,35,609,61,2023-06-17
1310,46,31,440,148,2023-11-02
1311,349,20,351,99,2023-03-01
1312,212,10,713,141,2023-12-29
1313,356,33,941,36,2024-10-30
1314,314,9,182,125,2024-08-01
1315,139,34,182,116,2023-04-03
1316,38,34,836,120,2024-06-25
1317,173,20,215,106,2024-10-03
1318,329,21,902,98,2024-12-19
1319,38,3,895,30,2024-01-22
1320,140,10,946,22,2024-12-25
1321,22,8,234,124,2024-04-15
1322,282,15,763,150,2024-07-06
1323,128,17,926,51,2023-03-03
1324,100,20,169,116,2024-10-28
1325,316,9,532,73,2024-09-01
1326,66,30,850,137,2023-08-20
1327,357,10,936,116,2023-06-13
1328,344,26,169,124,2023-01-08
1329,271,28,716,131,2024-08-19
1330,42,29,511,128,2024-12-19
1331,108,28,780,107,2023-12-23
1332,216,10,180,33,2023-09-23
1333,101,16,156,41,2024-03-03
1334,168,3,567,137,2023-07-27
1335,212,29,510,134,2023-04-29
1336,206,2,627,67,2024-02-18
1337,299,29,612,44,2024-11-17
1338,272,26,356,28,2024-09-24
1339,126,2,-23,50,2023-02-27
1340,262,7,861,63,2024-03-16
1341,9999,999,-32,107,2024-08-05
1342,276,15,655,24,2023-12-01
1343,10,29,400,145,2024-08-11
1344,108,33,,26,2024-12-25
1345,326,29,894,79,2023-07-06
1346,95,20,309,38,2024-10-15
1347,68,20,422,87,2023-12-30
1348,263,10,479,51,2023-02-27
1349,249,29,427,138,2023-08-04
1350,231,18,,55,2024-03-05
1351,292,10,676,147,2023-10-03
1352,97,5,471,111,2024-06-24
1353,324,21,466,38,2023-11-09
1354,271,22,321,102,2023-12-24
1355,67,6,823,73,2023-09-21
1356,312,20,987,51,2024-09-03
1357,289,16,962,70,2024-02-20
1358,42,8,187,43,2024-05-04
1359,316,20,559,131,2024-04-11
1360,181,29,442,21,2023-02-16
1361,117,9,763,108,2024-05-14
1362,65,27,403,126,2023-03-10
1363,138,29,958,92,2024-01-17
1364,313,20,579,120,2023-08-16
1365,98,14,512,31,2024-12-23
1366,253,5,993,86,2024-01-08
1367,167,32,145,71,2023-09-11
1368,267,22,421,120,2023-07-25
1369,158,20,830,132,2023-11-20
1370,22,2,672,110,2024-03-25
1371,162,14,852,95,2024-08-18
1372,217,17,277,64,2023-11-15
1373,147,17,586,35,2024-05-29
1374,252,12,251,108,2023-09-02
1375,194,17,181,92,2023-05-18
1376,42,18,761,43,2023-03-29
1377,119,35,175,82,2023-04-25
1378,43,3,904,91,2023-05-07
1379,88,16,363,117,2024-03-29
1380,231,14,762,26,2023-11-11
1381,352,34,852,64,2024-10-03
1382,206,17,343,91,2023-02-27
1383,74,16,52,26,2023-11-11
1384,141,19,696,22,2024-05-04
1385,254,31,,36,2023-07-03
1386,147,29,88,25,2023-11-26
1387,147,14,213,89,2024-01-09
1388,174,25,904,134,2024-03-21
1389,330,33,537,143,2024-05-21
1390,68,11,434,114,2024-04-18
1391,359,25,,124,2024-01-26
1392,135,14,279,108,2023-12-01
1393,20,29,613,45,2023-10-19
1394,25,12,522,90,2024-01-09
1395,292,29,572,59,2024-11-01
1396,344,2,737,148,2023-07-28
1397,223,28,39,66,2024-05-09
1398,9999,999,,72,2023-08-10
1399,183,3,788,138,2024-01-22
1400,10,19,365,33,2024-07-30
1401,134,29,24,143,2024-01-11
1402,255,14,475,85,2023-06-09
1403,292,3,840,85,2023-01-08
1404,47,18,660,136,2024-06-03
1405,230,13,109,145,2023-10-03
1406,261,21,136,136,2023-05-20
1407,135,4,236,99,2023-05-25
1408,129,7,618,70,2023-09-15
1409,196,34,721,89,2023-07-06
1410,207,11,296,88,2024-11-03
1411,279,9,179,106,2023-09-05
1412,6,23,274,33,2023-09-16
1413,248,31,663,76,2024-04-30
1414,239,20,327,131,2023-02-19
1415,175,32,,21,2023-03-02
1416,132,26,143,127,2023-02-14
1417,238,6,816,64,2023-09-08
1418,274,4,,47,2023-06-07
1419,185,4,942,37,2024-10-02
1420,304,6,892,35,2024-01-16
1421,119,29,775,44,2024-10-03
1422,330,33,373,114,2024-07-28
1423,263,6,757,131,2023-03-18
1424,229,17,-13,115,2024-09-17
1425,30,17,274,70,2023-07-08
1426,82,19,736,98,2023-08-03
1427,314,21,482,49,2024-08-26
1428,44,24,975,100,2024-09-25
1429,196,1,320,123,2024-05-25
1430,281,28,260,39,2024-08-16
1431,132,30,377,112,2023-05-08
1432,52,31,487,89,2023-11-22
1433,195,31,982,116,2023-06-18
1434,128,2,844,53,2024-06-28
1435,92,14,592,114,2023-08-12
1436,360,18,815,89,2023-04-12
1437,37,28,177,85,2023-02-20
1438,354,34,,107,2023-09-15
1439,140,25,971,41,2024-01-16
1440,345,27,182,94,2024-01-09
1441,75,7,297,71,2023-08-23
1442,137,25,573,88,2023-11-15
1443,304,24,515,121,2024-05-26
1444,136,29,445,122,2023-10-25
1445,315,31,126,106,2024-10-20
1446,15,21,796,85,2023-01-29
1447,99,24,870,109,2024-08-27
1448,27,21,556,95,2024-07-03
1449,312,1,922,55,2024-02-20
1450,218,31,319,48,2024-04-18
1451,125,28,698,65,2024-01-15
1452,126,25,466,75,2023-07-21
1453,61,19,310,87,2023-02-13
1454,256,10,350,126,2023-07-21
1455,240,29,18,55,2024-08-02
1456,289,24,141,21,2023-04-23
1457,351,16,588,35,2023-02-07
1458,37,19,161,131,2024-03-16
1459,158,22,145,131,2023-11-26
1460,210,16,755,53,2024-02-10
1461,147,3,7,35,2024-07-18
1462,74,15,699,92,2023-01-08
1463,153,29,592,92,2023-12-06
1464,22,15,373,77,2024-07-14
1465,171,10,656,141,2023-10-14
1466,145,22,749,76,2023-02-27
1467,9999,999,-38,65,2023-02-23
1468,60,8,626,24,2024-01-18
1469,44,16,394,107,2023-11-17
1470,132,3,767,74,2023-01-23
1471,222,31,750,35,2024-02-27
1472,44,24,25,108,2023-12-13
1473,360,35,502,27,2024-11-06
1474,352,26,920,59,2023-09-04
1475,300,4,27,52,2023-08-26
1476,178,1,71,25,2024-10-15
1477,353,2,562,63,2024-04-17
1478,40,9,371,122,2024-12-11
1479,173,18,627,135,2023-06-23
1480,276,4,962,76,2024-03-20
1481,300,9,993,49,2023-05-07
1482,36,3,322,64,2024-12-19
1483,74,10,3,118,2024-04-01
1484,323,24,413,71,2024-11-29
1485,27,2,35,143,2024-06-10
1486,275,19,312,55,2023-05-18
1487,329,4,730,74,2024-02-09
1488,113,19,881,61,2024-06-27
1489,208,26,577,121,2023-06-22
1490,51,1,750,68,2024-05-21
1491,338,31,810,115,2024-07-19
1492,9999,999,-19,44,2023-07-31
1493,279,10,911,62,2023-02-02
1494,288,1,630,129,2024-10-06
1495,16,24,72,106,2024-03-01
1496,36,2,818,76,2023-12-05
1497,39,12,18,131,2024-12-20
1498,220,5,352,114,2023-02-23
1499,307,2,243,112,2024-10-04
1500,60,7,369,103,2023-12-02
1501,177,23,271,59,2024-05-10
1502,126,25,85,94,2024-07-02
1503,164,27,665,48,2023-08-30
1504,160,30,373,127,2024-12-04
1505,230,21,338,95,2024-02-15
1506,324,10,394,88,2023-02-12
1507,250,11,296,110,2023-07-12
1508,13,21,992,78,2024-08-15
1509,294,26,550,122,2023-10-21
1510,112,8,-19,54,2024-07-09
1511,59,22,312,55,2023-07-25
1512,219,26,541,96,2024-11-23
1513,258,35,420,143,2023-05-29
1514,172,12,124,23,2023-06-24
1515,166,34,171,149,2023-04-19
1516,331,14,-5,88,2023-08-28
1517,231,34,557,131,2023-06-27
1518,217,21,608,69,2024-09-21
1519,66,30,,23,2023-07-01
1520,215,7,935,68,2024-09-23
1521,239,2,133,60,2023-02-19
1522,242,18,89,125,2024-04-02
1523,38,2,13,87,2024-02-19
1524,135,15,617,47,2024-08-10
1525,347,29,190,96,2023-08-12
1526,9999,999,,127,2024-03-22
1527,247,3,29,72,2023-09-08
1528,1,18,834,110,2023-12-19
1529,78,9,194,63,2023-06-24
1530,60,18,481,147,2023-01-05
1531,177,10,,49,2024-12-04
1532,315,8,989,138,2024-06-02
1533,276,13,543,47,2024-03-17
1534,62,9,-44,107,2024-03-31
1535,301,34,911,37,2024-04-05
1536,9999,999,-14,67,2023-07-06
1537,67,11,968,81,2023-06-10
1538,218,16,63,115,2023-07-23
1539,318,32,483,29,2023-05-28
1540,195,26,479,57,2023-08-30
1541,2,12,657,102,2023-09-28
1542,54,16,550,29,2023-05-22
1543,105,20,344,60,2023-11-04
1544,60,27,600,62,2024-11-03
1545,266,34,672,114,2024-02-16
1546,3,2,133,122,2023-09-08
1547,333,10,44,147,2024-10-16
1548,63,9,424,73,2024-06-20
1549,206,20,622,124,2024-01-17
1550,5,16,312,49,2024-12-23
1551,83,31,542,81,2024-07-19
1552,196,19,268,36,2023-09-05
1553,331,35,337,27,2023-04-13
1554,67,21,113,30,2024-06-17
1555,181,31,849,47,2024-10-12
1556,252,21,62,110,2024-01-30
1557,216,13,680,79,2023-11-16
1558,54,23,-8,49,2023-05-15
1559,6,31,822,23,2023-03-04
1560,193,32,567,120,2024-05-17
1561,242,21,541,74,2024-08-30
1562,15,17,701,52,2024-06-13
1563,304,3,380,146,2024-09-22
1564,297,3,575,146,2024-09-03
1565,63,5,125,135,2023-05-17
1566,40,31,-41,74,2024-04-03
1567,189,25,800,112,2023-01-26
1568,24,34,277,144,2024-07-31
1569,35,10,78,145,2024-11-23
1570,27,16,671,64,2024-02-17
1571,308,19,825,133,2023-07-04
1572,34,23,697,69,2024-11-27
1573,131,23,372,89,2023-02-05
1574,253,24,810,124,2024-12-13
1575,240,7,220,60,2023-05-13
1576,203,8,494,57,2023-02-18
1577,96,13,473,106,2023-05-07
1578,357,1,326,97,2024-06-02
1579,179,27,896,90,2024-11-18
1580,77,10,307,44,2024-02-27
1581,241,7,576,73,2023-07-09
1582,231,33,525,39,2024-10-08
1583,310,11,916,27,2024-12-20
1584,156,35,907,80,2023-04-04
1585,288,26,817,63,2023-01-29
1586,279,26,356,101,2023-02-04
1587,128,10,856,120,2024-05-30
1588,250,25,596,142,2024-11-19
1589,94,34,696,55,2023-09-28
1590,130,21,813,65,2023-02-06
1591,267,19,410,28,2024-01-29
1592,323,29,733,62,2024-05-07
1593,1,28,712,103,2024-03-14
1594,175,22,376,119,2024-12-17
1595,199,3,835,139,2024-06-14
1596,260,14,877,46,2023-06-22
1597,197,32,637,132,2023-05-13
1598,24,4,,47,2024-05-10
1599,171,17,944,130,2024-07-28
1600,9999,999,-47,100,2023-04-10
1601,248,16,262,44,2023-03-23
1602,237,8,,70,2023-08-03
1603,131,29,,61,2024-04-29
1604,108,5,443,75,2023-11-18
1605,290,32,847,46,2024-05-19
1606,35,7,970,111,2024-09-25
1607,188,14,122,77,2024-06-12
1608,311,11,767,107,2023-07-16
1609,359,3,780,118,2024-02-01
1610,61,29,392,99,2024-02-23
1611,246,22,384,79,2023-11-05
1612,19,5,818,150,2023-01-14
1613,208,10,157,20,2024-05-13
1614,172,29,50,68,2023-08-20
1615,360,5,676,111,2023-06-24
1616,64,11,294,118,2024-09-04
1617,298,21,806,25,2024-08-23
1618,237,15,851,111,2023-12-03
1619,289,18,175,31,2023-08-28
1620,232,5,920,133,2023-07-09
1621,209,24,207,144,2023-10-23
1622,207,25,546,38,2024-07-10
1623,265,3,58,32,2024-12-18
1624,169,15,116,96,2023-02-26
1625,9999,999,-7,24,2024-10-21
1626,138,14,246,79,2024-03-15
1627,332,34,217,28,2023-08-06
1628,338,5,939,135,2023-01-20
1629,290,11,784,54,2024-12-21
1630,338,26,529,32,2023-12-01
1631,265,10,552,84,2024-06-15
1632,60,23,380,107,2024-09-28
1633,21,29,592,46,2024-12-30
1634,74,20,795,73,2024-10-17
1635,56,1,503,139,2024-11-19
1636,9999,999,-9,35,2023-05-01
1637,116,22,131,37,2024-07-23
1638,9999,999,-34,27,2024-01-12
1639,278,8,20,27,2024-05-21
1640,195,24,81,74,2024-12-22
1641,211,27,290,43,2023-12-31
1642,194,24,816,149,2024-10-22
1643,154,28,145,46,2024-05-31
1644,193,21,673,142,2023-01-22
1645,222,30,218,89,2024-09-25
1646,29,13,653,132,2024-09-08
1647,126,4,769,134,2024-03-17
1648,316,30,582,141,2024-09-29
1649,282,6,445,112,2024-06-11
1650,96,15,509,134,2024-04-14
1651,29,11,743,148,2024-08-31
1652,36,21,105,86,2023-07-27
1653,99,19,682,56,2023-08-14
1654,330,27,804,110,2023-07-05
1655,119,8,380,59,2023-08-16
1656,273,17,679,96,2023-12-23
1657,230,35,210,113,2023-08-22
1658,204,33,259,146,2024-03-25
1659,320,35,988,24,2024-11-02
1660,266,5,510,33,2023-11-30
1661,170,35,,128,2023-09-11
1662,135,30,669,89,2023-07-05
1663,78,32,515,68,2023-06-16
1664,151,30,688,114,2024-04-10
1665,131,12,247,104,2023-10-28
1666,130,34,333,29,2024-04-04
1667,52,15,505,114,2024-04-03
1668,167,10,410,128,2024-03-09
1669,285,34,-6,24,2024-05-15
1670,30,29,-4,48,2024-05-19
1671,261,18,201,93,2023-12-19
1672,312,20,428,124,2024-11-07
1673,121,28,919,23,2024-02-15
1674,142,17,977,117,2024-10-12
1675,296,29,115,124,2023-04-03
1676,85,1,761,69,2023-09-08
1677,302,20,28,77,2023-04-06
1678,175,11,750,45,2024-01-10
1679,232,16,132,41,2023-03-11
1680,350,16,157,76,2023-05-14
1681,198,1,8,85,2024-01-15
1682,212,14,611,53,2023-07-30
1683,126,30,746,60,2024-01-11
1684,46,22,689,54,2024-08-19
1685,240,34,494,95,2024-08-05
1686,28,16,655,25,2024-06-27
1687,217,14,238,36,2024-05-01
1688,259,27,34,22,2024-01-01
1689,337,8,311,139,2024-09-17
1690,233,30,170,105,2024-08-26
1691,189,23,933,27,2023-09-02
1692,251,10,121,106,2024-02-06
1693,315,9,949,86,2024-10-04
1694,47,22,286,48,2023-11-06
1695,207,22,799,112,2024-10-10
1696,231,20,,141,2023-04-30
1697,155,17,964,148,2024-06-10
1698,173,13,741,52,2023-02-07
1699,75,16,672,58,2024-12-17
1700,236,9,678,101,2024-11-24
1701,171,31,722,141,2024-05-03
1702,259,13,589,118,2023-10-12
1703,204,31,226,50,2024-02-15
1704,9999,999,-25,31,2024-06-08
1705,50,24,102,58,2024-03-30
1706,217,22,845,125,2023-01-26
1707,316,15,757,108,2024-01-19
1708,339,16,87,147,2024-05-16
1709,64,22,646,32,2024-05-16
1710,214,14,16,69,2023-12-29
1711,343,10,374,145,2023-05-27
1712,90,12,-6,25,2023-06-04
1713,215,27,418,130,2023-02-12
1714,202,28,359,33,2023-08-19
1715,126,33,-6,31,2023-04-28
1716,192,16,669,106,2024-03-18
1717,218,7,759,94,2024-11-12
1718,109,2,6,144,2023-01-12
1719,153,24,469,141,2023-01-15
1720,307,35,975,87,2023-05-25
1721,173,14,995,27,2023-12-08
1722,73,10,239,101,2024-12-31
1723,40,27,794,115,2023-04-24
1724,272,3,462,69,2024-04-13
1725,74,12,583,140,2023-10-24
1726,84,4,184,149,2023-05-13
1727,308,35,439,84,2024-07-07
1728,75,30,44,145,2024-04-05
1729,50,34,890,55,2023-08-22
1730,301,10,379,81,2023-10-03
1731,95,24,256,94,2023-03-03
1732,320,18,986,139,2023-08-16
1733,9999,999,-19,104,2023-08-04
1734,298,12,386,112,2023-07-22
1735,17,9,-14,27,2023-12-06
1736,357,33,945,86,2023-02-23
1737,97,5,834,106,2023-12-21
1738,222,4,911,108,2024-12-16
1739,60,2,433,83,2023-06-19
1740,339,20,782,146,2024-07-22
1741,195,12,585,30,2023-08-20
1742,251,29,770,142,2023-08-14
1743,218,16,891,30,2023-10-01
1744,308,18,582,20,2023-04-19
1745,302,8,490,138,2024-06-10
1746,235,2,150,52,2024-03-07
1747,240,28,686,93,2024-10-22
1748,37,1,184,118,2023-10-29
1749,7,7,386,38,2024-09-18
1750,279,4,923,111,2023-10-27
1751,334,5,145,43,2024-11-09
1752,348,26,367,22,2024-03-01
1753,16,14,882,120,2024-09-04
1754,100,18,-21,54,2023-01-16
1755,178,3,45,144,2024-02-08
1756,237,27,890,47,2024-11-19
1757,251,31,736,57,2024-02-05
1758,119,19,357,79,2024-07-01
1759,184,20,566,80,2024-01-02
1760,329,18,571,66,2023-09-26
1761,72,7,768,54,2023-12-10
1762,75,9,332,87,2024-12-14
1763,61,31,93,43,2024-09-01
1764,333,25,560,78,2023-03-23
1765,37,27,10,20,2023-12-20
1766,75,19,661,119,2024-12-23
1767,118,34,233,81,2024-11-23
1768,302,3,511,137,2024-03-28
1769,83,24,832,109,2023-02-11
1770,259,31,20,109,2023-04-07
1771,328,16,708,109,2023-10-12
1772,292,34,991,97,2023-01-01
1773,105,5,570,77,2023-05-18
1774,227,2,393,27,2023-06-11
1775,160,30,190,139,2024-01-03
1776,208,16,728,80,2024-11-02
1777,96,7,219,59,2024-11-12
1778,23,29,888,23,2023-11-27
1779,352,16,610,45,2024-06-29
1780,31,20,910,132,2023-07-12
1781,271,23,856,54,2023-11-19
1782,106,3,864,141,2023-02-04
1783,30,35,644,40,2023-01-07
1784,336,5,532,27,2024-03-12
1785,326,30,442,141,2024-04-21
1786,137,22,,117,2024-05-15
1787,221,26,522,46,2024-08-11
1788,122,11,948,62,2024-05-07
1789,2,14,181,93,2024-05-20
1790,211,29,795,73,2023-11-01
1791,314,2,973,64,2024-09-15
1792,37,23,604,110,2023-09-08
1793,9999,999,-5,67,2024-04-17
1794,30,12,600,146,2023-09-09
1795,94,9,,108,2024-01-22
1796,281,25,,72,2023-06-16
1797,222,12,383,57,2023-05-07
1798,338,31,757,131,2023-06-12
1799,47,20,607,80,2023-06-07
1800,169,29,941,111,2023-03-12
1801,28,18,196,29,2024-06-29
1802,342,7,903,38,2024-11-13
1803,75,32,885,149,2024-03-31
1804,48,10,229,85,2023-09-15
1805,312,31,458,74,2024-06-09
1806,62,12,722,69,2023-06-25
1807,174,35,6,25,2023-11-04
1808,336,30,77,114,2023-10-26
1809,51,20,17,80,2023-06-09
1810,249,28,839,141,2023-02-10
1811,35,5,733,142,2023-08-31
1812,20,33,495,36,2024-05-19
1813,202,8,704,148,2023-12-10
1814,12,18,152,114,2024-03-31
1815,99,12,286,78,2023-07-20
1816,164,22,635,80,2023-06-06
1817,281,20,381,146,2024-03-06
1818,250,32,399,32,2023-11-21
1819,26,21,348,78,2023-12-15
1820,86,4,814,71,2024-07-26
1821,14,17,366,106,2023-08-04
1822,68,5,738,142,2023-02-25
1823,132,29,261,117,2023-04-30
1824,293,8,952,68,2024-12-09
1825,202,15,650,28,2023-12-26
1826,359,5,587,27,2023-09-02
1827,217,34,121,56,2023-04-30
1828,188,17,785,92,2023-08-18
1829,263,12,492,65,2023-11-15
1830,117,6,836,77,2024-06-23
1831,79,4,703,51,2024-01-26
1832,237,27,887,53,2024-07-07
1833,276,20,425,115,2023-11-13
1834,9999,999,-45,99,2024-08-29
1835,214,15,188,89,2023-03-15
1836,199,11,721,60,2024-01-11
1837,158,25,555,58,2023-10-18
1838,326,25,125,92,2023-07-11
1839,179,34,299,130,2024-07-16
1840,177,5,254,135,2024-03-12
1841,84,12,671,23,2024-07-23
1842,266,28,499,74,2024-12-04
1843,337,14,803,116,2023-01-03
1844,20,4,550,95,2023-02-01
1845,267,25,301,32,2023-02-23
1846,168,21,809,109,2023-09-28
1847,138,11,838,37,2024-11-05
1848,258,8,805,72,2023-05-11
1849,348,31,213,47,2023-12-28
1850,272,30,847,133,2024-11-19
1851,218,16,377,92,2024-04-08
1852,223,32,,97,2023-08-05
1853,289,29,724,108,2023-06-11
1854,115,14,851,145,2023-12-08
1855,169,30,216,139,2024-05-11
1856,279,4,803,59,2023-01-29
1857,242,27,69,122,2023-11-17
1858,153,10,781,59,2024-07-15
1859,319,2,884,102,2024-05-27
1860,189,31,319,141,2023-12-11
1861,308,34,53,54,2023-11-13
1862,140,9,335,27,2024-11-27
1863,136,16,186,147,2024-11-07
1864,185,4,365,48,2023-11-01
1865,258,26,522,85,2023-02-12
1866,226,4,268,20,2023-02-21
1867,73,14,533,71,2023-03-30
1868,154,24,278,91,2024-10-12
1869,148,4,284,63,2023-01-17
1870,77,18,666,25,2023-07-05
1871,22,23,405,79,2024-05-30
1872,9999,999,-25,133,2024-12-05
1873,280,21,400,60,2023-07-26
1874,9999,999,-14,91,2024-05-05
1875,248,24,250,88,2023-04-06
1876,67,15,118,92,2024-06-09
1877,220,3,566,117,2023-09-18
1878,168,1,617,143,2024-10-10
1879,333,29,-17,82,2023-12-15
1880,213,1,325,127,2024-07-15
1881,332,3,428,73,2024-06-17
1882,287,9,882,147,2024-10-04
1883,91,33,884,32,2024-05-28
1884,112,35,313,105,2024-10-14
1885,239,17,990,61,2023-09-16
1886,12,5,854,123,2024-10-16
1887,314,12,359,147,2023-01-25
1888,112,24,253,101,2024-10-23
1889,13,27,672,142,2023-08-20
1890,314,23,953,22,2023-06-12
1891,150,24,717,39,2024-09-07
1892,116,20,778,138,2023-01-05
1893,20,35,579,98,2024-03-17
1894,27,35,268,54,2024-07-28
1895,244,15,439,95,2024-05-23
1896,4,11,123,67,2024-10-22
1897,358,29,95,84,2023-01-18
1898,173,15,60,141,2023-08-30
1899,354,14,460,37,2023-02-05
1900,100,13,655,130,2023-09-05
1901,260,10,165,114,2024-04-13
1902,47,26,690,130,2023-12-09
1903,65,5,984,142,2024-10-18
1904,350,12,937,108,2024-02-23
1905,276,19,880,49,2024-02-20
1906,294,15,180,81,2024-01-24
1907,161,26,874,139,2024-01-31
1908,138,21,573,150,2023-10-26
1909,162,24,548,50,2024-08-29
1910,50,30,566,108,2024-12-08
1911,188,23,737,140,2023-12-23
1912,91,18,400,91,2024-12-20
1913,14,22,731,28,2024-10-10
1914,135,26,960,50,2024-12-12
1915,216,34,556,116,2024-09-10
1916,326,10,898,63,2023-01-15
1917,229,3,212,63,2023-03-31
1918,175,18,939,48,2024-09-03
1919,137,14,63,26,2023-05-30
1920,85,16,590,130,2023-11-06
1921,281,9,205,146,2024-07-30
1922,280,5,,147,2024-03-22
1923,157,10,291,22,2023-08-28
1924,295,30,172,143,2024-05-07
1925,204,4,471,85,2023-11-18
1926,80,1,795,67,2024-05-18
1927,102,28,733,100,2024-05-07
1928,257,5,768,143,2023-04-28
1929,45,35,705,118,2024-05-03
1930,232,14,405,25,2023-02-03
1931,55,23,640,129,2023-07-18
1932,171,26,143,79,2023-11-09
1933,2,33,969,65,2024-10-12
1934,45,27,628,137,2023-06-12
1935,46,10,418,28,2023-01-23
1936,225,26,829,20,2023-09-23
1937,78,4,590,105,2023-04-24
1938,299,13,830,93,2024-02-08
1939,66,1,282,139,2023-08-29
1940,153,31,90,128,2023-01-27
1941,113,23,293,148,2024-04-03
1942,16,34,74,98,2024-03-23
1943,41,13,-24,77,2023-01-06
1944,136,32,103,22,2023-08-29
1945,315,19,44,24,2023-03-20
1946,244,16,320,70,2024-03-14
1947,90,29,142,95,2023-03-19
1948,146,17,786,24,2023-10-17
1949,354,18,529,137,2023-03-06
1950,195,16,202,109,2023-06-16
1951,345,18,324,111,2024-07-18
1952,40,13,651,49,2023-05-25
1953,212,34,730,96,2023-08-06
1954,263,26,794,75,2023-04-26
1955,6,14,246,144,2023-10-09
1956,52,11,472,125,2024-12-28
1957,276,7,413,99,2024-12-20
1958,147,12,245,57,2023-01-14
1959,332,14,602,75,2024-04-25
1960,178,8,513,69,2024-11-03
1961,346,34,135,25,2023-10-15
1962,68,19,326,32,2024-02-22
1963,212,13,176,87,2024-07-28
1964,212,3,953,141,2023-12-18
1965,31,11,386,27,2023-11-22
1966,241,30,,129,2024-05-29
1967,56,18,170,72,2023-12-06
1968,91,25,911,139,2024-07-11
1969,98,1,565,39,2023-05-03
1970,247,15,973,150,2024-12-01
1971,311,2,655,41,2024-10-30
1972,301,29,631,99,2023-09-16
1973,232,14,978,35,2023-01-19
1974,73,2,637,149,2023-12-14
1975,143,11,386,103,2023-04-18
1976,196,8,836,63,2024-05-30
1977,228,14,871,23,2023-05-29
1978,184,6,367,102,2024-07-27
1979,90,22,,92,2024-07-01
1980,273,2,695,27,2024-09-02
1981,207,32,471,135,2023-08-20
1982,163,6,412,38,2024-05-16
1983,100,25,396,22,2024-09-08
1984,233,25,576,117,2023-11-13
1985,29,9,307,148,2024-02-07
1986,233,3,298,36,2024-03-30
1987,27,15,842,38,2023-12-11
1988,218,4,705,23,2024-02-11
1989,73,29,736,59,2023-06-14
1990,233,22,339,99,2023-06-23
1991,298,1,263,33,2024-04-16
1992,140,28,983,126,2024-04-21
1993,195,9,106,78,2023-12-13
1994,173,23,511,134,2023-03-31
1995,182,3,1,43,2023-11-04
1996,196,35,537,89,2023-06-27
1997,26,26,194,51,2023-05-05
1998,353,15,652,94,2024-10-15
1999,131,30,602,63,2024-12-31
2000,224,26,359,48,2024-07-24
2001,189,6,148,20,2023-01-24
2002,74,19,170,123,2023-01-31
2003,73,1,185,26,2023-09-05
2004,206,28,433,22,2024-11-03
2005,194,26,176,129,2023-05-23
2006,233,33,866,95,2024-05-20
2007,230,23,175,131,2023-06-23
2008,122,5,745,67,2023-05-23
2009,80,25,8,58,2023-10-10
2010,327,7,316,126,2024-11-23
2011,342,28,155,28,2024-11-23
2012,171,4,75,137,2023-11-21
2013,324,1,891,135,2024-04-16
2014,236,17,672,32,2023-05-29
2015,163,7,406,100,2023-11-07
2016,241,26,908,69,2023-11-05
2017,309,10,300,104,2023-08-19
2018,306,27,43,40,2023-08-26
2019,325,27,942,48,2024-10-17
2020,162,7,702,39,2023-02-16
2021,205,4,733,69,2024-04-15
2022,62,1,173,55,2023-10-14
2023,281,21,418,108,2023-07-24
2024,251,30,174,96,2023-11-02
2025,102,13,942,129,2024-02-14
2026,188,6,707,33,2024-04-17
2027,16,6,508,77,2024-02-24
2028,315,23,134,42,2023-08-08
2029,218,31,450,45,2024-03-16
2030,49,21,713,28,2023-01-14
2031,124,15,984,116,2024-06-06
2032,147,9,-34,22,2024-10-03
2033,261,30,681,113,2023-02-15
2034,280,11,517,109,2023-03-16
2035,92,33,440,27,2024-05-26
2036,34,26,771,32,2023-08-29
2037,161,31,910,51,2023-07-20
2038,71,29,485,110,2023-07-09
2039,242,23,368,133,2024-04-08
2040,212,31,59,91,2023-03-19
2041,39,4,90,54,2024-08-03
2042,295,13,254,30,2024-04-25
2043,22,24,856,127,2023-11-01
2044,91,27,530,74,2024-06-29
2045,200,5,18,36,2023-11-09
2046,333,10,813,95,2023-12-01
2047,275,24,374,22,2024-03-09
2048,281,25,705,29,2024-12-31
2049,344,7,649,78,2023-02-09
2050,69,7,141,39,2023-10-15
2051,324,5,764,28,2023-02-07
2052,186,9,554,60,2023-03-23
2053,128,9,94,54,2023-06-29
2054,169,21,519,106,2024-07-11
2055,20,6,395,133,2024-03-03
2056,192,22,470,114,2024-12-10
2057,157,15,804,94,2024-12-14
2058,215,26,477,125,2023-12-11
2059,196,11,98,129,2023-07-21
2060,208,35,136,82,2023-05-19
2061,346,32,796,82,2023-04-15
2062,144,21,679,87,2023-12-21
2063,74,32,152,139,2024-01-27
2064,8,34,95,95,2024-04-04
2065,149,13,788,134,2023-06-13
2066,229,6,315,100,2023-06-29
2067,187,12,933,145,2023-11-25
2068,188,14,667,143,2023-11-21
2069,30,7,237,75,2024-07-13
2070,171,3,298,136,2023-05-05
2071,239,27,748,144,2024-05-12
2072,193,17,455,122,2024-05-04
2073,349,6,992,86,2024-12-14
2074,106,29,442,43,2023-09-04
2075,299,20,426,126,2024-04-22
2076,290,21,368,87,2024-03-02
2077,63,29,,90,2024-07-26
2078,162,4,500,118,2024-10-06
2079,98,5,908,37,2023-05-16
2080,297,32,720,120,2023-12-26
2081,198,33,822,113,2023-06-09
2082,63,31,104,31,2024-02-05
2083,252,16,302,36,2024-11-17
2084,71,25,80,143,2024-10-12
2085,222,7,626,96,2023-10-05
2086,8,20,990,144,2023-08-26
2087,139,5,303,93,2024-10-16
2088,114,30,854,71,2023-06-14
2089,13,20,716,71,2023-12-24
2090,155,7,167,116,2023-09-22
2091,349,2,962,90,2024-04-01
2092,201,7,299,133,2023-08-18
2093,276,30,572,120,2024-07-22
2094,54,27,31,112,2024-01-27
2095,266,8,526,106,2024-12-15
2096,76,4,248,123,2024-06-06
2097,162,11,691,138,2023-10-10
2098,149,9,120,24,2024-07-27
2099,88,12,-28,140,2024-12-04
2100,324,12,64,60,2024-10-11
2101,150,8,101,105,2024-06-16
2102,358,16,294,44,2024-06-22
2103,352,21,344,138,2024-01-12
2104,308,23,850,85,2023-02-13
2105,60,34,910,90,2023-06-26
2106,163,10,242,29,2024-03-28
2107,110,34,190,99,2024-07-16
2108,239,5,375,101,2024-04-28
2109,310,8,159,109,2024-09-11
2110,141,11,337,112,2023-10-30
2111,53,18,849,106,2024-08-01
2112,36,5,307,119,2024-12-09
2113,242,11,387,135,2023-09-24
2114,132,30,633,91,2024-12-24
2115,94,32,335,108,2024-10-21
2116,61,4,100,123,2023-11-24
2117,26,23,752,148,2024-08-25
2118,306,14,785,82,2024-07-25
2119,308,6,843,135,2024-08-28
2120,320,24,73,105,2024-09-08
2121,4,30,557,35,2024-05-02
2122,273,3,657,146,2023-06-05
2123,327,30,853,111,2024-01-06
2124,92,16,6,77,2023-09-12
2125,9999,999,-45,117,2023-03-14
2126,21,29,-13,108,2023-06-28
2127,66,9,150,48,2024-05-01
2128,224,34,298,48,2023-02-04
2129,271,16,683,30,2023-11-07
2130,136,26,358,144,2023-07-12
2131,32,32,433,75,2024-01-11
2132,133,14,745,53,2024-02-09
2133,171,33,307,121,2023-01-05
2134,320,4,,107,2024-08-23
2135,335,1,540,108,2024-01-20
2136,36,23,376,148,2024-12-18
2137,166,31,919,147,2023-04-08
2138,334,14,594,40,2023-11-03
2139,172,31,954,119,2023-09-28
2140,347,20,750,84,2024-12-08
2141,359,25,880,63,2023-04-29
2142,46,4,573,52,2023-11-22
2143,300,1,360,111,2024-09-23
2144,340,22,311,79,2023-01-06
2145,218,33,,77,2023-01-03
2146,349,18,744,147,2024-12-13
2147,334,35,976,81,2023-08-25
2148,194,4,537,93,2023-02-21
2149,221,6,88,140,2024-02-15
2150,149,33,562,95,2024-06-02
2151,39,17,304,150,2023-08-22
2152,180,3,128,59,2023-12-03
2153,313,14,103,145,2024-04-03
2154,17,30,360,72,2023-04-26
2155,314,18,737,139,2023-02-05
2156,94,31,104,31,2023-07-10
2157,94,19,476,27,2024-04-03
2158,208,16,494,61,2023-07-19
2159,128,7,531,92,2024-09-23
2160,43,26,678,127,2024-03-04
2161,193,16,422,66,2024-07-31
2162,59,10,648,37,2023-04-26
2163,337,16,370,58,2024-12-14
2164,267,21,123,137,2024-07-27
2165,102,21,804,124,2024-03-25
2166,214,19,383,41,2023-11-29
2167,144,19,768,75,2023-02-14
2168,263,30,630,119,2023-05-12
2169,57,3,604,149,2023-04-14
2170,26,31,132,66,2023-01-09
2171,168,11,132,65,2023-08-10
2172,205,10,461,106,2023-04-22
2173,353,8,298,36,2023-12-09
2174,144,34,889,27,2024-09-04
2175,254,17,902,58,2023-05-09
2176,84,12,775,34,2023-08-08
2177,277,4,743,109,2024-04-01
2178,185,30,370,26,2024-12-10
2179,23,4,,35,2023-12-14
2180,9999,999,-19,21,2024-07-19
2181,239,3,434,74,2023-06-19
2182,207,15,394,102,2023-09-06
2183,162,7,172,116,2023-07-27
2184,290,27,350,35,2024-04-04
2185,111,27,384,51,2023-06-22
2186,341,22,220,140,2024-05-10
2187,142,3,994,89,2024-12-24
2188,290,21,948,144,2024-05-13
2189,6,26,413,111,2024-07-16
2190,240,12,521,103,2024-03-08
2191,42,9,181,75,2023-03-08
2192,157,18,572,47,2024-07-11
2193,69,24,804,26,2023-06-15
2194,109,9,150,112,2023-02-11
2195,257,14,728,96,2023-10-25
2196,176,2,901,63,2023-06-13
2197,182,18,593,90,2024-02-03
2198,127,4,45,78,2024-08-13
2199,64,19,646,109,2024-08-31
2200,314,9,990,30,2024-11-14
2201,107,11,116,134,2023-07-07
2202,327,4,233,56,2024-10-17
2203,319,35,727,142,2023-05-20
2204,278,21,789,84,2024-09-21
2205,165,4,,34,2023-03-09
2206,297,35,85,79,2023-07-15
2207,356,16,208,38,2024-01-07
2208,123,29,428,77,2023-12-17
2209,183,19,424,24,2024-05-01
2210,358,25,226,71,2023-12-11
2211,121,2,942,59,2024-02-01
2212,303,17,51,138,2023-10-23
2213,319,15,968,146,2023-03-28
2214,327,22,526,31,2023-02-14
2215,76,11,,108,2023-12-28
2216,232,26,-46,65,2024-01-27
2217,225,32,184,99,2023-04-02
2218,315,13,471,98,2024-10-05
2219,102,14,648,132,2024-04-05
2220,351,2,941,137,2023-08-10
2221,243,13,118,86,2023-11-16
2222,93,20,654,59,2024-11-18
2223,31,19,660,116,2023-01-19
2224,139,6,5,83,2023-11-05
2225,152,5,735,87,2023-01-09
2226,289,35,2,24,2023-05-01
2227,336,35,206,34,2023-06-15
2228,16,13,161,45,2023-10-13
2229,166,13,761,104,2023-10-06
2230,125,19,862,86,2023-10-08
2231,347,16,973,103,2023-10-15
2232,164,22,507,110,2024-12-17
2233,128,32,753,71,2024-10-24
2234,322,21,829,115,2023-04-26
2235,291,7,706,44,2023-06-09
2236,41,29,945,28,2024-01-07
2237,77,2,268,40,2023-02-06
2238,159,12,154,109,2023-02-13
2239,156,16,279,20,2023-04-12
2240,74,31,419,114,2023-02-13
2241,344,20,23,71,2024-01-10
2242,164,19,467,52,2024-05-12
2243,217,34,399,41,2024-07-21
2244,109,17,587,71,2023-07-08
2245,110,27,170,76,2024-10-06
2246,39,9,42,113,2024-03-02
2247,98,3,215,88,2024-02-10
2248,333,30,82,49,2023-09-03
2249,104,15,856,40,2023-06-17
2250,127,21,641,95,2024-09-08
2251,73,22,842,87,2024-04-04
2252,270,16,172,57,2023-02-14
2253,135,27,31,28,2024-10-15
2254,1,23,204,63,2024-10-18
2255,122,18,994,71,2024-10-27
2256,56,6,589,49,2023-02-18
2257,34,19,529,68,2024-05-16
2258,213,21,75,53,2024-11-07
2259,260,11,-16,143,2023-06-25
2260,229,35,855,69,2024-06-19
2261,10,17,766,85,2024-02-22
2262,246,22,,62,2024-08-25
2263,324,25,781,75,2024-01-18
2264,164,14,678,54,2024-06-12
2265,153,7,169,125,2023-03-19
2266,35,33,696,90,2024-11-05
2267,180,11,429,46,2023-08-09
2268,324,14,739,132,2023-09-10
2269,240,19,51,49,2023-05-14
2270,113,14,756,108,2024-04-20
2271,211,29,941,47,2024-03-30
2272,320,27,260,134,2023-08-04
2273,343,27,136,49,2023-07-21
2274,324,26,691,94,2023-07-27
2275,251,21,94,78,2024-12-03
2276,320,24,69,143,2023-12-09
2277,316,7,964,69,2024-06-09
2278,282,7,143,55,2023-06-01
2279,126,20,17,50,2023-11-07
2280,214,9,936,137,2024-02-12
2281,19,14,962,67,2023-09-11
2282,53,28,941,34,2024-02-07
2283,2,29,-18,137,2024-03-17
2284,318,18,543,50,2023-10-22
2285,209,31,20,67,2024-11-09
2286,262,8,367,87,2024-10-27
2287,175,17,699,61,2024-10-27
2288,184,14,155,59,2024-07-28
2289,293,23,625,143,2023-08-02
2290,218,19,991,58,2023-12-23
2291,67,31,187,120,2024-01-01
2292,24,24,233,114,2024-03-21
2293,356,35,622,85,2023-10-08
2294,246,22,494,132,2023-04-28
2295,12,28,255,21,2024-09-08
2296,93,13,446,133,2024-02-04
2297,322,10,473,58,2023-06-07
2298,333,26,367,110,2023-06-27
2299,9,4,627,76,2024-02-28
2300,241,15,687,114,2023-05-12
2301,322,11,,114,2024-07-04
2302,87,30,365,140,2024-01-02
2303,310,20,584,60,2024-12-24
2304,280,29,119,22,2024-04-06
2305,13,9,261,144,2023-08-06
2306,157,17,648,135,2023-01-13
2307,71,13,-26,88,2023-12-08
2308,275,13,666,34,2023-01-01
2309,319,35,850,133,2024-02-05
2310,9,13,632,117,2024-03-29
2311,230,19,482,101,2023-03-27
2312,102,19,741,147,2024-02-19
2313,313,12,647,97,2024-11-20
2314,231,5,525,22,2023-09-22
2315,234,6,993,129,2023-11-23
2316,22,35,218,37,2024-02-11
2317,329,8,518,132,2023-12-24
2318,328,14,31,149,2023-06-06
2319,118,9,154,122,2024-11-05
2320,262,28,1,86,2024-01-16
2321,161,34,16,59,2024-04-10
2322,303,26,293,145,2023-12-25
2323,68,26,142,127,2024-01-25
2324,252,2,776,67,2024-09-12
2325,345,21,972,134,2024-09-09
2326,249,6,269,82,2023-10-29
2327,212,10,18,142,2023-01-09
2328,331,4,84,76,2024-01-01
2329,37,21,963,63,2024-07-07
2330,359,24,233,138,2024-03-18
2331,76,17,43,74,2023-02-13
2332,286,9,392,99,2023-03-18
2333,58,29,21,57,2023-01-04
2334,285,26,397,55,2024-02-18
2335,297,22,657,145,2024-10-23
2336,54,20,887,26,2024-01-06
2337,271,11,602,87,2024-07-07
2338,244,7,,68,2023-08-05
2339,290,10,359,112,2024-07-22
2340,313,8,793,51,2024-06-30
2341,265,5,55,56,2024-02-10
2342,112,25,594,90,2023-10-03
2343,73,7,483,138,2023-10-22
2344,21,23,471,139,2023-06-26
2345,54,2,400,101,2024-05-26
2346,179,26,234,124,2024-11-25
2347,291,18,74,116,2023-06-20
2348,105,8,562,93,2024-02-10
2349,9999,999,-49,120,2023-09-18
2350,9999,999,-39,51,2023-01-10
2351,232,12,0,106,2023-09-09
2352,16,10,446,52,2023-12-27
2353,165,12,167,125,2024-02-13
2354,287,30,637,29,2023-10-02
2355,147,7,868,30,2024-05-27
2356,70,24,108,80,2023-05-31
2357,114,4,803,136,2023-09-09
2358,355,17,15,140,2023-03-02
2359,85,6,244,66,2024-05-10
2360,317,16,41,133,2023-03-08
2361,90,18,5,130,2023-04-12
2362,30,7,483,127,2024-06-02
2363,345,33,931,62,2023-09-26
2364,9999,999,-35,43,2023-11-01
2365,137,6,445,139,2024-02-25
2366,117,24,149,79,2024-10-03
2367,124,12,394,112,2023-03-02
2368,225,26,371,117,2024-07-24
2369,129,20,883,99,2023-11-02
2370,239,27,994,48,2023-04-10
2371,1,15,201,114,2024-09-14
2372,347,7,537,139,2024-11-26
2373,320,8,492,42,2024-07-09
2374,62,6,299,75,2024-03-16
2375,157,27,100,80,2023-10-09
2376,128,28,966,119,2024-09-11
2377,146,9,558,55,2023-10-05
2378,330,24,211,120,2024-10-02
2379,30,24,755,133,2024-07-18
2380,317,11,325,36,2023-11-08
2381,180,30,601,107,2023-04-05
2382,221,19,,55,2024-02-01
2383,186,35,551,148,2023-07-24
2384,245,25,317,40,2024-09-26
2385,352,15,710,75,2024-10-08
2386,160,25,944,24,2024-03-03
2387,98,32,774,35,2023-01-05
2388,334,16,37,20,2023-03-24
2389,357,11,653,104,2023-12-26
2390,282,16,122,53,2024-01-11
2391,9999,999,-7,120,2024-09-06
2392,95,35,630,38,2024-06-21
2393,210,26,745,143,2024-09-27
2394,88,33,393,104,2024-03-16
2395,76,25,490,123,2024-11-27
2396,88,7,20,24,2024-11-04
2397,142,5,928,86,2024-10-26
2398,181,9,937,45,2023-11-02
2399,302,7,410,102,2023-10-11
2400,140,4,181,28,2023-02-12
2401,127,20,649,148,2023-06-04
2402,53,6,377,83,2024-04-03
2403,311,23,244,113,2024-11-22
2404,41,6,256,100,2024-03-16
2405,261,17,664,39,2023-11-02
2406,311,7,954,116,2023-06-24
2407,259,12,509,69,2023-12-25
2408,148,28,314,96,2023-10-28
2409,297,10,523,66,2023-01-15
2410,37,35,856,43,2024-03-19
2411,347,30,448,38,2024-07-03
2412,117,13,116,56,2023-01-01
2413,210,14,924,127,2023-06-09
2414,113,5,712,93,2024-09-26
2415,233,10,767,133,2023-01-03
2416,340,6,422,73,2024-12-26
2417,221,32,50,121,2023-02-20
2418,14,22,737,67,2023-11-14
2419,109,17,129,120,2024-11-19
2420,342,7,,95,2024-05-31
2421,241,32,845,61,2023-09-27
2422,93,35,817,43,2024-07-19
2423,355,31,316,30,2023-01-13
2424,289,17,,83,2024-09-01
2425,163,4,873,140,2024-07-31
2426,9999,999,-1,36,2023-05-07
2427,9999,999,-10,86,2023-02-24
2428,196,16,826,91,2024-03-20
2429,272,6,953,48,2023-07-17
2430,358,5,167,87,2023-10-14
2431,58,29,152,135,2024-09-25
2432,142,30,308,95,2024-09-05
2433,325,6,281,81,2023-04-22
2434,1,7,339,47,2023-03-18
2435,255,14,975,135,2023-12-17
2436,215,35,449,134,2023-05-21
2437,345,2,710,100,2023-02-17
2438,186,33,178,85,2024-03-10
2439,290,17,35,26,2024-06-03
2440,200,23,311,140,2024-12-14
2441,340,9,90,72,2024-04-14
2442,85,6,816,45,2023-07-06
2443,10,12,367,102,2024-08-30
2444,122,33,483,127,2023-07-28
2445,217,26,684,137,2023-05-13
2446,252,4,181,98,2023-02-22
2447,141,6,343,40,2023-11-14
2448,161,3,45,124,2024-10-15
2449,159,31,347,27,2023-09-17
2450,38,3,951,105,2023-09-11
2451,321,30,732,96,2023-05-15
2452,169,23,26,97,2023-11-16
2453,313,17,821,139,2024-06-27
2454,269,6,61,137,2023-04-28
2455,102,14,207,105,2023-06-19
2456,68,16,473,34,2023-08-27
2457,126,32,43,98,2023-05-30
2458,253,9,600,29,2024-08-28
2459,63,27,788,122,2024-03-26
2460,299,25,520,131,2024-05-07
2461,95,23,786,71,2023-07-08
2462,55,5,471,56,2023-12-13
2463,148,16,141,31,2024-04-23
2464,243,11,947,123,2024-07-27
2465,101,10,255,37,2024-03-01
2466,145,6,340,77,2024-06-08
2467,302,18,680,86,2024-12-02
2468,344,17,719,96,2023-01-19
2469,159,35,667,47,2023-08-27
2470,17,19,968,141,2024-07-04
2471,3,19,433,147,2024-09-10
2472,130,16,729,55,2024-03-30
2473,132,33,166,37,2024-06-26
2474,126,9,8,95,2024-05-08
2475,295,29,81,45,2023-09-04
2476,314,35,-30,137,2024-09-17
2477,330,35,420,81,2024-11-04
2478,258,19,395,148,2024-04-26
2479,176,25,396,145,2023-12-25
2480,131,25,891,98,2024-02-19
2481,1,6,73,134,2024-09-10
2482,82,11,759,146,2024-04-23
2483,343,32,563,147,2023-11-05
2484,328,20,458,130,2023-06-27
2485,239,10,588,127,2023-01-06
2486,50,31,435,109,2024-05-17
2487,335,19,73,84,2023-05-14
2488,337,9,508,54,2024-03-23
2489,216,6,190,111,2024-10-15
2490,282,35,670,54,2024-11-23
2491,170,33,492,80,2023-02-07
2492,356,32,543,112,2024-12-08
2493,114,30,971,123,2023-03-28
2494,185,19,45,123,2024-05-15
2495,231,24,,70,2024-05-23
2496,130,5,973,24,2024-02-25
2497,331,21,973,109,2024-05-20
2498,289,33,634,31,2023-06-22
2499,227,29,935,109,2024-05-05
2500,77,18,894,109,2023-11-04
2501,358,34,225,84,2023-09-28
2502,298,31,974,47,2023-05-01
2503,237,28,422,95,2024-02-29
2504,235,13,936,104,2023-04-07
2505,9999,999,-5,110,2023-12-06
2506,195,21,131,146,2024-07-12
2507,267,7,416,40,2023-02-20
2508,245,16,-15,83,2024-08-22
2509,276,4,,63,2024-12-20
2510,178,4,671,77,2023-10-29
2511,108,19,,40,2023-12-31
2512,157,9,334,105,2024-01-30
2513,250,25,381,48,2023-06-27
2514,315,31,310,68,2023-08-07
2515,227,1,544,147,2023-01-30
2516,333,28,172,139,2023-12-03
2517,230,25,260,89,2023-10-17
2518,45,22,585,72,2024-06-30
2519,351,20,875,53,2023-02-04
2520,343,12,308,121,2023-07-23
2521,266,30,-41,45,2023-12-14
2522,107,13,405,38,2023-09-15
2523,34,31,551,150,2023-10-17
2524,348,29,,99,2023-08-17
2525,317,15,48,40,2023-10-27
2526,49,28,891,76,2023-10-04
2527,249,11,746,22,2023-12-22
2528,166,16,867,65,2024-10-20
2529,76,27,733,71,2024-06-27
2530,254,28,426,45,2024-05-22
2531,137,17,866,104,2023-10-29
2532,193,27,211,121,2023-03-03
2533,319,22,583,112,2023-03-08
2534,60,25,,23,2023-06-28
2535,59,28,498,47,2024-01-16
2536,67,31,27,72,2024-02-16
2537,293,2,592,122,2023-02-17
2538,155,5,996,112,2024-03-29
2539,207,29,641,93,2023-10-21
2540,167,7,632,86,2024-06-23
2541,99,3,982,114,2023-06-22
2542,297,22,785,133,2023-11-05
2543,239,2,129,29,2024-01-23
2544,31,25,793,92,2024-05-26
2545,67,4,753,135,2024-10-01
2546,180,29,73,99,2024-04-25
2547,312,9,323,77,2024-08-20
2548,165,5,31,81,2023-04-22
2549,208,8,275,107,2024-09-21
2550,253,32,134,59,2023-12-18
2551,81,4,884,116,2023-03-27
2552,336,12,354,26,2023-10-14
2553,132,5,312,24,2023-04-27
2554,304,6,716,106,2024-11-13
2555,357,18,399,56,2024-04-14
2556,158,33,236,75,2023-09-02
2557,73,7,614,139,2023-05-08
2558,205,34,444,82,2023-08-14
2559,322,10,56,103,2024-12-09
2560,50,13,986,40,2023-08-09
2561,166,7,64,59,2023-04-26
2562,154,23,133,90,2023-06-14
2563,50,18,495,71,2024-08-01
2564,342,18,652,49,2023-01-29
2565,350,8,436,53,2024-08-21
2566,197,31,227,48,2024-12-01
2567,292,15,804,107,2024-09-11
2568,327,15,667,76,2024-05-21
2569,236,8,407,34,2024-03-15
2570,48,7,295,94,2023-05-03
2571,358,10,722,116,2024-02-17
2572,58,29,656,140,2024-07-14
2573,185,34,656,149,2024-03-18
2574,78,20,754,142,2024-03-17
2575,214,23,449,121,2023-02-07
2576,153,10,204,103,2024-05-04
2577,123,13,751,128,2023-04-04
2578,312,3,596,20,2023-11-17
2579,271,7,523,115,2023-03-26
2580,7,34,520,95,2024-06-11
2581,84,22,333,51,2023-02-01
2582,122,1,153,39,2024-06-06
2583,252,8,405,139,2024-06-08
2584,38,25,632,124,2023-07-30
2585,205,15,573,33,2023-10-17
2586,290,9,442,54,2023-07-10
2587,90,32,894,67,2023-12-03
2588,9999,999,-29,118,2023-01-31
2589,175,30,218,84,2023-04-21
2590,346,25,549,119,2024-03-18
2591,135,14,347,34,2023-05-17
2592,322,33,55,63,2024-11-10
2593,57,23,703,67,2024-03-08
2594,101,31,783,138,2023-05-19
2595,78,7,145,144,2023-05-15
2596,163,35,341,87,2023-07-27
2597,41,26,45,145,2024-11-08
2598,326,34,883,53,2023-05-25
2599,280,1,58,70,2023-10-25
2600,73,9,30,110,2024-03-19
2601,155,13,840,30,2023-11-01
2602,238,33,377,37,2023-12-29
2603,205,1,401,55,2024-05-21
2604,253,29,489,145,2024-01-23
2605,8,23,423,48,2024-08-19
2606,264,3,630,68,2023-05-27
2607,150,32,811,143,2023-11-26
2608,4,20,311,39,2023-02-27
2609,346,16,846,22,2023-06-30
2610,339,22,819,31,2023-03-10
2611,106,34,353,40,2024-02-14
2612,47,35,892,118,2024-03-19
2613,154,29,927,113,2024-11-01
2614,249,3,819,42,2023-06-27
2615,34,24,801,138,2024-01-27
2616,188,22,86,44,2024-08-02
2617,213,5,888,147,2024-02-13
2618,48,23,446,118,2023-06-24
2619,297,17,878,42,2023-08-24
2620,170,27,183,67,2023-02-17
2621,50,13,530,89,2023-12-04
2622,250,17,-50,126,2023-10-06
2623,100,9,307,105,2023-12-10
2624,261,15,611,108,2024-09-29
2625,342,8,163,90,2023-09-08
2626,263,3,-33,128,2024-10-05
2627,311,14,249,20,2024-02-06
2628,201,33,389,51,2023-10-30
2629,292,17,,118,2024-09-04
2630,184,4,299,103,2023-09-30
2631,111,30,233,21,2023-03-24
2632,199,32,253,115,2024-05-25
2633,197,34,725,132,2023-03-15
2634,164,33,237,91,2024-02-13
2635,69,18,345,144,2024-07-10
2636,255,16,746,79,2023-08-16
2637,9999,999,-32,134,2024-05-06
2638,58,1,75,29,2024-09-27
2639,266,10,622,103,2023-09-03
2640,117,23,915,37,2023-08-31
2641,99,12,887,20,2024-04-01
2642,351,10,525,118,2024-01-12
2643,213,6,38,52,2024-06-21
2644,234,15,542,44,2024-02-29
2645,247,20,350,20,2024-08-28
2646,300,16,,137,2023-05-23
2647,113,13,193,105,2023-02-03
2648,248,34,50,50,2023-03-27
2649,170,22,-29,124,2023-05-07
2650,307,28,99,118,2023-11-10
2651,279,8,164,94,2024-03-12
2652,273,32,689,64,2023-10-08
2653,161,19,,86,2023-08-16
2654,178,18,401,117,2024-12-26
2655,35,20,952,126,2023-09-12
2656,284,11,383,23,2023-05-03
2657,179,17,488,126,2024-05-12
2658,133,3,546,136,2024-01-25
2659,301,13,443,24,2024-09-30
2660,302,23,,97,2024-10-23
2661,15,4,614,141,2024-01-04
2662,174,12,132,72,2023-06-16
2663,66,33,311,92,2024-11-20
2664,24,29,799,98,2024-06-11
2665,97,22,929,97,2024-09-24
2666,330,12,476,113,2024-06-09
2667,279,35,906,74,2023-07-23
2668,278,22,367,95,2023-08-20
2669,16,12,465,89,2024-06-08
2670,223,20,794,142,2024-01-01
2671,334,30,456,43,2024-09-01
2672,53,25,337,52,2023-06-11
2673,79,7,651,21,2024-11-30
2674,85,6,116,42,2023-07-18
2675,3,17,325,48,2023-11-27
2676,278,14,467,49,2024-03-06
2677,333,35,69,69,2023-01-10
2678,88,16,313,112,2023-10-05
2679,236,26,949,44,2024-09-08
2680,351,2,153,26,2024-04-21
2681,241,18,955,107,2023-08-22
2682,9999,999,-5,125,2024-06-09
2683,169,5,917,59,2023-09-09
2684,70,7,379,139,2023-03-01
2685,242,5,743,101,2024-06-25
2686,119,24,569,71,2024-03-14
2687,357,22,264,121,2024-11-15
2688,33,13,12,86,2024-10-06
2689,239,28,432,105,2024-12-28
2690,321,18,827,84,2023-03-19
2691,68,28,342,61,2023-06-25
2692,261,22,401,34,2023-09-03
2693,147,15,310,64,2023-09-25
2694,285,28,17,47,2023-03-07
2695,251,8,442,138,2023-03-13
2696,196,7,995,27,2024-10-31
2697,104,10,667,105,2023-09-20
2698,164,28,790,125,2023-06-27
2699,226,19,321,76,2023-01-04
2700,335,20,603,140,2024-08-31
2701,290,7,737,60,2023-02-19
2702,358,3,983,54,2023-05-22
2703,206,22,270,82,2024-10-31
2704,311,31,646,46,2023-04-07
2705,78,25,918,148,2023-10-26
2706,358,11,357,32,2023-10-11
2707,203,22,446,120,2023-12-11
2708,95,23,77,113,2024-03-11
2709,28,5,923,38,2023-05-28
2710,21,14,775,114,2023-06-28
2711,94,12,152,88,2023-10-31
2712,52,3,679,103,2023-04-07
2713,267,24,192,106,2023-07-10
2714,218,6,659,131,2023-11-26
2715,6,33,169,110,2024-05-18
2716,89,23,456,108,2024-01-03
2717,277,8,350,42,2024-12-06
2718,275,22,336,109,2024-08-18
2719,220,3,376,144,2023-09-25
2720,235,24,996,102,2023-02-27
2721,290,1,110,20,2023-12-17
2722,2,22,227,44,2023-07-24
2723,356,22,546,100,2023-03-03
2724,139,24,657,70,2024-06-07
2725,190,14,521,78,2024-04-09
2726,256,3,525,123,2024-08-13
2727,102,10,245,124,2024-03-08
2728,301,20,589,61,2023-10-07
2729,102,32,900,31,2024-04-10
2730,250,11,925,150,2023-11-30
2731,161,1,807,101,2024-02-18
2732,220,34,,76,2024-06-27
2733,216,22,596,150,2024-11-07
2734,48,35,662,75,2024-06-24
2735,160,26,980,104,2023-12-22
2736,325,31,543,77,2023-01-31
2737,308,5,207,28,2024-02-21
2738,159,33,992,31,2024-12-27
2739,67,30,266,135,2024-05-17
2740,181,10,128,138,2024-06-08
2741,201,3,967,47,2023-02-03
2742,74,33,799,101,2024-06-16
2743,174,10,766,109,2023-12-09
2744,119,32,772,96,2024-12-23
2745,164,27,92,33,2024-04-27
2746,342,4,391,25,2023-07-08
2747,56,22,307,74,2024-07-01
2748,281,31,685,146,2023-01-13
2749,150,6,171,63,2023-09-30
2750,151,28,-36,71,2024-01-10
2751,204,31,213,124,2024-04-08
2752,31,35,499,149,2023-11-25
2753,248,31,176,109,2023-10-01
2754,303,25,351,49,2024-07-01
2755,163,24,47,34,2023-11-01
2756,134,28,679,52,2023-03-04
2757,327,21,67,120,2024-08-21
2758,209,23,209,118,2023-05-20
2759,352,30,795,83,2024-12-08
2760,11,5,863,24,2024-12-19
2761,225,8,478,90,2023-01-26
2762,59,2,922,105,2023-06-05
2763,9999,999,-43,54,2024-05-04
2764,7,31,276,107,2023-11-26
2765,41,4,846,128,2023-01-11
2766,42,32,57,103,2023-02-03
2767,252,23,721,36,2024-01-25
2768,105,26,830,113,2023-01-05
2769,130,10,959,80,2024-10-27
2770,161,6,921,107,2023-06-25
2771,248,20,603,107,2024-10-17
2772,352,13,194,89,2023-02-28
2773,180,9,522,29,2023-02-17
2774,299,35,543,124,2024-02-25
2775,304,8,514,135,2023-08-09
2776,161,21,138,71,2024-11-29
2777,248,12,195,24,2023-05-22
2778,287,27,510,149,2023-12-25
2779,53,7,575,62,2024-04-14
2780,51,34,603,35,2023-08-19
2781,224,30,557,87,2023-05-08
2782,283,18,900,86,2023-01-23
2783,76,27,916,38,2024-02-05
2784,318,19,665,42,2023-07-05
2785,111,32,517,26,2024-04-25
2786,145,7,293,65,2023-05-13
2787,268,18,532,117,2024-07-11
2788,39,11,,114,2023-04-16
2789,176,33,14,51,2024-10-23
2790,117,28,741,35,2023-12-11
2791,350,14,613,84,2024-01-12
2792,3,5,413,53,2024-04-09
2793,128,14,415,111,2023-03-14
2794,197,5,898,133,2024-11-27
2795,180,32,,127,2024-01-16
2796,154,16,512,125,2023-11-01
2797,16,9,56,50,2024-10-28
2798,30,17,819,22,2023-06-04
2799,167,23,54,68,2024-07-17
2800,308,1,656,34,2023-08-10
2801,10,16,354,123,2024-02-24
2802,253,6,738,63,2024-07-02
2803,154,1,722,72,2024-01-18
2804,237,21,635,146,2024-02-27
2805,43,21,44,49,2023-01-03
2806,38,23,57,39,2023-08-26
2807,102,12,857,80,2023-01-06
2808,132,11,852,28,2024-04-24
2809,184,3,60,123,2024-09-21
2810,40,5,538,28,2024-08-06
2811,4,21,806,104,2024-02-04
2812,234,22,614,42,2023-02-11
2813,254,23,264,90,2023-10-15
2814,6,4,757,59,2024-01-28
2815,215,34,588,97,2024-02-25
2816,308,4,773,124,2024-06-15
2817,205,8,760,36,2024-10-19
2818,347,35,174,136,2023-06-03
2819,214,19,975,114,2023-08-13
2820,52,28,86,31,2023-12-09
2821,334,34,339,42,2024-04-18
2822,253,9,287,90,2024-04-09
2823,68,30,345,150,2023-08-22
2824,253,32,734,146,2023-02-08
2825,127,14,55,93,2023-07-23
2826,15,16,452,47,2023-09-05
2827,31,3,634,142,2024-03-24
2828,151,4,503,37,2023-10-13
2829,124,11,,113,2023-10-21
2830,48,5,346,62,2023-05-06
2831,163,16,124,80,2023-07-02
2832,203,2,310,66,2024-08-17
2833,222,15,131,128,2023-06-10
2834,95,7,562,29,2023-04-13
2835,260,31,988,71,2024-06-17
2836,320,20,315,134,2023-06-05
2837,198,31,926,48,2024-03-29
2838,283,4,25,128,2023-04-09
2839,65,10,136,82,2023-02-01
2840,168,13,658,111,2023-09-13
2841,20,25,446,69,2024-02-12
2842,3,15,513,131,2023-06-30
2843,14,21,789,118,2024-11-08
2844,340,28,70,35,2023-04-26
2845,58,29,973,52,2024-05-22
2846,55,18,256,66,2024-04-17
2847,54,35,274,66,2023-03-15
2848,352,3,399,138,2024-10-24
2849,318,20,577,54,2024-03-10
2850,241,18,265,135,2023-08-16
2851,235,9,783,136,2024-05-22
2852,201,25,183,109,2023-11-10
2853,89,29,117,33,2023-06-10
2854,181,2,709,146,2023-07-18
2855,211,9,,57,2023-02-20
2856,327,5,996,134,2024-08-01
2857,5,23,154,150,2024-06-01
2858,71,22,601,37,2024-02-18
2859,192,27,435,128,2024-09-05
2860,62,14,604,135,2024-04-02
2861,291,28,259,24,2024-06-09
2862,80,27,589,32,2023-02-21
2863,16,1,131,33,2023-03-11
2864,118,9,339,78,2024-01-17
2865,275,32,619,125,2023-12-25
2866,151,3,624,98,2024-09-21
2867,178,21,8,148,2024-03-24
2868,207,2,156,76,2024-01-23
2869,280,20,808,43,2023-07-18
2870,81,6,154,80,2024-11-08
2871,94,29,158,87,2023-07-12
2872,134,26,,138,2023-07-05
2873,198,27,824,121,2023-06-05
2874,231,8,771,105,2023-07-20
2875,128,16,184,117,2023-06-24
2876,319,29,604,132,2023-04-03
2877,34,8,441,46,2024-12-25
2878,184,33,426,133,2023-07-28
2879,13,26,778,126,2024-08-23
2880,21,31,940,132,2024-05-18
2881,104,17,448,83,2024-02-28
2882,258,18,463,100,2024-06-16
2883,93,24,300,50,2024-09-18
2884,339,16,642,66,2023-10-16
2885,77,35,724,118,2024-03-24
2886,196,32,108,78,2023-10-30
2887,245,1,560,149,2023-05-22
2888,210,34,508,47,2024-07-18
2889,167,11,166,50,2023-03-22
2890,23,2,916,142,2024-12-05
2891,53,9,,60,2023-06-28
2892,337,24,504,57,2024-08-31
2893,97,6,733,80,2023-05-13
2894,9999,999,-35,130,2023-04-20
2895,142,18,693,56,2024-02-22
2896,343,1,380,137,2024-07-19
2897,204,30,676,89,2024-06-12
2898,71,13,634,83,2023-10-21
2899,154,30,516,73,2024-06-12
2900,196,20,676,67,2024-11-28
2901,285,21,670,27,2023-06-12
2902,323,17,145,26,2024-06-16
2903,307,24,507,115,2024-12-24
2904,346,16,-45,62,2023-09-10
2905,83,16,97,57,2024-04-22
2906,232,27,892,83,2023-10-19
2907,94,32,114,73,2023-02-19
2908,140,7,25,78,2024-02-21
2909,263,20,728,57,2023-01-08
2910,60,14,965,129,2024-05-05
2911,137,15,265,43,2024-04-11
2912,171,28,918,58,2024-02-25
2913,16,18,739,118,2023-05-01
2914,35,10,602,118,2024-04-10
2915,25,11,118,135,2024-04-02
2916,64,10,510,31,2023-11-22
2917,329,31,73,138,2024-07-19
2918,183,14,139,141,2023-09-26
2919,78,19,919,101,2023-10-06
2920,195,7,378,79,2024-01-28
2921,72,19,459,66,2023-07-13
2922,236,8,228,78,2023-04-10
2923,179,24,546,84,2023-01-29
2924,50,20,692,130,2024-05-25
2925,129,32,456,106,2023-04-09
2926,164,33,808,51,2023-02-26
2927,230,6,536,147,2024-07-11
2928,325,25,532,48,2024-10-29
2929,34,25,266,33,2024-09-11
2930,194,19,39,96,2023-10-06
2931,56,31,185,26,2023-11-19
2932,353,9,227,41,2023-01-02
2933,17,33,365,63,2024-08-04
2934,205,13,597,112,2023-05-15
2935,357,10,29,56,2024-08-27
2936,183,6,706,46,2023-04-27
2937,208,28,100,142,2023-01-21
2938,56,14,227,126,2023-06-15
2939,232,30,1,72,2023-01-24
2940,220,25,896,141,2023-06-10
2941,242,11,82,136,2024-03-25
2942,330,13,10,100,2024-04-15
2943,173,26,880,127,2024-08-20
2944,26,28,180,53,2023-12-21
2945,143,3,139,141,2024-01-19
2946,298,13,387,144,2024-06-12
2947,188,9,666,31,2024-01-29
2948,76,1,173,79,2024-01-07
2949,333,13,226,138,2024-02-20
2950,107,28,750,102,2024-01-02
2951,281,5,,106,2023-01-03
2952,55,2,42,127,2024-02-20
2953,22,24,145,58,2023-08-21
2954,216,34,304,128,2024-02-26
2955,111,33,310,106,2024-05-24
2956,243,1,511,137,2024-05-06
2957,108,32,614,76,2024-09-10
2958,345,28,221,59,2024-11-18
2959,43,3,850,66,2024-12-18
2960,58,4,445,102,2023-10-29
2961,331,8,482,79,2023-01-28
2962,234,35,599,96,2023-07-07
2963,18,7,798,124,2024-05-23
2964,225,35,559,115,2023-05-27
2965,203,29,144,31,2024-10-27
2966,241,24,703,106,2023-01-20
2967,337,5,536,85,2023-11-09
2968,251,15,491,105,2023-06-18
2969,312,31,391,136,2024-10-07
2970,212,6,349,22,2023-12-22
2971,292,2,556,34,2023-01-26
2972,88,33,116,98,2024-02-06
2973,299,19,390,49,2023-08-28
2974,109,25,110,60,2024-01-24
2975,64,16,640,118,2024-09-02
2976,74,26,222,41,2024-01-28
2977,183,13,,140,2024-02-11
2978,57,29,296,55,2024-02-10
2979,331,16,298,32,2023-05-24
2980,325,26,459,47,2024-10-25
2981,81,13,663,60,2023-06-13
2982,34,29,112,30,2024-05-08
2983,47,26,713,39,2024-01-21
2984,106,28,650,42,2024-06-24
2985,236,22,881,105,2024-08-17
2986,221,1,768,127,2024-12-17
2987,295,9,227,72,2024-10-23
2988,166,19,509,48,2024-09-07
2989,317,25,178,36,2023-06-08
2990,308,12,501,114,2023-11-01
2991,129,24,70,51,2024-03-02
2992,251,21,427,101,2024-03-01
2993,289,21,320,115,2023-07-17
2994,198,22,5,112,2023-04-19
2995,346,31,651,26,2024-01-31
2996,241,27,10,89,2024-11-06
2997,293,2,697,39,2024-03-29
2998,122,16,218,149,2024-05-01
2999,36,26,819,30,2023-09-13
3000,207,17,331,142,2024-05-18
3001,261,18,604,125,2024-04-26
3002,176,24,866,34,2023-09-14
3003,65,8,203,53,2024-11-09
3004,46,9,268,79,2024-03-04
3005,303,10,,93,2023-02-25
3006,292,8,386,142,2023-12-11
3007,303,23,187,127,2023-07-30
3008,340,5,-42,118,2024-01-31
3009,103,6,284,63,2023-04-04
3010,187,10,645,68,2024-04-08
3011,337,18,,63,2023-11-21
3012,308,5,317,138,2024-11-28
3013,319,33,57,49,2023-10-18
3014,39,22,638,98,2024-11-09
3015,137,28,978,27,2023-03-23
3016,228,6,322,138,2024-03-18
3017,338,22,428,102,2024-07-29
3018,351,12,832,21,2023-10-23
3019,60,5,262,137,2024-06-29
3020,284,21,686,60,2023-10-07
3021,127,18,351,81,2024-08-28
3022,203,33,59,117,2023-01-26
3023,137,25,609,139,2024-01-04
3024,260,23,110,61,2024-10-18
3025,9999,999,,54,2024-03-29
3026,350,23,152,87,2023-06-24
3027,138,18,758,112,2024-09-03
3028,94,19,676,136,2023-08-24
3029,37,14,792,69,2023-12-06
3030,140,35,405,37,2024-02-14
3031,214,27,120,58,2024-02-07
3032,240,29,415,107,2023-06-21
3033,241,7,917,59,2023-11-06
3034,181,24,81,75,2023-09-29
3035,20,30,700,48,2024-10-21
3036,91,13,402,41,2023-03-30
3037,327,30,428,49,2023-03-03
3038,315,35,984,58,2024-11-25
3039,1,7,110,29,2023-10-29
3040,176,19,184,88,2023-11-20
3041,17,27,309,124,2023-04-26
3042,261,22,-38,96,2024-03-25
3043,221,11,671,51,2024-07-14
3044,21,29,78,34,2023-10-13
3045,99,11,457,89,2023-09-10
3046,147,26,747,30,2024-08-25
3047,285,1,691,43,2024-09-29
3048,305,21,,67,2023-10-20
3049,212,31,32,142,2024-09-10
3050,279,1,969,23,2023-04-21
3051,56,33,167,21,2024-10-19
3052,188,35,933,47,2024-04-03
3053,131,5,394,44,2023-03-15
3054,9999,999,-31,75,2023-06-26
3055,281,15,809,47,2024-02-10
3056,137,35,646,78,2024-04-27
3057,97,26,832,116,2023-02-21
3058,265,8,587,101,2023-03-16
3059,17,3,736,40,2023-03-22
3060,57,22,611,79,2024-04-18
3061,101,4,826,130,2023-06-30
3062,181,34,463,129,2024-12-31
3063,277,16,906,35,2023-03-13
3064,43,27,929,142,2023-07-19
3065,85,32,,59,2023-10-17
3066,331,10,58,29,2023-03-30
3067,290,27,228,99,2023-06-28
3068,183,20,,141,2023-04-09
3069,162,31,376,83,2023-10-27
3070,228,2,214,149,2024-01-21
3071,49,33,863,44,2024-11-18
3072,233,15,2,110,2024-03-13
3073,79,14,742,146,2023-03-03
3074,93,27,227,83,2023-06-30
3075,146,26,490,111,2023-09-29
3076,302,31,885,24,2024-07-12
3077,261,22,864,116,2023-05-02
3078,87,9,707,115,2024-04-12
3079,328,20,804,57,2024-12-18
3080,281,19,159,103,2023-02-25
3081,9999,999,-40,35,2024-02-29
3082,32,14,138,102,2024-09-01
3083,288,19,29,29,2024-11-20
3084,183,1,210,58,2024-12-25
3085,326,21,977,146,2023-03-11
3086,66,34,408,117,2024-12-19
3087,234,24,884,104,2024-10-28
3088,112,24,47,80,2023-08-23
3089,12,9,134,129,2024-07-29
3090,223,18,555,24,2023-02-28
3091,329,6,761,56,2023-11-03
3092,306,31,901,120,2023-02-19
3093,357,34,345,149,2023-10-23
3094,102,2,450,150,2024-08-22
3095,9999,999,-16,120,2024-10-10
3096,233,23,925,125,2024-10-22
3097,185,15,660,59,2023-08-15
3098,108,25,370,128,2023-12-27
3099,244,24,358,26,2024-03-30
3100,206,26,919,61,2023-11-22
3101,259,8,886,29,2024-09-16
3102,41,28,549,38,2024-09-09
3103,65,12,155,61,2023-04-10
3104,324,5,587,142,2023-06-14
3105,6,6,721,150,2024-12-01
3106,19,5,-36,148,2023-05-19
3107,54,16,98,94,2023-10-26
3108,282,9,762,83,2023-03-16
3109,219,22,431,49,2023-10-08
3110,316,7,632,142,2023-10-21
3111,360,6,389,67,2024-08-29
3112,243,15,394,124,2024-09-06
3113,137,28,946,70,2024-02-03
3114,105,6,852,82,2024-01-05
3115,166,15,224,72,2024-02-24
3116,297,11,142,126,2024-01-04
3117,278,33,775,51,2024-03-11
3118,249,13,558,97,2023-01-20
3119,58,10,278,147,2023-03-13
3120,298,22,0,106,2024-12-11
3121,211,28,327,145,2023-03-27
3122,166,26,156,81,2024-09-21
3123,4,18,902,147,2024-10-07
3124,24,26,172,130,2024-06-23
3125,149,6,245,54,2024-12-15
3126,128,7,366,70,2023-08-28
3127,9999,999,-49,111,2023-10-26
3128,222,24,519,144,2024-06-26
3129,248,23,682,87,2023-02-22
3130,268,18,952,69,2023-05-24
3131,334,20,944,124,2024-02-15
3132,115,19,417,121,2024-08-01
3133,196,35,712,121,2023-09-03
3134,170,21,381,39,2024-01-31
3135,128,8,33,89,2023-08-13
3136,160,16,195,59,2023-08-18
3137,182,27,952,53,2023-08-03
3138,205,24,,29,2024-05-26
3139,5,25,526,73,2024-06-16
3140,160,30,622,127,2023-03-04
3141,92,32,48,138,2023-11-06
3142,144,6,206,25,2023-10-18
3143,228,21,717,72,2024-12-20
3144,61,5,637,106,2024-05-24
3145,201,10,281,63,2024-10-21
3146,167,33,594,76,2024-03-02
3147,321,17,370,143,2024-06-28
3148,17,4,161,74,2023-02-25
3149,167,3,30,70,2023-08-13
3150,171,25,446,23,2024-11-05
3151,156,31,702,131,2023-06-13
3152,9999,999,-18,112,2023-01-25
3153,302,12,965,67,2024-02-02
3154,137,25,182,59,2024-07-19
3155,85,18,637,144,2024-02-27
3156,23,25,385,102,2024-04-28
3157,40,19,597,113,2023-08-12
3158,94,15,545,59,2024-06-09
3159,142,7,376,29,2024-11-29
3160,114,7,857,107,2023-12-19
3161,7,10,889,61,2024-07-19
3162,231,24,113,33,2024-09-28
3163,215,20,789,28,2024-10-30
3164,89,1,617,147,2024-05-03
3165,13,7,531,58,2024-09-29
3166,94,16,623,45,2023-11-08
3167,312,35,164,109,2024-06-07
3168,228,3,722,35,2024-11-17
3169,191,33,54,30,2023-06-29
3170,200,34,412,120,2024-04-22
3171,16,18,243,63,2024-01-09
3172,345,35,279,87,2023-09-28
3173,208,11,647,116,2024-10-18
3174,301,33,606,110,2023-12-03
3175,351,16,445,56,2024-05-09
3176,168,24,592,52,2023-01-15
3177,20,3,212,107,2024-04-01
3178,228,6,870,125,2024-02-18
3179,85,6,762,85,2023-10-14
3180,71,9,,35,2024-11-15
3181,185,34,73,145,2024-02-16
3182,357,9,484,150,2023-12-30
3183,272,29,949,66,2023-08-24
3184,309,21,507,54,2023-04-12
3185,109,33,652,119,2024-08-07
3186,296,14,314,88,2023-12-15
3187,314,5,630,103,2024-04-26
3188,338,22,96,69,2023-10-09
3189,294,12,797,119,2024-05-26
3190,208,28,195,58,2023-04-05
3191,9999,999,,87,2023-12-20
3192,341,7,187,93,2023-09-03
3193,114,29,472,140,2024-09-20
3194,45,28,607,41,2024-07-30
3195,142,17,219,60,2023-12-05
3196,259,20,182,26,2023-12-24
3197,189,4,689,51,2024-08-02
3198,23,6,734,103,2023-05-13
3199,187,7,992,103,2024-08-16
3200,194,19,752,77,2024-05-14
3201,327,6,589,131,2023-01-11
3202,143,34,220,78,2023-10-09
3203,347,15,4,79,2024-05-06
3204,252,35,453,20,2023-11-26
3205,317,34,673,26,2023-11-07
3206,264,22,652,55,2023-02-05
3207,303,19,473,21,2024-08-15
3208,316,32,294,52,2024-05-30
3209,139,11,990,33,2023-10-28
3210,152,11,193,120,2023-03-13
3211,127,8,247,86,2024-11-03
3212,39,27,414,132,2023-06-17
3213,120,6,882,53,2023-06-17
3214,31,4,489,42,2024-02-01
3215,179,26,213,106,2024-11-10
3216,152,10,21,113,2024-02-23
3217,87,26,11,102,2023-03-11
3218,90,29,239,115,2024-01-09
3219,193,21,185,119,2023-02-26
3220,59,30,,111,2024-06-22
3221,194,27,635,103,2024-03-01
3222,73,33,168,42,2024-02-19
3223,43,22,899,23,2023-05-29
3224,66,31,205,119,2023-12-15
3225,160,7,613,37,2024-03-29
3226,318,23,364,142,2024-09-11
3227,92,27,734,145,2023-12-02
3228,110,17,630,142,2024-07-06
3229,133,14,571,74,2024-02-15
3230,248,20,140,44,2023-04-04
3231,86,35,940,58,2024-07-10
3232,301,34,356,56,2024-03-01
3233,95,14,433,85,2023-12-20
3234,248,30,396,81,2023-12-16
3235,242,24,348,82,2023-12-27
3236,74,25,434,83,2024-07-03
3237,60,21,658,49,2024-08-10
3238,27,12,711,144,2023-03-25
3239,155,18,384,109,2023-07-12
3240,42,34,606,102,2023-05-03
3241,259,35,424,77,2024-05-28
3242,359,7,155,23,2024-09-16
3243,120,32,144,87,2023-09-12
3244,200,9,9,73,2024-04-16
3245,333,7,572,88,2023-06-15
3246,89,29,405,47,2024-10-18
3247,286,16,942,95,2023-04-06
3248,320,1,489,137,2024-01-21
3249,266,3,64,82,2023-06-24
3250,238,30,920,108,2023-11-27
3251,274,24,338,59,2024-12-04
3252,285,18,-38,84,2023-06-02
3253,239,34,-15,110,2024-12-06
3254,249,32,770,72,2023-01-29
3255,183,26,150,129,2024-09-03
3256,177,35,40,149,2024-05-27
3257,334,1,970,110,2024-01-05
3258,87,8,744,68,2023-09-13
3259,200,26,916,54,2024-02-15
3260,21,4,882,38,2024-02-13
3261,93,21,830,44,2024-06-24
3262,320,33,482,129,2023-01-03
3263,102,28,714,133,2023-09-01
3264,167,24,980,119,2024-10-20
3265,3,21,556,146,2023-02-18
3266,102,22,23,37,2023-04-30
3267,187,7,99,99,2023-06-23
3268,262,8,892,115,2023-05-15
3269,239,32,,103,2023-03-26
3270,80,3,503,21,2024-07-23
3271,220,30,102,147,2024-11-04
3272,59,1,76,148,2023-01-16
3273,324,32,540,147,2023-12-28
3274,318,14,965,128,2024-10-08
3275,271,9,27,92,2023-04-02
3276,57,34,17,98,2023-12-12
3277,239,13,318,127,2023-04-22
3278,93,23,999,92,2023-03-16
3279,57,4,183,87,2024-11-06
3280,45,23,396,83,2024-10-28
3281,139,12,950,55,2023-06-27
3282,312,11,786,146,2024-05-22
3283,121,14,1000,106,2024-09-04
3284,175,29,919,28,2023-11-18
3285,175,27,908,120,2023-01-14
3286,159,10,859,101,2024-03-22
3287,161,3,849,113,2024-06-28
3288,135,8,816,68,2024-12-29
3289,255,28,50,49,2024-03-29
3290,292,5,933,47,2023-08-13
3291,192,4,547,121,2023-08-06
3292,23,30,902,118,2024-05-13
3293,327,7,339,70,2024-08-18
3294,267,22,140,81,2024-06-17
3295,236,19,680,136,2024-04-29
3296,29,7,728,137,2023-07-06
3297,344,26,785,48,2024-10-28
3298,73,4,164,93,2023-03-30
3299,284,1,924,27,2023-08-19
3300,183,8,553,78,2023-07-27
3301,177,23,734,146,2024-03-31
3302,196,20,427,90,2023-03-20
3303,135,29,644,88,2024-03-03
3304,64,19,475,82,2024-12-10
3305,134,14,871,54,2023-01-12
3306,171,10,396,107,2024-09-18
3307,84,17,514,29,2023-11-03
3308,301,1,192,120,2023-06-16
3309,18,9,125,57,2023-02-26
3310,231,29,366,125,2024-10-19
3311,166,24,780,56,2023-12-30
3312,107,22,208,52,2024-01-12
3313,85,8,149,139,2023-09-12
3314,117,25,456,121,2024-12-07
3315,105,3,819,148,2024-04-18
3316,330,7,500,43,2024-02-03
3317,231,26,87,33,2023-05-03
3318,317,31,234,113,2024-04-20
3319,12,8,136,65,2024-08-04
3320,81,12,493,145,2023-12-29
3321,235,4,157,93,2023-10-12
3322,165,23,150,60,2023-09-02
3323,353,13,134,125,2023-07-01
3324,55,5,,119,2023-01-16
3325,8,30,868,130,2024-03-22
3326,103,23,493,78,2024-10-06
3327,268,18,312,84,2023-01-10
3328,322,4,933,43,2024-12-21
3329,299,7,340,58,2024-05-07
3330,90,23,149,39,2023-07-05
3331,55,28,966,24,2023-06-30
3332,168,32,362,48,2024-10-04
3333,341,12,772,55,2024-12-10
3334,149,2,613,57,2023-04-27
3335,240,32,735,47,2024-10-29
3336,253,31,779,71,2024-08-19
3337,192,5,214,67,2023-02-09
3338,205,13,84,57,2024-06-20
3339,241,27,653,74,2024-11-26
3340,211,10,668,71,2024-11-06
3341,143,6,527,104,2024-04-28
3342,114,4,521,110,2024-07-11
3343,261,13,183,96,2023-12-04
3344,149,22,588,28,2023-01-26
3345,261,4,208,82,2023-07-17
3346,9999,999,-10,149,2023-08-16
3347,239,15,7,38,2023-03-29
3348,9999,999,-2,137,2024-07-02
3349,31,4,411,29,2024-12-02
3350,127,21,858,148,2024-08-27
3351,332,32,658,32,2023-08-25
3352,344,12,508,47,2023-09-29
3353,341,9,217,20,2024-08-07
3354,32,20,945,146,2024-01-15
3355,224,20,-43,138,2023-02-06
3356,200,29,105,133,2023-10-15
3357,303,13,468,91,2024-03-31
3358,290,35,892,52,2024-01-02
3359,62,2,949,104,2023-03-05
3360,256,35,532,51,2024-12-17
3361,46,11,198,137,2024-09-13
3362,55,13,837,47,2024-10-17
3363,8,33,125,70,2023-01-31
3364,206,30,16,97,2024-09-04
3365,269,30,83,43,2024-12-08
3366,28,23,543,27,2023-02-20
3367,97,6,-16,106,2024-02-10
3368,349,22,219,64,2024-03-18
3369,117,7,243,57,2024-07-08
3370,222,35,759,34,2024-10-22
3371,207,15,983,104,2024-04-28
3372,254,30,88,142,2024-10-12
3373,174,21,38,93,2023-01-13
3374,182,20,695,149,2024-09-22
3375,146,34,339,128,2023-12-31
3376,21,32,349,122,2024-12-02
3377,307,19,620,83,2024-03-07
3378,131,22,540,121,2024-04-28
3379,110,27,156,109,2024-04-22
3380,303,18,96,131,2023-12-15
3381,206,27,855,84,2023-02-26
3382,158,20,83,54,2024-03-01
3383,135,8,265,114,2023-02-01
3384,269,1,783,101,2024-03-28
3385,139,7,574,34,2024-11-25
3386,23,19,393,148,2023-01-31
3387,75,14,582,68,2024-05-26
3388,216,1,308,43,2023-10-02
3389,195,22,847,85,2024-11-10
3390,55,14,208,147,2023-06-06
3391,9999,999,-10,113,2023-04-02
3392,181,11,238,74,2023-07-01
3393,271,27,19,70,2024-07-08
3394,98,11,158,42,2024-12-02
3395,207,8,705,75,2024-10-06
3396,308,32,841,105,2024-11-20
3397,150,12,513,125,2024-10-17
3398,185,21,18,95,2023-11-27
3399,307,19,172,86,2024-07-07
3400,165,16,303,84,2024-12-20
3401,301,11,513,39,2024-07-20
3402,246,21,527,50,2023-11-11
3403,108,32,961,110,2024-06-13
3404,196,31,905,88,2024-12-21
3405,220,17,861,143,2023-06-21
3406,121,18,486,146,2024-11-18
3407,311,26,328,53,2024-12-22
3408,173,28,172,63,2024-10-10
3409,153,18,31,118,2023-04-05
3410,100,24,,88,2024-08-15
3411,189,12,,55,2024-10-31
3412,350,20,770,106,2023-09-29
3413,329,15,293,105,2023-10-26
3414,258,31,,107,2024-10-28
3415,9999,999,-37,43,2023-06-02
3416,67,34,46,121,2024-09-17
3417,251,18,203,70,2023-11-01
3418,21,28,190,128,2023-02-19
3419,11,8,4,80,2024-01-27
3420,256,24,451,30,2024-02-28
3421,356,25,342,113,2023-11-17
3422,222,26,426,78,2023-07-19
3423,62,9,312,119,2024-06-12
3424,210,32,413,55,2024-06-01
3425,242,29,10,69,2023-06-17
3426,280,25,503,102,2024-09-14
3427,167,11,214,98,2023-10-02
3428,304,28,890,92,2023-08-03
3429,262,35,712,28,2024-10-04
3430,340,22,764,110,2024-10-18
3431,254,15,164,128,2023-05-19
3432,37,9,965,61,2024-07-29
3433,349,28,801,37,2024-02-06
3434,29,35,340,83,2023-09-01
3435,301,33,550,83,2024-10-02
3436,156,4,670,149,2024-04-06
3437,210,31,,93,2024-12-04
3438,265,22,126,122,2024-02-06
3439,217,18,608,108,2024-04-07
3440,94,22,151,69,2023-05-24
3441,8,29,-6,118,2024-12-24
3442,347,10,232,57,2023-01-13
3443,88,5,836,97,2023-02-02
3444,316,28,565,42,2024-04-30
3445,9999,999,-16,107,2023-04-23
3446,162,19,304,64,2023-06-05
3447,283,28,359,47,2024-01-28
3448,274,12,470,123,2023-01-18
3449,16,24,588,126,2023-01-29
3450,354,34,200,150,2024-05-22
3451,351,18,575,100,2024-10-26
3452,300,18,179,57,2024-03-26
3453,39,8,623,22,2023-06-07
3454,329,5,621,108,2024-06-02
3455,205,35,201,72,2024-05-24
3456,287,9,994,44,2023-06-05
3457,112,35,880,45,2024-03-13
3458,337,2,544,58,2024-08-30
3459,305,35,524,28,2023-07-15
3460,69,28,457,76,2023-08-16
3461,113,28,,105,2024-02-07
3462,186,27,21,91,2024-08-06
3463,135,34,253,122,2024-06-26
3464,254,14,38,91,2023-05-03
3465,71,22,532,103,2024-02-05
3466,124,1,2,124,2023-05-29
3467,296,6,302,76,2024-05-06
3468,167,23,410,86,2023-11-29
3469,131,33,256,48,2024-01-09
3470,360,31,297,100,2023-02-13
3471,339,23,196,110,2024-10-27
3472,95,13,,144,2024-07-20
3473,244,27,406,62,2023-05-07
3474,261,33,568,43,2023-05-12
3475,28,32,278,36,2024-01-01
3476,174,16,346,96,2023-10-21
3477,132,25,42,30,2023-11-16
3478,214,33,984,58,2024-10-22
3479,348,31,83,24,2024-11-28
3480,198,31,331,86,2023-05-06
3481,104,22,-12,79,2023-10-10
3482,36,5,863,39,2023-03-16
3483,11,23,294,21,2023-12-09
3484,346,4,806,142,2023-01-20
3485,158,17,362,39,2023-09-22
3486,311,19,179,150,2023-06-16
3487,259,25,-40,49,2023-07-03
3488,123,10,478,118,2023-06-14
3489,318,28,820,138,2024-07-12
3490,288,9,441,142,2023-02-18
3491,31,16,920,36,2024-08-22
3492,130,10,24,83,2024-05-19
3493,105,28,981,143,2024-01-30
3494,311,1,284,138,2023-05-22
3495,303,21,136,138,2024-08-24
3496,172,2,125,21,2023-08-08
3497,296,3,998,122,2023-04-04
3498,216,16,982,65,2024-08-11
3499,183,22,4,64,2024-01-02
3500,86,3,767,113,2023-09-26
3501,303,31,601,114,2024-05-27
3502,187,9,923,143,2023-12-02
3503,231,3,950,66,2024-06-14
3504,153,25,499,21,2024-04-11
3505,129,2,977,73,2023-03-05
3506,285,2,994,109,2024-04-30
3507,48,9,457,41,2024-10-03
3508,213,32,904,39,2024-05-23
3509,9999,999,-20,112,2023-09-01
3510,241,16,251,104,2024-06-04
3511,207,19,645,118,2024-12-07
3512,18,35,324,23,2023-12-03
3513,173,15,832,74,2024-04-28
3514,251,19,817,32,2024-07-19
3515,233,2,784,106,2023-12-01
3516,226,3,926,116,2024-04-26
3517,252,19,351,70,2024-11-17
3518,139,8,-37,104,2023-10-16
3519,251,15,853,119,2023-12-12
3520,145,15,812,62,2023-04-25
3521,133,14,283,59,2024-04-22
3522,26,24,979,62,2024-07-09
3523,75,16,924,93,2023-12-18
3524,174,26,384,56,2023-07-14
3525,284,26,558,97,2024-01-09
3526,4,30,366,21,2023-08-09
3527,192,32,945,90,2024-07-24
3528,288,15,342,113,2023-01-31
3529,276,6,20,147,2024-07-28
3530,21,9,142,82,2024-04-08
3531,110,24,337,116,2023-07-26
3532,42,12,498,143,2023-11-26
3533,79,27,70,108,2024-06-30
3534,122,9,811,74,2024-04-22
3535,284,21,326,88,2023-08-04
3536,4,22,448,114,2023-02-21
3537,94,16,582,57,2023-09-16
3538,80,29,35,78,2024-01-25
3539,332,24,942,76,2024-10-08
3540,94,8,774,146,2024-01-24
3541,9999,999,-46,71,2024-07-18
3542,292,34,811,135,2023-06-08
3543,352,1,592,36,2023-06-30
3544,146,21,827,90,2024-03-18
3545,272,9,951,62,2024-03-27
3546,41,28,44,136,2023-02-10
3547,181,11,930,139,2024-10-18
3548,213,3,239,51,2023-07-25
3549,202,9,590,34,2023-08-30
3550,259,25,749,52,2023-02-03
3551,322,14,897,136,2024-10-07
3552,11,25,608,105,2023-12-17
3553,54,15,788,132,2023-03-09
3554,212,35,968,119,2024-04-23
3555,196,13,661,113,2024-05-06
3556,9999,999,-33,112,2023-06-20
3557,203,21,971,98,2024-04-06
3558,92,15,25,127,2024-12-20
3559,43,6,145,35,2023-08-26
3560,14,6,548,60,2023-03-30
3561,294,13,561,136,2023-05-02
3562,196,5,688,104,2024-07-24
3563,104,32,789,126,2024-11-07
3564,233,26,291,107,2023-02-07
3565,283,11,80,123,2024-03-31
3566,177,18,567,100,2023-09-06
3567,11,30,545,81,2023-11-09
3568,73,21,341,123,2024-09-29
3569,307,3,627,113,2023-06-15
3570,30,18,275,107,2023-08-26
3571,49,18,976,131,2024-02-08
3572,219,16,503,71,2023-03-31
3573,222,11,416,110,2023-06-10
3574,287,18,410,148,2024-02-09
3575,158,8,427,39,2023-11-24
3576,228,32,240,75,2024-03-04
3577,224,31,663,125,2024-10-25
3578,240,35,586,136,2023-08-16
3579,49,11,305,55,2024-09-18
3580,9999,999,-3,120,2024-03-09
3581,73,11,922,54,2023-10-07
3582,99,26,,60,2024-12-18
3583,154,22,,104,2024-03-22
3584,192,18,884,126,2024-03-02
3585,49,7,49,61,2023-10-03
3586,102,7,915,55,2024-09-29
3587,69,10,,138,2023-10-06
3588,325,30,126,50,2024-12-04
3589,320,7,851,50,2024-10-13
3590,119,3,879,97,2024-11-02
3591,190,10,625,131,2023-07-18
3592,220,23,946,123,2023-12-31
3593,43,1,928,90,2024-12-26
3594,98,16,403,115,2024-11-14
3595,156,30,,114,2023-06-07
3596,304,9,791,50,2023-01-04
3597,218,31,471,118,2024-02-17
3598,243,29,827,36,2023-09-23
3599,86,18,322,105,2023-01-08
3600,182,11,648,66,2024-10-25
3601,75,6,161,114,2023-02-24
3602,237,33,665,52,2023-10-27
3603,61,14,938,23,2023-03-11
3604,251,19,866,120,2023-06-27
3605,266,29,99,67,2024-06-21
3606,9999,999,-44,71,2023-04-17
3607,296,29,614,65,2024-11-24
3608,194,34,288,50,2023-02-06
3609,90,8,843,50,2024-10-13
3610,40,31,490,81,2024-04-12
3611,166,24,826,96,2024-07-13
3612,160,8,679,99,2023-01-22
3613,311,1,181,140,2024-01-14
3614,9999,999,-3,48,2024-12-01
3615,86,20,610,100,2024-02-15
3616,40,34,799,110,2024-01-01
3617,21,13,228,43,2023-07-13
3618,265,2,552,49,2023-07-05
3619,133,28,952,134,2023-01-03
3620,171,22,189,96,2024-01-06
3621,183,2,83,84,2023-01-04
3622,336,8,805,28,2023-01-22
3623,343,29,225,29,2024-01-01
3624,237,17,367,49,2024-12-29
3625,299,27,900,48,2023-02-26
3626,311,16,50,116,2024-07-25
3627,155,22,284,92,2024-10-11
3628,317,22,-47,93,2023-04-20
3629,312,13,145,24,2024-02-06
3630,148,33,968,94,2023-02-26
3631,215,15,496,82,2023-12-08
3632,86,30,376,85,2023-02-17
3633,71,23,653,56,2024-12-31
3634,208,23,987,113,2024-03-22
3635,10,6,151,137,2023-06-07
3636,291,6,178,129,2024-10-19
3637,253,20,69,130,2023-02-04
3638,127,22,667,89,2024-05-01
3639,140,1,917,49,2023-08-08
3640,16,14,225,138,2023-07-31
3641,306,32,,150,2023-06-08
3642,130,27,224,119,2024-07-25
3643,311,28,487,79,2024-08-10
3644,269,27,967,82,2024-10-29
3645,172,7,46,130,2024-06-01
3646,11,21,401,96,2023-09-27
3647,43,7,567,127,2023-04-21
3648,262,18,330,94,2023-03-04
3649,279,5,7,82,2024-03-07
3650,307,28,636,103,2024-12-12
3651,337,21,676,121,2023-05-28
3652,109,26,286,30,2023-10-25
3653,229,12,436,141,2023-08-09
3654,91,25,54,133,2023-06-05
3655,173,16,,78,2024-09-30
3656,118,5,47,54,2024-11-02
3657,153,26,680,67,2024-12-10
3658,162,2,71,78,2023-05-09
3659,71,7,607,26,2024-11-08
3660,83,21,858,88,2024-07-01
3661,139,13,696,150,2023-03-11
3662,345,29,785,44,2024-12-02
3663,142,35,500,138,2023-09-29
3664,117,6,611,46,2024-05-04
3665,78,21,597,61,2024-06-15
3666,42,11,654,88,2023-05-02
3667,215,3,93,48,2023-01-30
3668,112,33,371,95,2024-04-01
3669,13,15,-6,103,2023-10-31
3670,323,29,265,26,2024-07-09
3671,76,30,357,111,2023-01-11
3672,42,29,601,146,2024-12-31
3673,205,24,466,140,2023-04-12
3674,99,32,970,41,2023-02-20
3675,35,3,767,111,2024-04-27
3676,184,3,28,123,2024-01-09
3677,29,11,19,25,2023-02-21
3678,155,25,982,113,2023-09-08
3679,114,2,602,98,2023-11-27
3680,17,31,490,129,2024-02-25
3681,146,11,4,141,2023-06-22
3682,67,4,180,146,2024-09-20
3683,340,29,,57,2023-02-14
3684,293,28,203,121,2024-02-18
3685,239,24,-49,51,2024-10-04
3686,266,9,231,60,2023-11-10
3687,291,25,,36,2024-06-14
3688,345,28,229,51,2023-11-08
3689,30,8,54,44,2024-07-10
3690,145,29,328,148,2023-06-25
3691,271,23,690,138,2023-10-04
3692,89,21,117,144,2023-01-29
3693,83,15,,79,2024-10-08
3694,285,11,523,98,2023-06-06
3695,45,10,535,54,2023-09-22
3696,104,11,-16,114,2023-08-13
3697,156,22,53,29,2023-09-08
3698,259,35,382,126,2024-08-03
3699,213,24,699,50,2023-12-19
3700,119,32,906,64,2023-09-16
3701,138,28,962,84,2023-01-12
3702,293,9,461,26,2023-08-20
3703,254,9,559,131,2023-01-17
3704,228,15,467,51,2024-04-23
3705,260,13,245,143,2024-09-05
3706,314,27,224,150,2023-04-15
3707,264,10,874,33,2024-03-24
3708,340,14,369,101,2023-10-25
3709,315,18,222,95,2023-01-29
3710,235,23,153,97,2024-02-05
3711,265,26,940,71,2024-09-03
3712,25,30,154,21,2024-05-22
3713,54,20,65,69,2023-03-20
3714,133,15,-45,101,2024-09-02
3715,11,18,905,74,2023-09-27
3716,33,20,732,38,2023-02-11
3717,244,5,482,51,2023-09-19
3718,9999,999,-32,101,2024-05-04
3719,46,31,250,98,2024-11-04
3720,352,6,530,129,2024-11-16
3721,205,14,799,88,2023-10-13
3722,178,2,483,147,2023-04-19
3723,148,35,328,41,2023-01-18
3724,152,18,-26,119,2024-01-07
3725,269,29,702,66,2024-01-23
3726,190,31,26,58,2024-01-03
3727,241,20,868,146,2023-05-17
3728,158,5,633,108,2023-12-25
3729,193,7,664,132,2023-05-09
3730,336,35,36,94,2024-12-31
3731,178,22,801,127,2023-04-19
3732,297,16,808,120,2024-04-30
3733,201,32,373,20,2023-01-28
3734,280,23,924,125,2024-09-09
3735,153,10,741,114,2024-04-11
3736,276,13,627,52,2024-04-15
3737,198,20,383,143,2023-07-31
3738,338,4,840,143,2023-09-12
3739,274,29,901,76,2023-01-21
3740,46,30,476,42,2023-04-12
3741,306,10,947,101,2024-10-13
3742,303,32,85,110,2023-02-14
3743,152,33,555,42,2024-01-24
3744,298,5,157,134,2024-03-01
3745,295,8,306,97,2023-06-27
3746,109,7,319,129,2024-04-30
3747,69,15,,26,2024-09-18
3748,112,4,605,113,2024-03-02
3749,342,26,517,20,2023-05-06
3750,45,21,637,48,2023-03-20
3751,81,3,171,63,2024-04-28
3752,248,13,381,147,2024-10-04
3753,286,27,913,124,2023-11-16
3754,176,15,82,88,2023-10-17
3755,108,32,575,87,2024-07-19
3756,38,34,703,21,2023-05-27
3757,156,3,385,30,2024-10-20
3758,118,4,453,30,2024-09-30
3759,163,27,74,132,2024-12-21
3760,201,18,162,58,2023-01-05
3761,147,23,735,53,2024-06-16
3762,177,35,404,121,2023-11-07
3763,291,7,99,45,2023-09-11
3764,38,14,234,100,2023-09-15
3765,130,2,319,120,2023-12-21
3766,193,10,76,45,2024-12-29
3767,246,23,20,57,2023-06-26
3768,149,22,946,25,2023-11-23
3769,210,20,164,87,2023-09-12
3770,178,1,625,90,2023-01-19
3771,274,21,849,36,2024-01-04
3772,121,25,188,120,2023-05-18
3773,353,33,569,125,2023-02-10
3774,22,33,861,99,2024-11-05
3775,21,12,911,146,2023-04-17
3776,69,7,928,90,2024-03-28
3777,139,21,884,30,2023-07-07
3778,356,4,577,137,2024-06-21
3779,74,21,327,65,2024-10-18
3780,155,3,945,107,2024-03-10
3781,301,8,709,44,2023-02-15
3782,36,29,403,110,2023-08-30
3783,6,5,137,120,2023-12-31
3784,83,7,131,40,2024-12-31
3785,142,5,919,113,2023-04-20
3786,8,2,17,47,2024-07-20
3787,107,26,599,39,2024-03-07
3788,178,9,939,49,2023-02-15
3789,198,6,339,117,2023-05-13
3790,155,23,542,116,2024-10-06
3791,114,5,673,33,2024-01-15
3792,311,7,650,142,2024-09-21
3793,143,12,491,145,2023-02-22
3794,9999,999,-4,73,2023-07-05
3795,110,18,517,124,2023-12-06
3796,224,28,324,68,2023-01-21
3797,252,14,639,61,2023-05-26
3798,249,17,365,128,2024-04-08
3799,324,15,59,138,2024-03-18
3800,89,9,914,124,2023-08-23
3801,175,28,369,95,2023-06-22
3802,300,19,31,80,2023-10-15
3803,185,23,181,67,2023-04-30
3804,274,31,847,135,2024-02-10
3805,179,23,283,75,2024-11-10
3806,16,21,939,64,2023-01-22
3807,27,7,799,54,2024-04-18
3808,66,10,76,77,2024-12-31
3809,43,28,435,49,2023-05-06
3810,205,26,349,44,2024-09-27
3811,267,6,143,56,2023-10-15
3812,133,32,791,98,2023-03-06
3813,201,20,534,66,2024-05-26
3814,242,4,818,29,2024-10-15
3815,187,14,734,31,2024-05-06
3816,182,28,33,24,2023-03-15
3817,275,29,224,40,2023-12-23
3818,188,15,210,75,2024-02-21
3819,116,13,300,74,2023-10-20
3820,88,18,18,42,2023-09-30
3821,345,25,337,86,2023-12-09
3822,61,3,843,145,2023-07-15
3823,157,19,-24,122,2024-10-01
3824,348,8,460,124,2024-02-04
3825,347,19,,132,2024-04-25
3826,78,2,514,68,2023-10-25
3827,173,16,558,62,2023-12-09
3828,357,20,416,51,2024-01-09
3829,126,14,651,42,2024-07-25
3830,129,16,449,82,2024-11-15
3831,309,31,406,69,2024-06-21
3832,275,9,826,96,2023-05-09
3833,10,7,966,127,2024-04-02
3834,319,30,308,53,2023-04-15
3835,102,20,931,45,2023-10-31
3836,21,35,825,56,2023-05-20
3837,332,28,21,61,2023-04-12
3838,159,31,537,68,2023-04-11
3839,13,11,971,141,2024-11-16
3840,240,34,220,79,2023-02-12
3841,122,8,754,52,2023-12-14
3842,137,23,73,56,2023-09-13
3843,134,16,794,121,2024-09-04
3844,14,33,648,51,2023-01-18
3845,22,11,428,20,2023-10-31
3846,45,34,390,50,2023-02-22
3847,131,16,820,128,2024-04-22
3848,287,19,555,134,2023-08-29
3849,167,26,643,132,2023-02-26
3850,46,11,882,24,2023-03-27
3851,351,18,715,147,2024-10-13
3852,9999,999,-47,44,2024-05-10
3853,221,28,351,64,2023-08-31
3854,174,2,92,38,2023-04-01
3855,200,15,172,31,2024-07-08
3856,242,1,317,68,2023-10-21
3857,315,33,-6,139,2023-02-13
3858,9999,999,-26,127,2023-07-11
3859,144,5,911,28,2024-11-03
3860,305,27,882,70,2024-12-20
3861,229,11,373,29,2023-11-12
3862,193,29,724,65,2024-09-27
3863,160,23,566,114,2023-05-26
3864,202,23,670,94,2024-12-17
3865,308,8,75,92,2024-08-12
3866,172,12,587,119,2023-05-02
3867,290,35,357,20,2024-05-10
3868,225,33,912,103,2023-09-29
3869,104,2,771,121,2023-10-30
3870,140,27,733,83,2023-08-31
3871,99,23,-29,80,2024-03-11
3872,31,35,224,114,2023-04-22
3873,44,18,230,116,2024-08-13
3874,282,20,218,68,2024-03-22
3875,153,8,457,109,2023-12-15
3876,324,34,956,105,2024-09-17
3877,203,5,837,103,2024-03-26
3878,273,10,767,57,2023-02-09
3879,26,9,922,68,2023-03-11
3880,166,12,239,65,2023-08-05
3881,32,15,331,113,2024-01-13
3882,171,20,952,47,2023-11-04
3883,171,11,882,150,2023-06-09
3884,113,31,910,50,2024-06-24
3885,132,10,787,90,2024-03-09
3886,134,3,961,47,2023-05-17
3887,246,2,884,120,2024-03-06
3888,71,18,-11,71,2024-07-06
3889,270,28,467,52,2023-04-15
3890,10,19,643,51,2023-06-23
3891,40,6,34,53,2023-10-28
3892,27,2,629,30,2023-12-24
3893,83,30,519,33,2024-08-19
3894,11,2,96,65,2023-09-03
3895,100,17,207,94,2024-04-09
3896,222,5,632,40,2023-05-05
3897,232,8,397,80,2024-05-15
3898,191,33,778,98,2024-12-17
3899,9999,999,-39,105,2024-03-07
3900,214,14,991,94,2023-12-02
3901,314,28,545,42,2023-03-12
3902,52,10,534,78,2024-09-17
3903,13,33,750,148,2024-11-21
3904,228,13,505,23,2024-04-13
3905,3,35,273,63,2023-03-04
3906,153,21,233,20,2023-01-29
3907,265,25,374,132,2023-12-08
3908,218,15,527,146,2024-11-05
3909,98,16,914,43,2023-02-13
3910,316,24,958,68,2024-02-09
3911,194,21,826,122,2024-12-06
3912,51,7,708,97,2024-11-11
3913,214,9,713,49,2023-01-21
3914,278,11,664,90,2023-12-20
3915,267,10,722,72,2024-06-21
3916,260,19,754,149,2024-03-06
3917,335,30,38,36,2023-02-25
3918,198,18,820,144,2023-12-07
3919,254,10,625,37,2023-02-15
3920,124,30,36,45,2023-01-13
3921,88,17,207,47,2023-09-21
3922,205,35,,101,2023-08-29
3923,308,2,-44,135,2024-09-25
3924,216,14,425,103,2023-04-28
3925,108,33,646,126,2023-06-02
3926,325,34,556,123,2023-04-10
3927,254,13,52,24,2023-03-01
3928,293,4,137,57,2024-04-24
3929,190,19,114,20,2023-11-08
3930,21,8,81,97,2024-12-12
3931,70,7,875,53,2024-09-28
3932,210,10,949,85,2023-10-25
3933,332,35,137,28,2023-10-19
3934,66,16,938,64,2023-03-17
3935,225,26,111,56,2023-09-29
3936,110,22,347,126,2023-11-02
3937,277,3,813,20,2024-07-24
3938,269,35,410,140,2023-04-03
3939,350,14,198,97,2024-05-23
3940,151,21,626,73,2023-03-12
3941,136,23,783,150,2023-10-23
3942,59,14,872,55,2024-02-09
3943,103,25,801,137,2024-01-18
3944,114,30,370,133,2023-02-02
3945,75,5,890,45,2024-03-13
3946,299,31,378,85,2023-07-18
3947,358,29,385,99,2024-12-10
3948,218,21,168,21,2023-01-06
3949,247,16,542,67,2023-02-09
3950,301,19,392,85,2024-12-16
3951,169,15,821,138,2024-06-15
3952,171,27,345,95,2024-02-27
3953,3,15,196,104,2023-03-07
3954,199,31,444,45,2024-11-01
3955,125,34,972,24,2023-08-04
3956,87,10,158,134,2024-07-06
3957,9999,999,-28,22,2023-10-19
3958,249,22,353,109,2023-04-07
3959,171,31,900,53,2023-03-06
3960,316,12,992,140,2024-02-05
3961,9999,999,-49,89,2023-05-31
3962,75,8,371,52,2023-05-12
3963,278,21,970,88,2023-05-15
3964,29,25,500,132,2024-05-22
3965,286,6,979,46,2024-06-21
3966,124,21,206,96,2024-03-19
3967,157,9,419,130,2023-07-01
3968,153,11,774,47,2023-06-28
3969,7,23,168,50,2024-10-15
3970,211,34,,46,2023-12-13
3971,11,20,53,66,2023-04-05
3972,149,16,617,105,2024-06-25
3973,18,5,385,122,2023-08-15
3974,340,11,543,113,2024-08-09
3975,23,30,495,99,2024-10-19
3976,9999,999,-8,64,2024-03-22
3977,67,1,243,38,2023-01-07
3978,349,14,-42,139,2024-11-11
3979,139,13,801,41,2023-01-05
3980,12,7,257,29,2024-04-20
3981,161,18,694,91,2024-01-19
3982,116,33,453,146,2024-01-14
3983,136,27,547,40,2023-11-21
3984,124,22,386,113,2023-12-07
3985,252,29,276,122,2024-03-10
3986,292,17,959,74,2023-05-21
3987,6,35,181,72,2023-03-08
3988,33,10,748,95,2024-06-20
3989,29,32,224,46,2024-02-01
3990,47,2,469,145,2023-02-18
3991,199,33,391,38,2024-01-19
3992,276,15,445,146,2024-05-06
3993,46,19,92,124,2023-06-22
3994,29,28,984,57,2024-12-07
3995,173,27,974,26,2024-02-28
3996,87,19,778,31,2023-11-17
3997,338,11,906,123,2023-10-08
3998,221,19,987,30,2023-05-13
3999,176,32,719,82,2023-01-15
4000,136,26,670,20,2023-08-16
4001,254,1,393,27,2023-03-22
4002,337,33,84,35,2023-04-02
4003,129,5,501,104,2023-03-24
4004,342,29,319,43,2023-11-04
4005,81,25,258,142,2023-11-26
4006,211,17,726,54,2023-08-11
4007,51,18,310,145,2024-12-02
4008,121,15,317,104,2023-11-28
4009,292,34,412,71,2024-09-16
4010,184,28,469,137,2024-09-08
4011,9999,999,-33,117,2023-10-01
4012,294,14,855,110,2024-01-21
4013,358,11,472,123,2024-10-27
4014,44,10,613,57,2024-09-14
4015,9999,999,-3,58,2023-06-08
4016,169,22,356,111,2023-09-03
4017,179,23,387,105,2023-01-02
4018,119,12,115,138,2023-09-29
4019,276,9,531,41,2023-07-19
4020,193,11,132,51,2023-03-23
4021,9999,999,,61,2024-04-16
4022,89,31,902,22,2024-01-21
4023,264,10,695,28,2024-08-17
4024,169,27,918,83,2024-08-03
4025,109,1,688,26,2024-11-08
4026,254,34,161,73,2023-07-28
4027,127,3,922,106,2023-02-01
4028,50,16,417,67,2024-05-31
4029,73,17,232,140,2023-09-30
4030,110,29,364,64,2024-08-16
4031,153,15,416,97,2023-02-14
4032,347,35,752,107,2023-02-22
4033,119,16,353,124,2023-11-09
4034,2,20,469,68,2024-02-10
4035,234,25,249,149,2023-02-13
4036,347,33,289,82,2023-04-12
4037,330,19,521,150,2023-09-07
4038,93,30,376,131,2023-04-22
4039,153,4,679,130,2024-09-13
4040,272,20,94,122,2024-08-11
4041,343,5,121,38,2024-06-06
4042,116,29,802,140,2023-11-21
4043,159,18,943,90,2023-02-13
4044,112,35,110,61,2024-08-13
4045,29,9,519,81,2023-08-29
4046,343,21,933,112,2023-05-15
4047,289,13,348,133,2024-12-18
4048,161,32,609,112,2023-06-05
4049,162,6,183,74,2023-08-29
4050,358,17,91,55,2023-02-22
4051,60,7,902,48,2023-01-13
4052,67,6,258,106,2023-09-05
4053,100,19,966,27,2024-01-22
4054,347,14,759,73,2023-12-21
4055,209,28,924,144,2023-05-18
4056,79,25,435,127,2023-02-04
4057,65,10,502,112,2024-09-15
4058,331,3,424,121,2024-03-07
4059,9999,999,-6,107,2023-07-14
4060,324,12,345,90,2023-06-19
4061,325,35,897,72,2023-02-02
4062,96,4,483,106,2023-10-16
4063,340,13,246,38,2023-12-26
4064,266,25,423,29,2023-12-30
4065,209,27,296,49,2023-04-14
4066,59,12,644,150,2023-08-23
4067,323,17,177,48,2023-05-22
4068,211,6,170,96,2024-06-07
4069,300,16,700,133,2023-06-08
4070,195,20,218,127,2023-02-04
4071,304,19,451,39,2023-03-23
4072,126,11,532,65,2023-06-28
4073,79,10,193,79,2023-01-26
4074,70,31,477,73,2024-01-24
4075,23,19,305,63,2023-08-13
4076,205,29,170,60,2023-10-09
4077,31,10,521,116,2024-07-07
4078,298,31,438,102,2023-12-18
4079,142,5,314,99,2024-08-05
4080,340,17,360,150,2023-01-16
4081,26,15,829,29,2023-08-13
4082,215,10,973,54,2023-01-06
4083,27,24,803,41,2024-05-08
4084,72,15,942,76,2024-02-17
4085,240,6,832,137,2024-08-08
4086,357,13,8,31,2024-11-30
4087,347,31,366,22,2024-03-16
4088,262,21,857,96,2023-05-07
4089,299,29,814,97,2023-07-11
4090,229,5,641,144,2023-01-03
4091,24,32,832,50,2024-03-21
4092,230,22,494,32,2023-09-23
4093,31,15,142,118,2024-12-25
4094,208,11,-31,28,2023-03-21
4095,180,32,670,128,2023-05-17
4096,185,31,754,84,2024-08-25
4097,102,28,207,102,2024-11-28
4098,145,24,332,58,2024-12-14
4099,254,8,350,42,2023-02-22
4100,86,20,807,31,2024-11-18
4101,236,9,497,92,2023-06-12
4102,212,1,862,63,2023-10-09
4103,235,23,930,148,2024-10-09
4104,324,3,-42,42,2023-11-04
4105,346,17,705,109,2023-10-05
4106,258,12,492,121,2023-01-05
4107,225,1,425,66,2023-04-01
4108,127,23,868,104,2023-05-05
4109,64,3,185,77,2024-09-08
4110,132,8,778,66,2023-11-18
4111,59,20,393,129,2023-03-03
4112,353,18,87,124,2024-06-08
4113,140,24,59,123,2023-11-06
4114,172,13,921,94,2023-06-20
4115,338,8,242,57,2024-09-27
4116,61,27,218,80,2023-05-31
4117,231,19,480,101,2024-12-15
4118,47,27,994,112,2024-03-17
4119,91,5,8,43,2024-07-29
4120,213,27,299,149,2023-02-28
4121,18,27,565,146,2024-01-24
4122,359,35,769,107,2024-11-08
4123,255,21,385,132,2024-09-04
4124,145,15,517,101,2023-04-08
4125,201,2,86,77,2023-01-02
4126,309,28,175,41,2023-07-11
4127,212,27,509,20,2023-11-25
4128,9999,999,-49,150,2023-12-14
4129,84,23,252,109,2024-09-24
4130,5,1,253,77,2023-04-14
4131,360,28,452,127,2023-12-06
4132,245,26,31,124,2024-05-29
4133,212,22,46,86,2024-01-28
4134,108,16,660,110,2024-03-09
4135,265,14,973,44,2024-10-29
4136,67,22,611,112,2024-12-19
4137,9999,999,-36,115,2024-02-02
4138,205,7,79,114,2024-01-09
4139,315,13,969,85,2024-02-04
4140,274,33,682,118,2024-12-08
4141,332,7,851,65,2023-01-21
4142,247,23,841,146,2024-11-09
4143,181,9,,111,2023-07-28
4144,120,26,997,102,2023-08-31
4145,162,24,861,45,2023-09-15
4146,280,13,,28,2023-03-11
4147,21,32,135,81,2024-10-19
4148,123,30,803,79,2024-11-22
4149,62,31,621,51,2024-10-07
4150,160,34,,82,2023-08-19
4151,18,31,135,91,2023-01-31
4152,234,34,614,22,2024-08-12
4153,256,23,213,97,2023-12-13
4154,51,4,14,79,2023-07-24
4155,258,7,780,139,2024-02-24
4156,278,10,827,98,2023-08-15
4157,75,11,43,148,2023-11-20
4158,169,5,707,147,2023-06-16
4159,289,22,255,129,2023-04-12
4160,278,17,917,40,2023-07-10
4161,344,16,598,72,2023-08-05
4162,336,16,132,32,2023-02-08
4163,151,10,882,52,2023-04-25
4164,242,1,592,79,2023-03-04
4165,180,19,396,128,2023-04-25
4166,169,4,210,41,2023-08-08
4167,296,15,756,31,2023-03-03
4168,220,21,51,92,2023-12-02
4169,50,32,260,70,2024-05-22
4170,15,9,126,36,2024-04-03
4171,9999,999,,113,2023-07-07
4172,330,11,600,83,2023-04-12
4173,34,14,796,149,2024-12-07
4174,304,13,,40,2023-01-01
4175,60,10,585,83,2024-05-26
4176,80,12,101,54,2024-01-24
4177,25,14,111,62,2023-07-04
4178,17,19,934,72,2024-07-12
4179,322,18,952,81,2023-02-11
4180,102,1,158,20,2023-03-07
4181,119,9,698,24,2023-02-24
4182,269,1,462,56,2024-11-04
4183,204,21,590,77,2024-08-19
4184,160,3,842,97,2024-04-27
4185,211,1,794,104,2023-11-04
4186,41,35,270,130,2024-08-21
4187,108,11,440,40,2024-07-17
4188,243,29,447,129,2024-10-04
4189,9999,999,-5,40,2023-12-15
4190,175,10,497,34,2024-11-08
4191,222,4,603,118,2024-01-12
4192,215,22,447,125,2023-10-20
4193,246,16,855,106,2023-03-24
4194,279,29,15,74,2024-07-13
4195,354,12,63,65,2024-10-08
4196,234,2,751,73,2023-04-25
4197,75,14,509,125,2023-09-13
4198,174,32,988,100,2023-05-20
4199,253,17,660,115,2023-06-18
4200,355,33,408,140,2023-02-20
4201,234,35,113,36,2024-03-16
4202,299,6,-22,145,2023-10-18
4203,281,23,939,57,2024-11-08
4204,110,20,393,125,2023-05-09
4205,342,24,695,116,2024-03-13
4206,248,5,826,72,2023-01-07
4207,288,25,960,88,2024-07-10
4208,98,23,462,110,2024-04-25
4209,50,27,276,77,2023-08-05
4210,189,10,221,136,2023-06-07
4211,98,20,710,54,2023-12-09
4212,118,33,655,107,2023-01-04
4213,294,30,57,97,2023-06-23
4214,10,10,914,34,2024-10-14
4215,339,29,367,59,2024-11-29
4216,7,14,721,90,2023-01-22
4217,12,10,417,88,2023-05-08
4218,39,20,116,97,2023-03-07
4219,173,1,438,91,2023-01-11
4220,85,28,481,110,2023-04-06
4221,310,4,823,105,2024-01-07
4222,261,6,950,138,2023-01-03
4223,133,21,250,106,2023-03-06
4224,6,27,255,45,2023-10-15
4225,245,21,,81,2024-06-20
4226,87,7,141,50,2023-05-18
4227,32,12,601,57,2023-11-17
4228,60,15,684,80,2024-08-08
4229,183,15,230,117,2023-03-25
4230,317,11,468,129,2023-04-11
4231,94,11,433,24,2024-04-03
4232,122,29,80,94,2024-08-06
4233,303,14,990,127,2024-04-07
4234,250,2,,129,2024-05-04
4235,54,5,179,98,2023-04-02
4236,222,30,87,113,2024-04-22
4237,225,14,720,64,2024-05-18
4238,124,21,934,137,2023-02-27
4239,93,21,977,139,2024-12-07
4240,95,2,397,91,2023-02-12
4241,224,20,196,92,2023-03-07
4242,315,26,119,112,2023-12-13
4243,77,8,334,81,2024-12-15
4244,328,9,965,148,2023-08-31
4245,253,15,,76,2023-04-07
4246,187,9,195,35,2023-09-09
4247,271,15,899,119,2024-02-29
4248,318,7,964,59,2023-03-23
4249,285,8,497,25,2024-09-14
4250,136,15,433,123,2023-11-15
4251,323,8,78,76,2023-12-05
4252,225,26,298,31,2023-07-02
4253,135,5,33,95,2024-01-03
4254,243,12,366,71,2024-10-17
4255,94,23,410,100,2023-08-21
4256,39,29,609,100,2024-05-16
4257,258,18,779,107,2023-05-22
4258,148,11,645,25,2023-12-23
4259,88,25,668,75,2024-11-07
4260,36,8,808,89,2024-04-24
4261,194,4,921,78,2024-06-25
4262,48,8,58,60,2023-03-22
4263,131,30,976,33,2024-08-18
4264,67,32,252,132,2023-12-24
4265,315,11,646,134,2023-08-06
4266,122,25,320,140,2024-06-02
4267,22,21,770,122,2023-08-23
4268,99,26,942,124,2023-01-18
4269,89,19,641,26,2023-09-02
4270,229,1,665,30,2023-07-18
4271,329,8,320,127,2023-03-08
4272,251,24,747,133,2023-05-10
4273,99,27,610,41,2024-10-06
4274,275,4,74,68,2024-05-04
4275,350,32,145,47,2023-01-12
4276,230,26,478,148,2023-01-10
4277,262,10,166,79,2024-11-09
4278,92,33,,92,2024-01-14
4279,50,24,686,60,2023-12-11
4280,198,19,531,109,2023-10-10
4281,90,23,33,137,2024-01-10
4282,311,19,796,149,2024-07-02
4283,191,2,780,128,2024-02-17
4284,212,12,448,42,2024-09-08
4285,224,31,152,68,2024-08-03
4286,330,5,411,135,2023-07-07
4287,154,17,583,105,2024-08-24
4288,122,19,145,60,2023-09-22
4289,65,20,303,138,2024-06-21
4290,69,15,40,123,2023-09-07
4291,132,15,460,105,2024-02-03
4292,196,30,437,75,2024-02-19
4293,329,4,916,60,2024-12-28
4294,55,32,866,110,2024-11-15
4295,9999,999,-37,76,2024-07-31
4296,141,23,92,127,2023-03-25
4297,295,18,194,133,2023-10-04
4298,201,8,609,21,2023-04-05
4299,214,30,818,25,2023-02-23
4300,49,8,379,113,2023-01-08
4301,318,27,974,23,2023-09-07
4302,195,10,695,106,2023-05-21
4303,70,10,928,94,2023-02-28
4304,358,28,512,54,2023-07-30
4305,46,26,254,144,2024-09-29
4306,293,32,739,69,2024-01-22
4307,291,25,142,142,2023-01-02
4308,326,30,73,118,2023-09-07
4309,2,13,66,67,2023-02-24
4310,269,15,197,21,2023-02-02
4311,144,24,112,90,2023-04-26
4312,198,31,803,98,2023-03-12
4313,115,31,370,74,2024-04-07
4314,261,27,538,143,2023-01-10
4315,98,26,678,22,2024-01-19
4316,219,28,697,130,2024-12-21
4317,35,23,645,43,2024-03-15
4318,89,4,448,135,2024-04-12
4319,30,9,30,145,2024-04-02
4320,164,29,572,27,2024-03-05
4321,92,34,415,119,2024-10-15
4322,176,33,778,33,2024-01-05
4323,86,23,618,49,2024-07-09
4324,252,19,722,87,2023-09-17
4325,264,15,22,54,2024-08-09
4326,193,16,744,121,2024-09-06
4327,123,30,760,104,2024-10-04
4328,77,34,335,105,2023-04-29
4329,59,32,1,137,2023-11-07
4330,113,33,325,29,2024-12-13
4331,321,27,166,32,2023-04-11
4332,308,18,583,147,2024-04-05
4333,311,2,190,30,2023-02-05
4334,122,1,567,146,2024-07-15
4335,262,2,744,91,2024-01-30
4336,139,21,402,45,2023-04-03
4337,334,25,862,110,2023-03-25
4338,3,4,49,65,2023-12-29
4339,149,20,829,81,2023-11-28
4340,351,20,579,31,2024-10-23
4341,207,11,832,142,2024-08-28
4342,154,13,,103,2023-09-22
4343,223,1,918,122,2024-08-06
4344,188,31,280,113,2024-03-11
4345,71,23,124,28,2023-10-19
4346,327,1,860,122,2024-04-19
4347,31,14,495,47,2024-06-06
4348,353,12,746,69,2024-06-14
4349,41,28,186,113,2024-01-15
4350,198,8,23,26,2023-03-23
4351,145,16,60,85,2024-10-25
4352,216,19,663,86,2024-04-03
4353,254,16,,56,2023-05-22
4354,37,14,834,25,2023-08-06
4355,66,31,369,134,2023-08-21
4356,141,1,644,65,2023-10-21
4357,110,14,785,99,2024-02-12
4358,245,18,279,45,2024-06-06
4359,16,21,210,88,2023-12-02
4360,57,27,,26,2023-01-23
4361,87,7,388,135,2023-06-02
4362,314,6,465,141,2023-05-20
4363,114,15,16,137,2023-03-16
4364,49,11,344,84,2024-09-15
4365,136,9,317,32,2024-03-05
4366,124,21,872,21,2023-05-16
4367,118,4,88,57,2024-07-23
4368,31,26,583,77,2023-04-28
4369,141,19,845,69,2024-12-25
4370,360,8,871,69,2023-10-05
4371,45,20,675,54,2024-02-12
4372,121,31,149,87,2023-06-11
4373,7,27,118,83,2024-06-11
4374,227,35,135,74,2024-04-01
4375,286,27,,48,2023-02-02
4376,281,27,226,100,2024-05-08
4377,220,17,911,47,2024-12-17
4378,316,21,80,101,2024-11-19
4379,64,14,,29,2023-10-12
4380,192,3,565,49,2023-10-23
4381,71,5,840,116,2023-03-29
4382,53,30,416,82,2024-03-16
4383,260,32,330,48,2023-07-18
4384,224,19,83,80,2024-12-12
4385,112,31,270,59,2023-08-12
4386,249,34,275,126,2024-04-03
4387,20,3,184,135,2023-04-24
4388,262,10,805,107,2024-08-12
4389,176,27,555,140,2023-06-04
4390,155,32,820,90,2024-10-27
4391,323,5,149,72,2023-11-09
4392,47,20,509,79,2024-01-21
4393,37,27,137,64,2024-01-05
4394,40,12,794,135,2023-03-08
4395,69,23,139,87,2024-05-10
4396,262,2,447,57,2024-11-28
4397,305,11,267,50,2024-12-27
4398,115,18,932,50,2023-09-06
4399,255,11,736,63,2024-04-05
4400,42,14,797,71,2023-07-31
4401,48,22,33,82,2024-04-17
4402,292,26,174,29,2024-12-08
4403,147,6,227,139,2023-09-18
4404,88,5,37,90,2024-06-26
4405,332,26,406,42,2023-12-25
4406,339,26,898,34,2024-06-24
4407,312,24,388,50,2023-12-23
4408,329,5,400,105,2023-10-31
4409,58,20,794,105,2023-07-27
4410,164,8,990,114,2024-06-22
4411,342,15,16,93,2024-12-06
4412,39,18,30,108,2023-10-31
4413,30,1,320,86,2023-05-22
4414,84,16,663,53,2024-07-01
4415,123,27,119,67,2024-03-18
4416,67,7,701,38,2023-03-02
4417,35,23,604,54,2024-07-21
4418,312,5,286,137,2023-03-17
4419,215,10,294,75,2023-11-22
4420,121,6,869,99,2024-07-04
4421,78,7,,108,2023-05-21
4422,53,26,94,84,2024-10-18
4423,24,29,771,57,2023-10-05
4424,320,22,151,44,2023-04-12
4425,171,34,875,127,2024-12-15
4426,252,17,179,26,2023-08-21
4427,214,8,2,73,2024-01-26
4428,251,19,491,86,2023-10-05
4429,35,20,181,107,2024-05-03
4430,311,32,804,115,2024-11-26
4431,37,31,,83,2023-03-04
4432,355,18,428,100,2023-06-10
4433,100,32,723,32,2023-07-31
4434,293,10,625,54,2023-07-10
4435,88,35,134,133,2024-09-09
4436,296,9,378,54,2024-08-10
4437,104,13,491,124,2023-05-04
4438,332,28,152,119,2023-07-09
4439,18,19,522,57,2023-02-17
4440,46,5,97,34,2023-05-10
4441,74,30,347,44,2023-11-20
4442,154,26,811,62,2024-08-06
4443,112,6,285,92,2023-07-13
4444,34,6,512,84,2024-10-01
4445,338,27,772,79,2023-12-11
4446,113,26,709,125,2023-03-21
4447,17,23,526,71,2023-01-08
4448,46,15,920,102,2024-04-17
4449,156,35,309,108,2023-02-23
4450,138,26,44,60,2023-03-04
4451,46,27,819,48,2024-10-20
4452,161,7,856,88,2024-01-03
4453,246,15,-16,20,2024-10-20
4454,232,15,66,39,2023-02-23
4455,221,29,986,23,2024-04-03
4456,281,27,691,51,2024-01-06
4457,164,19,638,81,2024-02-29
4458,193,3,922,95,2024-01-25
4459,19,7,242,125,2024-08-29
4460,59,35,211,33,2023-05-30
4461,240,12,921,26,2023-02-04
4462,114,13,434,113,2023-08-06
4463,291,7,139,92,2023-09-04
4464,225,34,666,150,2023-10-18
4465,12,21,238,47,2023-03-28
4466,147,33,831,96,2024-09-02
4467,81,3,262,120,2024-09-21
4468,55,30,932,124,2024-04-25
4469,222,7,884,117,2024-07-07
4470,264,8,387,109,2023-07-24
4471,314,27,793,98,2023-09-08
4472,191,13,901,71,2024-05-28
4473,9999,999,,100,2024-09-13
4474,241,24,732,116,2023-09-10
4475,6,10,249,48,2024-06-30
4476,165,17,409,147,2023-02-03
4477,226,25,570,111,2023-02-01
4478,126,30,47,58,2024-12-11
4479,153,17,392,72,2024-04-13
4480,2,13,98,105,2023-11-27
4481,249,23,318,109,2024-01-31
4482,9999,999,-32,98,2024-03-10
4483,199,23,105,53,2024-10-22
4484,67,33,774,73,2023-07-13
4485,330,22,618,139,2024-10-10
4486,166,25,633,147,2023-12-12
4487,113,1,188,58,2023-05-21
4488,258,23,767,50,2023-02-16
4489,146,25,,62,2024-10-22
4490,201,28,,36,2023-04-22
4491,341,9,379,136,2024-09-13
4492,305,35,,72,2024-07-06
4493,284,1,,47,2024-01-20
4494,235,11,411,85,2023-09-16
4495,281,14,425,122,2023-04-21
4496,343,20,766,22,2024-11-09
4497,216,10,483,113,2023-06-20
4498,191,33,745,89,2024-06-28
4499,249,20,726,105,2024-08-13
4500,240,20,490,136,2023-10-11
4501,38,34,687,146,2024-04-25
4502,85,29,751,48,2023-08-25
4503,174,10,195,144,2023-10-13
4504,278,4,433,66,2023-07-13
4505,297,14,-39,31,2024-05-30
4506,341,21,710,42,2024-03-14
4507,240,10,413,132,2024-02-07
4508,157,6,534,51,2023-10-11
4509,234,24,266,85,2024-08-15
4510,339,35,308,76,2024-09-03
4511,265,21,894,55,2024-10-11
4512,347,27,352,36,2023-01-10
4513,9999,999,-15,80,2024-07-01
4514,220,35,805,141,2024-02-17
4515,342,32,614,100,2023-08-03
4516,227,32,466,120,2023-02-18
4517,226,1,954,138,2024-10-13
4518,23,21,766,101,2023-08-19
4519,355,25,651,107,2024-01-12
4520,121,12,800,65,2024-11-12
4521,20,18,125,102,2023-01-15
4522,160,32,379,53,2023-11-19
4523,134,17,478,134,2023-06-04
4524,35,26,141,26,2023-07-24
4525,62,21,253,84,2023-02-13
4526,125,19,884,111,2024-03-07
4527,107,27,103,47,2024-11-24
4528,311,35,863,141,2024-10-09
4529,300,22,210,80,2024-05-15
4530,9999,999,-14,87,2023-02-22
4531,258,30,402,24,2024-06-11
4532,177,5,510,59,2023-08-13
4533,297,10,960,56,2024-06-29
4534,100,22,195,117,2024-04-04
4535,247,20,,125,2023-04-12
4536,62,7,125,116,2024-05-18
4537,281,31,665,150,2023-05-27
4538,1,32,555,115,2023-10-08
4539,21,17,467,139,2023-03-07
4540,133,15,968,49,2024-11-26
4541,206,24,572,64,2024-02-04
4542,227,20,876,46,2024-03-28
4543,140,34,797,27,2024-04-06
4544,141,11,545,26,2024-11-11
4545,89,19,,95,2024-01-13
4546,259,24,,83,2024-06-22
4547,232,10,728,141,2023-04-19
4548,117,25,711,133,2024-11-18
4549,330,30,481,65,2023-07-13
4550,212,16,385,115,2024-02-04
4551,27,27,717,40,2024-04-22
4552,298,16,607,46,2024-04-18
4553,281,17,3,120,2023-03-21
4554,242,9,167,63,2024-09-29
4555,335,7,57,138,2023-05-26
4556,246,4,335,143,2023-05-06
4557,46,2,581,82,2023-05-16
4558,220,20,296,43,2023-07-06
4559,204,13,977,25,2024-04-28
4560,198,12,979,88,2023-10-15
4561,241,7,777,81,2024-08-21
4562,332,6,69,124,2024-07-21
4563,117,27,,104,2023-01-08
4564,348,25,690,113,2024-03-03
4565,23,33,614,73,2023-01-06
4566,117,20,731,111,2024-09-21
4567,64,21,869,87,2024-06-24
4568,136,4,-41,64,2024-11-04
4569,181,14,325,130,2023-07-19
4570,57,8,465,129,2024-08-12
4571,256,34,231,27,2023-05-07
4572,353,6,57,150,2024-10-28
4573,57,28,495,60,2023-06-07
4574,197,7,-34,40,2024-11-29
4575,265,25,910,90,2023-07-29
4576,284,17,319,92,2024-04-15
4577,100,7,856,128,2023-01-29
4578,351,11,994,138,2024-02-23
4579,296,9,764,95,2023-12-02
4580,298,27,,106,2024-01-10
4581,122,1,744,94,2024-02-10
4582,32,3,588,81,2024-07-18
4583,24,1,415,50,2023-07-20
4584,103,8,301,109,2024-11-30
4585,42,24,987,118,2024-11-12
4586,268,5,37,145,2024-07-30
4587,265,24,59,108,2024-06-28
4588,334,5,193,68,2024-01-28
4589,243,1,,83,2023-06-17
4590,190,24,651,52,2023-11-20
4591,295,11,762,47,2023-01-13
4592,4,6,848,71,2023-03-31
4593,299,22,727,29,2023-06-09
4594,185,23,784,108,2023-01-07
4595,27,35,116,21,2024-05-21
4596,240,21,391,150,2024-07-25
4597,188,17,142,106,2023-11-12
4598,222,25,-44,112,2023-01-20
4599,123,10,964,111,2023-06-07
4600,323,26,522,79,2023-06-02
4601,290,18,364,46,2023-10-13
4602,173,22,726,47,2023-03-11
4603,253,25,96,95,2024-07-27
4604,255,15,178,67,2024-09-10
4605,111,8,910,80,2024-04-19
4606,124,12,526,36,2024-04-20
4607,319,5,540,88,2024-03-24
4608,138,14,695,144,2023-07-20
4609,131,12,218,142,2023-12-25
4610,127,29,153,143,2023-07-08
4611,350,26,237,66,2024-02-14
4612,134,28,660,36,2023-09-17
4613,117,25,449,119,2023-01-26
4614,87,21,597,52,2024-06-27
4615,296,12,463,72,2024-04-04
4616,24,24,830,57,2023-09-13
4617,23,22,448,58,2024-11-14
4618,268,9,261,104,2023-09-19
4619,172,23,160,123,2024-03-01
4620,103,5,456,132,2023-05-17
4621,201,12,979,146,2023-08-25
4622,60,31,210,107,2023-11-05
4623,250,6,921,114,2023-06-17
4624,187,17,774,141,2024-12-01
4625,92,21,431,40,2023-08-02
4626,226,1,981,120,2023-10-04
4627,210,12,446,87,2024-08-01
4628,188,29,352,49,2024-04-28
4629,331,20,1000,110,2024-07-15
4630,9999,999,-21,99,2023-04-09
4631,97,6,-36,149,2024-04-05
4632,136,1,188,50,2023-03-15
4633,206,22,709,71,2023-02-15
4634,328,16,689,139,2023-04-20
4635,89,32,373,25,2024-11-25
4636,96,7,458,24,2023-11-29
4637,356,13,726,61,2024-06-22
4638,294,29,813,103,2023-10-16
4639,297,17,265,124,2024-01-18
4640,325,6,219,82,2024-04-20
4641,68,21,839,66,2023-06-14
4642,243,23,602,129,2023-11-03
4643,251,13,361,72,2023-06-14
4644,31,23,673,148,2023-08-30
4645,30,16,748,104,2024-10-25
4646,28,10,254,55,2023-01-14
4647,125,35,929,51,2023-03-04
4648,214,28,186,42,2023-06-24
4649,10,15,875,124,2024-05-08
4650,216,20,524,85,2023-11-20
4651,148,10,528,45,2023-10-29
4652,158,35,888,55,2024-11-26
4653,73,18,293,65,2024-04-01
4654,247,16,650,27,2024-10-27
4655,244,6,219,71,2024-06-03
4656,102,17,770,59,2024-07-01
4657,62,32,366,150,2023-04-14
4658,57,12,609,124,2024-02-02
4659,320,11,89,145,2023-02-15
4660,2,15,228,24,2023-08-29
4661,272,33,678,102,2023-10-28
4662,265,9,72,133,2023-12-03
4663,95,24,469,119,2024-10-01
4664,245,6,251,101,2024-01-25
4665,273,24,874,145,2024-11-24
4666,252,23,512,26,2024-07-10
4667,102,24,343,80,2024-03-18
4668,258,21,470,51,2023-01-31
4669,348,10,186,121,2024-05-15
4670,259,31,279,33,2024-01-25
4671,55,20,370,79,2024-04-16
4672,9999,999,-30,62,2023-03-05
4673,152,13,775,91,2023-06-24
4674,40,19,13,47,2024-07-27
4675,156,5,642,109,2023-12-24
4676,75,2,,62,2024-12-03
4677,77,27,973,137,2023-09-16
4678,200,26,205,59,2024-04-07
4679,259,28,179,79,2023-04-02
4680,189,15,940,34,2024-03-24
4681,204,32,855,129,2023-07-29
4682,194,10,114,104,2023-05-03
4683,360,13,18,103,2023-10-24
4684,149,23,505,71,2023-08-17
4685,275,23,919,103,2024-05-28
4686,268,27,255,84,2023-04-25
4687,355,3,-25,47,2023-01-01
4688,179,20,762,50,2024-05-29
4689,225,13,989,83,2024-07-09
4690,265,13,797,42,2024-02-24
4691,216,35,186,118,2024-02-21
4692,347,25,531,80,2024-01-30
4693,314,17,161,32,2023-10-26
4694,9999,999,-33,119,2023-07-04
4695,308,34,28,74,2023-05-30
4696,77,34,164,148,2023-01-29
4697,110,1,542,135,2023-08-06
4698,349,18,68,31,2023-11-21
4699,266,6,687,64,2023-06-01
4700,208,35,,24,2023-07-01
4701,125,2,65,142,2024-01-05
4702,291,6,-28,139,2023-08-14
4703,174,19,338,35,2024-08-09
4704,328,5,193,64,2023-05-31
4705,250,12,432,55,2023-01-21
4706,360,2,152,104,2024-12-14
4707,153,3,610,29,2023-04-12
4708,358,13,464,123,2023-11-02
4709,135,14,188,46,2023-04-24
4710,325,5,970,121,2023-03-03
4711,115,11,507,65,2023-03-29
4712,116,24,734,71,2024-07-19
4713,31,20,947,127,2024-04-26
4714,126,8,480,32,2023-11-23
4715,162,4,534,25,2023-07-31
4716,76,12,126,60,2023-09-01
4717,70,5,312,41,2023-11-12
4718,9999,999,-14,34,2024-01-18
4719,6,21,17,108,2023-02-07
4720,342,30,592,99,2023-03-04
4721,64,6,738,97,2023-10-12
4722,24,27,126,131,2024-05-29
4723,157,23,149,71,2024-01-31
4724,137,33,4,125,2023-01-24
4725,153,3,993,41,2023-10-11
4726,160,16,262,136,2023-06-23
4727,319,17,241,23,2023-02-07
4728,20,6,135,106,2024-04-05
4729,241,18,56,38,2023-12-25
4730,280,2,578,60,2024-05-25
4731,286,16,734,103,2023-05-10
4732,227,2,941,128,2023-05-10
4733,270,22,872,33,2024-03-25
4734,131,21,73,57,2024-09-20
4735,195,7,374,115,2024-04-08
4736,327,33,929,32,2024-03-30
4737,320,33,771,112,2023-03-24
4738,116,32,969,141,2024-08-22
4739,35,10,861,64,2023-08-19
4740,19,33,791,114,2023-04-03
4741,63,35,769,100,2024-04-29
4742,15,15,529,135,2024-06-20
4743,114,16,924,56,2023-08-12
4744,193,16,625,114,2024-12-07
4745,343,11,334,43,2024-03-11
4746,25,17,749,134,2023-05-02
4747,9999,999,-8,110,2023-06-12
4748,161,29,292,130,2023-02-18
4749,9999,999,-10,29,2024-09-20
4750,128,24,89,46,2024-04-12
4751,55,27,514,50,2024-09-21
4752,280,22,352,52,2023-11-13
4753,105,7,-17,117,2023-11-10
4754,55,29,700,146,2024-08-09
4755,278,17,182,86,2024-04-19
4756,234,29,968,65,2023-01-20
4757,122,15,470,35,2023-09-19
4758,308,29,771,20,2023-12-21
4759,284,26,973,57,2024-05-28
4760,98,35,149,21,2023-10-22
4761,152,10,320,23,2024-12-26
4762,183,31,301,81,2023-03-23
4763,22,24,32,51,2023-12-08
4764,328,11,107,41,2024-09-13
4765,9,32,78,45,2023-01-24
4766,70,21,540,96,2023-03-26
4767,93,30,187,100,2024-11-22
4768,180,12,316,79,2023-08-16
4769,43,13,163,137,2023-10-28
4770,326,18,488,99,2023-12-26
4771,101,22,115,72,2023-08-12
4772,271,29,,20,2024-05-02
4773,46,18,,69,2024-03-06
4774,47,27,848,125,2024-06-26
4775,318,19,619,78,2024-05-23
4776,148,35,735,148,2024-11-12
4777,267,21,859,112,2024-08-30
4778,354,18,346,64,2024-09-11
4779,92,33,218,136,2023-03-04
4780,172,21,593,132,2024-03-15
4781,74,10,828,126,2024-02-28
4782,6,7,853,76,2023-09-06
4783,324,21,496,117,2024-08-30
4784,18,3,923,91,2023-07-05
4785,225,21,336,57,2024-03-22
4786,15,20,856,88,2023-12-06
4787,13,35,,53,2023-09-13
4788,61,9,284,55,2024-07-26
4789,11,11,9,104,2023-03-16
4790,91,2,250,108,2023-06-29
4791,75,26,801,39,2023-12-29
4792,32,11,129,60,2023-10-08
4793,222,20,57,143,2023-11-03
4794,152,18,1000,126,2023-08-24
4795,25,2,383,25,2023-07-08
4796,92,26,999,36,2023-11-04
4797,87,23,93,58,2023-07-31
4798,167,7,839,127,2024-04-10
4799,340,12,249,100,2024-05-15
4800,324,21,126,137,2024-11-20
4801,207,33,960,70,2024-01-07
4802,195,31,824,146,2023-07-15
4803,360,21,314,86,2024-04-10
4804,204,4,,83,2023-08-31
4805,230,3,556,22,2024-04-06
4806,273,35,,78,2024-06-28
4807,165,33,713,112,2024-10-31
4808,203,26,363,106,2024-02-02
4809,339,22,829,81,2024-07-12
4810,94,4,68,129,2024-02-29
4811,13,34,95,27,2023-12-03
4812,10,11,703,38,2023-12-24
4813,46,22,249,91,2023-05-07
4814,358,9,345,148,2023-03-18
4815,65,18,203,135,2023-09-16
4816,206,7,675,35,2024-12-03
4817,137,19,716,102,2023-04-20
4818,122,16,50,103,2024-08-30
4819,86,35,,40,2023-03-20
4820,82,35,145,119,2024-07-29
4821,356,27,701,118,2023-04-28
4822,171,19,105,123,2024-10-10
4823,4,1,696,148,2024-02-21
4824,1,21,190,71,2023-01-13
4825,7,32,494,116,2024-08-13
4826,21,4,425,80,2023-02-18
4827,96,14,951,43,2023-02-16
4828,39,13,362,130,2023-02-06
4829,312,21,708,78,2023-06-04
4830,91,32,302,117,2024-10-03
4831,337,26,164,124,2023-07-06
4832,181,30,821,99,2023-02-17
4833,336,11,69,139,2023-07-20
4834,128,17,839,99,2024-07-20
4835,173,11,187,127,2024-06-25
4836,216,9,182,136,2023-09-30
4837,337,24,269,119,2024-03-10
4838,90,31,936,144,2023-02-26
4839,358,3,142,116,2024-10-18
4840,282,9,610,21,2023-03-14
4841,216,1,934,79,2023-09-13
4842,269,17,426,56,2024-05-06
4843,305,10,691,99,2023-03-16
4844,245,27,391,49,2023-07-18
4845,228,29,145,96,2023-04-24
4846,56,33,369,46,2024-06-21
4847,282,31,256,111,2024-09-24
4848,9999,999,-4,127,2024-01-31
4849,263,15,689,126,2024-10-08
4850,321,4,205,86,2024-01-16
4851,274,32,150,88,2023-04-03
4852,344,6,126,93,2023-11-24
4853,158,29,528,39,2023-09-25
4854,161,9,861,37,2024-01-12
4855,284,22,907,53,2023-08-28
4856,325,4,965,90,2023-07-15
4857,260,26,598,122,2023-07-10
4858,54,35,979,121,2024-04-28
4859,12,7,482,48,2024-10-05
4860,270,13,,84,2024-11-26
4861,343,7,,116,2023-02-05
4862,157,18,235,59,2024-08-27
4863,9999,999,-35,26,2023-04-30
4864,280,17,161,91,2023-12-08
4865,275,22,56,29,2023-09-25
4866,270,21,124,88,2023-02-14
4867,146,17,715,150,2023-05-29
4868,217,25,,97,2023-01-15
4869,64,18,858,44,2024-05-29
4870,48,35,342,62,2024-03-20
4871,284,11,230,25,2024-03-01
4872,208,15,365,142,2024-06-25
4873,249,22,918,138,2023-04-09
4874,331,16,4,91,2023-02-22
4875,340,17,112,121,2023-04-23
4876,300,26,283,71,2024-11-09
4877,9999,999,-40,85,2023-06-21
4878,202,10,122,45,2024-02-15
4879,248,24,435,126,2024-06-23
4880,23,26,541,51,2024-10-10
4881,37,17,810,34,2023-08-02
4882,138,1,236,102,2023-08-23
4883,76,34,356,31,2023-03-07
4884,331,25,-18,85,2024-07-19
4885,303,30,785,39,2023-05-08
4886,244,28,71,95,2024-03-03
4887,175,11,985,83,2023-02-15
4888,288,18,0,30,2024-11-25
4889,292,31,731,114,2024-02-19
4890,265,9,686,69,2024-07-21
4891,87,13,355,126,2024-06-30
4892,7,7,224,40,2024-03-07
4893,43,4,950,74,2023-01-31
4894,102,28,418,28,2024-04-19
4895,153,27,578,51,2023-10-26
4896,352,19,293,137,2024-11-26
4897,166,13,855,131,2024-04-08
4898,6,16,262,141,2023-01-15
4899,243,26,277,147,2023-10-30
4900,126,12,467,144,2024-07-30
4901,157,17,788,44,2024-07-17
4902,261,34,29,149,2023-02-10
4903,121,8,207,43,2024-07-28
4904,249,15,648,108,2023-01-21
4905,46,1,843,115,2023-08-19
4906,245,11,664,28,2023-11-11
4907,263,20,,132,2023-08-04
4908,55,4,826,144,2024-08-22
4909,109,12,414,63,2024-01-26
4910,186,32,494,140,2023-07-05
4911,99,19,806,92,2023-09-15
4912,139,15,166,51,2024-01-09
4913,36,22,542,75,2023-02-20
4914,286,28,949,127,2024-09-26
4915,329,12,924,65,2024-03-10
4916,182,1,888,52,2023-05-18
4917,117,24,67,120,2023-05-04
4918,20,9,851,41,2023-06-29
4919,320,17,345,49,2024-12-12
4920,105,12,338,141,2024-08-10
4921,170,26,658,71,2023-10-24
4922,48,22,662,109,2023-05-13
4923,323,5,326,47,2023-10-31
4924,321,4,819,79,2024-10-24
4925,199,31,614,63,2024-10-23
4926,233,6,199,46,2024-02-04
4927,189,24,464,78,2024-01-28
4928,207,8,375,47,2023-07-22
4929,59,4,995,88,2023-03-10
4930,260,10,593,78,2024-09-14
4931,126,26,313,84,2023-03-20
4932,333,17,639,129,2024-06-09
4933,20,19,581,98,2023-11-04
4934,74,21,587,46,2023-02-02
4935,354,23,520,111,2024-04-25
4936,202,29,571,99,2024-10-03
4937,282,1,628,41,2023-01-23
4938,125,33,214,148,2024-10-28
4939,292,32,387,127,2023-04-08
4940,136,17,,30,2024-05-12
4941,87,4,749,35,2023-10-13
4942,25,18,535,80,2024-05-10
4943,194,8,337,45,2024-04-09
4944,82,10,808,85,2024-02-09
4945,274,13,804,143,2024-06-06
4946,45,12,97,139,2023-01-14
4947,285,27,1,59,2023-09-05
4948,59,24,713,83,2024-11-11
4949,303,24,29,57,2023-01-08
4950,104,30,24,82,2024-02-21
4951,106,8,737,147,2024-06-13
4952,247,13,571,42,2024-12-11
4953,8,6,490,77,2023-06-24
4954,307,2,297,27,2023-06-25
4955,357,2,355,112,2024-10-20
4956,192,33,483,91,2024-09-24
4957,131,33,463,48,2023-01-08
4958,263,10,338,46,2024-01-01
4959,9999,999,-26,57,2023-01-23
4960,76,26,603,97,2024-02-25
4961,78,26,99,22,2023-01-22
4962,167,19,670,31,2023-09-21
4963,137,23,878,104,2024-08-28
4964,17,21,140,146,2023-10-07
4965,314,33,817,146,2024-11-26
4966,98,14,73,60,2023-07-16
4967,39,31,926,117,2024-12-22
4968,117,29,840,82,2024-07-10
4969,187,23,413,48,2024-11-23
4970,132,29,288,21,2024-08-22
4971,173,30,982,64,2024-03-01
4972,198,26,64,65,2023-08-15
4973,107,24,423,32,2023-12-05
4974,56,10,322,79,2024-09-24
4975,268,29,907,87,2023-05-06
4976,356,3,286,117,2024-03-05
4977,169,28,877,145,2024-09-15
4978,349,25,673,33,2023-08-22
4979,325,24,329,107,2023-01-17
4980,322,11,956,116,2024-02-28
4981,288,30,223,100,2024-09-30
4982,14,17,373,71,2023-10-03
4983,14,13,566,142,2024-02-15
4984,358,33,538,123,2024-12-05
4985,308,24,374,64,2024-07-30
4986,53,3,,101,2023-06-12
4987,344,22,611,91,2023-01-14
4988,183,15,629,41,2023-09-20
4989,28,25,650,98,2024-04-16
4990,161,2,,40,2023-11-11
4991,43,9,908,143,2024-12-15
4992,252,32,529,92,2023-10-22
4993,98,26,477,133,2024-08-06
4994,6,20,507,111,2023-05-29
4995,66,21,187,102,2024-10-04
4996,11,7,232,59,2024-05-11
4997,121,21,661,44,2024-01-09
4998,232,34,194,83,2024-11-27
4999,296,32,496,46,2024-06-27
5000,208,35,851,121,2024-09-18
5001,147,23,25,55,2023-04-04
5002,79,30,4,137,2024-04-05
5003,278,23,94,109,2024-04-13
5004,85,24,76,59,2024-02-23
5005,43,4,280,125,2024-03-28
5006,341,5,127,42,2024-11-15
5007,297,33,896,102,2023-05-12
5008,269,9,783,29,2023-07-31
5009,233,28,349,24,2023-01-13
5010,183,35,,124,2024-07-23
5011,280,12,456,111,2023-03-08
5012,54,25,168,123,2024-02-12
5013,188,27,407,40,2024-06-07
5014,101,29,344,102,2024-04-20
5015,91,11,754,84,2023-01-09
5016,292,12,157,146,2024-03-25
5017,100,14,193,142,2024-08-27
5018,345,9,551,149,2023-07-05
5019,88,24,107,111,2023-12-21
5020,235,35,273,28,2023-06-25
5021,121,18,146,27,2023-12-25
5022,111,10,178,114,2024-03-08
5023,350,7,,70,2024-10-06
5024,78,14,930,27,2024-10-25
5025,347,29,301,97,2023-05-12
5026,25,27,298,67,2024-08-20
5027,18,32,234,149,2024-02-26
5028,15,11,948,94,2023-03-12
5029,138,2,790,150,2024-02-06
5030,47,13,236,143,2023-09-16
5031,199,19,264,111,2024-08-27
5032,131,33,774,62,2023-09-08
5033,188,6,816,130,2023-12-05
5034,6,29,50,45,2024-04-26
5035,107,20,860,101,2023-05-11
5036,134,4,162,64,2024-10-29
5037,305,9,61,27,2023-04-25
5038,7,8,967,26,2024-02-15
5039,85,24,306,118,2024-05-06
5040,107,20,382,97,2024-07-27
5041,296,26,209,32,2024-10-09
5042,277,30,139,106,2023-12-23
5043,31,10,731,102,2023-08-13
5044,104,6,160,86,2024-12-27
5045,343,35,296,74,2024-10-26
5046,204,20,958,50,2023-01-09
5047,176,1,115,122,2023-09-16
5048,143,11,766,150,2023-03-16
5049,335,19,421,140,2024-04-13
5050,225,32,296,117,2024-10-30
5051,23,3,973,20,2024-02-29
5052,7,3,294,133,2024-05-17
5053,190,8,39,106,2023-09-02
5054,83,16,642,66,2024-06-08
5055,224,35,925,102,2024-11-19
5056,298,14,820,64,2023-12-24
5057,360,17,599,57,2023-06-07
5058,9999,999,-32,126,2023-11-23
5059,283,24,776,104,2024-09-18
5060,41,33,80,144,2024-02-10
5061,80,18,182,91,2024-07-13
5062,225,4,520,147,2024-06-25
5063,150,15,706,68,2023-07-19
5064,280,17,620,140,2023-11-03
5065,295,6,438,35,2023-06-05
5066,14,17,648,126,2023-09-02
5067,260,11,6,81,2024-09-29
5068,268,13,650,23,2024-10-20
5069,228,35,,86,2023-05-12
5070,12,22,363,90,2024-08-29
5071,254,23,882,42,2023-07-26
5072,111,21,628,63,2023-02-18
5073,121,26,923,110,2023-07-06
5074,289,34,547,135,2024-08-01
5075,208,14,569,122,2024-08-16
5076,99,12,461,107,2023-10-31
5077,181,22,925,34,2023-09-27
5078,16,8,988,64,2024-09-18
5079,81,26,-34,119,2024-05-08
5080,136,30,268,83,2023-03-02
5081,353,13,-49,88,2024-12-02
5082,231,17,838,76,2023-08-31
5083,172,2,619,146,2024-02-29
5084,182,6,625,124,2023-09-20
5085,115,7,58,113,2024-06-18
5086,142,14,282,125,2024-10-31
5087,195,3,980,106,2024-06-15
5088,248,27,303,49,2024-03-01
5089,197,17,416,143,2024-11-05
5090,22,29,180,125,2024-02-15
5091,204,4,532,113,2024-05-22
5092,62,20,378,33,2023-03-14
5093,203,18,988,133,2023-06-29
5094,7,22,915,146,2023-01-07
5095,192,12,796,135,2024-07-06
5096,73,2,536,143,2024-10-04
5097,275,4,704,98,2024-03-01
5098,252,4,911,76,2024-03-05
5099,91,4,811,148,2024-06-25
5100,82,4,268,105,2024-03-25
5101,9999,999,-23,91,2024-10-13
5102,279,24,47,73,2024-09-26
5103,331,29,184,103,2024-02-19
5104,176,20,860,96,2023-10-22
5105,346,34,331,116,2023-02-06
5106,209,1,917,131,2024-02-02
5107,338,3,771,136,2023-07-02
5108,155,14,888,84,2023-07-14
5109,180,27,828,93,2023-03-19
5110,343,4,276,71,2024-10-11
5111,262,33,128,97,2024-08-21
5112,341,2,863,123,2024-02-21
5113,343,25,626,39,2023-09-24
5114,221,3,608,96,2024-06-08
5115,222,20,79,150,2024-11-30
5116,62,13,289,34,2024-07-20
5117,9,25,77,77,2023-06-01
5118,119,15,876,34,2024-10-20
5119,182,35,460,39,2023-02-19
5120,358,32,200,23,2024-10-23
5121,225,7,361,135,2024-07-29
5122,174,9,951,69,2024-04-10
5123,343,13,398,36,2024-04-06
5124,297,26,492,21,2024-05-16
5125,23,8,227,84,2023-02-14
5126,8,11,639,50,2023-10-27
5127,305,14,245,141,2024-02-04
5128,41,2,917,116,2023-12-03
5129,46,11,312,36,2024-09-24
5130,236,18,649,63,2024-07-06
5131,28,1,177,30,2023-01-20
5132,235,27,415,23,2023-01-19
5133,103,1,710,126,2023-04-18
5134,345,22,374,141,2023-03-12
5135,74,24,6,77,2024-01-11
5136,355,30,725,47,2023-06-29
5137,127,19,21,81,2023-06-24
5138,353,25,981,36,2023-09-05
5139,318,14,485,90,2024-12-24
5140,233,3,12,27,2024-07-07
5141,246,23,937,147,2024-11-27
5142,37,4,417,47,2024-12-02
5143,254,8,941,50,2024-05-31
5144,349,35,324,82,2024-08-10
5145,60,18,352,104,2023-09-14
5146,121,21,690,112,2023-02-19
5147,187,11,752,148,2023-09-10
5148,347,8,708,100,2023-01-24
5149,227,30,25,94,2023-12-23
5150,162,25,-21,33,2023-11-08
5151,78,4,502,105,2024-10-24
5152,235,3,507,70,2023-01-02
5153,129,34,711,134,2024-05-06
5154,193,32,816,99,2023-02-18
5155,89,20,991,122,2023-08-28
5156,131,7,6,107,2024-05-22
5157,330,20,60,52,2024-08-30
5158,316,28,996,58,2023-01-28
5159,184,26,333,121,2023-01-15
5160,343,10,194,124,2024-09-27
5161,179,7,21,83,2023-07-19
5162,235,21,448,55,2024-10-21
5163,290,17,207,120,2023-10-04
5164,337,13,68,24,2023-10-25
5165,252,9,764,104,2024-03-23
5166,188,23,404,138,2023-08-08
5167,214,13,470,83,2024-10-30
5168,251,7,727,89,2024-11-29
5169,214,21,522,89,2023-05-26
5170,328,26,877,133,2023-01-20
5171,262,21,496,38,2023-07-07
5172,201,28,141,110,2024-04-01
5173,21,27,374,148,2023-08-07
5174,23,19,482,22,2024-05-03
5175,9999,999,-34,142,2024-11-07
5176,274,5,933,45,2024-01-30
5177,245,4,347,124,2023-10-26
5178,345,20,900,124,2024-02-10
5179,40,13,335,84,2024-10-23
5180,124,34,633,100,2024-10-16
5181,173,33,354,87,2023-06-26
5182,59,13,459,150,2023-02-07
5183,182,8,618,148,2023-04-05
5184,206,13,775,90,2024-09-21
5185,343,28,171,66,2023-01-28
5186,54,15,475,138,2023-08-21
5187,82,4,752,59,2024-12-29
5188,97,29,728,54,2024-01-31
5189,277,24,821,131,2024-11-11
5190,319,27,386,70,2023-07-30
5191,121,23,553,59,2023-06-12
5192,174,22,822,132,2023-11-03
5193,215,21,167,64,2023-12-02
5194,157,6,456,60,2024-09-03
5195,323,31,182,121,2023-04-01
5196,220,32,311,90,2023-09-26
5197,204,11,266,80,2024-03-19
5198,334,14,543,28,2024-06-02
5199,209,21,318,113,2023-02-06
5200,314,8,418,72,2024-08-14
5201,320,21,104,91,2023-04-23
5202,335,7,246,25,2023-03-12
5203,301,24,571,30,2024-08-24
5204,216,18,373,55,2023-01-16
5205,146,30,375,136,2023-11-24
5206,126,20,850,136,2024-02-25
5207,334,22,703,89,2023-03-07
5208,83,30,308,106,2024-06-03
5209,46,1,271,66,2023-10-11
5210,193,20,98,100,2024-09-17
5211,129,31,402,46,2024-01-07
5212,160,4,643,25,2024-02-19
5213,94,22,144,129,2024-11-28
5214,306,28,141,103,2024-04-25
5215,230,2,803,24,2023-01-19
5216,112,15,659,111,2023-09-30
5217,122,4,246,26,2024-08-09
5218,136,25,465,51,2024-10-18
5219,38,4,80,100,2024-05-05
5220,311,20,358,83,2024-10-14
5221,187,14,439,136,2023-08-21
5222,164,9,511,90,2024-04-29
5223,102,9,691,133,2024-05-20
5224,158,14,412,30,2023-09-09
5225,173,30,20,99,2024-09-22
5226,41,28,954,31,2024-08-10
5227,217,11,401,65,2023-02-21
5228,160,22,345,36,2023-02-01
5229,215,14,,70,2024-03-12
5230,16,13,248,74,2024-06-11
5231,300,6,507,112,2023-07-21
5232,207,25,303,78,2023-10-06
5233,334,2,339,92,2024-07-15
5234,302,3,545,35,2024-10-22
5235,294,14,375,89,2024-11-15
5236,307,12,344,62,2023-01-04
5237,208,9,133,62,2023-10-30
5238,73,35,78,115,2024-08-29
5239,106,14,431,128,2023-02-16
5240,152,3,526,137,2024-11-12
5241,259,9,806,67,2023-09-26
5242,17,23,218,86,2024-12-08
5243,46,18,91,61,2023-10-10
5244,332,9,525,31,2024-02-28
5245,83,21,594,83,2023-09-23
5246,237,33,900,117,2024-08-26
5247,300,16,1000,82,2024-10-09
5248,191,12,808,110,2024-08-04
5249,204,19,258,91,2024-05-24
5250,351,2,553,101,2024-03-29
5251,110,21,249,109,2023-05-26
5252,307,35,52,87,2024-10-14
5253,178,8,634,119,2023-05-11
5254,218,9,487,49,2024-11-30
5255,196,3,871,60,2023-05-04
5256,27,17,654,41,2023-01-11
5257,141,35,462,50,2023-04-22
5258,349,6,132,64,2024-09-17
5259,288,17,353,30,2024-06-13
5260,57,24,963,99,2023-06-25
5261,164,28,533,80,2023-12-26
5262,84,15,530,84,2024-07-25
5263,269,22,941,39,2024-04-28
5264,324,11,791,38,2024-09-30
5265,135,6,100,126,2024-05-23
5266,220,28,627,44,2024-10-22
5267,324,3,556,124,2023-11-21
5268,39,8,656,54,2023-08-04
5269,104,24,219,33,2023-02-18
5270,260,22,650,22,2024-06-11
5271,178,10,87,107,2024-07-27
5272,353,4,39,101,2023-04-08
5273,9999,999,-22,87,2023-03-28
5274,187,13,978,115,2023-09-10
5275,118,21,996,31,2023-03-18
5276,207,31,16,121,2024-11-19
5277,26,1,561,101,2023-05-22
5278,3,17,751,24,2024-12-07
5279,93,23,177,128,2024-03-18
5280,115,14,166,127,2023-08-17
5281,64,21,931,50,2024-09-18
5282,17,24,21,66,2024-09-15
5283,123,22,,103,2024-10-08
5284,210,7,396,140,2024-09-25
5285,88,20,392,23,2024-10-25
5286,310,11,600,105,2024-08-03
5287,359,25,744,101,2023-07-25
5288,13,8,446,79,2024-03-22
5289,356,35,720,142,2024-07-04
5290,100,21,374,114,2024-06-28
5291,148,4,728,84,2024-08-24
5292,9999,999,-37,64,2024-09-15
5293,69,25,784,100,2024-04-25
5294,70,20,864,110,2023-03-28
5295,165,7,978,132,2023-05-14
5296,82,14,343,25,2023-11-09
5297,221,30,310,85,2023-08-10
5298,334,30,242,111,2023-05-29
5299,22,7,962,126,2024-01-13
5300,64,8,,61,2023-01-31
5301,82,12,989,65,2024-08-27
5302,184,21,187,68,2024-09-30
5303,311,10,,138,2024-01-26
5304,277,30,107,66,2023-01-31
5305,134,32,713,86,2023-03-25
5306,192,19,903,107,2023-03-01
5307,194,28,387,148,2024-12-15
5308,174,1,43,143,2024-11-17
5309,277,1,595,26,2023-05-05
5310,138,19,609,135,2023-02-08
5311,202,5,101,91,2023-03-02
5312,180,31,735,70,2023-07-18
5313,118,4,134,73,2024-08-14
5314,86,7,206,71,2023-03-05
5315,204,16,787,71,2024-10-09
5316,109,5,573,111,2023-01-04
5317,284,3,955,123,2024-09-10
5318,127,35,507,48,2023-11-17
5319,303,7,588,34,2024-08-11
5320,6,1,126,42,2024-03-09
5321,70,29,,108,2023-03-26
5322,48,4,245,24,2024-04-16
5323,262,28,597,80,2024-02-20
5324,305,14,872,44,2023-11-18
5325,360,32,481,93,2024-08-31
5326,53,17,864,87,2023-01-11
5327,179,32,314,112,2024-12-13
5328,105,19,196,24,2023-10-11
5329,28,27,437,42,2024-09-04
5330,78,3,402,130,2024-10-04
5331,82,20,346,66,2024-05-21
5332,237,9,845,91,2024-07-09
5333,69,28,431,37,2024-07-11
5334,55,25,627,134,2023-09-29
5335,245,16,658,114,2024-04-11
5336,220,15,805,134,2023-09-17
5337,36,13,446,57,2024-04-24
5338,123,30,590,57,2023-05-07
5339,301,14,794,85,2024-08-23
5340,285,20,121,107,2023-11-29
5341,234,15,769,54,2024-07-21
5342,21,6,707,69,2023-07-02
5343,2,10,320,24,2024-06-29
5344,4,17,740,52,2024-03-17
5345,167,34,385,128,2023-05-12
5346,72,17,973,75,2024-05-27
5347,226,26,10,64,2023-08-25
5348,172,35,,55,2024-10-30
5349,138,10,916,112,2023-01-21
5350,20,30,937,130,2024-01-04
5351,263,17,150,114,2023-09-04
5352,31,10,532,46,2023-02-08
5353,262,11,487,92,2024-08-26
5354,138,24,194,122,2023-10-02
5355,253,25,493,93,2023-07-03
5356,263,13,,36,2024-01-18
5357,254,17,125,115,2024-11-22
5358,263,7,29,131,2024-06-06
5359,121,11,496,53,2023-02-10
5360,334,16,775,58,2024-09-19
5361,65,23,375,76,2024-06-17
5362,101,2,936,61,2024-03-10
5363,338,25,765,98,2023-03-22
5364,273,25,274,114,2023-08-22
5365,223,22,685,99,2023-12-31
5366,143,1,260,34,2023-10-15
5367,342,2,65,137,2023-06-28
5368,324,12,697,129,2024-03-23
5369,192,31,795,130,2024-01-01
5370,15,18,853,120,2023-11-11
5371,159,18,924,135,2023-06-14
5372,5,12,974,100,2023-05-03
5373,149,20,259,57,2024-12-17
5374,57,24,687,53,2024-01-16
5375,322,5,,52,2023-11-02
5376,118,20,873,22,2023-08-20
5377,103,14,938,57,2024-10-21
5378,295,1,896,36,2024-10-10
5379,30,1,806,134,2024-06-12
5380,313,26,912,64,2023-01-28
5381,208,24,989,105,2023-10-06
5382,250,35,632,66,2023-04-26
5383,181,29,190,85,2023-02-11
5384,100,22,,120,2024-08-29
5385,113,10,495,135,2023-07-14
5386,347,10,704,25,2023-05-16
5387,60,21,35,128,2023-04-11
5388,337,20,709,96,2023-03-26
5389,353,31,753,113,2024-02-27
5390,16,34,169,72,2023-09-13
5391,195,21,504,113,2024-07-10
5392,211,17,648,25,2024-10-02
5393,147,15,139,97,2023-03-28
5394,231,25,963,88,2024-02-17
5395,345,25,543,20,2024-06-23
5396,14,3,87,134,2023-06-14
5397,10,28,830,142,2024-05-17
5398,214,27,485,130,2023-03-14
5399,11,7,535,111,2023-09-13
5400,306,17,575,59,2024-04-07
5401,275,24,256,110,2024-01-31
5402,234,22,543,71,2024-10-23
5403,282,22,301,136,2023-12-16
5404,243,30,,20,2023-05-15
5405,65,31,657,127,2024-12-16
5406,198,23,492,81,2023-09-12
5407,343,27,906,69,2024-10-10
5408,75,7,891,102,2023-03-30
5409,78,21,982,29,2024-09-01
5410,218,31,375,61,2023-12-03
5411,333,1,583,107,2023-02-27
5412,234,20,742,123,2024-07-26
5413,53,22,67,95,2024-04-26
5414,3,33,454,106,2024-03-02
5415,284,28,791,82,2023-03-22
5416,165,8,63,50,2023-06-22
5417,96,27,662,88,2023-04-06
5418,356,34,867,25,2024-05-29
5419,91,9,862,22,2024-07-30
5420,211,30,44,136,2023-07-01
5421,164,12,27,41,2024-08-09
5422,186,29,567,114,2023-07-26
5423,354,28,35,145,2023-08-08
5424,92,30,27,101,2023-11-20
5425,281,3,348,149,2023-10-12
5426,289,27,307,81,2023-03-02
5427,104,32,289,115,2024-08-07
5428,343,10,467,85,2023-01-04
5429,42,4,400,47,2024-05-08
5430,103,13,32,123,2023-06-08
5431,259,8,929,24,2023-11-10
5432,71,34,146,150,2024-01-03
5433,39,6,386,94,2024-07-10
5434,179,8,186,128,2023-06-14
5435,296,22,505,90,2024-06-19
5436,103,5,429,37,2024-08-01
5437,82,23,816,27,2024-04-12
5438,20,19,738,69,2024-02-04
5439,47,11,413,46,2023-06-18
5440,251,4,172,85,2024-12-03
5441,8,16,606,60,2023-02-25
5442,329,31,632,81,2023-09-26
5443,245,21,367,45,2023-08-14
5444,9999,999,-12,38,2023-04-27
5445,17,3,692,139,2024-10-05
5446,179,30,,34,2023-09-24
5447,203,7,374,149,2024-06-02
5448,317,18,48,110,2023-05-10
5449,355,5,301,82,2023-05-17
5450,71,28,726,102,2023-05-11
5451,214,33,405,32,2024-07-27
5452,220,10,234,109,2024-10-05
5453,15,29,,99,2024-07-25
5454,9999,999,-5,113,2024-10-08
5455,180,8,668,136,2023-05-10
5456,173,24,963,68,2024-05-22
5457,177,7,199,141,2023-01-01
5458,336,10,816,123,2024-08-11
5459,132,12,648,37,2024-04-30
5460,10,27,723,87,2023-08-20
5461,127,23,150,79,2023-07-16
5462,57,31,913,62,2024-11-22
5463,81,9,861,116,2023-07-06
5464,113,22,845,96,2023-02-02
5465,84,22,522,38,2024-05-30
5466,301,9,320,64,2023-11-12
5467,328,5,,91,2023-02-28
5468,87,24,244,60,2023-05-03
5469,73,11,649,91,2024-08-23
5470,38,15,764,141,2024-08-20
5471,308,12,439,131,2024-04-08
5472,97,33,619,38,2024-03-02
5473,128,9,123,128,2023-02-19
5474,194,10,657,57,2023-11-25
5475,90,1,934,86,2023-11-22
5476,356,25,589,27,2023-01-05
5477,6,3,61,48,2024-09-25
5478,331,17,991,84,2024-01-08
5479,356,31,60,124,2024-05-26
5480,19,21,252,103,2023-04-09
5481,158,25,278,20,2023-05-13
5482,227,9,923,87,2023-06-23
5483,341,7,924,144,2024-06-22
5484,176,15,293,120,2023-08-20
5485,93,16,114,53,2023-11-25
5486,267,2,197,54,2023-12-02
5487,109,31,302,51,2023-10-05
5488,194,18,916,92,2023-09-12
5489,285,18,906,74,2024-07-05
5490,101,6,760,87,2023-10-20
5491,122,1,810,103,2024-01-01
5492,216,24,174,81,2024-11-29
5493,341,1,329,141,2023-12-31
5494,349,2,-25,122,2024-04-11
5495,141,13,372,43,2023-04-03
5496,184,4,127,133,2023-11-29
5497,130,9,409,57,2024-12-03
5498,92,33,830,115,2023-07-08
5499,43,16,455,139,2024-02-14
5500,280,13,648,148,2023-07-26
5501,95,8,26,85,2023-06-02
5502,87,13,144,53,2024-11-11
5503,315,3,827,133,2023-01-16
5504,114,29,780,104,2024-12-07
5505,107,29,567,102,2023-09-09
5506,350,24,503,106,2023-01-13
5507,339,9,860,60,2023-12-14
5508,62,14,489,80,2024-02-16
5509,176,13,143,66,2024-02-04
5510,286,23,584,48,2024-07-17
5511,156,15,370,137,2024-11-18
5512,116,24,309,60,2024-11-08
5513,36,30,446,35,2024-01-19
5514,218,27,-22,127,2023-07-16
5515,18,23,147,47,2023-04-13
5516,150,1,648,69,2023-04-15
5517,310,7,612,105,2024-05-04
5518,111,15,41,59,2024-10-05
5519,258,1,145,69,2023-04-03
5520,108,4,99,22,2023-09-09
5521,295,5,558,44,2024-10-02
5522,3,23,535,123,2024-02-01
5523,9999,999,-41,46,2023-05-14
5524,69,25,362,44,2023-06-18
5525,185,5,96,83,2023-07-24
5526,196,6,525,69,2024-12-16
5527,327,3,891,139,2024-10-15
5528,9999,999,-25,98,2024-09-16
5529,18,9,267,30,2023-02-12
5530,280,10,412,30,2023-12-16
5531,176,30,294,55,2023-11-26
5532,254,7,83,147,2024-02-01
5533,69,18,647,75,2024-07-15
5534,323,18,581,118,2023-12-05
5535,9999,999,-48,128,2023-02-25
5536,279,35,621,31,2023-12-12
5537,15,31,246,56,2023-11-29
5538,106,5,728,135,2023-03-21
5539,205,28,720,101,2024-12-13
5540,358,33,982,112,2024-01-19
5541,359,2,362,40,2023-04-16
5542,234,20,806,25,2024-01-12
5543,356,8,299,67,2023-06-30
5544,178,27,218,135,2023-08-18
5545,284,35,289,125,2024-09-28
5546,300,2,801,38,2024-04-02
5547,136,13,523,88,2024-12-28
5548,352,30,374,81,2024-05-27
5549,250,34,507,98,2023-04-17
5550,205,20,933,32,2024-01-30
5551,88,1,417,92,2024-10-01
5552,82,29,27,28,2024-03-24
5553,196,12,127,140,2023-08-09
5554,164,15,56,59,2024-11-21
5555,50,8,362,103,2024-08-11
5556,116,6,9,142,2024-10-23
5557,37,5,671,134,2024-10-31
5558,269,10,198,21,2023-12-31
5559,81,15,712,31,2023-01-01
5560,151,12,731,86,2023-09-19
5561,260,34,472,45,2023-01-24
5562,20,20,696,126,2024-01-20
5563,9999,999,-33,121,2024-07-28
5564,158,33,962,22,2024-02-09
5565,273,27,157,121,2024-12-31
5566,156,9,586,146,2024-02-03
5567,36,5,765,86,2024-11-12
5568,151,32,278,32,2023-11-20
5569,250,5,997,134,2024-10-02
5570,281,16,94,25,2024-10-16
5571,91,10,-2,63,2024-01-13
5572,188,10,810,60,2024-07-21
5573,245,31,209,130,2023-03-25
5574,291,31,276,143,2023-04-02
5575,11,33,695,107,2024-02-13
5576,100,27,957,72,2023-03-11
5577,62,35,840,91,2023-07-15
5578,323,31,619,140,2024-01-31
5579,267,14,350,140,2023-02-02
5580,336,21,579,142,2024-10-09
5581,328,33,575,104,2024-07-04
5582,304,7,723,142,2023-12-29
5583,318,35,775,84,2023-09-22
5584,218,8,300,98,2023-07-20
5585,83,3,176,59,2023-07-05
5586,204,12,743,45,2024-06-05
5587,303,15,889,111,2023-04-10
5588,287,17,966,77,2023-07-26
5589,113,12,548,38,2024-01-18
5590,113,4,447,94,2023-11-07
5591,17,31,68,94,2024-04-02
5592,254,26,178,58,2024-09-08
5593,198,15,775,94,2024-06-17
5594,164,15,696,99,2023-07-05
5595,53,14,557,132,2024-08-14
5596,176,20,205,150,2024-06-30
5597,104,16,815,56,2023-06-25
5598,339,13,309,36,2024-09-22
5599,133,10,62,145,2024-03-02
5600,291,1,544,91,2023-01-14
5601,258,15,,121,2024-08-13
5602,40,21,803,112,2024-01-07
5603,92,3,406,144,2023-02-21
5604,12,27,-10,74,2023-06-23
5605,44,9,-18,148,2023-10-01
5606,177,20,12,119,2024-07-16
5607,152,26,210,42,2023-01-19
5608,7,28,519,109,2024-02-16
5609,94,22,244,113,2023-11-02
5610,9999,999,-10,74,2023-01-28
5611,138,28,911,79,2023-09-06
5612,174,31,565,139,2024-03-27
5613,340,22,700,72,2023-01-25
5614,291,12,964,101,2024-06-29
5615,180,12,664,21,2023-01-13
5616,280,15,752,140,2023-08-24
5617,182,14,464,66,2023-08-24
5618,131,17,822,136,2024-08-04
5619,1,34,988,48,2024-10-01
5620,137,16,881,137,2024-01-18
5621,176,34,184,49,2023-11-06
5622,299,3,174,149,2024-11-01
5623,75,29,137,146,2024-04-06
5624,299,16,636,83,2023-10-22
5625,320,9,909,63,2024-05-25
5626,63,13,9,50,2024-03-02
5627,186,26,770,42,2023-07-25
5628,94,17,557,35,2023-03-24
5629,260,26,772,138,2023-02-26
5630,52,10,957,56,2024-03-19
5631,4,12,501,138,2024-07-26
5632,101,1,657,95,2023-12-03
5633,227,35,902,97,2023-09-13
5634,91,12,544,136,2023-07-13
5635,119,27,27,37,2023-12-10
5636,344,21,121,130,2023-05-13
5637,193,30,458,76,2024-06-13
5638,288,11,-5,112,2023-09-17
5639,181,33,909,55,2024-01-13
5640,27,25,-39,92,2024-02-21
5641,66,4,257,59,2023-08-25
5642,5,2,,104,2024-09-12
5643,63,6,607,101,2023-12-27
5644,51,1,678,63,2024-07-10
5645,197,3,351,128,2023-01-07
5646,66,5,187,73,2023-03-01
5647,57,4,349,69,2023-07-20
5648,161,23,455,36,2024-10-10
5649,30,7,992,134,2024-05-30
5650,223,26,371,120,2023-03-09
5651,27,33,582,82,2024-10-22
5652,297,11,199,130,2023-06-29
5653,5,13,262,76,2023-06-02
5654,272,33,129,59,2024-12-30
5655,355,15,568,24,2024-06-19
5656,82,16,283,47,2024-10-19
5657,85,31,-1,31,2024-10-10
5658,114,24,567,53,2024-09-12
5659,298,4,126,83,2023-03-11
5660,19,31,612,143,2024-04-16
5661,229,32,629,135,2024-07-25
5662,64,29,324,51,2024-09-02
5663,287,27,276,117,2024-05-02
5664,245,35,204,61,2024-10-16
5665,252,17,542,55,2024-07-10
5666,20,24,184,78,2024-05-14
5667,272,28,597,44,2024-02-23
5668,56,29,814,110,2023-11-11
5669,164,31,904,53,2024-11-04
5670,307,6,917,72,2023-08-28
5671,84,26,391,50,2024-03-16
5672,120,11,722,131,2024-01-31
5673,200,23,14,112,2023-09-18
5674,268,34,829,138,2024-04-01
5675,49,2,970,61,2024-07-16
5676,80,3,431,83,2024-08-10
5677,319,9,93,134,2023-06-09
5678,149,6,963,43,2023-02-23
5679,145,11,426,131,2023-11-19
5680,47,31,421,71,2024-06-14
5681,310,18,319,87,2024-05-07
5682,86,22,451,31,2024-06-29
5683,301,10,667,124,2024-11-14
5684,212,29,161,82,2024-03-21
5685,12,5,995,43,2023-10-13
5686,226,26,839,87,2023-07-11
5687,348,10,,42,2024-04-12
5688,53,26,307,33,2024-10-18
5689,172,24,844,76,2024-08-23
5690,121,34,49,55,2024-10-21
5691,60,31,502,144,2024-03-21
5692,138,4,739,33,2024-03-26
5693,271,20,434,144,2023-02-17
5694,222,27,126,101,2023-01-18
5695,318,14,107,116,2023-09-02
5696,176,17,866,150,2023-10-07
5697,183,18,659,88,2023-04-02
5698,229,3,628,102,2023-07-30
5699,335,12,716,114,2024-04-14
5700,89,2,318,75,2023-03-03
5701,73,11,0,89,2024-01-30
5702,87,7,805,98,2024-03-18
5703,99,21,912,33,2024-10-04
5704,231,31,476,134,2023-06-08
5705,100,25,126,21,2023-07-05
5706,242,11,374,26,2024-10-09
5707,133,7,294,125,2024-04-21
5708,196,29,437,132,2023-05-19
5709,9999,999,,69,2024-01-17
5710,228,8,544,65,2023-12-29
5711,340,21,457,30,2024-06-22
5712,243,31,706,133,2023-06-14
5713,338,22,7,88,2024-02-08
5714,116,11,435,65,2024-01-15
5715,222,31,173,39,2023-10-13
5716,250,4,931,72,2023-03-07
5717,89,3,318,139,2024-08-25
5718,59,3,587,31,2023-08-04
5719,50,3,508,34,2023-01-01
5720,127,14,985,44,2024-10-17
5721,169,27,681,139,2023-01-30
5722,130,19,178,48,2023-09-27
5723,59,20,791,44,2024-07-31
5724,351,25,769,55,2023-01-20
5725,252,8,,135,2023-01-01
5726,240,22,612,104,2024-11-14
5727,85,6,793,106,2024-11-06
5728,146,33,689,31,2024-08-09
5729,81,25,77,94,2024-01-31
5730,131,12,143,24,2024-06-14
5731,63,2,80,59,2024-09-04
5732,181,11,45,21,2024-05-01
5733,293,22,499,107,2023-10-07
5734,305,31,,62,2023-08-17
5735,91,30,875,31,2023-08-01
5736,169,12,350,53,2023-07-14
5737,32,21,55,146,2023-03-02
5738,162,4,212,126,2024-08-30
5739,240,21,906,20,2023-07-11
5740,243,25,676,111,2024-11-15
5741,96,8,166,120,2023-09-30
5742,306,6,859,76,2024-10-15
5743,206,29,608,120,2024-02-05
5744,29,14,65,86,2023-03-16
5745,317,9,401,99,2023-06-27
5746,233,5,940,121,2023-08-04
5747,80,7,880,36,2024-01-10
5748,27,31,201,115,2024-05-05
5749,94,3,959,142,2024-11-28
5750,47,15,169,121,2023-05-09
5751,10,4,575,72,2024-01-11
5752,133,30,302,42,2024-12-05
5753,173,6,777,72,2024-10-29
5754,36,13,348,82,2024-10-30
5755,135,3,410,97,2024-06-30
5756,334,12,868,127,2023-10-20
5757,106,30,549,93,2023-06-27
5758,230,18,126,49,2024-12-27
5759,184,8,879,105,2024-07-05
5760,115,3,511,72,2023-05-13
5761,234,25,812,100,2024-02-17
5762,259,11,768,87,2024-05-25
5763,331,25,739,47,2023-11-02
5764,51,35,324,113,2023-09-07
5765,128,33,122,57,2023-02-14
5766,150,22,637,31,2024-04-05
5767,338,35,571,120,2023-04-19
5768,347,32,19,119,2023-03-23
5769,92,18,957,70,2024-10-02
5770,195,26,79,115,2023-06-06
5771,98,33,893,71,2023-10-25
5772,148,10,550,70,2024-07-22
5773,30,10,155,120,2023-10-05
5774,9999,999,-41,23,2023-05-10
5775,350,22,862,50,2024-10-15
5776,13,34,914,113,2024-10-05
5777,32,20,62,123,2024-05-21
5778,9999,999,-47,64,2023-06-26
5779,33,3,-27,114,2023-05-16
5780,193,4,407,131,2023-12-10
5781,98,35,275,133,2023-12-27
5782,273,33,628,64,2023-11-05
5783,91,32,30,43,2023-03-17
5784,241,27,49,123,2024-02-16
5785,204,4,212,126,2023-08-13
5786,107,8,996,126,2023-11-09
5787,305,28,12,60,2024-12-16
5788,289,19,229,76,2024-12-23
5789,75,23,943,125,2023-06-19
5790,179,9,762,81,2023-09-20
5791,188,31,877,125,2024-12-27
5792,7,16,988,79,2024-02-03
5793,69,22,635,58,2023-02-22
5794,233,32,513,135,2023-09-25
5795,229,26,149,94,2023-02-27
5796,78,12,570,32,2023-01-31
5797,158,9,910,114,2023-08-16
5798,67,16,216,135,2024-02-27
5799,148,2,327,93,2024-04-17
5800,9999,999,-46,92,2024-10-23
5801,108,9,-24,139,2023-09-01
5802,43,26,277,140,2024-06-02
5803,26,8,786,115,2023-10-13
5804,154,14,316,93,2023-04-21
5805,311,11,407,72,2023-07-25
5806,48,8,,125,2023-06-06
5807,28,11,212,111,2024-11-05
5808,302,27,350,138,2024-06-29
5809,142,5,271,41,2024-06-04
5810,54,33,27,125,2023-04-11
5811,254,19,262,60,2023-07-13
5812,306,14,129,69,2024-08-26
5813,40,15,99,86,2024-10-21
5814,213,25,794,48,2023-04-03
5815,2,32,741,73,2023-10-12
5816,9999,999,-10,86,2024-07-03
5817,30,32,200,60,2024-12-16
5818,28,11,490,136,2024-02-18
5819,100,3,345,51,2023-08-04
5820,304,1,74,25,2024-02-23
5821,239,5,993,23,2023-08-10
5822,137,11,717,38,2024-11-17
5823,227,16,544,20,2023-07-15
5824,144,9,,124,2023-10-05
5825,11,28,289,51,2024-05-19
5826,293,23,634,42,2023-06-14
5827,320,30,41,107,2023-12-04
5828,355,24,604,117,2024-12-07
5829,239,22,57,107,2023-04-06
5830,51,28,292,108,2024-01-20
5831,254,31,643,113,2024-05-30
5832,238,21,671,21,2023-07-22
5833,163,1,382,146,2023-06-03
5834,241,34,718,121,2024-07-31
5835,193,17,275,25,2024-08-10
5836,295,25,802,21,2023-12-04
5837,9999,999,,53,2024-01-11
5838,305,7,677,55,2024-01-06
5839,184,27,897,48,2023-03-16
5840,283,2,699,64,2024-06-16
5841,189,27,248,148,2023-01-29
5842,259,10,,36,2024-12-30
5843,168,35,649,33,2023-07-28
5844,237,30,790,74,2023-05-05
5845,181,17,714,127,2023-03-25
5846,98,25,940,136,2024-09-05
5847,328,32,769,116,2024-12-26
5848,180,35,708,115,2024-06-05
5849,3,22,750,117,2023-06-24
5850,63,18,328,150,2024-07-12
5851,53,28,902,145,2024-02-29
5852,174,9,979,102,2023-11-22
5853,97,11,785,130,2024-02-08
5854,306,25,558,128,2023-03-11
5855,302,20,656,69,2023-10-27
5856,187,35,842,39,2023-05-29
5857,326,27,729,75,2024-10-25
5858,179,5,57,62,2024-07-27
5859,312,29,539,61,2023-11-13
5860,249,21,927,107,2024-04-29
5861,295,19,476,29,2023-12-22
5862,207,25,970,95,2024-08-19
5863,338,11,452,84,2023-02-04
5864,348,2,519,133,2023-10-05
5865,184,7,210,103,2024-09-24
5866,77,20,562,24,2023-08-02
5867,207,27,658,115,2024-07-16
5868,302,29,173,78,2023-07-10
5869,119,19,172,20,2023-06-16
5870,303,12,502,99,2023-01-06
5871,254,35,927,115,2023-01-18
5872,229,2,409,140,2023-06-03
5873,262,18,479,65,2024-12-03
5874,134,5,579,114,2024-03-05
5875,6,21,684,134,2023-04-03
5876,113,17,758,44,2024-06-21
5877,9999,999,-18,33,2023-08-26
5878,141,5,14,85,2023-04-03
5879,262,10,816,39,2023-08-28
5880,285,19,907,104,2024-05-04
5881,175,12,537,137,2024-01-18
5882,247,29,446,72,2023-08-12
5883,151,15,568,23,2024-06-05
5884,287,20,994,114,2023-01-01
5885,303,29,412,120,2024-09-03
5886,111,31,775,85,2024-02-21
5887,206,19,588,138,2023-11-14
5888,195,13,648,126,2023-02-13
5889,65,23,135,129,2024-08-28
5890,197,4,755,129,2024-03-23
5891,173,31,790,74,2024-08-27
5892,89,33,353,95,2023-03-17
5893,153,4,743,50,2024-04-07
5894,275,13,386,33,2024-03-21
5895,259,32,,150,2024-07-26
5896,318,23,982,90,2023-07-08
5897,47,2,305,148,2024-06-04
5898,230,35,414,42,2024-08-15
5899,295,35,89,104,2023-01-22
5900,192,35,62,29,2023-11-10
5901,120,25,519,139,2024-07-19
5902,154,1,898,125,2023-06-29
5903,253,22,536,150,2024-02-25
5904,209,30,110,126,2024-09-06
5905,67,30,-19,37,2023-09-24
5906,273,31,143,41,2023-10-21
5907,59,32,163,60,2023-07-16
5908,200,35,899,60,2024-03-11
5909,231,12,237,90,2024-10-29
5910,302,4,711,96,2023-08-21
5911,84,1,768,108,2023-10-12
5912,155,33,44,108,2024-05-31
5913,348,9,876,54,2023-02-13
5914,226,17,577,54,2023-02-22
5915,80,23,619,90,2024-10-15
5916,275,1,118,38,2023-05-17
5917,335,14,510,42,2024-12-13
5918,14,26,460,75,2023-02-22
5919,326,19,298,34,2023-01-30
5920,214,17,340,20,2023-03-06
5921,38,17,338,56,2024-03-02
5922,143,17,306,91,2024-09-25
5923,352,3,184,70,2023-01-28
5924,21,7,123,113,2023-07-04
5925,64,22,638,26,2023-12-13
5926,80,5,7,59,2023-05-22
5927,130,27,82,40,2023-12-14
5928,165,9,952,64,2023-12-15
5929,294,30,15,25,2023-12-09
5930,111,20,417,44,2023-12-07
5931,357,33,951,137,2024-05-23
5932,337,9,505,73,2024-03-18
5933,357,3,884,50,2023-12-02
5934,142,19,657,47,2024-04-24
5935,87,14,211,142,2023-11-01
5936,9999,999,-28,42,2024-10-04
5937,54,22,887,139,2023-02-07
5938,333,4,959,105,2023-01-06
5939,310,9,,91,2024-01-19
5940,22,9,776,112,2023-09-10
5941,11,29,169,34,2023-05-08
5942,284,24,659,71,2023-10-16
5943,325,30,599,46,2023-02-03
5944,248,22,780,66,2024-02-02
5945,172,15,469,100,2024-01-07
5946,212,31,948,148,2023-02-15
5947,312,34,303,44,2024-10-18
5948,222,15,725,82,2023-08-24
5949,143,25,829,126,2023-01-07
5950,332,17,923,60,2024-12-14
5951,188,1,170,44,2024-11-09
5952,345,21,,113,2023-05-31
5953,203,10,89,28,2023-01-27
5954,268,24,111,37,2024-01-06
5955,196,6,799,144,2023-10-15
5956,333,17,622,23,2023-01-04
5957,316,23,631,98,2023-07-09
5958,8,35,331,80,2023-07-23
5959,42,27,12,47,2023-12-26
5960,28,6,370,131,2024-03-11
5961,314,26,189,133,2024-09-18
5962,360,23,570,147,2024-05-20
5963,304,35,397,96,2023-12-17
5964,76,9,662,119,2023-03-14
5965,164,12,654,90,2024-05-17
5966,34,3,384,46,2023-11-08
5967,107,27,313,112,2024-06-13
5968,206,35,379,115,2023-09-04
5969,99,19,-40,112,2024-01-08
5970,179,32,263,29,2024-04-07
5971,204,12,358,58,2023-10-05
5972,32,17,876,116,2024-05-06
5973,27,8,421,135,2023-10-23
5974,31,24,853,115,2024-12-03
5975,221,29,523,110,2023-01-07
5976,343,25,602,92,2024-04-11
5977,273,8,863,143,2023-08-17
5978,217,7,726,150,2024-05-27
5979,123,11,982,146,2023-05-29
5980,99,2,981,75,2024-02-01
5981,110,4,571,111,2023-06-05
5982,271,2,141,68,2023-04-07
5983,147,8,203,43,2024-10-05
5984,118,14,184,91,2024-11-08
5985,57,17,851,119,2023-01-18
5986,77,3,644,149,2023-06-09
5987,35,26,461,69,2024-04-03
5988,68,34,337,135,2024-01-30
5989,35,32,345,104,2023-04-28
5990,316,28,614,129,2024-07-05
5991,343,27,144,80,2024-05-24
5992,45,7,270,20,2023-11-25
5993,325,7,336,28,2023-05-16
5994,257,20,,150,2024-04-08
5995,113,1,235,31,2023-04-06
5996,9999,999,-29,104,2024-03-23
5997,271,4,18,34,2024-05-07
5998,153,18,473,149,2023-02-10
5999,177,8,188,73,2023-04-07
6000,78,14,62,37,2024-09-10
6001,103,33,716,32,2023-03-02
6002,13,33,694,63,2023-01-07
6003,148,21,,147,2023-04-05
6004,83,7,798,103,2023-11-24
6005,250,27,671,67,2024-08-15
6006,250,15,250,66,2023-04-27
6007,9999,999,-49,132,2024-02-09
6008,228,13,914,121,2023-10-13
6009,259,25,17,94,2023-11-14
6010,247,7,244,128,2023-12-03
6011,167,17,937,83,2024-12-20
6012,35,21,8,135,2024-10-28
6013,314,2,877,94,2023-05-10
6014,63,1,895,142,2023-07-21
6015,124,29,-47,59,2024-08-03
6016,341,2,746,98,2023-01-31
6017,145,35,20,122,2023-10-06
6018,79,16,910,133,2023-08-24
6019,230,21,368,48,2024-01-28
6020,95,10,590,125,2023-10-01
6021,97,27,865,116,2024-08-09
6022,51,35,420,43,2024-12-15
6023,9999,999,-12,35,2024-02-15
6024,109,18,419,96,2023-07-02
6025,193,7,73,150,2024-07-25
6026,92,7,932,94,2024-11-10
6027,135,26,241,104,2023-06-09
6028,187,30,580,126,2024-02-01
6029,41,20,377,107,2023-09-10
6030,20,29,563,125,2023-06-19
6031,21,18,526,48,2023-06-25
6032,99,4,585,26,2023-11-27
6033,222,3,642,113,2024-09-12
6034,186,13,56,34,2024-04-04
6035,234,22,,21,2023-04-23
6036,264,11,448,26,2023-05-23
6037,253,32,858,58,2023-01-17
6038,9999,999,-44,47,2023-01-23
6039,342,24,230,30,2023-10-31
6040,104,4,78,113,2023-06-26
6041,275,14,663,104,2023-04-06
6042,4,24,718,123,2023-04-29
6043,150,26,,29,2024-08-04
6044,19,30,411,132,2023-10-24
6045,280,6,54,60,2023-12-09
6046,171,10,315,60,2024-07-21
6047,83,6,821,65,2024-06-30
6048,348,35,890,54,2024-06-17
6049,110,31,676,144,2024-10-23
6050,212,24,725,33,2023-06-25
6051,9999,999,-1,123,2024-11-08
6052,262,10,671,130,2023-05-27
6053,349,22,666,53,2023-02-24
6054,271,21,968,146,2023-09-20
6055,132,10,-39,30,2023-02-20
6056,244,29,587,23,2023-12-04
6057,49,7,192,67,2024-02-01
6058,125,15,158,135,2023-07-14
6059,199,35,-9,141,2024-10-22
6060,181,29,411,84,2024-07-06
6061,205,32,97,143,2023-09-28
6062,338,12,585,102,2024-06-17
6063,238,4,232,107,2024-12-12
6064,269,10,881,93,2023-09-18
6065,73,21,514,65,2024-07-21
6066,34,2,257,124,2023-03-15
6067,340,11,457,91,2024-02-11
6068,110,26,479,90,2023-07-02
6069,119,13,934,74,2023-09-14
6070,63,7,625,69,2023-02-16
6071,300,12,668,52,2024-10-02
6072,80,21,728,34,2023-02-04
6073,190,4,613,95,2023-03-25
6074,266,23,309,38,2024-01-02
6075,199,12,890,98,2023-01-25
6076,126,5,804,36,2023-10-01
6077,45,23,360,29,2024-12-31
6078,217,20,548,139,2023-02-10
6079,315,34,691,123,2023-02-18
6080,225,27,449,124,2023-04-24
6081,250,11,397,99,2024-09-08
6082,1,35,356,100,2024-07-04
6083,159,4,449,144,2024-04-21
6084,279,9,722,54,2023-03-03
6085,133,23,428,21,2023-06-11
6086,357,32,829,122,2024-11-22
6087,27,31,578,67,2023-03-20
6088,221,19,958,69,2024-11-08
6089,281,17,461,130,2023-03-11
6090,137,33,935,105,2023-06-05
6091,9999,999,-28,80,2024-06-10
6092,219,17,279,48,2024-11-03
6093,246,8,315,101,2023-03-15
6094,141,20,646,41,2023-04-15
6095,109,11,78,83,2023-03-08
6096,78,17,696,111,2024-02-10
6097,255,18,108,77,2023-12-15
6098,115,33,,114,2024-04-14
6099,82,27,491,26,2024-02-18
6100,241,27,166,128,2024-12-14
6101,288,8,379,78,2024-09-18
6102,335,30,352,111,2023-05-26
6103,10,35,588,87,2023-01-08
6104,72,34,,34,2023-07-21
6105,202,25,404,84,2024-05-26
6106,189,1,787,108,2024-10-31
6107,121,31,665,48,2024-09-02
6108,33,21,322,122,2023-08-16
6109,23,3,969,138,2024-05-23
6110,274,30,85,64,2023-03-28
6111,217,24,166,57,2024-05-08
6112,177,34,32,138,2024-08-26
6113,286,21,514,53,2023-03-31
6114,201,35,736,118,2024-09-11
6115,188,30,135,137,2024-10-12
6116,165,25,463,78,2024-07-07
6117,88,34,401,33,2024-04-02
6118,227,16,406,133,2023-09-18
6119,251,10,420,98,2024-07-14
6120,323,14,426,129,2024-06-18
6121,278,25,331,127,2024-11-08
6122,51,14,640,33,2023-11-28
6123,296,14,40,96,2024-11-10
6124,40,21,946,56,2023-11-23
6125,200,6,763,96,2024-09-01
6126,46,16,817,111,2023-10-23
6127,134,22,707,72,2023-07-16
6128,23,30,872,60,2023-10-18
6129,39,24,61,86,2023-01-14
6130,19,22,916,38,2023-07-11
6131,195,31,410,117,2024-12-11
6132,201,32,828,128,2023-08-22
6133,217,8,950,76,2024-01-20
6134,45,28,961,21,2023-03-07
6135,189,17,513,43,2023-10-21
6136,214,18,500,109,2024-02-15
6137,139,19,597,42,2023-06-28
6138,226,29,618,132,2023-04-06
6139,124,30,241,22,2023-12-19
6140,13,11,870,110,2024-03-08
6141,249,11,207,130,2023-08-06
6142,188,34,237,114,2023-03-11
6143,89,28,435,68,2023-09-12
6144,309,2,349,121,2024-07-30
6145,97,12,324,71,2023-06-27
6146,11,31,245,52,2023-02-13
6147,4,20,108,30,2023-01-26
6148,235,26,850,48,2024-03-09
6149,60,9,,40,2023-02-11
6150,204,22,921,42,2024-11-07
6151,360,11,601,132,2024-09-08
6152,38,27,903,42,2024-08-16
6153,169,4,440,74,2023-05-21
6154,171,22,30,57,2024-03-03
6155,3,5,160,94,2024-04-08
6156,216,34,931,74,2024-10-26
6157,341,24,412,93,2023-05-16
6158,214,35,467,37,2024-04-19
6159,216,31,924,29,2024-05-03
6160,268,33,709,140,2024-09-05
6161,129,2,304,25,2024-07-24
6162,300,7,9,149,2023-04-27
6163,52,12,696,21,2024-05-02
6164,213,22,604,77,2024-09-27
6165,211,33,642,42,2023-10-10
6166,317,7,707,86,2023-07-15
6167,327,4,668,25,2024-09-18
6168,320,12,620,76,2024-07-10
6169,265,4,224,65,2023-07-25
6170,61,29,924,107,2023-09-14
6171,325,33,727,98,2023-06-15
6172,55,4,131,86,2023-06-11
6173,26,28,116,102,2023-06-06
6174,152,2,668,147,2023-04-27
6175,68,5,931,64,2024-06-28
6176,353,22,562,48,2023-01-25
6177,124,31,238,35,2024-04-18
6178,312,11,607,31,2024-10-19
6179,18,27,672,144,2024-11-29
6180,319,35,415,108,2024-01-15
6181,14,19,59,115,2023-01-20
6182,281,32,70,38,2024-02-12
6183,347,25,180,64,2023-09-08
6184,35,1,930,49,2023-03-20
6185,74,13,254,88,2023-02-19
6186,3,25,569,114,2024-04-29
6187,156,23,351,116,2023-11-26
6188,342,15,625,63,2024-11-19
6189,357,12,,62,2024-04-06
6190,73,34,871,27,2024-10-28
6191,209,12,235,31,2023-08-23
6192,267,7,689,66,2023-01-06
6193,255,9,187,88,2024-06-12
6194,169,30,879,123,2023-11-19
6195,189,35,783,146,2023-01-04
6196,192,26,,34,2023-06-16
6197,102,2,956,126,2024-06-23
6198,6,27,969,70,2023-04-08
6199,6,17,178,81,2023-03-16
6200,172,32,301,50,2023-04-14
6201,133,5,485,26,2023-05-03
6202,329,15,82,60,2023-04-22
6203,91,29,841,81,2023-08-08
6204,353,18,176,89,2024-01-19
6205,94,27,0,117,2024-04-21
6206,294,27,299,84,2023-02-18
6207,3,32,577,76,2023-04-12
6208,212,28,499,48,2024-06-26
6209,138,4,808,74,2023-04-03
6210,84,11,847,50,2023-12-19
6211,130,8,893,112,2023-04-29
6212,58,15,411,142,2023-04-01
6213,196,15,295,129,2023-01-18
6214,342,12,922,96,2023-09-29
6215,61,18,500,70,2024-05-22
6216,126,6,593,150,2023-05-26
6217,121,7,322,26,2024-07-11
6218,279,10,797,74,2023-03-21
6219,320,31,42,59,2024-06-21
6220,189,11,373,72,2023-07-12
6221,165,34,118,87,2024-03-18
6222,78,12,303,92,2023-01-08
6223,309,14,563,137,2024-01-23
6224,163,9,846,110,2024-09-11
6225,273,29,933,94,2023-12-11
6226,71,10,309,145,2024-05-09
6227,54,20,722,132,2024-11-20
6228,213,22,385,96,2023-12-21
6229,161,13,277,108,2023-05-19
6230,100,32,36,145,2024-10-16
6231,248,33,569,147,2023-05-29
6232,217,28,588,117,2023-07-30
6233,216,10,650,38,2023-06-16
6234,230,9,584,35,2024-09-17
6235,176,35,332,117,2023-03-18
6236,263,23,,90,2024-12-28
6237,274,10,291,124,2024-09-09
6238,101,2,174,64,2023-11-15
6239,85,5,375,96,2024-11-29
6240,187,20,,99,2023-01-08
6241,251,17,623,28,2023-10-16
6242,360,35,365,50,2024-04-08
6243,350,30,952,62,2023-01-28
6244,312,22,978,27,2023-10-25
6245,30,9,189,40,2024-01-23
6246,9999,999,-50,56,2023-11-24
6247,158,24,-41,150,2024-11-16
6248,272,12,142,80,2024-08-26
6249,92,26,352,123,2024-03-18
6250,47,5,141,57,2023-11-14
6251,282,15,402,57,2024-12-14
6252,255,11,108,28,2024-09-04
6253,9999,999,-12,36,2023-05-19
6254,116,8,-14,45,2024-01-05
6255,42,16,312,29,2024-10-26
6256,229,1,328,79,2023-09-02
6257,270,26,278,133,2024-12-16
6258,248,28,766,108,2024-03-19
6259,132,13,709,71,2024-12-22
6260,221,23,149,50,2023-04-04
6261,175,5,336,128,2023-05-15
6262,147,11,355,51,2024-08-13
6263,214,35,220,103,2024-12-16
6264,219,13,641,75,2023-03-31
6265,9999,999,-19,84,2023-01-21
6266,70,34,412,39,2024-02-22
6267,276,27,256,74,2023-03-05
6268,314,34,204,98,2023-03-23
6269,28,26,711,77,2023-02-12
6270,19,2,498,114,2024-12-24
6271,102,12,778,40,2023-12-14
6272,171,4,477,120,2024-02-04
6273,111,20,662,55,2024-07-09
6274,103,25,-31,48,2024-02-22
6275,305,30,453,127,2024-08-22
6276,127,1,625,83,2024-10-05
6277,340,1,871,38,2024-06-29
6278,171,10,271,72,2024-05-15
6279,305,16,928,121,2023-10-21
6280,318,34,917,139,2024-10-31
6281,301,18,282,120,2024-03-24
6282,54,30,268,67,2024-12-23
6283,44,24,371,27,2023-11-13
6284,356,21,468,107,2024-11-08
6285,304,5,560,104,2024-03-18
6286,103,22,,81,2024-09-04
6287,319,4,224,50,2024-10-29
6288,321,33,351,101,2024-04-12
6289,248,7,346,142,2023-10-24
6290,125,24,944,81,2024-07-30
6291,42,35,98,95,2023-03-10
6292,212,13,794,92,2024-12-28
6293,29,30,644,51,2024-03-13
6294,345,21,726,40,2024-01-06
6295,59,22,895,129,2024-11-09
6296,36,22,814,107,2023-05-28
6297,276,33,902,149,2023-05-25
6298,328,18,459,89,2024-01-15
6299,47,1,763,128,2023-02-19
6300,53,18,785,146,2024-11-27
6301,259,19,-37,85,2023-07-09
6302,194,13,555,131,2024-08-22
6303,149,33,610,85,2023-01-05
6304,23,20,-41,124,2023-06-30
6305,285,2,980,25,2023-09-06
6306,323,2,362,135,2023-03-14
6307,255,23,245,76,2024-03-17
6308,72,16,791,26,2024-08-12
6309,9999,999,-25,136,2024-11-11
6310,64,23,209,66,2024-12-06
6311,110,31,17,101,2023-07-20
6312,11,15,807,102,2023-01-11
6313,2,21,154,98,2024-08-14
6314,128,7,299,28,2024-12-24
6315,64,19,938,34,2023-11-30
6316,139,5,313,32,2024-03-13
6317,22,27,770,60,2024-01-06
6318,354,34,797,34,2023-04-01
6319,116,2,135,122,2024-04-01
6320,337,33,623,146,2023-04-23
6321,130,23,262,141,2023-04-04
6322,341,21,848,35,2023-09-21
6323,150,7,977,72,2024-07-20
6324,146,9,371,21,2024-03-05
6325,32,30,589,110,2024-12-13
6326,93,34,196,67,2023-05-18
6327,6,1,882,34,2024-01-01
6328,170,33,705,22,2023-04-21
6329,178,12,147,65,2024-06-30
6330,249,8,436,55,2024-12-10
6331,109,29,604,100,2023-03-27
6332,119,29,690,108,2024-01-06
6333,74,20,657,93,2024-11-04
6334,163,14,402,150,2023-01-10
6335,140,26,646,119,2024-12-07
6336,44,33,776,110,2023-07-11
6337,15,5,342,92,2024-09-07
6338,44,13,,69,2024-03-25
6339,222,31,,90,2024-09-26
6340,298,30,478,81,2023-06-20
6341,188,28,170,73,2024-05-03
6342,274,23,912,134,2023-12-08
6343,271,2,152,101,2024-03-11
6344,157,20,104,113,2023-02-01
6345,183,7,859,57,2023-10-27
6346,177,24,846,79,2024-05-30
6347,120,3,310,49,2024-08-03
6348,196,15,19,69,2023-01-24
6349,315,27,745,100,2024-09-27
6350,283,21,48,55,2024-08-11
6351,257,6,216,44,2023-05-15
6352,130,19,124,133,2024-08-19
6353,169,2,32,26,2023-11-27
6354,312,15,743,106,2023-02-23
6355,305,5,142,116,2024-12-18
6356,48,4,7,139,2024-09-10
6357,190,21,912,124,2024-10-14
6358,343,27,64,30,2024-04-12
6359,297,35,963,74,2024-01-27
6360,349,11,865,27,2024-02-13
6361,47,13,798,68,2023-05-28
6362,126,32,197,59,2024-09-18
6363,19,31,722,91,2024-03-01
6364,222,34,188,43,2024-08-27
6365,215,29,804,35,2024-06-08
6366,97,13,977,90,2023-11-12
6367,81,16,-6,101,2024-07-16
6368,221,28,46,148,2024-02-06
6369,148,14,467,134,2023-06-09
6370,72,28,929,127,2023-12-24
6371,61,31,-1,57,2024-06-18
6372,171,4,583,92,2023-04-27
6373,324,8,500,92,2023-11-24
6374,332,22,114,44,2023-08-20
6375,84,20,646,41,2024-04-28
6376,106,31,520,141,2024-03-31
6377,198,32,907,93,2023-02-11
6378,233,18,957,89,2023-08-07
6379,297,2,289,105,2024-01-01
6380,158,12,86,149,2024-01-03
6381,293,29,379,141,2024-10-14
6382,174,26,301,57,2023-05-14
6383,262,2,107,41,2023-08-21
6384,125,1,86,145,2024-08-25
6385,309,20,311,39,2023-02-02
6386,101,1,647,72,2023-03-29
6387,132,3,323,54,2024-06-09
6388,91,29,957,65,2023-12-16
6389,322,27,109,131,2024-09-05
6390,316,26,42,47,2024-09-09
6391,213,19,736,105,2024-01-18
6392,181,33,746,90,2024-09-04
6393,126,32,945,83,2024-11-11
6394,4,20,746,146,2023-12-10
6395,243,27,819,74,2024-01-04
6396,285,27,32,62,2023-04-07
6397,291,17,209,144,2023-09-20
6398,146,25,810,37,2023-10-13
6399,242,29,650,99,2024-03-03
6400,298,27,865,50,2024-03-15
6401,316,5,100,139,2023-10-12
6402,310,23,957,140,2023-04-30
6403,237,19,40,125,2023-09-27
6404,348,21,393,87,2023-05-09
6405,295,18,478,115,2023-04-16
6406,127,13,175,47,2023-01-26
6407,230,23,649,91,2024-11-08
6408,117,34,160,137,2024-04-15
6409,220,33,,148,2023-06-26
6410,247,24,277,136,2024-10-09
6411,87,3,599,91,2024-11-06
6412,98,14,645,139,2023-07-01
6413,41,3,102,56,2024-07-04
6414,48,13,294,139,2023-10-08
6415,9999,999,-25,90,2024-03-08
6416,309,16,237,137,2024-08-11
6417,278,13,17,37,2024-07-24
6418,271,30,469,124,2023-08-18
6419,31,33,988,46,2023-04-25
6420,119,29,637,104,2024-01-19
6421,113,6,717,110,2024-05-15
6422,328,25,299,25,2023-06-05
6423,98,2,624,111,2023-07-22
6424,31,33,168,139,2023-04-28
6425,195,10,749,143,2024-01-16
6426,27,8,17,111,2024-10-29
6427,328,5,244,124,2024-02-09
6428,226,18,396,43,2024-07-30
6429,193,14,292,79,2023-05-05
6430,59,13,537,29,2024-07-12
6431,203,19,126,35,2024-04-04
6432,98,27,-42,134,2024-05-29
6433,354,20,82,93,2024-05-27
6434,127,21,,53,2023-11-02
6435,126,22,446,108,2023-10-18
6436,109,27,816,145,2023-10-22
6437,113,21,821,149,2024-10-15
6438,62,9,141,134,2024-07-28
6439,317,19,675,30,2024-02-04
6440,140,11,125,117,2024-12-14
6441,29,12,881,146,2023-09-30
6442,63,19,656,62,2024-10-09
6443,230,29,821,39,2023-05-13
6444,199,32,632,145,2023-03-10
6445,108,6,444,103,2023-05-30
6446,267,34,629,136,2023-06-16
6447,51,13,847,87,2024-03-28
6448,38,30,161,110,2024-05-23
6449,290,16,677,98,2024-08-30
6450,28,8,77,127,2024-12-27
6451,204,10,694,54,2024-09-27
6452,343,9,533,52,2023-01-26
6453,204,35,616,73,2023-02-22
6454,79,33,858,85,2023-03-10
6455,265,31,829,94,2023-08-06
6456,189,8,222,59,2023-07-06
6457,314,2,395,62,2024-10-20
6458,92,19,633,146,2023-06-11
6459,42,8,461,82,2024-07-13
6460,21,28,433,124,2023-08-06
6461,151,35,632,71,2024-10-24
6462,22,28,688,57,2023-09-10
6463,282,34,14,103,2023-01-19
6464,160,13,407,77,2024-05-10
6465,328,2,394,150,2023-06-29
6466,126,5,401,44,2023-02-05
6467,203,18,196,39,2023-09-05
6468,320,24,831,125,2023-02-14
6469,134,17,72,122,2023-09-14
6470,162,23,308,147,2024-07-30
6471,330,12,451,56,2024-08-28
6472,212,17,99,47,2024-08-26
6473,25,30,158,30,2024-01-31
6474,267,10,172,141,2024-03-23
6475,196,18,511,145,2023-11-15
6476,98,14,,100,2023-07-09
6477,270,19,778,140,2024-08-09
6478,275,21,713,27,2023-10-29
6479,142,11,598,103,2024-01-02
6480,8,19,136,89,2023-09-25
6481,194,7,636,47,2024-06-14
6482,215,16,,59,2023-01-02
6483,127,30,458,106,2023-04-10
6484,326,34,547,73,2023-09-26
6485,87,23,222,122,2023-03-16
6486,37,17,289,108,2023-04-24
6487,185,14,144,143,2024-07-09
6488,158,35,501,26,2024-02-24
6489,352,20,659,31,2023-07-13
6490,128,29,178,50,2023-04-02
6491,149,32,57,63,2024-01-07
6492,312,28,77,80,2024-03-08
6493,141,13,746,50,2023-11-11
6494,233,35,-16,106,2024-11-07
6495,215,18,207,120,2023-06-13
6496,345,13,301,125,2024-01-27
6497,306,12,427,21,2023-09-11
6498,297,20,233,117,2024-12-31
6499,220,17,243,116,2023-01-11
6500,293,32,450,86,2024-06-14
6501,55,35,393,66,2024-04-18
6502,30,27,387,83,2023-05-05
6503,156,11,486,142,2024-10-13
6504,185,1,366,20,2024-10-12
6505,322,14,242,102,2024-12-08
6506,130,5,691,85,2024-01-19
6507,191,9,666,112,2023-12-05
6508,132,28,690,22,2024-11-04
6509,61,21,227,43,2023-09-01
6510,216,34,272,145,2024-10-26
6511,117,18,505,46,2023-06-02
6512,181,13,728,103,2023-04-08
6513,20,7,810,82,2024-08-06
6514,302,20,,109,2023-09-09
6515,218,1,922,143,2023-07-05
6516,98,23,,78,2024-03-28
6517,65,9,185,48,2024-07-16
6518,168,6,837,88,2023-02-18
6519,213,30,734,126,2024-10-24
6520,286,7,426,61,2024-09-16
6521,177,31,215,39,2024-04-19
6522,328,25,86,148,2023-02-28
6523,166,12,485,59,2023-04-17
6524,353,11,71,83,2023-12-27
6525,240,27,252,111,2024-04-08
6526,313,17,892,41,2023-08-11
6527,158,23,177,98,2023-03-21
6528,328,33,279,89,2024-07-12
6529,33,9,902,109,2024-03-04
6530,231,21,499,146,2023-09-27
6531,264,19,380,113,2024-06-10
6532,41,11,183,77,2023-09-13
6533,222,24,679,102,2024-10-03
6534,321,20,392,86,2024-12-03
6535,155,5,151,107,2024-05-18
6536,140,21,167,34,2023-07-31
6537,110,30,569,138,2024-10-08
6538,135,28,59,92,2024-11-27
6539,341,2,111,49,2023-04-03
6540,293,2,-38,24,2023-05-20
6541,298,23,745,116,2023-02-15
6542,75,13,10,75,2024-03-23
6543,213,14,642,139,2024-02-03
6544,240,4,,131,2023-12-17
6545,1,28,771,96,2024-09-18
6546,129,21,834,129,2023-07-22
6547,303,21,927,56,2024-12-22
6548,130,3,31,65,2023-08-29
6549,108,26,101,126,2023-02-04
6550,320,26,108,92,2024-06-14
6551,51,35,474,44,2024-10-27
6552,5,10,552,132,2023-05-14
6553,350,1,654,127,2024-05-16
6554,172,13,807,88,2023-01-30
6555,286,32,774,90,2024-10-20
6556,155,11,590,105,2023-02-03
6557,265,25,328,24,2023-12-13
6558,215,15,976,68,2023-11-08
6559,155,28,442,60,2023-10-03
6560,125,21,286,92,2023-01-17
6561,12,13,483,104,2023-05-13
6562,216,25,226,90,2024-12-07
6563,288,26,745,86,2023-12-14
6564,181,23,71,118,2024-08-27
6565,294,4,282,28,2023-10-25
6566,194,29,,53,2024-07-06
6567,232,2,324,139,2023-04-20
6568,9,5,171,81,2023-10-31
6569,228,27,186,107,2024-03-06
6570,265,31,430,150,2023-11-18
6571,46,19,950,87,2023-09-24
6572,294,20,645,138,2023-12-31
6573,196,6,943,103,2023-11-17
6574,270,10,236,74,2024-06-25
6575,255,26,828,79,2024-03-03
6576,273,11,-9,23,2023-05-27
6577,319,17,253,48,2024-01-31
6578,30,19,484,108,2023-02-03
6579,314,21,263,89,2023-10-12
6580,208,7,607,117,2023-06-25
6581,215,11,143,96,2024-06-24
6582,267,31,326,58,2024-07-15
6583,341,1,798,88,2023-12-07
6584,146,27,676,130,2024-08-31
6585,177,33,164,44,2023-05-24
6586,205,3,653,97,2024-11-24
6587,276,20,350,39,2023-10-20
6588,70,31,280,133,2024-02-22
6589,279,27,,87,2024-05-31
6590,95,18,402,26,2024-10-31
6591,114,32,517,46,2024-11-09
6592,345,18,511,87,2024-11-28
6593,144,31,854,139,2024-01-07
6594,15,31,924,69,2024-10-29
6595,356,7,,116,2024-09-08
6596,45,9,666,82,2024-01-17
6597,223,33,83,143,2024-08-12
6598,207,22,999,85,2024-05-12
6599,135,33,658,126,2024-03-01
6600,304,18,566,137,2024-11-14
6601,213,11,655,123,2024-10-30
6602,13,26,412,73,2024-09-25
6603,152,15,370,140,2023-06-24
6604,57,26,740,87,2023-03-18
6605,37,34,,97,2024-06-27
6606,6,29,704,145,2024-10-04
6607,244,35,248,86,2023-02-14
6608,200,11,208,64,2024-08-07
6609,281,25,333,148,2024-05-02
6610,32,26,902,50,2024-12-28
6611,290,19,965,101,2023-02-09
6612,301,7,676,62,2024-05-23
6613,64,35,868,51,2023-11-13
6614,147,10,810,147,2023-06-05
6615,341,19,77,54,2023-03-07
6616,73,34,628,123,2024-04-20
6617,214,1,789,113,2024-07-27
6618,225,16,264,91,2024-09-15
6619,192,21,760,94,2023-02-22
6620,66,2,317,91,2023-05-11
6621,154,32,943,111,2023-08-01
6622,331,17,127,69,2024-11-01
6623,321,28,786,70,2024-08-31
6624,327,33,975,41,2023-02-06
6625,28,3,114,136,2024-01-26
6626,326,13,906,35,2024-07-28
6627,84,17,73,122,2024-09-24
6628,273,35,412,120,2023-12-04
6629,66,34,692,41,2024-03-25
6630,344,25,88,97,2024-12-19
6631,107,24,347,143,2023-09-14
6632,341,17,246,50,2024-04-17
6633,95,17,,150,2023-01-12
6634,311,17,747,32,2024-12-30
6635,272,30,817,78,2024-07-12
6636,320,7,955,119,2024-07-02
6637,158,7,245,71,2023-11-28
6638,250,14,516,64,2023-03-16
6639,220,21,779,72,2023-07-31
6640,333,8,768,147,2024-04-16
6641,102,6,870,99,2024-03-26
6642,262,31,262,23,2023-05-30
6643,288,14,751,85,2024-05-07
6644,333,21,452,106,2024-04-17
6645,317,22,538,79,2023-11-05
6646,224,19,174,67,2024-06-13
6647,247,13,688,127,2024-09-03
6648,42,22,223,150,2024-01-19
6649,219,20,127,43,2023-03-24
6650,333,22,875,149,2024-02-28
6651,61,26,509,26,2023-10-18
6652,262,27,910,108,2023-12-09
6653,188,33,71,115,2024-04-19
6654,360,8,686,73,2024-12-20
6655,137,3,796,35,2024-07-12
6656,122,29,896,56,2024-03-30
6657,39,27,77,148,2024-07-01
6658,7,7,580,72,2024-05-11
6659,88,27,342,35,2023-06-12
6660,342,24,654,72,2024-01-22
6661,179,25,391,25,2023-04-24
6662,98,10,249,76,2023-03-16
6663,299,28,596,70,2024-08-27
6664,123,29,823,58,2023-03-10
6665,195,13,74,25,2024-01-11
6666,173,19,0,106,2023-06-30
6667,290,16,253,82,2023-05-12
6668,6,35,-23,91,2024-11-04
6669,74,26,614,78,2023-10-28
6670,35,19,949,51,2023-10-14
6671,206,34,47,90,2024-09-01
6672,220,11,962,41,2024-02-05
6673,242,24,518,112,2023-04-09
6674,255,23,55,145,2023-10-16
6675,305,17,373,27,2023-11-09
6676,250,12,757,149,2024-01-08
6677,99,3,17,53,2024-06-28
6678,107,18,37,81,2024-09-25
6679,345,17,772,84,2024-04-04
6680,258,22,655,50,2024-02-02
6681,257,1,745,37,2024-01-25
6682,302,15,375,113,2024-12-03
6683,84,33,6,134,2024-04-06
6684,56,32,954,147,2024-11-01
6685,114,7,300,32,2023-05-16
6686,176,21,29,59,2023-07-02
6687,204,5,5,123,2024-08-17
6688,49,12,281,63,2023-06-05
6689,253,2,170,50,2023-03-12
6690,46,29,519,43,2023-05-12
6691,264,10,43,44,2023-08-11
6692,159,24,229,140,2023-06-29
6693,176,13,687,138,2024-04-14
6694,321,18,604,119,2023-11-04
6695,294,17,679,126,2024-01-28
6696,173,21,983,20,2023-08-01
6697,224,11,576,45,2023-05-21
6698,53,33,21,34,2023-05-17
6699,82,19,59,108,2024-11-24
6700,12,34,73,45,2023-03-01
6701,156,32,48,39,2023-12-20
6702,334,15,99,112,2024-08-14
6703,250,20,819,105,2023-08-29
6704,86,4,225,117,2024-01-04
6705,330,1,542,92,2023-07-18
6706,76,22,788,43,2023-10-30
6707,62,26,382,94,2023-06-29
6708,278,25,687,147,2023-12-18
6709,4,4,132,150,2023-05-02
6710,64,33,511,30,2024-11-08
6711,354,5,764,38,2023-07-18
6712,299,29,906,148,2024-08-13
6713,281,30,682,86,2024-11-15
6714,209,17,727,79,2023-04-09
6715,275,12,124,44,2023-01-01
6716,310,32,347,95,2024-04-09
6717,221,19,215,126,2024-05-28
6718,93,15,557,48,2024-02-29
6719,38,20,122,138,2024-01-21
6720,243,5,90,25,2023-03-05
6721,222,13,958,62,2024-11-01
6722,16,25,899,104,2023-11-11
6723,32,19,99,129,2024-11-03
6724,238,4,302,28,2024-02-21
6725,247,7,862,28,2024-04-16
6726,247,32,394,42,2024-11-08
6727,311,9,492,69,2024-12-02
6728,165,5,687,44,2023-07-24
6729,257,33,813,148,2023-07-04
6730,226,24,925,70,2023-06-02
6731,144,31,682,104,2023-06-01
6732,30,13,108,55,2024-11-27
6733,280,5,518,84,2023-01-09
6734,189,10,143,21,2023-03-13
6735,105,35,646,103,2024-12-19
6736,216,25,549,113,2024-04-08
6737,86,1,775,51,2023-06-08
6738,86,31,152,121,2023-04-23
6739,29,25,514,109,2024-07-06
6740,195,32,124,24,2024-07-26
6741,104,33,882,126,2023-09-08
6742,167,22,411,111,2024-03-24
6743,18,22,628,133,2023-06-19
6744,235,3,187,103,2023-07-11
6745,108,23,700,55,2023-07-04
6746,118,25,583,83,2024-04-03
6747,290,19,840,98,2023-09-18
6748,148,15,958,67,2023-10-25
6749,180,20,600,111,2024-01-29
6750,145,23,678,148,2024-10-19
6751,321,6,,56,2024-10-18
6752,1,32,977,67,2023-09-08
6753,126,31,739,31,2024-09-03
6754,152,3,733,124,2024-09-13
6755,37,5,417,150,2023-03-11
6756,207,31,909,40,2023-06-21
6757,198,1,511,65,2023-09-23
6758,305,30,938,31,2024-07-31
6759,234,25,114,53,2024-08-30
6760,309,2,549,30,2023-10-24
6761,1,27,982,128,2024-01-11
6762,85,19,377,23,2024-06-19
6763,154,9,190,40,2023-09-03
6764,6,16,763,40,2024-03-14
6765,307,8,891,131,2024-10-07
6766,180,25,583,69,2024-01-05
6767,290,7,867,38,2024-04-11
6768,95,23,644,56,2023-01-17
6769,183,25,18,43,2024-03-25
6770,24,24,650,47,2023-04-28
6771,43,26,-34,131,2023-02-21
6772,19,25,800,65,2024-11-11
6773,252,33,823,132,2023-12-18
6774,338,11,911,54,2024-08-10
6775,22,30,435,44,2024-02-05
6776,171,33,,29,2023-10-03
6777,130,11,748,135,2023-09-25
6778,117,21,793,100,2023-01-20
6779,27,18,252,73,2023-05-02
6780,212,16,949,144,2023-05-29
6781,121,31,558,84,2023-02-08
6782,37,21,5,138,2024-12-01
6783,87,22,241,147,2024-05-20
6784,169,18,677,69,2023-06-25
6785,28,35,362,43,2023-07-24
6786,87,19,486,50,2024-09-21
6787,129,24,352,26,2024-12-26
6788,360,11,971,25,2024-02-04
6789,295,18,-9,140,2024-08-21
6790,38,18,502,58,2024-02-10
6791,239,30,506,135,2023-04-08
6792,296,12,43,23,2023-11-17
6793,43,13,851,60,2024-05-10
6794,39,21,820,49,2024-03-07
6795,273,23,579,56,2023-08-18
6796,9999,999,-19,37,2024-10-06
6797,11,23,248,126,2024-07-10
6798,244,17,804,90,2023-09-12
6799,228,31,-3,128,2023-07-08
6800,108,9,750,128,2023-10-04
6801,102,34,444,121,2023-12-28
6802,11,19,-44,121,2024-04-28
6803,33,27,159,20,2024-02-01
6804,197,10,606,100,2023-01-27
6805,262,17,-49,75,2023-08-09
6806,293,5,835,77,2023-08-20
6807,20,20,780,41,2023-01-18
6808,104,18,90,25,2023-11-18
6809,159,9,832,126,2023-05-10
6810,83,8,331,73,2024-09-23
6811,333,34,678,98,2023-02-03
6812,299,19,166,140,2023-11-14
6813,61,17,285,79,2024-04-15
6814,234,2,764,21,2024-03-16
6815,21,1,830,134,2023-11-03
6816,326,19,145,131,2024-09-30
6817,319,31,789,96,2024-11-12
6818,32,9,691,64,2024-10-17
6819,341,35,405,122,2023-10-14
6820,258,17,742,122,2023-10-15
6821,128,19,565,61,2023-02-23
6822,188,28,641,90,2024-12-16
6823,249,13,930,99,2023-06-22
6824,217,34,476,96,2023-04-30
6825,202,24,150,75,2023-02-23
6826,329,18,49,59,2024-03-03
6827,132,33,540,63,2024-01-31
6828,82,30,776,97,2023-05-08
6829,296,34,844,145,2023-04-19
6830,292,23,469,107,2023-11-08
6831,175,16,665,47,2024-02-03
6832,44,35,484,106,2024-04-27
6833,137,32,662,44,2023-10-23
6834,188,12,215,143,2024-12-10
6835,243,20,85,137,2024-03-10
6836,344,11,416,58,2024-12-17
6837,260,34,468,59,2023-10-24
6838,321,22,182,33,2023-08-07
6839,256,16,87,43,2024-02-05
6840,20,16,802,82,2023-10-30
6841,19,7,378,41,2024-08-04
6842,201,13,303,46,2023-01-28
6843,141,23,637,28,2024-08-26
6844,260,18,954,49,2023-05-21
6845,38,19,531,74,2023-09-02
6846,231,18,743,111,2024-08-13
6847,9999,999,-2,103,2024-09-30
6848,319,34,158,28,2023-12-17
6849,85,3,202,135,2023-08-10
6850,22,8,770,142,2023-03-10
6851,301,15,270,107,2023-12-11
6852,119,34,430,147,2024-09-16
6853,247,11,68,134,2023-02-05
6854,34,3,877,34,2024-12-21
6855,80,20,87,83,2024-12-13
6856,284,11,987,82,2024-09-18
6857,134,6,852,82,2023-04-28
6858,253,19,943,34,2023-01-14
6859,202,16,462,134,2024-06-27
6860,78,2,64,73,2023-05-31
6861,336,19,448,139,2023-01-07
6862,159,4,49,119,2024-12-15
6863,40,24,2,115,2023-04-14
6864,350,11,767,99,2024-08-08
6865,77,23,518,136,2023-07-24
6866,268,20,767,123,2024-06-05
6867,79,21,856,101,2024-07-01
6868,340,28,498,47,2023-09-17
6869,297,8,342,150,2024-02-29
6870,123,3,375,97,2023-02-08
6871,189,9,772,140,2024-01-11
6872,83,19,206,118,2024-07-08
6873,128,7,912,55,2024-04-10
6874,34,34,757,105,2023-09-23
6875,209,13,96,139,2024-11-17
6876,348,4,894,91,2023-09-22
6877,9999,999,-34,92,2024-08-24
6878,5,6,8,41,2023-07-06
6879,172,11,642,59,2023-01-19
6880,351,7,626,55,2023-01-20
6881,83,18,988,46,2023-05-11
6882,137,27,451,101,2023-09-13
6883,81,5,319,97,2023-09-22
6884,165,6,283,57,2024-01-26
6885,87,26,124,62,2023-01-04
6886,9999,999,-23,20,2023-07-04
6887,69,5,466,83,2023-08-07
6888,85,8,753,88,2023-11-08
6889,34,24,534,100,2024-12-15
6890,73,18,791,91,2023-01-07
6891,197,23,472,106,2024-07-29
6892,347,23,287,23,2023-06-02
6893,149,32,740,108,2024-03-03
6894,306,16,501,147,2023-06-17
6895,249,32,581,90,2024-01-25
6896,59,1,589,88,2023-05-03
6897,274,11,452,86,2023-09-20
6898,310,1,223,126,2023-04-18
6899,233,7,689,86,2024-05-13
6900,292,24,697,25,2023-04-01
6901,252,20,252,78,2023-12-26
6902,80,2,206,149,2023-08-01
6903,342,16,-33,100,2023-09-26
6904,9999,999,-32,145,2024-05-24
6905,239,25,630,20,2024-10-05
6906,51,24,189,54,2023-01-21
6907,247,34,,93,2023-08-26
6908,95,35,674,102,2024-09-03
6909,176,26,263,70,2023-03-19
6910,180,12,201,99,2024-07-14
6911,148,17,815,124,2024-05-01
6912,65,3,750,112,2024-10-01
6913,123,15,493,49,2024-01-30
6914,278,23,633,95,2023-08-10
6915,9999,999,-49,32,2023-10-15
6916,124,25,472,136,2023-03-30
6917,301,34,293,73,2023-01-17
6918,195,31,233,81,2023-07-08
6919,66,11,304,101,2024-01-24
6920,341,17,552,111,2024-04-22
6921,145,30,607,132,2023-02-06
6922,326,27,583,38,2023-05-13
6923,137,35,743,135,2024-08-23
6924,62,29,257,136,2024-08-21
6925,60,32,174,46,2023-05-26
6926,61,5,386,101,2023-03-26
6927,235,11,108,134,2024-03-19
6928,349,4,717,96,2023-05-11
6929,268,29,904,63,2024-06-22
6930,171,22,233,93,2024-03-02
6931,69,15,915,94,2023-05-23
6932,189,22,644,23,2024-09-15
6933,272,3,465,82,2023-02-04
6934,15,22,716,38,2023-08-13
6935,10,22,891,103,2023-11-28
6936,41,24,585,147,2023-02-13
6937,254,34,804,68,2023-03-29
6938,150,12,992,79,2023-05-29
6939,3,9,533,121,2024-05-16
6940,181,32,565,43,2023-10-10
6941,184,34,770,31,2023-01-20
6942,108,16,434,124,2023-06-12
6943,9999,999,-27,28,2024-08-23
6944,316,21,906,20,2024-08-02
6945,165,8,662,80,2023-06-10
6946,192,31,805,69,2024-03-06
6947,140,32,930,130,2023-04-20
6948,3,4,869,84,2024-09-21
6949,265,29,389,123,2024-02-23
6950,317,5,187,36,2023-09-03
6951,233,5,12,57,2024-06-18
6952,225,3,695,116,2024-07-09
6953,225,15,773,77,2024-12-02
6954,166,23,808,68,2023-08-07
6955,169,7,744,25,2024-07-04
6956,333,34,59,111,2024-01-16
6957,134,25,499,69,2024-01-28
6958,194,31,818,47,2023-07-05
6959,225,20,849,62,2023-06-21
6960,18,5,970,34,2024-02-20
6961,261,22,882,69,2023-07-18
6962,346,13,370,89,2023-11-29
6963,277,26,52,133,2024-10-03
6964,319,5,111,56,2024-06-04
6965,291,16,948,24,2024-11-06
6966,2,29,962,74,2023-04-07
6967,309,33,944,124,2024-09-03
6968,112,15,836,84,2024-07-02
6969,1,9,523,125,2024-09-05
6970,358,31,703,50,2024-07-14
6971,30,33,74,111,2024-06-17
6972,250,13,787,70,2024-02-04
6973,267,35,593,48,2024-12-11
6974,275,32,260,75,2023-09-12
6975,47,9,517,93,2023-08-24
6976,282,8,576,122,2023-07-02
6977,261,23,43,80,2023-10-25
6978,229,5,578,143,2024-09-29
6979,337,8,516,100,2024-11-03
6980,349,1,651,39,2023-07-29
6981,64,13,693,77,2023-08-10
6982,9999,999,-7,103,2023-11-28
6983,347,12,25,83,2023-08-28
6984,21,34,797,71,2023-01-03
6985,25,33,935,121,2023-09-09
6986,144,3,658,91,2024-01-07
6987,95,31,173,25,2024-11-25
6988,227,20,866,96,2024-02-06
6989,278,26,275,95,2024-10-31
6990,233,12,30,118,2023-10-04
6991,88,2,482,81,2024-03-20
6992,262,19,55,111,2024-05-13
6993,231,10,12,32,2023-10-20
6994,128,25,728,56,2023-06-12
6995,52,35,895,40,2023-08-23
6996,12,9,262,108,2024-12-31
6997,358,22,543,138,2023-06-17
6998,33,22,231,21,2023-12-13
6999,298,2,678,84,2023-12-15
7000,282,27,89,93,2023-02-06
7001,300,24,526,128,2023-01-28
7002,72,33,832,59,2024-02-19
7003,294,24,,138,2023-08-14
7004,285,14,527,111,2024-10-08
7005,295,22,755,56,2023-05-15
7006,284,9,227,150,2024-05-27
7007,227,19,510,21,2023-07-23
7008,53,10,298,145,2023-06-26
7009,80,9,598,112,2023-04-28
7010,325,18,603,24,2024-09-13
7011,211,30,672,140,2023-09-30
7012,134,21,85,148,2023-12-19
7013,245,32,615,90,2023-09-04
7014,55,8,22,136,2023-03-08
7015,332,20,969,96,2023-07-11
7016,43,4,669,143,2023-04-26
7017,3,22,367,78,2024-04-18
7018,83,30,882,97,2024-09-16
7019,20,26,267,41,2023-08-20
7020,80,4,294,122,2023-12-21
7021,9999,999,-12,96,2024-01-29
7022,310,33,580,23,2024-01-01
7023,302,12,480,28,2024-03-22
7024,328,27,827,145,2023-09-22
7025,40,34,757,91,2023-02-19
7026,342,32,461,30,2023-11-26
7027,54,30,,109,2024-11-26
7028,186,20,322,36,2023-08-19
7029,87,27,445,84,2024-02-11
7030,56,34,77,142,2024-02-08
7031,301,15,408,56,2024-01-19
7032,229,26,,109,2024-05-10
7033,177,25,212,52,2024-07-16
7034,97,29,962,83,2024-08-23
7035,234,12,472,58,2024-11-08
7036,113,22,679,78,2024-12-24
7037,99,19,-8,56,2023-10-04
7038,358,21,444,136,2024-01-20
7039,180,26,296,56,2023-01-18
7040,12,24,552,92,2023-06-11
7041,332,28,454,120,2024-05-25
7042,5,13,409,75,2023-05-12
7043,200,2,917,141,2023-01-02
7044,155,31,108,25,2023-07-27
7045,170,28,628,31,2024-11-27
7046,53,6,402,58,2023-08-23
7047,108,2,81,62,2024-05-14
7048,354,8,110,59,2024-12-11
7049,289,10,370,106,2024-07-03
7050,131,8,574,88,2023-09-21
7051,113,24,816,139,2024-02-03
7052,261,30,378,117,2024-07-07
7053,104,20,730,86,2024-08-25
7054,183,3,720,103,2023-09-25
7055,52,29,173,106,2023-04-22
7056,102,23,453,48,2023-12-23
7057,104,3,57,49,2024-10-03
7058,157,5,405,73,2023-07-28
7059,199,19,715,20,2024-12-15
7060,54,20,339,64,2023-07-04
7061,138,19,828,42,2023-03-11
7062,169,4,669,68,2024-10-04
7063,161,5,388,76,2024-03-10
7064,212,16,679,142,2023-01-12
7065,174,16,112,99,2024-09-23
7066,114,28,767,122,2024-02-23
7067,220,26,508,54,2023-02-02
7068,6,13,367,71,2023-10-05
7069,215,2,162,20,2023-09-16
7070,189,33,388,71,2023-04-06
7071,163,20,949,62,2024-10-16
7072,200,9,185,29,2024-10-18
7073,227,29,984,37,2024-05-24
7074,76,23,765,53,2023-02-01
7075,219,18,43,143,2024-07-12
7076,189,1,143,82,2024-09-12
7077,148,20,998,111,2023-09-16
7078,334,30,730,90,2023-04-15
7079,78,27,710,80,2024-01-03
7080,265,29,345,81,2024-05-31
7081,96,19,491,28,2023-07-22
7082,287,1,595,142,2023-04-04
7083,193,18,772,27,2024-07-22
7084,80,28,987,88,2023-04-27
7085,289,2,337,104,2023-04-25
7086,1,35,425,36,2024-01-18
7087,147,6,559,140,2024-02-07
7088,159,4,680,32,2024-03-04
7089,265,19,432,69,2023-08-14
7090,187,31,417,128,2023-11-06
7091,109,21,199,63,2023-05-25
7092,9999,999,-49,130,2024-10-27
7093,183,1,111,81,2023-03-14
7094,314,9,788,150,2023-07-30
7095,85,8,336,53,2023-09-29
7096,216,31,646,102,2024-01-26
7097,224,3,149,98,2024-05-03
7098,150,13,476,48,2023-05-15
7099,61,25,261,134,2024-11-07
7100,206,30,863,27,2024-11-10
7101,106,15,645,80,2024-05-27
7102,9999,999,-41,77,2023-11-20
7103,354,34,110,144,2024-10-03
7104,146,19,359,122,2024-08-18
7105,177,18,885,48,2024-09-26
7106,360,24,18,121,2024-04-16
7107,323,12,667,87,2023-12-03
7108,172,33,184,137,2023-02-02
7109,299,13,475,67,2023-05-15
7110,100,4,853,90,2023-09-11
7111,340,11,901,144,2023-09-28
7112,309,33,648,76,2024-02-23
7113,179,32,929,143,2024-11-24
7114,43,23,155,22,2023-05-18
7115,268,11,890,91,2024-10-30
7116,341,35,276,44,2023-07-29
7117,226,22,521,76,2023-09-09
7118,234,13,136,128,2023-05-26
7119,74,7,559,79,2023-10-02
7120,126,12,977,84,2024-04-02
7121,82,2,578,74,2023-09-05
7122,168,35,996,130,2024-01-07
7123,357,11,706,74,2023-10-27
7124,334,21,45,129,2024-03-03
7125,42,5,19,53,2023-09-06
7126,93,2,947,22,2024-10-16
7127,102,19,969,124,2023-04-12
7128,183,4,167,148,2024-09-17
7129,235,26,754,80,2023-10-08
7130,47,7,574,36,2023-01-11
7131,287,30,423,145,2023-11-16
7132,228,14,357,44,2024-12-16
7133,51,25,261,31,2023-08-13
7134,323,5,446,48,2023-06-24
7135,358,5,150,67,2024-09-29
7136,29,5,906,31,2023-09-24
7137,202,2,520,78,2023-10-29
7138,84,29,692,37,2023-05-14
7139,279,3,845,115,2024-07-24
7140,264,2,448,47,2023-11-28
7141,359,14,133,146,2024-04-11
7142,99,26,232,51,2023-10-03
7143,209,15,71,104,2023-09-05
7144,31,11,124,147,2024-01-10
7145,357,10,757,53,2023-10-26
7146,188,31,92,24,2023-03-01
7147,237,31,713,130,2024-01-12
7148,138,35,888,82,2023-03-22
7149,55,35,30,41,2023-03-08
7150,298,21,357,117,2023-01-21
7151,26,11,,63,2024-02-03
7152,226,1,96,121,2023-12-05
7153,204,6,99,30,2024-11-11
7154,238,9,335,37,2024-04-24
7155,271,19,506,149,2024-11-01
7156,273,11,948,143,2023-07-31
7157,345,10,405,20,2023-06-08
7158,287,2,29,147,2023-10-31
7159,216,15,858,82,2023-07-22
7160,224,18,504,27,2024-05-18
7161,44,30,466,93,2023-09-22
7162,11,5,-21,26,2024-11-25
7163,357,31,941,20,2023-10-23
7164,180,26,889,119,2024-03-17
7165,172,30,991,121,2024-11-29
7166,202,12,408,83,2024-11-30
7167,311,7,181,100,2024-06-11
7168,334,25,872,88,2024-04-26
7169,212,27,831,49,2024-07-05
7170,344,8,916,95,2023-10-31
7171,52,6,886,25,2023-01-20
7172,305,19,-25,89,2024-05-23
7173,321,32,672,30,2023-10-28
7174,303,12,516,44,2024-07-15
7175,239,6,52,132,2024-10-08
7176,207,17,,33,2023-02-22
7177,178,29,73,147,2024-12-24
7178,137,20,735,75,2024-12-10
7179,237,25,188,64,2023-07-09
7180,264,10,577,97,2023-02-18
7181,30,20,884,31,2023-12-11
7182,199,24,744,104,2024-03-31
7183,328,27,145,39,2024-03-14
7184,220,26,544,113,2024-07-14
7185,13,29,528,92,2024-05-26
7186,12,24,171,97,2023-02-14
7187,5,4,474,26,2024-11-14
7188,92,23,694,143,2023-09-11
7189,211,14,839,20,2023-04-14
7190,130,18,478,24,2024-08-21
7191,328,2,521,98,2024-09-19
7192,148,4,0,75,2023-09-17
7193,37,4,878,67,2024-12-21
7194,56,12,103,111,2024-02-10
7195,48,28,42,39,2024-05-15
7196,9999,999,-46,70,2023-01-15
7197,360,20,967,67,2024-03-15
7198,149,15,908,136,2024-02-11
7199,184,10,636,41,2023-06-01
7200,72,31,637,58,2024-04-24
7201,178,1,874,126,2024-09-16
7202,145,26,874,103,2024-01-15
7203,294,14,760,85,2023-07-26
7204,109,5,419,24,2024-07-21
7205,257,1,822,26,2023-12-12
7206,140,6,157,113,2024-07-26
7207,72,5,793,114,2024-08-15
7208,193,12,559,27,2023-12-29
7209,69,20,-25,46,2024-03-19
7210,306,27,5,121,2023-04-13
7211,205,17,497,74,2023-03-11
7212,131,2,495,47,2023-03-30
7213,163,8,212,34,2024-12-30
7214,177,14,912,110,2023-01-19
7215,191,32,684,139,2024-09-27
7216,102,8,897,144,2023-03-07
7217,63,25,310,37,2024-03-31
7218,85,31,882,68,2023-08-21
7219,342,28,782,44,2023-02-02
7220,276,25,411,80,2024-03-31
7221,124,25,935,103,2023-01-14
7222,48,18,24,107,2023-08-04
7223,168,3,300,117,2024-07-14
7224,104,3,794,65,2023-02-17
7225,90,31,798,141,2024-03-15
7226,256,1,796,27,2024-08-30
7227,14,33,145,24,2023-06-25
7228,223,11,472,91,2023-07-05
7229,30,12,408,104,2024-11-25
7230,100,4,64,86,2024-04-02
7231,65,34,126,101,2024-06-16
7232,38,10,,91,2023-07-01
7233,175,27,771,64,2024-04-15
7234,156,21,906,105,2024-04-09
7235,191,3,889,91,2024-09-24
7236,58,22,983,141,2024-08-03
7237,135,22,36,68,2023-03-11
7238,14,33,278,111,2023-02-14
7239,65,28,434,40,2024-04-30
7240,112,12,782,58,2024-03-01
7241,108,23,132,73,2024-05-26
7242,247,6,911,24,2024-02-29
7243,51,31,,117,2024-02-25
7244,43,22,702,91,2023-07-14
7245,157,10,590,124,2024-04-01
7246,213,23,779,52,2024-08-29
7247,74,7,677,145,2023-10-11
7248,12,14,988,127,2023-03-24
7249,336,34,589,101,2023-12-30
7250,83,19,738,37,2024-09-20
7251,27,24,954,29,2024-03-10
7252,1,20,-38,33,2023-04-20
7253,61,31,317,48,2023-02-16
7254,255,25,291,40,2023-12-20
7255,344,18,366,41,2024-09-11
7256,108,18,258,125,2023-07-23
7257,1,30,946,98,2024-09-29
7258,226,33,350,149,2023-07-11
7259,115,28,516,39,2023-09-16
7260,246,17,326,120,2023-08-29
7261,232,1,630,53,2024-02-27
7262,6,15,621,127,2023-04-07
7263,328,27,593,60,2023-03-25
7264,349,8,666,82,2024-09-03
7265,248,26,790,147,2023-05-21
7266,319,2,612,101,2024-05-03
7267,39,11,625,27,2023-08-20
7268,129,31,462,94,2024-05-22
7269,245,23,337,74,2024-08-28
7270,18,10,670,110,2023-10-04
7271,55,29,,105,2024-05-11
7272,9999,999,-9,145,2023-02-03
7273,121,31,764,73,2023-06-08
7274,104,26,318,110,2024-10-04
7275,283,8,384,141,2024-11-20
7276,183,16,110,111,2023-10-09
7277,221,35,881,79,2023-04-29
7278,133,28,540,36,2024-03-22
7279,18,35,,63,2024-08-14
7280,297,11,398,31,2023-01-22
7281,316,25,575,84,2024-07-25
7282,317,23,529,52,2023-04-05
7283,30,4,984,98,2023-02-01
7284,9,4,-23,90,2024-02-16
7285,23,26,521,25,2023-08-08
7286,354,11,640,68,2024-08-13
7287,217,18,,124,2024-05-10
7288,142,12,296,114,2023-09-24
7289,149,24,681,137,2023-10-07
7290,132,8,738,64,2023-05-21
7291,87,34,568,84,2024-01-02
7292,54,21,,96,2024-08-29
7293,107,18,991,122,2024-08-28
7294,38,16,921,82,2023-03-27
7295,175,17,496,126,2023-05-30
7296,225,12,549,88,2024-06-28
7297,109,6,135,99,2023-12-13
7298,51,31,194,85,2023-10-25
7299,54,21,537,94,2024-05-22
7300,18,31,784,28,2024-11-04
7301,159,4,605,87,2024-12-18
7302,178,5,265,56,2023-11-21
7303,52,31,737,51,2024-06-10
7304,74,1,547,47,2024-09-24
7305,233,11,832,32,2023-12-14
7306,27,20,120,76,2023-08-06
7307,278,17,148,54,2023-05-04
7308,287,9,858,142,2023-08-05
7309,84,7,858,78,2024-09-22
7310,294,9,958,59,2023-04-23
7311,154,22,371,113,2024-01-25
7312,210,32,764,127,2024-12-17
7313,95,3,741,142,2023-06-15
7314,332,15,669,87,2023-02-02
7315,67,30,265,32,2023-04-28
7316,117,20,139,125,2023-01-10
7317,219,11,800,49,2023-01-25
7318,341,13,809,55,2023-11-12
7319,124,26,38,131,2023-10-20
7320,89,12,428,85,2023-01-18
7321,164,24,733,39,2023-05-02
7322,208,32,18,58,2024-10-17
7323,91,28,486,128,2024-01-02
7324,222,28,946,130,2024-05-29
7325,242,17,571,65,2024-07-13
7326,92,28,606,24,2023-10-22
7327,166,29,-5,147,2024-06-27
7328,79,20,339,55,2023-06-16
7329,91,22,768,144,2023-03-04
7330,28,24,,60,2023-05-08
7331,187,12,304,134,2024-11-27
7332,29,25,683,147,2023-10-18
7333,283,2,271,93,2024-11-21
7334,329,8,232,56,2024-01-20
7335,83,27,98,109,2023-10-17
7336,9999,999,-13,124,2024-12-27
7337,90,13,745,36,2024-08-22
7338,123,3,,107,2023-04-08
7339,132,31,761,79,2024-02-05
7340,110,4,351,71,2024-06-15
7341,31,2,731,84,2023-06-28
7342,193,33,309,144,2024-07-21
7343,88,9,804,22,2024-03-13
7344,351,10,377,94,2023-10-28
7345,20,30,797,60,2023-10-10
7346,27,30,290,71,2023-05-25
7347,239,13,369,83,2023-11-24
7348,1,5,776,134,2024-10-12
7349,355,4,712,90,2024-11-13
7350,19,18,624,32,2023-04-17
7351,228,1,714,46,2024-02-28
7352,38,23,436,109,2024-06-01
7353,78,22,241,127,2024-09-13
7354,290,26,742,94,2023-07-22
7355,323,17,57,110,2024-01-01
7356,116,6,204,36,2024-02-05
7357,9999,999,-32,76,2024-06-29
7358,234,25,526,118,2023-01-29
7359,59,14,422,84,2024-07-27
7360,305,8,190,122,2023-03-20
7361,157,6,603,94,2023-10-24
7362,253,18,792,26,2024-04-29
7363,227,13,898,127,2023-07-06
7364,161,5,259,51,2024-12-11
7365,192,13,-43,90,2024-11-28
7366,34,23,235,47,2024-07-04
7367,195,1,333,110,2023-10-22
7368,145,10,706,87,2024-01-28
7369,10,11,583,59,2024-04-07
7370,35,25,193,107,2023-04-16
7371,262,23,954,148,2024-08-16
7372,319,9,143,31,2023-12-26
7373,290,1,718,140,2023-09-23
7374,301,33,305,66,2024-03-10
7375,189,9,,136,2024-06-19
7376,297,11,841,46,2024-03-16
7377,257,30,37,68,2024-09-07
7378,177,23,-39,144,2024-03-29
7379,163,20,864,25,2024-03-10
7380,205,9,18,116,2024-08-15
7381,136,23,257,125,2024-07-08
7382,301,20,589,143,2023-08-14
7383,44,20,76,56,2023-07-25
7384,46,31,753,102,2023-11-07
7385,295,11,889,150,2024-07-13
7386,169,27,470,31,2023-02-23
7387,294,11,382,59,2024-07-10
7388,104,1,470,80,2023-10-11
7389,32,26,978,40,2024-12-31
7390,25,14,431,47,2024-07-17
7391,78,15,727,90,2023-02-15
7392,275,27,736,89,2023-10-05
7393,67,1,897,149,2023-02-12
7394,98,5,619,145,2023-01-08
7395,315,30,234,55,2023-04-18
7396,32,8,-18,124,2024-05-02
7397,163,35,174,130,2023-04-17
7398,69,4,146,22,2024-02-29
7399,95,32,288,126,2023-08-22
7400,190,33,533,76,2023-05-31
7401,191,28,652,110,2023-10-10
7402,352,24,114,123,2024-02-21
7403,309,20,54,74,2024-08-22
7404,335,11,-6,118,2024-09-27
7405,185,23,764,41,2023-09-26
7406,96,2,,27,2024-04-26
7407,295,27,882,99,2024-03-22
7408,296,13,456,63,2024-06-27
7409,237,17,484,98,2023-03-07
7410,187,32,446,137,2023-02-28
7411,310,30,949,115,2024-10-16
7412,45,25,967,84,2023-12-28
7413,9999,999,-43,21,2024-09-22
7414,231,23,869,67,2024-09-08
7415,137,19,338,71,2024-09-07
7416,195,28,192,28,2023-12-06
7417,198,32,604,84,2024-02-24
7418,205,7,152,95,2024-06-19
7419,189,23,450,57,2023-02-07
7420,245,20,236,87,2023-04-19
7421,19,12,185,95,2024-05-25
7422,277,28,980,38,2023-09-29
7423,154,35,455,103,2024-03-06
7424,301,25,257,46,2023-10-06
7425,198,7,408,132,2023-03-18
7426,130,10,722,104,2023-10-11
7427,236,2,777,37,2024-09-04
7428,66,32,837,57,2023-03-05
7429,309,24,487,36,2024-09-25
7430,9999,999,-47,82,2024-12-07
7431,247,31,439,27,2023-04-02
7432,213,29,252,123,2024-10-19
7433,37,12,501,142,2024-04-04
7434,54,16,132,27,2023-08-03
7435,151,24,211,47,2024-04-15
7436,296,13,105,47,2024-04-29
7437,119,29,404,46,2024-02-28
7438,1,18,935,113,2023-02-16
7439,251,23,69,107,2024-03-26
7440,190,11,0,127,2024-12-23
7441,41,30,733,59,2024-08-08
7442,328,22,163,79,2023-03-07
7443,356,23,555,143,2024-05-27
7444,194,2,668,26,2024-04-04
7445,146,12,709,122,2024-09-27
7446,204,35,548,80,2023-08-30
7447,254,27,183,71,2024-09-11
7448,346,22,102,37,2023-11-14
7449,70,12,616,58,2023-05-27
7450,62,3,611,112,2023-05-28
7451,195,18,324,131,2023-11-27
7452,256,11,191,40,2024-12-02
7453,257,28,653,22,2023-07-29
7454,215,20,109,53,2023-01-25
7455,99,11,993,64,2023-12-28
7456,288,6,543,121,2024-01-15
7457,146,14,39,101,2023-01-16
7458,15,24,533,26,2023-02-21
7459,139,18,318,27,2024-06-25
7460,217,32,109,120,2024-05-30
7461,225,11,765,139,2023-11-04
7462,105,30,,115,2024-08-09
7463,345,34,686,142,2023-12-09
7464,60,17,458,24,2024-07-25
7465,197,11,72,85,2024-09-18
7466,55,5,947,24,2024-04-13
7467,133,13,779,43,2023-10-25
7468,296,5,300,37,2023-03-18
7469,238,2,457,136,2023-02-08
7470,267,34,732,102,2024-12-13
7471,283,29,543,43,2023-01-28
7472,345,26,580,80,2024-05-02
7473,63,18,256,115,2023-11-24
7474,288,19,125,70,2023-03-01
7475,258,27,139,46,2023-10-11
7476,223,13,796,110,2023-03-06
7477,180,31,258,49,2023-09-08
7478,15,14,345,70,2023-11-01
7479,358,17,951,33,2023-08-05
7480,313,21,225,88,2024-02-06
7481,328,12,866,65,2023-01-12
7482,135,11,653,58,2023-01-06
7483,113,32,562,79,2024-05-08
7484,267,4,908,40,2024-07-15
7485,64,16,893,85,2023-06-27
7486,137,29,856,67,2024-05-12
7487,21,27,432,30,2024-08-08
7488,328,11,273,47,2023-06-03
7489,107,20,201,86,2024-01-11
7490,308,10,812,104,2023-04-29
7491,138,17,368,105,2024-05-19
7492,304,28,-25,147,2024-09-21
7493,158,8,-34,40,2024-05-21
7494,51,32,763,135,2024-06-17
7495,132,11,398,89,2024-03-20
7496,300,23,39,124,2023-04-14
7497,161,5,445,34,2024-08-03
7498,74,20,28,49,2023-04-22
7499,273,10,954,73,2023-09-16
7500,92,32,918,115,2023-08-17
7501,259,9,237,81,2024-07-24
7502,164,29,119,68,2023-08-08
7503,270,23,405,27,2023-08-14
7504,319,33,58,110,2024-05-31
7505,54,35,,42,2023-11-04
7506,230,28,13,100,2024-09-19
7507,25,7,207,45,2023-04-14
7508,23,9,317,94,2024-07-17
7509,14,14,486,125,2023-02-12
7510,34,23,215,34,2023-04-30
7511,12,3,595,74,2023-10-09
7512,166,28,559,24,2023-02-11
7513,9999,999,-14,143,2023-12-08
7514,287,17,943,114,2023-06-07
7515,193,12,479,102,2024-01-30
7516,219,31,520,98,2023-09-04
7517,183,26,878,45,2023-06-02
7518,114,13,485,44,2024-10-13
7519,9,16,298,44,2023-01-07
7520,320,27,869,110,2024-01-21
7521,68,3,267,77,2024-08-21
7522,284,20,218,74,2024-03-22
7523,128,34,427,126,2024-05-27
7524,238,24,333,82,2024-06-04
7525,146,2,840,124,2023-05-29
7526,106,21,811,130,2023-04-18
7527,324,30,233,26,2023-07-18
7528,345,17,589,59,2023-12-29
7529,353,6,610,112,2023-05-21
7530,304,9,505,85,2024-02-17
7531,9999,999,-10,61,2024-08-04
7532,186,6,383,37,2023-01-27
7533,24,27,-42,99,2024-10-05
7534,88,28,569,63,2024-07-23
7535,216,19,357,136,2023-05-04
7536,145,3,254,120,2023-08-12
7537,121,7,475,41,2024-09-09
7538,256,35,466,92,2024-07-15
7539,107,27,657,128,2023-06-23
7540,119,24,826,91,2023-05-25
7541,252,22,634,37,2024-11-14
7542,55,14,380,145,2023-12-04
7543,216,30,555,37,2023-08-11
7544,343,19,438,67,2024-12-16
7545,205,23,,136,2024-12-03
7546,343,13,789,44,2023-10-18
7547,114,35,80,48,2023-09-13
7548,162,32,825,132,2023-07-16
7549,283,6,676,70,2023-10-14
7550,286,26,164,110,2023-11-20
7551,114,15,903,20,2024-07-02
7552,203,1,492,120,2023-11-16
7553,212,24,244,60,2024-11-20
7554,185,27,739,68,2024-09-19
7555,129,29,555,30,2024-05-09
7556,224,28,,59,2024-01-03
7557,203,6,872,70,2023-06-16
7558,9999,999,-25,42,2024-09-20
7559,181,33,527,91,2023-06-13
7560,5,33,361,150,2023-04-08
7561,175,17,,133,2024-05-13
7562,336,21,839,21,2024-06-26
7563,254,19,170,83,2024-10-06
7564,288,22,674,21,2023-05-21
7565,55,34,567,121,2023-12-24
7566,269,20,979,33,2023-02-02
7567,135,21,392,134,2023-08-08
7568,85,3,984,21,2024-03-18
7569,9999,999,-42,86,2024-02-27
7570,137,13,461,39,2023-10-05
7571,291,27,131,22,2023-11-21
7572,235,28,403,132,2024-08-22
7573,50,11,832,54,2024-08-19
7574,156,35,385,98,2023-06-03
7575,234,32,834,39,2024-10-20
7576,73,5,162,108,2023-03-17
7577,63,34,903,45,2023-02-27
7578,333,21,200,58,2024-10-22
7579,14,6,934,46,2023-07-08
7580,61,29,135,138,2023-03-08
7581,68,4,78,69,2023-12-29
7582,227,5,126,33,2023-07-25
7583,90,14,828,31,2023-10-17
7584,346,16,531,104,2024-12-24
7585,104,14,49,31,2023-01-30
7586,280,24,443,26,2024-02-22
7587,251,32,618,26,2024-05-17
7588,54,18,319,40,2023-02-10
7589,325,17,681,100,2024-08-19
7590,19,32,345,149,2024-06-24
7591,60,12,328,103,2024-06-26
7592,15,3,606,33,2023-04-07
7593,9999,999,-8,67,2024-02-14
7594,112,27,878,31,2024-04-16
7595,203,19,423,36,2023-11-06
7596,232,15,832,122,2024-12-07
7597,181,13,397,56,2024-10-15
7598,277,19,706,80,2024-01-05
7599,284,12,294,49,2024-04-03
7600,306,11,126,76,2024-06-17
7601,110,30,207,87,2023-02-27
7602,58,19,598,77,2024-03-12
7603,84,13,888,124,2024-08-15
7604,82,25,287,85,2023-07-03
7605,97,26,-38,45,2023-09-17
7606,22,11,944,61,2023-03-02
7607,23,1,670,54,2023-10-01
7608,74,31,824,51,2023-03-26
7609,342,35,579,71,2023-04-17
7610,166,22,445,89,2024-07-14
7611,234,13,162,56,2024-12-31
7612,300,25,449,145,2023-07-18
7613,353,17,301,39,2024-12-04
7614,20,8,119,147,2024-05-26
7615,7,34,190,127,2023-11-20
7616,154,31,270,129,2023-11-10
7617,224,28,873,83,2024-03-25
7618,82,22,328,128,2024-07-06
7619,239,27,970,73,2023-09-07
7620,28,2,279,127,2023-07-29
7621,265,35,358,117,2024-09-24
7622,21,19,132,46,2023-12-29
7623,65,14,596,70,2024-08-28
7624,59,9,929,128,2023-03-25
7625,270,14,-23,120,2024-11-30
7626,81,19,810,121,2023-08-17
7627,326,14,120,115,2023-03-25
7628,35,26,97,74,2023-12-19
7629,184,32,535,112,2023-11-27
7630,114,20,846,107,2023-03-30
7631,87,25,408,114,2023-10-09
7632,78,9,186,35,2023-08-04
7633,229,30,754,81,2023-05-12
7634,330,13,154,58,2024-04-02
7635,185,19,51,37,2024-11-04
7636,258,27,922,94,2024-06-24
7637,284,13,208,36,2024-01-26
7638,236,19,48,60,2024-12-03
7639,89,21,253,52,2023-06-30
7640,204,24,706,88,2024-02-13
7641,103,28,570,108,2024-04-22
7642,24,18,697,79,2024-04-04
7643,297,23,336,23,2023-07-19
7644,276,29,367,111,2023-08-25
7645,301,3,848,65,2024-09-20
7646,216,15,801,52,2024-05-21
7647,114,34,248,98,2024-11-09
7648,62,16,510,114,2023-06-12
7649,79,16,-18,128,2023-08-20
7650,312,3,760,134,2023-02-12
7651,9999,999,-10,92,2024-08-19
7652,54,16,196,138,2023-07-08
7653,292,19,162,34,2023-05-06
7654,180,11,817,60,2023-01-13
7655,125,1,89,64,2023-10-24
7656,275,6,813,124,2024-04-14
7657,291,8,,31,2023-02-13
7658,256,23,691,120,2023-02-09
7659,353,31,490,32,2023-04-04
7660,125,9,656,138,2024-06-21
7661,272,24,941,58,2023-06-04
7662,221,12,859,141,2024-04-21
7663,348,19,343,52,2023-05-02
7664,172,4,572,69,2023-10-17
7665,286,19,853,88,2023-09-29
7666,301,3,812,138,2023-06-17
7667,146,20,255,26,2023-11-22
7668,128,23,328,20,2024-01-20
7669,63,27,281,27,2023-04-08
7670,186,13,287,81,2023-05-27
7671,107,12,808,42,2023-02-08
7672,49,14,827,38,2023-07-26
7673,208,2,963,108,2023-04-11
7674,152,1,911,43,2023-12-06
7675,247,25,29,121,2024-06-09
7676,17,22,966,20,2023-02-24
7677,352,10,671,98,2024-04-13
7678,116,25,211,29,2024-03-14
7679,119,11,130,27,2024-12-16
7680,278,14,214,127,2023-02-04
7681,140,27,188,148,2024-12-02
7682,19,7,756,38,2024-06-14
7683,49,5,285,142,2023-07-29
7684,208,35,991,99,2024-07-13
7685,320,34,,41,2024-03-07
7686,343,23,213,117,2024-07-17
7687,256,32,864,114,2024-07-21
7688,329,9,566,123,2024-09-12
7689,208,23,998,40,2024-08-15
7690,254,12,558,129,2024-02-03
7691,96,19,629,83,2023-11-01
7692,5,2,371,35,2024-06-21
7693,54,29,532,30,2024-01-18
7694,29,25,968,117,2024-10-09
7695,124,1,341,78,2023-08-11
7696,126,34,593,30,2023-08-26
7697,173,6,920,26,2023-08-10
7698,238,22,545,80,2024-08-13
7699,134,34,515,23,2023-01-05
7700,107,21,619,38,2024-08-20
7701,343,19,,110,2023-08-25
7702,221,28,2,116,2024-10-18
7703,96,27,16,93,2023-07-03
7704,237,32,53,70,2023-11-17
7705,300,24,246,37,2023-01-15
7706,191,2,791,88,2024-05-05
7707,69,31,303,61,2023-09-25
7708,276,29,934,96,2023-08-23
7709,305,22,509,132,2024-11-01
7710,112,20,63,62,2023-07-03
7711,233,1,451,113,2023-11-01
7712,129,34,286,51,2023-03-10
7713,139,24,6,69,2023-03-20
7714,226,33,585,129,2023-08-10
7715,79,30,552,81,2024-10-23
7716,120,31,101,85,2023-07-30
7717,190,26,408,91,2024-12-06
7718,35,16,989,118,2024-08-30
7719,33,31,152,81,2023-06-03
7720,247,23,566,85,2024-12-31
7721,252,18,731,71,2023-10-24
7722,200,9,625,133,2024-08-14
7723,84,4,613,98,2024-01-31
7724,243,20,160,127,2024-05-02
7725,356,7,285,142,2023-10-28
7726,189,12,925,23,2024-02-22
7727,104,30,937,128,2023-10-21
7728,173,5,657,72,2024-10-03
7729,133,22,-36,94,2024-12-06
7730,264,15,977,64,2024-03-24
7731,263,31,67,100,2023-10-12
7732,339,9,107,130,2024-01-09
7733,120,18,605,33,2024-10-03
7734,106,23,229,72,2024-06-29
7735,280,33,798,106,2023-03-08
7736,217,26,192,55,2023-09-24
7737,9,22,275,21,2023-06-22
7738,207,22,350,70,2024-01-18
7739,149,3,586,131,2024-05-19
7740,240,34,902,116,2024-03-26
7741,130,23,115,25,2024-03-18
7742,218,23,461,27,2023-02-05
7743,8,7,667,81,2024-10-10
7744,110,3,844,87,2023-10-05
7745,137,23,157,110,2024-05-08
7746,90,13,987,64,2023-09-01
7747,197,20,59,97,2024-03-11
7748,276,13,451,54,2024-10-06
7749,187,30,-19,79,2024-12-20
7750,164,15,381,33,2023-11-29
7751,111,16,315,98,2023-04-14
7752,278,33,584,83,2023-03-02
7753,269,11,213,22,2024-09-15
7754,268,10,880,101,2024-11-01
7755,330,15,130,41,2024-07-14
7756,356,30,172,101,2023-02-07
7757,286,26,-22,146,2023-03-24
7758,292,8,28,91,2024-05-12
7759,252,1,220,71,2023-07-03
7760,62,11,994,97,2024-11-23
7761,260,5,369,91,2024-09-02
7762,259,23,201,99,2024-04-12
7763,299,35,81,124,2024-01-22
7764,286,20,473,67,2023-02-17
7765,191,2,432,43,2023-03-21
7766,160,19,805,139,2023-02-22
7767,279,9,643,102,2024-11-28
7768,270,29,261,69,2024-05-04
7769,157,31,,96,2024-07-01
7770,326,2,871,121,2024-11-01
7771,146,30,985,43,2023-07-26
7772,120,4,435,57,2023-04-30
7773,47,30,808,21,2024-05-04
7774,183,22,,31,2024-01-28
7775,189,15,74,51,2024-07-20
7776,319,17,,118,2024-03-20
7777,8,8,546,75,2023-05-30
7778,69,33,645,31,2024-05-11
7779,163,23,21,120,2023-06-20
7780,32,21,666,145,2023-04-09
7781,204,19,,105,2024-07-22
7782,12,9,750,39,2024-08-18
7783,148,25,250,51,2023-05-14
7784,348,15,-35,134,2023-02-23
7785,120,16,719,113,2024-11-13
7786,211,7,994,104,2023-11-13
7787,237,15,4,141,2024-01-06
7788,185,21,751,91,2023-08-05
7789,260,9,,65,2024-01-30
7790,324,4,424,70,2023-11-09
7791,308,9,903,150,2023-10-31
7792,256,24,720,123,2024-07-07
7793,196,10,851,64,2024-10-02
7794,31,24,279,103,2024-06-20
7795,205,27,723,141,2023-04-10
7796,300,20,326,104,2024-03-31
7797,214,3,48,41,2023-10-29
7798,152,33,297,67,2023-12-13
7799,132,18,865,46,2024-08-25
7800,141,29,977,126,2024-05-15
7801,124,12,669,114,2023-08-14
7802,287,30,368,20,2024-12-21
7803,168,13,145,106,2023-03-25
7804,306,6,550,142,2024-11-01
7805,68,22,,33,2024-09-21
7806,254,25,183,94,2024-05-24
7807,274,14,950,32,2024-09-07
7808,193,11,778,86,2023-10-17
7809,187,10,345,147,2023-02-04
7810,280,9,334,22,2023-03-04
7811,98,28,653,128,2024-02-08
7812,357,33,394,102,2023-08-06
7813,342,13,908,145,2024-01-02
7814,54,27,416,121,2024-10-21
7815,310,17,796,116,2024-02-28
7816,295,34,339,28,2024-10-15
7817,177,13,643,89,2024-10-10
7818,26,4,414,112,2024-08-25
7819,285,27,448,143,2024-02-16
7820,154,34,438,76,2024-04-15
7821,288,4,284,44,2024-02-25
7822,135,28,647,81,2023-08-06
7823,13,6,837,40,2024-06-22
7824,194,34,544,80,2024-11-19
7825,141,18,271,89,2024-04-21
7826,70,12,418,74,2023-08-03
7827,277,32,184,79,2023-05-29
7828,149,2,232,126,2024-01-16
7829,144,3,595,87,2024-08-22
7830,118,24,310,28,2024-02-17
7831,5,25,9,95,2024-11-24
7832,184,32,504,72,2024-10-15
7833,115,26,734,20,2023-11-22
7834,336,9,518,118,2024-07-02
7835,232,16,204,72,2024-10-06
7836,90,22,24,117,2024-10-26
7837,339,2,727,56,2024-09-04
7838,57,7,569,141,2024-04-21
7839,185,35,44,32,2023-08-09
7840,88,7,386,144,2023-05-19
7841,294,4,169,102,2024-06-22
7842,202,5,830,106,2023-05-30
7843,79,26,654,30,2023-03-11
7844,279,17,58,117,2024-04-13
7845,48,33,47,26,2023-11-07
7846,37,2,11,123,2023-01-05
7847,229,24,949,94,2023-04-02
7848,17,19,-50,81,2024-06-22
7849,1,30,94,74,2023-06-03
7850,226,30,253,105,2023-03-08
7851,32,10,688,66,2024-01-30
7852,107,20,549,30,2024-10-15
7853,11,7,203,96,2024-12-24
7854,359,33,857,29,2024-02-06
7855,173,32,41,57,2024-04-26
7856,249,7,400,147,2023-04-10
7857,135,25,321,75,2023-06-27
7858,246,16,130,148,2023-11-22
7859,66,16,548,127,2023-09-18
7860,175,26,1000,103,2024-01-01
7861,223,18,69,105,2024-01-17
7862,42,22,788,72,2024-02-15
7863,6,26,791,57,2024-04-28
7864,9999,999,-10,37,2023-01-24
7865,153,1,64,27,2023-02-08
7866,284,27,-17,45,2023-04-16
7867,37,3,941,108,2024-07-15
7868,33,21,168,115,2024-04-10
7869,325,9,615,116,2023-07-11
7870,183,17,119,27,2023-07-09
7871,119,27,529,60,2024-01-21
7872,345,16,111,39,2024-11-14
7873,97,35,198,104,2023-01-08
7874,29,8,80,22,2023-03-16
7875,262,15,23,103,2024-07-23
7876,20,2,83,112,2024-09-29
7877,350,34,389,133,2024-06-04
7878,264,4,141,48,2023-09-10
7879,230,22,906,148,2024-11-28
7880,334,1,218,50,2023-11-01
7881,185,33,810,140,2023-03-07
7882,315,33,887,132,2023-04-06
7883,116,32,697,123,2024-05-04
7884,69,12,427,131,2023-01-19
7885,270,29,6,73,2024-10-16
7886,67,10,517,61,2024-01-01
7887,248,23,997,64,2024-03-07
7888,94,30,141,149,2024-09-28
7889,221,32,608,76,2023-12-23
7890,314,29,494,150,2024-10-20
7891,165,18,782,35,2024-08-21
7892,18,15,170,77,2024-02-29
7893,150,35,884,129,2023-04-25
7894,235,18,361,117,2024-03-10
7895,161,27,418,45,2024-07-05
7896,347,9,440,73,2024-05-25
7897,140,3,391,43,2024-04-05
7898,148,29,,83,2023-10-18
7899,181,27,422,128,2023-12-01
7900,115,28,758,95,2023-12-02
7901,58,28,16,142,2023-01-03
7902,22,21,597,124,2024-02-13
7903,245,35,209,88,2024-03-24
7904,352,19,723,114,2023-01-20
7905,7,17,678,69,2024-11-17
7906,347,7,663,129,2024-03-08
7907,179,30,389,111,2023-05-29
7908,18,8,62,119,2024-04-23
7909,331,7,364,42,2024-04-09
7910,334,27,977,136,2024-09-28
7911,103,2,903,43,2023-09-27
7912,198,13,79,28,2023-07-08
7913,9999,999,-47,111,2024-10-19
7914,199,11,852,98,2023-01-11
7915,1,24,524,109,2024-04-24
7916,151,17,732,77,2023-07-11
7917,226,1,624,32,2023-05-03
7918,150,9,480,33,2024-02-09
7919,183,4,451,44,2023-10-04
7920,47,18,,107,2023-08-28
7921,111,4,509,24,2024-02-17
7922,158,22,751,103,2024-04-19
7923,343,17,616,140,2023-06-17
7924,69,23,32,76,2023-01-14
7925,79,24,840,99,2024-03-05
7926,190,26,426,54,2024-04-29
7927,282,20,688,133,2024-07-21
7928,308,17,495,40,2023-02-09
7929,53,1,602,139,2023-10-30
7930,53,10,165,145,2023-01-28
7931,76,28,885,68,2023-08-04
7932,197,28,128,62,2024-02-20
7933,59,16,727,143,2023-10-24
7934,214,16,26,99,2024-11-09
7935,159,4,731,109,2023-04-16
7936,294,6,166,108,2023-12-09
7937,146,2,277,35,2024-10-20
7938,263,13,790,133,2024-09-23
7939,25,23,951,71,2023-10-27
7940,32,18,537,49,2023-02-13
7941,191,23,289,41,2024-10-14
7942,159,34,13,44,2023-06-04
7943,116,35,430,136,2023-03-11
7944,275,22,177,58,2023-05-30
7945,196,26,689,115,2024-06-29
7946,172,15,896,134,2023-08-06
7947,9999,999,-36,60,2024-04-21
7948,205,4,881,128,2023-09-22
7949,217,6,124,138,2024-06-07
7950,132,20,61,141,2024-05-18
7951,252,12,716,87,2024-10-09
7952,60,23,49,68,2024-05-13
7953,230,21,26,98,2023-01-26
7954,39,15,728,52,2023-06-14
7955,248,5,292,120,2023-06-27
7956,205,11,22,135,2024-09-14
7957,9999,999,-26,40,2024-10-28
7958,155,15,622,112,2023-10-25
7959,134,16,835,45,2023-12-17
7960,343,9,101,65,2023-12-21
7961,220,24,999,138,2024-06-12
7962,194,14,857,85,2023-08-24
7963,9,3,30,33,2023-05-03
7964,8,34,106,65,2023-06-18
7965,250,34,-29,60,2023-01-12
7966,196,29,760,124,2023-12-04
7967,347,24,868,52,2024-04-02
7968,109,8,467,37,2023-03-11
7969,331,27,305,147,2023-06-28
7970,222,13,179,62,2024-11-30
7971,212,35,594,40,2023-09-12
7972,53,15,459,60,2023-05-10
7973,356,27,363,36,2023-07-01
7974,67,14,441,141,2024-09-30
7975,21,27,197,84,2023-06-12
7976,24,19,797,105,2024-12-28
7977,155,23,791,79,2024-03-17
7978,153,6,831,28,2023-04-08
7979,309,2,398,96,2023-11-24
7980,60,33,125,98,2023-04-07
7981,282,19,783,98,2023-10-21
7982,191,35,666,70,2023-03-03
7983,161,18,321,44,2024-12-11
7984,301,35,462,35,2023-12-09
7985,125,19,904,117,2023-07-16
7986,9999,999,-7,84,2024-09-27
7987,222,3,301,139,2024-12-10
7988,15,13,714,54,2024-07-05
7989,73,15,80,112,2023-01-11
7990,180,16,236,73,2024-08-29
7991,288,3,1,24,2024-04-10
7992,285,11,896,109,2024-12-19
7993,339,22,597,31,2024-05-25
7994,56,18,941,94,2023-06-28
7995,260,6,511,39,2024-02-13
7996,10,1,695,104,2023-05-22
7997,160,31,,32,2024-01-28
7998,27,17,932,123,2023-03-17
7999,272,29,761,109,2024-03-12
8000,108,31,96,96,2024-04-17
8001,142,24,623,25,2023-12-09
8002,107,26,682,95,2023-12-04
8003,9999,999,-43,130,2024-04-29
8004,267,16,9,32,2024-07-23
8005,32,34,302,143,2024-03-17
8006,313,14,444,85,2023-01-17
8007,307,25,24,113,2023-09-06
8008,181,2,818,76,2023-02-24
8009,289,7,16,37,2024-08-01
8010,282,15,149,21,2024-03-19
8011,164,20,945,127,2024-03-20
8012,172,17,513,57,2023-06-10
8013,199,35,631,23,2023-11-02
8014,63,28,800,21,2024-06-04
8015,325,3,636,82,2024-05-11
8016,1,34,405,23,2024-10-12
8017,2,34,20,51,2024-07-21
8018,353,15,,144,2023-05-13
8019,40,6,428,106,2024-12-21
8020,80,22,952,38,2024-12-13
8021,248,30,314,56,2024-07-08
8022,33,4,-44,126,2023-07-04
8023,142,17,319,107,2024-01-02
8024,246,9,260,136,2024-08-28
8025,290,32,603,99,2024-02-21
8026,108,4,284,41,2023-01-31
8027,354,11,664,29,2024-04-15
8028,117,19,601,30,2024-04-21
8029,290,16,772,44,2023-04-07
8030,145,10,49,37,2023-11-21
8031,4,14,973,93,2024-05-07
8032,60,5,555,66,2024-01-17
8033,304,28,807,141,2023-12-16
8034,111,19,396,58,2023-08-03
8035,56,10,67,68,2023-04-22
8036,316,35,596,65,2023-07-29
8037,88,21,135,32,2024-11-22
8038,62,30,814,51,2023-09-25
8039,181,27,594,112,2023-10-09
8040,70,26,77,92,2024-10-13
8041,315,31,1000,43,2023-08-08
8042,271,29,573,99,2024-12-11
8043,281,28,62,40,2024-10-15
8044,101,21,311,60,2023-10-30
8045,356,33,33,115,2024-10-31
8046,356,10,139,138,2023-05-30
8047,261,7,968,96,2024-11-01
8048,254,13,358,99,2024-02-19
8049,347,34,791,80,2024-05-29
8050,263,10,361,63,2023-09-17
8051,185,27,-48,55,2023-01-31
8052,9999,999,-16,70,2024-06-25
8053,291,22,274,29,2023-05-23
8054,321,30,82,20,2023-01-25
8055,300,22,673,111,2024-03-27
8056,339,34,633,123,2023-11-26
8057,95,3,428,56,2024-02-02
8058,348,35,784,60,2023-10-31
8059,290,2,721,27,2024-08-10
8060,218,3,372,127,2024-02-10
8061,313,6,999,140,2024-09-09
8062,68,6,383,122,2024-06-17
8063,141,13,385,115,2024-08-25
8064,165,7,892,37,2023-08-08
8065,258,6,559,22,2023-08-12
8066,340,4,43,81,2024-02-07
8067,324,28,734,24,2023-11-22
8068,292,23,618,139,2024-11-12
8069,162,15,196,52,2023-07-16
8070,183,18,,54,2023-09-28
8071,341,19,931,138,2024-01-23
8072,317,10,-43,140,2023-12-25
8073,252,30,583,53,2023-10-07
8074,292,10,177,113,2023-02-01
8075,216,22,559,115,2023-04-13
8076,335,34,426,90,2024-07-07
8077,306,35,278,125,2024-06-09
8078,22,34,595,56,2023-07-02
8079,292,34,286,72,2024-09-03
8080,9999,999,-49,28,2023-12-21
8081,50,16,986,80,2023-09-18
8082,214,4,439,127,2023-12-01
8083,79,8,667,118,2023-08-07
8084,293,22,568,78,2023-07-21
8085,257,4,583,132,2023-08-21
8086,58,33,-2,129,2023-08-14
8087,167,21,900,120,2024-10-23
8088,309,1,891,108,2023-07-03
8089,15,28,887,93,2023-07-31
8090,54,14,358,125,2024-12-26
8091,30,21,914,136,2024-07-27
8092,211,12,483,70,2023-03-24
8093,271,19,920,58,2023-11-18
8094,25,34,284,133,2024-10-15
8095,79,16,139,69,2023-10-29
8096,247,2,-46,63,2024-01-17
8097,15,20,984,58,2024-06-26
8098,157,19,615,91,2023-02-28
8099,136,6,677,86,2024-03-14
8100,233,22,226,140,2023-03-04
8101,277,10,226,125,2024-06-24
8102,278,16,252,31,2023-09-07
8103,12,10,815,132,2023-10-08
8104,292,12,210,128,2024-08-06
8105,88,28,459,62,2024-02-01
8106,174,7,313,29,2023-04-14
8107,1,28,79,41,2023-02-02
8108,197,32,891,141,2023-01-08
8109,351,6,700,108,2023-11-03
8110,192,2,,39,2023-08-06
8111,113,2,282,53,2024-05-21
8112,13,4,406,130,2023-09-11
8113,71,9,217,137,2023-03-14
8114,13,31,883,122,2023-09-27
8115,262,22,544,75,2024-02-23
8116,184,33,473,84,2024-01-31
8117,53,1,371,139,2024-06-01
8118,9999,999,-48,60,2023-09-01
8119,347,34,35,78,2023-10-13
8120,9999,999,-27,115,2023-07-18
8121,317,26,128,71,2024-11-29
8122,73,16,627,130,2024-07-06
8123,272,2,290,81,2024-08-02
8124,93,4,335,81,2024-09-04
8125,332,4,92,63,2024-12-26
8126,152,18,490,139,2023-08-02
8127,341,18,517,111,2023-12-04
8128,175,6,945,47,2023-11-19
8129,21,1,429,53,2023-02-17
8130,323,31,936,30,2023-10-11
8131,171,35,263,99,2024-09-28
8132,255,35,727,95,2023-09-26
8133,323,14,112,127,2023-05-17
8134,51,15,601,63,2024-08-12
8135,4,17,861,91,2024-05-10
8136,289,16,532,42,2024-09-01
8137,64,6,10,144,2024-11-06
8138,157,16,763,42,2023-11-02
8139,22,33,397,147,2024-08-07
8140,356,35,207,141,2023-04-07
8141,102,2,29,86,2024-11-26
8142,353,17,925,112,2024-10-10
8143,62,19,344,136,2023-10-12
8144,164,9,725,137,2024-12-05
8145,23,24,,89,2023-07-09
8146,104,12,817,44,2023-06-25
8147,88,14,953,43,2023-02-01
8148,135,16,423,150,2024-06-30
8149,9999,999,-4,58,2023-11-25
8150,225,15,,69,2023-12-04
8151,51,18,653,131,2024-02-10
8152,278,35,515,46,2023-02-21
8153,326,11,718,49,2023-09-28
8154,338,20,975,82,2023-10-14
8155,357,4,119,150,2023-12-28
8156,146,30,,135,2023-10-02
8157,9999,999,-27,92,2024-09-17
8158,356,1,55,40,2023-07-12
8159,135,17,302,127,2024-10-06
8160,191,4,987,144,2023-03-19
8161,71,24,790,141,2023-07-17
8162,230,3,655,49,2023-12-13
8163,301,17,781,54,2024-06-06
8164,301,11,691,97,2023-03-05
8165,2,9,975,91,2024-11-21
8166,360,22,395,104,2024-04-10
8167,75,27,704,87,2023-07-08
8168,27,22,923,121,2024-11-08
8169,355,13,332,103,2024-05-15
8170,314,18,93,143,2023-01-19
8171,26,22,739,84,2024-10-29
8172,9999,999,-10,129,2024-07-21
8173,3,26,810,123,2024-02-25
8174,50,24,289,70,2023-06-06
8175,256,12,-14,109,2024-03-21
8176,37,12,434,95,2023-02-03
8177,313,5,830,136,2023-12-07
8178,27,7,50,120,2023-04-17
8179,112,30,648,62,2024-03-30
8180,144,27,400,103,2024-11-10
8181,127,18,526,34,2023-08-03
8182,193,23,180,76,2024-03-19
8183,116,22,793,96,2023-12-06
8184,18,13,172,132,2023-04-11
8185,92,35,547,141,2023-10-21
8186,9999,999,-10,135,2024-02-21
8187,96,6,354,35,2023-08-10
8188,243,16,279,143,2023-10-31
8189,203,34,101,50,2023-09-07
8190,178,14,9,23,2024-03-14
8191,88,24,59,21,2023-05-19
8192,310,30,804,37,2024-05-06
8193,326,19,748,46,2024-08-18
8194,205,23,509,126,2023-08-11
8195,172,27,643,62,2023-01-10
8196,111,15,185,85,2024-06-14
8197,339,29,,68,2024-10-15
8198,325,30,866,145,2024-07-19
8199,43,30,80,51,2023-07-10
8200,263,27,144,90,2024-03-22
8201,182,21,799,109,2023-09-19
8202,101,25,168,149,2023-08-22
8203,264,10,843,115,2023-08-20
8204,351,22,511,127,2024-02-11
8205,239,24,117,73,2024-06-30
8206,261,1,844,97,2024-11-03
8207,351,6,300,81,2024-11-12
8208,82,31,710,54,2024-08-10
8209,114,4,682,130,2024-05-27
8210,70,27,777,34,2024-07-12
8211,50,5,376,124,2023-04-19
8212,135,7,527,71,2023-08-27
8213,225,23,865,109,2024-04-10
8214,186,1,394,41,2023-11-25
8215,39,8,2,76,2023-01-06
8216,36,6,664,78,2023-04-01
8217,120,35,268,145,2023-09-30
8218,264,35,799,123,2023-03-31
8219,128,3,767,150,2023-04-16
8220,126,35,879,77,2024-12-14
8221,60,19,431,102,2024-07-12
8222,223,13,991,107,2023-12-12
8223,223,35,385,140,2023-08-24
8224,6,9,546,63,2024-07-20
8225,127,31,14,54,2023-03-30
8226,142,2,297,91,2023-06-23
8227,236,32,167,42,2023-01-17
8228,69,8,72,127,2023-12-10
8229,35,22,108,88,2023-01-28
8230,35,20,-47,115,2024-06-20
8231,23,17,541,105,2024-06-26
8232,41,34,407,62,2023-05-14
8233,151,31,320,93,2024-10-30
8234,89,33,44,29,2023-03-12
8235,180,26,6,126,2023-05-27
8236,243,20,233,79,2023-09-21
8237,10,34,394,68,2023-01-01
8238,284,8,881,141,2023-10-04
8239,5,2,828,144,2024-02-13
8240,235,33,488,140,2023-04-15
8241,172,24,,26,2024-12-15
8242,341,15,739,76,2024-12-29
8243,99,21,478,141,2023-03-27
8244,113,23,376,35,2023-05-30
8245,257,12,513,37,2024-09-30
8246,320,27,,62,2023-11-24
8247,32,12,646,131,2024-05-15
8248,309,32,559,149,2023-01-30
8249,284,12,551,61,2024-06-24
8250,308,33,718,73,2024-02-09
8251,168,30,700,123,2023-04-01
8252,178,35,940,78,2023-11-01
8253,76,34,524,73,2024-04-17
8254,36,9,98,150,2024-11-02
8255,244,19,863,64,2024-02-05
8256,148,33,30,94,2024-02-11
8257,156,11,961,104,2024-09-02
8258,137,20,305,39,2024-12-12
8259,317,35,91,65,2024-09-07
8260,273,3,166,111,2023-03-29
8261,260,25,541,101,2024-02-29
8262,9999,999,-12,73,2024-12-25
8263,124,19,892,30,2023-12-16
8264,266,33,272,67,2024-08-19
8265,98,32,503,101,2023-09-17
8266,124,10,338,131,2024-01-02
8267,262,14,876,42,2024-02-02
8268,24,35,765,141,2024-06-28
8269,253,25,901,70,2024-09-25
8270,36,1,402,23,2024-08-18
8271,204,4,887,39,2024-06-07
8272,190,33,20,23,2023-12-21
8273,36,24,45,113,2024-02-14
8274,290,21,490,73,2023-03-12
8275,127,17,839,52,2024-05-26
8276,49,21,19,93,2023-07-14
8277,167,5,943,20,2023-12-08
8278,204,22,343,141,2023-02-06
8279,254,25,675,121,2024-05-18
8280,75,16,263,95,2024-10-28
8281,138,12,358,55,2024-06-13
8282,32,26,68,141,2024-11-25
8283,161,30,901,52,2023-03-08
8284,328,14,400,35,2024-02-12
8285,23,5,297,133,2023-12-01
8286,49,3,,69,2024-03-19
8287,7,21,12,140,2023-02-18
8288,9999,999,-6,90,2023-04-11
8289,360,4,213,56,2023-12-02
8290,328,17,461,146,2024-04-01
8291,252,6,909,89,2024-10-08
8292,288,35,370,81,2024-05-21
8293,274,32,962,85,2024-02-03
8294,279,22,575,96,2024-12-30
8295,285,8,943,111,2023-06-18
8296,345,34,673,79,2024-11-08
8297,228,33,68,110,2023-05-21
8298,311,22,515,141,2024-12-08
8299,152,16,75,58,2024-01-12
8300,45,21,264,149,2023-10-07
8301,247,19,658,118,2024-12-16
8302,1,15,962,30,2023-04-21
8303,57,12,894,56,2024-04-15
8304,329,28,862,25,2023-08-15
8305,286,33,601,97,2023-09-15
8306,273,2,505,23,2023-10-18
8307,94,28,952,73,2024-12-02
8308,322,16,148,119,2023-06-19
8309,179,20,-39,49,2023-02-01
8310,15,5,642,114,2023-02-10
8311,329,4,707,89,2024-09-23
8312,130,10,617,129,2023-10-07
8313,116,14,381,95,2023-04-23
8314,334,9,2,64,2024-02-20
8315,41,31,178,107,2023-11-09
8316,282,13,285,42,2024-07-09
8317,324,6,838,78,2024-08-11
8318,255,24,396,30,2023-05-18
8319,258,22,243,84,2023-11-16
8320,76,25,932,21,2023-07-03
8321,354,6,9,88,2023-08-18
8322,154,9,212,71,2024-11-22
8323,286,28,213,109,2023-04-18
8324,323,30,943,107,2024-07-18
8325,293,20,744,142,2023-02-25
8326,272,16,81,116,2023-03-09
8327,162,9,949,81,2024-05-08
8328,47,15,795,132,2023-12-15
8329,257,22,205,20,2024-05-02
8330,349,17,218,52,2023-12-21
8331,197,35,201,124,2023-10-29
8332,307,16,667,31,2024-01-27
8333,339,31,,26,2024-10-08
8334,169,20,161,102,2024-09-18
8335,207,20,777,128,2023-08-06
8336,134,27,364,27,2024-09-20
8337,87,22,748,93,2024-06-19
8338,170,10,923,66,2024-04-29
8339,9999,999,-50,110,2024-02-09
8340,173,31,359,82,2024-04-15
8341,154,3,708,21,2024-12-16
8342,280,34,967,142,2023-03-25
8343,129,30,49,132,2023-04-23
8344,36,25,888,21,2024-01-07
8345,330,25,585,40,2023-03-14
8346,250,26,461,139,2023-01-24
8347,87,17,100,140,2023-09-01
8348,300,1,161,124,2023-10-21
8349,268,25,404,63,2024-10-13
8350,149,32,626,83,2024-11-20
8351,9999,999,-49,137,2024-02-26
8352,149,21,278,142,2024-12-14
8353,9999,999,-39,84,2023-08-30
8354,19,3,394,44,2023-09-13
8355,189,5,771,52,2023-03-30
8356,36,14,109,72,2023-02-19
8357,76,33,483,59,2024-08-08
8358,187,5,367,36,2024-05-26
8359,77,27,54,99,2023-08-26
8360,161,34,943,60,2024-02-06
8361,75,16,931,41,2023-07-11
8362,339,18,439,48,2023-07-19
8363,86,15,507,121,2023-03-01
8364,9,2,972,107,2023-09-10
8365,316,13,75,133,2023-02-02
8366,17,3,607,97,2024-04-28
8367,248,31,647,109,2024-12-07
8368,166,18,572,92,2023-09-23
8369,263,29,465,89,2024-03-02
8370,162,21,415,39,2024-07-04
8371,9999,999,-31,119,2023-09-04
8372,107,5,934,50,2023-03-23
8373,77,5,961,43,2023-07-31
8374,174,14,921,129,2024-05-06
8375,9999,999,-39,83,2024-10-22
8376,283,12,595,128,2024-03-02
8377,335,19,723,75,2023-10-24
8378,26,16,886,128,2023-10-24
8379,278,29,426,59,2024-02-04
8380,350,1,393,141,2024-11-13
8381,73,12,91,56,2024-05-28
8382,308,33,680,144,2024-05-30
8383,184,32,375,118,2024-10-01
8384,121,12,767,145,2024-10-13
8385,68,18,522,34,2024-01-02
8386,322,34,754,23,2024-05-15
8387,103,10,43,149,2023-05-12
8388,65,27,630,58,2024-07-14
8389,120,35,408,58,2024-02-25
8390,313,7,606,75,2024-04-11
8391,54,6,463,62,2023-08-13
8392,189,28,-44,94,2023-04-21
8393,176,27,97,69,2023-07-20
8394,321,22,191,37,2024-07-13
8395,49,13,417,62,2024-10-26
8396,168,19,508,113,2023-10-19
8397,75,11,556,124,2024-09-12
8398,122,3,247,61,2024-12-14
8399,343,15,913,147,2023-04-21
8400,167,29,652,87,2024-03-11
8401,97,20,512,125,2023-12-13
8402,103,7,,34,2023-10-17
8403,36,29,913,94,2024-05-11
8404,292,13,281,34,2024-01-27
8405,340,30,30,79,2023-09-30
8406,152,6,18,111,2024-10-25
8407,143,1,826,127,2024-07-19
8408,233,19,282,29,2024-11-08
8409,33,21,649,56,2024-09-19
8410,207,6,198,149,2024-05-01
8411,128,9,543,135,2024-02-20
8412,278,25,903,59,2023-07-01
8413,295,22,736,78,2023-11-07
8414,212,18,425,74,2023-08-19
8415,73,14,763,140,2023-05-21
8416,189,11,421,77,2024-03-28
8417,27,33,322,63,2024-12-26
8418,255,6,908,71,2023-07-17
8419,291,13,619,101,2024-03-17
8420,207,6,721,114,2024-07-18
8421,22,27,,71,2023-12-12
8422,185,4,455,124,2024-02-20
8423,175,9,470,95,2024-12-09
8424,127,18,63,80,2023-12-29
8425,172,24,12,91,2024-10-22
8426,140,32,482,66,2024-07-13
8427,101,34,923,60,2023-06-16
8428,289,25,471,121,2023-03-14
8429,22,32,,110,2023-10-28
8430,274,28,852,58,2024-01-19
8431,43,28,111,63,2023-07-26
8432,43,7,150,25,2023-09-01
8433,331,35,632,76,2023-12-26
8434,287,14,989,121,2024-04-24
8435,53,30,344,148,2024-06-07
8436,28,15,604,115,2024-11-19
8437,26,31,532,76,2024-10-22
8438,60,27,292,83,2024-11-08
8439,59,25,274,82,2023-03-23
8440,118,1,333,94,2024-11-12
8441,46,9,78,110,2024-03-17
8442,277,33,779,76,2024-09-22
8443,42,3,918,146,2023-09-12
8444,192,11,-43,73,2023-12-30
8445,82,23,446,104,2023-10-26
8446,125,32,648,140,2024-03-19
8447,44,22,977,117,2024-05-10
8448,260,11,284,41,2024-07-28
8449,170,14,145,126,2023-06-11
8450,261,25,,135,2024-06-17
8451,182,16,,26,2023-08-11
8452,247,4,85,23,2023-10-04
8453,165,27,782,100,2023-05-11
8454,258,15,222,113,2024-07-02
8455,347,17,650,76,2024-06-07
8456,62,10,862,29,2023-07-30
8457,123,10,432,141,2023-01-02
8458,157,19,529,128,2024-01-06
8459,63,34,691,146,2023-11-25
8460,348,16,988,109,2023-01-27
8461,218,22,618,71,2023-06-08
8462,116,3,75,115,2023-01-20
8463,228,3,498,104,2023-12-02
8464,292,28,454,70,2024-08-13
8465,123,2,549,150,2023-03-04
8466,345,21,-45,59,2024-03-29
8467,9999,999,-21,109,2024-11-21
8468,244,3,189,98,2024-04-04
8469,69,24,705,125,2024-02-26
8470,113,8,348,129,2023-04-07
8471,224,35,89,70,2023-12-05
8472,133,3,721,127,2023-05-12
8473,82,20,530,139,2024-10-20
8474,333,10,-3,109,2023-08-11
8475,325,20,857,63,2023-01-24
8476,42,24,756,111,2024-04-29
8477,219,33,923,122,2024-01-30
8478,48,35,920,48,2023-04-04
8479,161,19,,41,2024-06-25
8480,157,35,-19,124,2024-09-14
8481,156,12,-16,87,2024-09-13
8482,189,23,41,116,2023-05-08
8483,287,4,920,30,2024-06-08
8484,353,16,315,121,2023-11-18
8485,347,8,94,28,2023-06-02
8486,65,1,125,99,2023-01-07
8487,289,18,591,52,2024-11-26
8488,122,9,648,85,2024-10-23
8489,337,26,9,76,2023-11-07
8490,34,21,718,48,2024-12-11
8491,133,26,831,139,2024-12-20
8492,60,23,615,133,2024-03-18
8493,235,20,556,145,2024-03-15
8494,202,15,464,122,2023-10-04
8495,341,33,931,115,2023-05-22
8496,86,26,,69,2024-06-03
8497,264,9,321,143,2023-06-08
8498,52,33,330,136,2023-01-06
8499,58,8,73,127,2024-04-01
8500,82,19,973,35,2024-03-08
8501,148,19,50,81,2024-10-30
8502,158,2,287,100,2023-08-04
8503,207,7,168,68,2024-07-07
8504,102,21,11,107,2024-10-07
8505,150,8,388,44,2024-05-21
8506,316,2,911,35,2024-06-17
8507,63,33,,47,2023-01-08
8508,269,31,564,61,2024-06-08
8509,333,34,340,100,2023-06-07
8510,202,32,,24,2023-11-23
8511,265,26,279,119,2023-01-04
8512,161,26,342,25,2023-07-14
8513,233,1,587,86,2023-04-03
8514,1,25,940,104,2024-07-13
8515,265,12,921,66,2023-03-30
8516,63,30,115,116,2024-05-22
8517,169,10,919,135,2024-08-26
8518,197,27,810,107,2023-01-09
8519,93,32,413,33,2024-10-07
8520,286,10,478,133,2023-06-27
8521,274,7,354,66,2023-10-12
8522,206,7,420,113,2024-01-31
8523,202,7,,118,2023-12-12
8524,115,3,,27,2023-04-28
8525,282,21,429,81,2023-02-10
8526,116,15,445,141,2024-03-10
8527,145,22,553,55,2023-10-06
8528,192,28,481,123,2024-12-05
8529,280,34,389,131,2023-09-15
8530,140,14,61,37,2024-12-25
8531,65,32,,41,2024-03-18
8532,152,21,147,145,2024-01-17
8533,12,21,593,26,2023-11-02
8534,100,5,279,74,2024-10-09
8535,208,16,217,77,2024-01-19
8536,162,6,526,27,2024-05-21
8537,357,32,,66,2023-05-20
8538,332,12,26,95,2024-02-26
8539,40,30,81,24,2024-11-19
8540,55,10,,69,2023-03-12
8541,14,21,399,150,2023-04-14
8542,166,13,97,67,2023-09-10
8543,69,9,230,83,2024-10-14
8544,347,33,-18,21,2024-10-07
8545,89,7,472,112,2023-01-15
8546,128,1,564,47,2024-01-04
8547,217,19,240,47,2024-07-17
8548,252,16,764,45,2023-07-14
8549,201,23,454,122,2023-11-23
8550,331,8,423,107,2024-03-26
8551,211,13,528,96,2024-09-10
8552,262,33,14,25,2023-03-10
8553,275,13,722,91,2024-10-28
8554,231,29,378,33,2023-02-03
8555,88,14,652,122,2023-09-09
8556,178,35,111,55,2023-06-15
8557,251,35,320,97,2024-01-07
8558,144,31,491,131,2024-12-10
8559,219,21,905,81,2023-11-15
8560,31,30,711,27,2024-07-13
8561,255,16,804,96,2024-02-12
8562,27,35,293,22,2023-03-27
8563,150,15,405,130,2023-05-24
8564,50,34,234,89,2024-03-24
8565,334,22,900,68,2024-09-13
8566,175,22,704,30,2023-11-19
8567,65,12,527,117,2023-10-29
8568,23,4,210,130,2024-02-03
8569,139,35,350,146,2023-12-05
8570,319,33,717,40,2023-06-30
8571,344,8,977,101,2023-02-07
8572,164,25,696,131,2024-11-23
8573,199,32,362,135,2023-07-17
8574,74,9,861,45,2024-10-30
8575,77,6,655,90,2024-02-17
8576,190,10,235,118,2024-08-05
8577,50,28,69,97,2024-01-02
8578,316,23,954,123,2024-07-28
8579,52,4,572,114,2023-11-14
8580,231,30,553,42,2024-06-28
8581,54,3,565,51,2024-11-03
8582,120,12,884,108,2023-10-12
8583,64,6,934,82,2024-08-18
8584,284,34,422,118,2023-04-14
8585,134,10,195,118,2023-07-14
8586,258,30,453,61,2024-06-20
8587,32,26,354,58,2024-07-01
8588,19,34,871,39,2024-10-24
8589,292,11,,136,2023-11-10
8590,33,9,550,115,2023-05-15
8591,179,23,701,112,2023-12-27
8592,142,28,798,127,2024-04-01
8593,189,8,398,112,2024-08-01
8594,163,8,260,115,2023-02-09
8595,175,8,736,103,2023-10-22
8596,263,16,480,65,2024-07-25
8597,95,2,231,99,2023-02-22
8598,93,26,768,78,2023-11-25
8599,148,18,586,50,2023-12-17
8600,90,13,576,89,2024-05-05
8601,287,3,184,99,2024-01-11
8602,241,10,151,131,2023-02-17
8603,141,33,637,103,2024-07-11
8604,57,25,876,62,2024-01-26
8605,125,5,819,20,2023-02-22
8606,141,3,257,110,2024-10-12
8607,292,14,136,100,2023-02-14
8608,53,5,780,33,2023-09-18
8609,82,5,430,35,2023-10-25
8610,198,3,851,66,2024-11-07
8611,222,19,329,130,2023-12-27
8612,351,7,230,143,2023-05-29
8613,2,10,73,150,2023-02-23
8614,161,18,817,101,2024-06-12
8615,245,1,407,98,2023-07-02
8616,83,31,724,61,2023-10-07
8617,132,15,891,59,2023-10-27
8618,124,19,946,93,2023-10-07
8619,325,14,291,37,2023-05-21
8620,68,12,913,60,2023-01-25
8621,191,22,107,90,2024-05-15
8622,12,29,535,38,2023-12-24
8623,266,30,579,71,2024-07-06
8624,309,1,462,131,2023-09-21
8625,31,27,146,41,2023-08-19
8626,358,20,250,111,2024-07-06
8627,123,29,,23,2023-12-01
8628,344,5,619,84,2024-10-29
8629,143,12,361,93,2023-06-20
8630,161,3,701,103,2024-06-02
8631,281,20,712,144,2023-07-24
8632,93,21,716,71,2024-09-04
8633,175,27,463,110,2023-07-10
8634,218,18,793,109,2024-12-09
8635,72,17,57,61,2024-03-01
8636,282,33,141,97,2023-01-10
8637,114,20,955,30,2023-02-26
8638,9999,999,-22,113,2024-06-30
8639,86,23,280,36,2024-01-05
8640,1,26,444,74,2024-02-01
8641,356,27,822,71,2023-03-09
8642,179,30,629,142,2023-08-31
8643,297,5,154,70,2024-06-13
8644,157,17,835,119,2024-04-04
8645,323,25,544,103,2024-07-10
8646,285,12,-26,51,2024-02-16
8647,35,8,637,90,2023-06-10
8648,274,3,758,40,2023-08-19
8649,32,27,830,87,2023-05-25
8650,223,35,255,53,2023-11-03
8651,9,16,994,40,2024-09-02
8652,165,10,125,60,2023-03-31
8653,272,32,698,42,2024-05-23
8654,20,32,408,91,2024-09-03
8655,163,24,788,78,2024-12-29
8656,237,20,,75,2023-12-04
8657,132,13,397,140,2024-06-23
8658,269,14,547,86,2024-05-11
8659,247,22,476,52,2023-07-22
8660,76,3,725,97,2023-03-30
8661,199,31,587,84,2023-05-01
8662,316,27,490,126,2024-02-11
8663,303,11,807,134,2023-07-05
8664,227,5,710,51,2024-02-18
8665,237,19,54,94,2023-05-20
8666,181,11,737,117,2023-10-10
8667,201,33,,33,2024-02-06
8668,21,22,822,97,2023-07-10
8669,218,9,786,119,2024-06-10
8670,165,34,375,113,2023-12-15
8671,139,24,631,38,2023-08-19
8672,62,32,728,119,2023-08-11
8673,41,31,485,106,2024-03-27
8674,92,26,498,119,2024-12-21
8675,344,5,794,125,2024-08-31
8676,188,31,640,58,2023-03-23
8677,6,5,130,139,2024-02-16
8678,260,11,390,106,2023-03-08
8679,179,4,530,123,2024-09-17
8680,258,25,244,99,2024-06-27
8681,324,8,755,99,2023-03-27
8682,40,32,42,110,2024-11-24
8683,297,33,906,114,2024-12-05
8684,329,7,345,96,2024-11-30
8685,242,15,741,126,2023-12-26
8686,108,35,885,111,2024-06-05
8687,207,26,477,39,2023-08-11
8688,218,34,594,27,2023-02-01
8689,177,10,785,134,2023-05-01
8690,303,13,286,34,2023-01-26
8691,40,14,538,102,2024-05-06
8692,20,27,738,150,2024-05-24
8693,342,14,395,144,2024-04-05
8694,216,30,901,125,2024-03-22
8695,195,12,403,96,2024-02-25
8696,272,1,157,42,2023-11-14
8697,23,34,561,81,2023-02-05
8698,83,10,,138,2024-05-13
8699,53,9,922,40,2023-12-25
8700,275,7,48,91,2024-03-26
8701,157,9,991,79,2024-02-05
8702,67,27,100,38,2023-08-28
8703,170,1,135,125,2023-02-24
8704,288,3,,67,2024-06-17
8705,16,2,390,64,2024-12-12
8706,36,26,939,69,2023-11-02
8707,90,11,937,79,2024-08-21
8708,88,25,639,132,2023-04-26
8709,66,17,407,50,2023-03-05
8710,9999,999,-39,20,2024-08-25
8711,206,18,380,43,2023-07-11
8712,227,15,990,132,2023-04-11
8713,151,24,920,147,2023-02-26
8714,214,21,24,86,2024-11-24
8715,163,26,62,123,2023-06-14
8716,152,25,176,46,2024-12-10
8717,332,27,550,33,2023-10-08
8718,112,28,142,97,2023-05-11
8719,215,20,507,72,2023-03-28
8720,9999,999,-33,90,2023-11-09
8721,110,16,890,56,2024-09-28
8722,127,23,301,96,2023-06-27
8723,257,27,918,111,2024-02-12
8724,333,1,911,68,2023-09-14
8725,9,22,534,79,2024-02-20
8726,219,19,420,40,2024-06-26
8727,198,12,-43,73,2024-05-20
8728,217,30,397,29,2024-04-21
8729,164,1,62,111,2024-02-17
8730,30,24,-16,49,2024-06-14
8731,352,20,639,46,2024-01-10
8732,83,24,928,101,2024-04-04
8733,301,15,889,26,2023-04-09
8734,36,4,693,87,2024-11-06
8735,326,16,596,148,2023-03-05
8736,298,2,88,43,2024-08-18
8737,271,18,113,72,2023-06-14
8738,228,6,366,95,2024-02-01
8739,265,15,659,84,2023-09-10
8740,185,22,834,75,2023-05-16
8741,120,9,,107,2024-12-19
8742,265,33,-37,59,2023-09-22
8743,34,19,875,49,2023-07-23
8744,325,1,163,101,2023-11-14
8745,90,1,350,34,2024-10-03
8746,283,31,800,131,2024-12-24
8747,315,7,698,26,2023-10-03
8748,193,5,387,126,2023-07-15
8749,329,15,662,106,2024-05-05
8750,348,32,772,123,2023-05-08
8751,55,34,150,49,2023-08-04
8752,44,19,509,105,2023-08-18
8753,227,24,424,53,2023-08-27
8754,280,7,755,55,2024-12-13
8755,14,28,314,97,2023-01-29
8756,325,29,676,89,2023-07-04
8757,344,35,188,137,2023-11-19
8758,215,16,78,105,2023-06-12
8759,51,3,326,96,2023-12-12
8760,9999,999,-22,149,2024-12-16
8761,281,14,159,36,2023-04-18
8762,275,10,569,87,2024-08-24
8763,330,22,589,66,2023-04-18
8764,275,24,909,135,2024-12-17
8765,64,14,781,57,2023-05-23
8766,186,17,,107,2023-10-28
8767,18,32,216,117,2024-01-11
8768,101,35,789,137,2023-12-17
8769,84,21,907,150,2024-08-31
8770,39,17,30,117,2024-09-10
8771,3,7,153,38,2023-01-24
8772,346,1,402,57,2023-01-21
8773,60,6,574,139,2024-01-25
8774,50,22,595,96,2024-07-28
8775,258,19,110,70,2024-05-13
8776,181,32,379,81,2023-02-05
8777,223,13,963,63,2024-11-30
8778,83,26,778,150,2023-01-22
8779,307,23,584,45,2023-11-28
8780,206,32,749,46,2024-04-17
8781,348,30,364,71,2023-03-15
8782,300,30,385,94,2023-11-05
8783,297,35,571,57,2023-03-27
8784,129,32,359,88,2023-03-17
8785,289,8,102,20,2024-06-02
8786,217,8,-40,150,2024-02-23
8787,215,20,981,137,2023-01-13
8788,299,6,239,97,2024-01-26
8789,326,16,802,134,2024-06-19
8790,248,28,609,67,2023-09-22
8791,173,31,732,76,2024-05-14
8792,340,33,-30,121,2024-08-31
8793,72,6,141,24,2024-10-21
8794,342,6,97,68,2024-01-30
8795,311,12,364,119,2023-11-30
8796,72,19,424,76,2023-12-23
8797,282,17,592,45,2023-09-23
8798,202,17,942,68,2023-11-16
8799,329,31,892,116,2023-06-30
8800,185,32,158,67,2023-11-15
8801,310,18,-50,31,2023-02-25
8802,345,8,585,52,2024-04-24
8803,56,32,828,34,2023-09-18
8804,38,24,628,132,2023-10-25
8805,307,29,-32,137,2023-05-14
8806,299,19,623,60,2023-12-29
8807,100,17,890,41,2024-02-15
8808,221,34,610,38,2024-12-12
8809,290,35,217,21,2023-03-25
8810,119,19,171,111,2024-09-24
8811,94,12,970,103,2023-10-10
8812,84,14,351,91,2023-12-09
8813,54,15,435,30,2024-03-04
8814,287,23,995,116,2024-12-20
8815,344,6,68,85,2023-01-24
8816,221,11,681,122,2024-02-21
8817,169,31,937,131,2023-02-10
8818,245,5,461,80,2023-05-30
8819,309,12,398,135,2024-11-09
8820,172,6,672,103,2024-12-10
8821,18,21,860,127,2024-12-21
8822,126,30,869,141,2023-07-16
8823,13,27,237,128,2023-05-17
8824,228,17,350,24,2023-11-11
8825,269,14,,126,2024-07-04
8826,95,14,977,110,2023-09-27
8827,129,19,717,95,2023-07-09
8828,298,15,63,26,2024-06-16
8829,27,22,36,43,2024-12-06
8830,130,19,139,72,2024-09-02
8831,303,6,840,29,2023-05-27
8832,195,14,182,35,2023-11-24
8833,3,2,389,123,2024-11-12
8834,340,14,712,116,2023-10-05
8835,336,5,481,90,2024-08-05
8836,331,30,,110,2023-11-24
8837,285,24,237,96,2023-02-24
8838,208,31,,56,2023-05-04
8839,28,20,417,44,2024-12-23
8840,17,17,404,130,2024-09-13
8841,217,19,999,51,2024-06-22
8842,91,4,641,89,2024-06-24
8843,253,24,825,74,2023-12-17
8844,350,21,804,31,2024-05-24
8845,9999,999,-42,124,2023-10-25
8846,301,28,499,98,2023-11-19
8847,72,4,27,59,2024-02-08
8848,345,21,567,136,2024-02-10
8849,303,35,335,133,2024-12-19
8850,228,17,960,106,2024-07-15
8851,128,17,383,57,2024-03-11
8852,44,34,858,94,2023-05-09
8853,216,7,827,125,2023-05-06
8854,244,24,418,29,2024-10-03
8855,280,28,158,120,2023-06-28
8856,68,30,121,110,2023-01-22
8857,220,15,744,100,2024-04-10
8858,288,13,979,73,2024-09-05
8859,29,18,855,73,2023-06-21
8860,74,18,738,70,2024-01-22
8861,330,22,712,50,2024-06-19
8862,116,7,969,47,2024-12-06
8863,115,16,864,80,2024-02-06
8864,114,23,914,111,2024-07-03
8865,90,21,968,121,2024-08-05
8866,150,11,560,94,2024-06-21
8867,10,18,651,94,2023-08-12
8868,55,17,927,75,2024-07-26
8869,196,12,4,129,2024-01-05
8870,89,24,98,137,2024-08-16
8871,224,34,210,110,2024-07-12
8872,236,5,656,96,2024-04-04
8873,140,28,567,66,2024-12-26
8874,35,11,835,117,2023-12-18
8875,334,27,574,129,2024-05-10
8876,240,32,933,35,2024-04-13
8877,329,35,437,119,2023-10-25
8878,322,14,173,72,2023-05-05
8879,80,18,434,118,2024-05-23
8880,9999,999,-36,89,2023-02-09
8881,288,25,111,51,2023-06-28
8882,348,9,643,48,2024-12-10
8883,141,6,117,143,2023-02-24
8884,212,25,967,32,2024-06-13
8885,337,31,25,72,2024-10-03
8886,281,6,,90,2024-07-09
8887,57,15,846,44,2024-10-12
8888,18,9,415,93,2023-01-11
8889,295,2,333,42,2024-08-16
8890,143,10,197,82,2024-05-28
8891,264,13,27,117,2023-05-26
8892,240,10,513,33,2024-07-09
8893,138,33,322,29,2024-07-31
8894,82,11,,37,2024-12-11
8895,96,8,68,76,2023-11-12
8896,115,15,234,43,2023-06-06
8897,20,30,450,139,2024-01-31
8898,203,2,483,21,2023-03-10
8899,223,19,201,62,2023-06-29
8900,39,26,-14,56,2023-03-28
8901,355,29,511,20,2023-04-08
8902,227,28,240,65,2024-03-05
8903,153,20,523,51,2023-01-14
8904,35,17,146,93,2023-10-17
8905,82,22,728,103,2024-04-26
8906,19,24,,117,2024-09-02
8907,297,26,934,56,2023-10-15
8908,288,8,789,93,2023-05-07
8909,239,9,481,89,2024-11-06
8910,251,29,651,92,2024-08-06
8911,292,13,,28,2023-10-11
8912,212,28,781,127,2023-03-19
8913,203,4,307,140,2024-07-02
8914,150,24,731,128,2023-10-11
8915,309,20,359,22,2024-03-09
8916,35,31,210,99,2024-12-29
8917,34,14,31,36,2024-07-08
8918,135,10,-24,31,2024-11-12
8919,73,14,388,116,2024-08-08
8920,118,19,711,146,2023-08-02
8921,160,5,646,117,2023-02-23
8922,171,30,-6,27,2024-07-14
8923,135,21,641,127,2023-04-06
8924,267,23,906,87,2023-04-09
8925,94,6,679,134,2023-05-04
8926,167,8,149,29,2024-07-09
8927,81,11,789,64,2024-07-14
8928,354,22,557,21,2023-05-09
8929,92,1,352,136,2024-01-20
8930,143,35,14,70,2023-02-20
8931,113,6,861,144,2024-05-19
8932,164,4,589,52,2023-06-08
8933,244,6,919,122,2024-11-07
8934,152,19,176,125,2023-01-20
8935,47,9,91,23,2023-11-26
8936,94,6,977,44,2023-04-09
8937,222,3,243,42,2024-10-09
8938,199,29,497,110,2023-02-25
8939,75,24,354,28,2023-05-31
8940,94,25,77,126,2023-08-24
8941,39,2,185,22,2024-06-17
8942,15,4,82,64,2023-02-26
8943,108,25,792,77,2023-04-23
8944,83,27,948,94,2023-09-23
8945,319,11,417,118,2024-05-20
8946,172,29,285,87,2024-03-11
8947,324,10,212,60,2023-12-11
8948,278,33,436,120,2023-09-03
8949,205,1,849,50,2023-01-25
8950,212,13,325,24,2023-12-04
8951,46,17,248,46,2024-12-05
8952,123,33,908,60,2024-10-15
8953,9999,999,-7,34,2023-09-30
8954,270,27,277,36,2023-11-28
8955,53,33,,95,2023-09-03
8956,32,33,786,73,2024-10-26
8957,162,17,325,30,2023-08-02
8958,56,11,87,142,2024-10-14
8959,306,14,566,101,2024-09-24
8960,4,19,505,62,2024-02-24
8961,200,7,1,144,2024-11-23
8962,152,33,605,147,2024-05-18
8963,214,16,280,147,2023-02-21
8964,138,18,36,20,2023-02-22
8965,153,22,752,54,2023-08-22
8966,85,1,271,97,2023-10-08
8967,303,17,138,146,2023-04-28
8968,112,22,,34,2023-09-23
8969,126,23,20,89,2023-06-04
8970,334,26,663,25,2023-09-05
8971,170,21,365,49,2023-02-21
8972,129,1,595,136,2024-05-25
8973,284,5,929,47,2024-07-17
8974,346,25,497,129,2023-12-10
8975,336,18,253,78,2024-03-25
8976,24,16,687,122,2023-10-28
8977,248,17,763,145,2023-05-31
8978,159,23,28,90,2023-07-21
8979,174,19,356,141,2024-06-02
8980,215,9,169,43,2024-10-27
8981,289,29,850,73,2024-11-06
8982,212,1,902,120,2024-02-11
8983,179,15,422,139,2023-01-23
8984,305,3,582,34,2023-05-06
8985,267,32,239,146,2024-07-17
8986,96,34,271,51,2023-05-31
8987,332,14,179,115,2024-06-11
8988,345,18,117,137,2024-10-16
8989,143,4,898,38,2024-11-28
8990,57,17,711,75,2023-07-23
8991,108,28,836,23,2024-12-02
8992,125,21,450,90,2023-05-09
8993,265,24,170,52,2023-02-01
8994,298,35,876,31,2023-01-28
8995,108,8,505,53,2023-03-20
8996,168,11,,85,2023-10-18
8997,21,20,256,80,2023-09-14
8998,140,30,670,109,2024-05-27
8999,294,1,689,72,2024-01-17
9000,152,26,254,128,2023-09-16
