movement_id,product_id,store_id,movement_type,quantity,movement_date,reference_order_id
1,179,21,OUT,389,2024-03-11,15656
2,125,9,IN,205,2024-09-12,
3,315,32,IN,70,2023-06-12,
4,174,33,OUT,468,2024-03-11,6621
5,227,11,OUT,282,2024-09-10,3233
6,344,30,OUT,3,2023-12-16,18488
7,158,11,OUT,22,2024-10-27,15887
8,344,30,OUT,219,2024-08-19,4263
9,128,24,IN,166,2023-06-12,
10,155,30,OUT,438,2023-12-10,29662
11,225,1,OUT,335,2023-04-26,16977
12,73,27,IN,202,2024-06-26,
13,260,24,IN,119,2024-09-09,
14,147,4,IN,287,2024-01-22,
15,136,30,IN,375,2023-10-28,
16,308,12,IN,439,2023-06-29,
17,136,30,IN,2,2023-12-01,
18,358,17,OUT,360,2023-01-09,22074
19,131,31,IN,188,2023-09-28,
20,234,5,OUT,159,2023-07-13,24564
21,212,33,OUT,83,2023-07-15,27243
22,124,15,OUT,16,2023-12-02,14281
23,214,4,IN,270,2023-10-24,
24,159,5,IN,118,2023-03-09,
25,128,21,OUT,218,2024-05-07,28036
26,91,5,OUT,454,2024-10-19,26557
27,278,30,OUT,2,2024-12-11,21581
28,313,7,OUT,285,2024-12-22,7581
29,338,28,OUT,55,2023-09-13,24072
30,304,5,IN,393,2024-03-02,
31,247,27,IN,489,2023-03-12,
32,349,4,IN,108,2023-07-28,
33,218,31,IN,438,2023-01-07,
34,232,18,IN,322,2023-05-31,
35,35,15,OUT,211,2024-09-01,19294
36,184,22,IN,25,2024-01-09,
37,81,25,IN,249,2024-05-13,
38,47,12,OUT,327,2023-08-22,14985
39,302,33,OUT,428,2023-12-02,29421
40,254,33,OUT,332,2024-12-06,7869
41,355,31,IN,497,2023-05-21,
42,126,30,IN,26,2024-12-17,
43,75,17,OUT,323,2023-09-24,6104
44,68,22,OUT,314,2024-06-30,8839
45,295,22,OUT,114,2023-10-17,23333
46,174,6,IN,336,2023-12-22,
47,152,30,IN,267,2024-11-29,
48,358,24,IN,299,2023-12-20,
49,57,21,OUT,286,2023-01-31,17680
50,347,11,IN,239,2024-11-05,
51,62,20,OUT,155,2023-08-12,21075
52,223,2,OUT,155,2024-06-20,7697
53,19,7,IN,426,2024-06-25,
54,30,24,OUT,12,2023-01-01,3651
55,211,34,OUT,283,2023-04-23,25206
56,202,11,OUT,364,2024-07-08,29900
57,178,7,IN,258,2024-07-11,
58,76,12,OUT,157,2024-04-17,21050
59,207,23,IN,397,2024-02-18,
60,123,12,OUT,443,2024-07-16,17535
61,354,33,IN,100,2024-01-25,
62,249,35,OUT,315,2023-06-10,25435
63,278,29,IN,240,2024-07-23,
64,84,6,IN,172,2024-08-17,
65,36,28,IN,315,2024-09-18,
66,318,3,OUT,387,2023-10-30,9568
67,23,9,OUT,351,2024-05-21,11483
68,310,28,OUT,348,2023-07-17,26866
69,173,24,OUT,51,2024-06-23,17939
70,79,14,OUT,63,2024-07-29,9938
71,107,14,IN,473,2024-12-01,
72,131,26,OUT,247,2023-09-18,10074
73,158,5,IN,54,2024-06-16,
74,76,28,IN,271,2024-10-18,
75,273,6,IN,498,2023-12-28,
76,267,15,IN,199,2024-04-09,
77,193,23,OUT,110,2024-02-29,6746
78,244,7,IN,0,2023-03-05,
79,209,28,IN,366,2024-04-16,
80,98,34,OUT,7,2024-07-17,3569
81,294,5,OUT,193,2023-04-05,1181
82,35,23,OUT,387,2024-05-05,21676
83,189,32,IN,4,2024-10-29,
84,262,16,IN,165,2023-08-05,
85,281,3,IN,369,2023-08-08,
86,14,29,OUT,264,2024-09-19,29252
87,196,20,IN,319,2024-06-18,
88,114,20,OUT,179,2023-07-19,29351
89,48,26,IN,461,2023-02-09,
90,138,18,IN,465,2024-05-20,
91,62,5,OUT,177,2023-07-05,993
92,111,18,IN,72,2023-04-08,
93,234,18,OUT,125,2024-03-10,9983
94,360,11,OUT,488,2023-04-28,11503
95,221,24,OUT,381,2024-11-15,6673
96,356,6,IN,439,2024-11-03,
97,239,33,OUT,299,2024-06-07,2735
98,316,2,IN,87,2023-04-13,
99,204,12,OUT,493,2024-01-01,20069
100,203,13,OUT,134,2023-01-28,20038
101,169,21,OUT,438,2023-08-22,7893
102,49,13,OUT,114,2024-05-10,21806
103,179,19,IN,343,2023-10-17,
104,22,28,IN,237,2024-11-07,
105,348,27,OUT,91,2024-08-22,18748
106,53,14,OUT,132,2024-11-12,17966
107,197,16,OUT,0,2024-05-25,9780
108,345,8,OUT,429,2023-11-28,16044
109,85,5,OUT,70,2023-05-20,13391
110,151,3,OUT,450,2024-07-08,7631
111,242,2,OUT,386,2023-09-23,9669
112,145,30,IN,367,2024-12-18,
113,97,11,OUT,115,2023-02-13,195
114,94,35,IN,149,2024-04-19,
115,149,32,OUT,96,2023-07-04,15806
116,61,33,OUT,213,2024-12-01,21410
117,91,35,OUT,363,2023-09-01,29570
118,340,8,OUT,99,2024-03-30,3536
119,288,10,IN,427,2024-09-04,
120,245,4,OUT,64,2023-06-03,14517
121,88,7,IN,20,2024-08-23,
122,184,22,IN,193,2024-06-24,
123,278,19,OUT,177,2024-05-07,25309
124,264,30,OUT,374,2024-09-09,20441
125,190,4,OUT,177,2024-09-26,23828
126,27,26,OUT,209,2024-04-07,12842
127,305,2,IN,392,2024-02-21,
128,290,30,IN,46,2023-11-20,
129,217,4,IN,210,2023-06-12,
130,307,29,OUT,127,2023-11-18,1289
131,14,5,IN,321,2024-12-10,
132,158,24,IN,173,2023-12-19,
133,194,28,IN,247,2023-02-20,
134,8888,888,OUT,0,2023-07-12,888888
135,138,22,OUT,341,2024-03-06,19835
136,298,28,OUT,183,2023-05-31,22342
137,341,10,OUT,458,2023-03-24,2140
138,316,1,IN,477,2023-05-10,
139,293,17,OUT,363,2023-07-13,14842
140,44,16,IN,182,2024-01-10,
141,232,14,OUT,303,2023-04-15,13073
142,202,7,OUT,89,2024-06-25,24148
143,357,26,OUT,157,2023-11-08,26202
144,62,28,OUT,467,2024-08-12,7022
145,283,7,OUT,417,2024-08-13,2903
146,23,21,IN,102,2023-05-25,
147,73,13,IN,470,2023-12-22,
148,205,31,OUT,271,2024-06-04,569
149,245,27,OUT,370,2023-04-09,25308
150,138,21,OUT,108,2023-05-25,16951
151,260,20,OUT,192,2023-04-22,13486
152,139,34,OUT,149,2024-01-25,139
153,142,3,IN,480,2023-01-09,
154,226,18,IN,102,2023-06-30,
155,59,27,OUT,416,2023-04-21,19288
156,221,18,OUT,119,2024-08-05,20552
157,64,18,OUT,286,2023-03-24,23833
158,356,29,OUT,284,2023-10-11,24129
159,8888,888,IN,0,2024-02-05,
160,281,13,IN,363,2024-05-01,
161,257,12,IN,462,2024-01-12,
162,94,16,IN,288,2024-02-05,
163,190,18,OUT,15,2024-01-08,25889
164,300,29,IN,429,2023-02-06,
165,8888,888,OUT,0,2023-03-16,888888
166,173,33,OUT,180,2024-06-04,24963
167,122,9,IN,232,2024-04-15,
168,45,15,IN,140,2023-07-04,
169,226,29,OUT,456,2023-10-14,11895
170,132,24,OUT,424,2024-05-03,14146
171,12,11,OUT,242,2023-12-23,19075
172,69,12,IN,333,2023-12-07,
173,200,29,IN,176,2024-06-11,
174,76,15,IN,152,2023-07-07,
175,16,26,IN,496,2023-03-14,
176,99,22,IN,9,2024-02-24,
177,277,30,OUT,289,2024-09-14,16997
178,344,19,IN,102,2024-06-15,
179,272,4,IN,251,2024-11-05,
180,225,3,OUT,0,2023-11-08,77
181,273,10,OUT,278,2024-06-08,8678
182,90,27,OUT,189,2024-04-03,12735
183,8888,888,IN,0,2023-10-13,
184,102,27,OUT,346,2024-03-30,29641
185,239,19,IN,399,2024-09-26,
186,8888,888,IN,0,2023-08-11,
187,59,32,OUT,102,2024-05-11,9994
188,29,10,OUT,184,2023-05-26,13946
189,156,7,IN,61,2024-08-12,
190,198,28,OUT,479,2024-06-25,21087
191,228,5,IN,138,2023-11-12,
192,69,11,OUT,204,2024-09-09,8369
193,295,30,IN,285,2023-11-02,
194,13,20,OUT,316,2024-01-27,10706
195,289,29,IN,281,2023-10-13,
196,214,2,IN,20,2024-08-10,
197,285,24,OUT,361,2023-04-29,2459
198,184,1,IN,388,2024-05-21,
199,111,5,OUT,133,2024-07-17,12452
200,325,5,OUT,146,2024-11-04,12700
201,312,32,IN,263,2024-10-12,
202,79,4,IN,10,2024-12-26,
203,197,19,OUT,177,2023-01-04,28365
204,168,8,IN,438,2024-10-08,
205,178,27,OUT,443,2023-02-05,10748
206,351,25,OUT,39,2023-09-14,3083
207,19,15,OUT,437,2024-12-15,4133
208,240,29,OUT,401,2023-02-12,20725
209,57,20,IN,354,2023-07-10,
210,288,2,IN,425,2024-08-22,
211,242,27,OUT,303,2023-11-13,5403
212,123,28,OUT,213,2023-01-02,12067
213,104,33,OUT,16,2023-09-16,16726
214,359,29,OUT,93,2023-10-31,18128
215,119,26,IN,230,2024-02-06,
216,33,27,OUT,51,2024-10-20,8553
217,148,12,OUT,330,2024-12-27,21976
218,283,31,IN,440,2023-12-05,
219,215,23,OUT,127,2024-12-23,19395
220,3,32,OUT,360,2023-06-03,12986
221,79,28,IN,82,2023-10-09,
222,37,14,OUT,283,2023-07-29,27701
223,320,20,IN,351,2024-02-19,
224,334,31,OUT,28,2023-07-18,20955
225,119,33,IN,442,2024-11-14,
226,130,9,OUT,421,2023-06-07,12711
227,34,10,OUT,237,2024-08-06,17115
228,298,16,IN,285,2023-11-09,
229,159,10,IN,415,2024-08-09,
230,57,32,OUT,447,2023-10-26,6594
231,337,35,OUT,0,2024-04-24,2042
232,16,21,IN,279,2023-01-12,
233,319,7,OUT,129,2023-06-25,1481
234,94,11,OUT,363,2024-01-30,3256
235,166,4,IN,197,2024-01-14,
236,178,35,OUT,472,2023-04-19,13538
237,306,23,OUT,331,2024-10-12,13041
238,331,11,IN,431,2023-08-08,
239,323,31,IN,246,2024-06-26,
240,60,4,IN,147,2024-07-31,
241,305,11,OUT,5,2024-04-17,16310
242,230,6,OUT,173,2023-10-08,21113
243,312,24,OUT,297,2023-07-28,28315
244,37,16,IN,388,2023-05-26,
245,222,25,IN,288,2024-08-17,
246,332,4,OUT,499,2023-01-09,27463
247,70,22,OUT,330,2023-01-29,12317
248,100,28,IN,71,2023-11-05,
249,239,9,OUT,340,2023-07-18,19777
250,335,13,OUT,217,2024-05-08,22032
251,173,11,IN,280,2024-02-05,
252,238,8,IN,44,2024-02-24,
253,260,1,OUT,325,2024-04-04,10976
254,73,25,OUT,169,2024-11-25,4625
255,22,23,OUT,327,2023-06-04,2426
256,247,29,IN,169,2024-11-02,
257,154,20,IN,90,2023-10-18,
258,227,21,IN,187,2023-04-03,
259,102,1,IN,375,2024-03-13,
260,293,17,IN,109,2023-04-14,
261,38,7,IN,34,2023-01-01,
262,98,35,OUT,414,2023-08-05,4227
263,298,12,IN,343,2024-09-29,
264,212,10,OUT,167,2023-04-03,7883
265,238,4,IN,150,2024-07-13,
266,321,24,IN,314,2023-04-23,
267,138,13,IN,412,2024-04-25,
268,39,14,IN,449,2023-05-20,
269,1,25,OUT,402,2023-12-26,3485
270,348,1,IN,419,2023-07-22,
271,307,14,IN,198,2024-04-10,
272,279,1,IN,13,2024-12-16,
273,56,28,IN,258,2024-03-18,
274,62,35,IN,177,2024-04-11,
275,181,2,OUT,166,2024-03-26,7229
276,323,33,OUT,472,2024-03-11,257
277,141,11,IN,393,2023-03-27,
278,203,13,OUT,321,2023-12-12,17456
279,171,20,OUT,193,2023-11-16,17372
280,290,15,IN,377,2023-10-09,
281,219,26,IN,184,2024-09-25,
282,216,28,IN,77,2024-12-31,
283,53,12,OUT,160,2023-10-07,5402
284,132,13,IN,371,2023-06-16,
285,189,34,IN,485,2023-09-03,
286,302,14,IN,206,2023-03-31,
287,219,20,IN,219,2023-12-19,
288,176,1,IN,226,2024-07-28,
289,13,33,OUT,394,2023-11-10,11356
290,8888,888,OUT,0,2023-11-03,888888
291,255,16,OUT,307,2023-04-03,10949
292,111,17,IN,219,2023-09-19,
293,302,15,OUT,343,2024-03-01,22757
294,325,7,OUT,472,2023-04-03,6229
295,211,10,OUT,190,2024-12-30,8166
296,295,22,OUT,292,2024-03-21,22754
297,41,12,OUT,228,2024-05-21,20574
298,83,6,IN,128,2024-06-27,
299,97,18,IN,499,2023-11-05,
300,21,28,IN,274,2024-01-10,
301,170,5,IN,430,2024-01-20,
302,192,27,OUT,81,2023-03-22,28244
303,112,18,OUT,1,2024-09-06,5556
304,82,13,IN,484,2024-12-30,
305,121,1,OUT,55,2024-02-04,11809
306,199,2,IN,73,2024-10-31,
307,124,16,OUT,484,2023-02-27,10187
308,287,22,OUT,122,2023-05-07,9280
309,4,32,OUT,63,2023-12-08,26523
310,106,19,IN,98,2023-04-30,
311,276,18,OUT,469,2023-06-03,19093
312,5,6,IN,99,2024-07-07,
313,28,17,IN,363,2024-02-22,
314,226,7,IN,184,2024-09-06,
315,221,1,OUT,18,2024-04-20,3175
316,62,23,OUT,405,2024-04-17,8772
317,340,34,OUT,203,2023-06-28,20807
318,223,15,OUT,122,2024-10-08,22699
319,162,6,IN,284,2024-02-24,
320,99,28,OUT,86,2023-11-08,10085
321,321,14,OUT,74,2023-05-05,5240
322,104,4,OUT,316,2024-08-23,22582
323,329,15,OUT,312,2024-01-04,3507
324,356,31,OUT,456,2023-05-11,25865
325,77,2,IN,456,2024-05-16,
326,8888,888,IN,0,2023-06-09,
327,326,11,OUT,201,2023-12-20,25553
328,262,19,OUT,58,2023-10-14,22009
329,9,21,IN,0,2024-12-16,
330,50,25,IN,443,2024-01-19,
331,29,3,OUT,428,2024-03-20,1689
332,70,8,OUT,497,2023-09-14,13891
333,217,16,OUT,494,2023-03-17,26072
334,54,19,OUT,433,2023-08-19,17666
335,196,31,IN,64,2024-08-10,
336,111,20,OUT,494,2024-04-14,28902
337,215,2,OUT,66,2023-11-12,4222
338,186,17,IN,394,2023-01-21,
339,262,10,OUT,115,2024-04-15,875
340,233,35,IN,358,2023-09-10,
341,228,18,OUT,112,2023-01-31,6772
342,196,6,IN,284,2024-10-08,
343,35,4,OUT,100,2023-09-23,12314
344,275,11,IN,436,2024-03-17,
345,200,32,IN,372,2023-04-17,
346,271,17,IN,360,2023-12-31,
347,54,17,OUT,204,2023-10-22,20352
348,23,18,IN,414,2023-08-13,
349,111,28,IN,0,2023-02-08,
350,308,16,IN,201,2023-02-10,
351,228,6,IN,436,2023-08-19,
352,52,20,OUT,2,2024-06-08,10229
353,240,22,IN,279,2023-05-09,
354,219,12,OUT,118,2023-08-07,199
355,356,20,OUT,0,2023-10-15,21172
356,274,24,IN,264,2024-01-18,
357,67,20,IN,50,2023-06-07,
358,218,18,OUT,108,2024-06-29,7322
359,169,17,OUT,317,2024-05-03,22076
360,260,32,IN,176,2024-06-28,
361,169,27,IN,471,2023-04-20,
362,291,12,IN,166,2023-12-29,
363,243,14,OUT,297,2024-08-27,15643
364,334,4,IN,367,2023-09-02,
365,39,5,OUT,241,2024-03-22,22670
366,354,12,IN,319,2023-09-30,
367,18,1,IN,387,2024-03-14,
368,136,28,IN,30,2024-09-14,
369,331,22,OUT,73,2024-12-23,26320
370,220,11,IN,154,2023-02-24,
371,246,33,IN,72,2023-09-19,
372,149,5,OUT,17,2023-10-28,15176
373,235,16,OUT,105,2023-02-02,14973
374,29,6,OUT,432,2024-04-25,3342
375,204,5,IN,264,2024-10-08,
376,137,14,IN,187,2023-01-06,
377,73,32,IN,30,2024-12-01,
378,348,15,OUT,85,2023-02-26,4135
379,25,6,OUT,390,2023-09-27,18997
380,102,33,IN,182,2023-10-14,
381,201,31,IN,160,2023-05-24,
382,74,7,OUT,69,2024-09-24,2753
383,48,6,OUT,451,2023-05-23,20394
384,30,24,OUT,220,2023-08-03,15137
385,230,27,IN,282,2024-06-02,
386,87,11,OUT,200,2024-12-07,12693
387,197,25,OUT,392,2024-04-24,13159
388,359,27,IN,170,2023-05-06,
389,192,32,IN,406,2023-06-26,
390,208,25,OUT,466,2023-08-22,12382
391,207,29,IN,155,2024-07-03,
392,330,32,OUT,281,2023-04-10,19746
393,158,29,OUT,93,2024-05-04,16948
394,350,35,IN,0,2024-01-25,
395,223,27,OUT,416,2024-10-20,4866
396,129,10,OUT,51,2024-03-22,3796
397,322,20,OUT,334,2023-05-12,5903
398,154,1,OUT,268,2023-06-10,16996
399,135,10,OUT,178,2024-08-05,3984
400,23,25,OUT,390,2024-11-04,5499
401,334,20,OUT,180,2024-06-19,14406
402,119,35,IN,437,2024-03-08,
403,222,20,OUT,170,2023-01-20,26507
404,79,26,OUT,269,2023-11-10,15324
405,64,21,OUT,304,2024-01-28,5232
406,96,10,OUT,82,2023-05-04,20720
407,162,5,OUT,6,2023-11-28,17693
408,344,2,IN,254,2024-03-05,
409,140,21,OUT,395,2023-03-01,16965
410,154,35,IN,77,2024-06-19,
411,208,29,OUT,165,2024-06-23,13252
412,219,18,OUT,242,2024-10-22,2171
413,257,31,OUT,445,2024-01-29,21346
414,138,2,OUT,450,2024-08-31,6581
415,106,24,IN,245,2024-03-30,
416,294,1,IN,382,2023-06-02,
417,178,27,OUT,412,2023-11-01,17474
418,79,1,IN,124,2024-08-08,
419,27,17,IN,175,2023-06-18,
420,155,15,OUT,80,2023-09-05,12530
421,16,17,OUT,33,2024-03-06,19244
422,181,12,IN,378,2023-07-06,
423,324,20,OUT,478,2024-12-01,5886
424,137,3,IN,425,2023-11-27,
425,206,18,IN,416,2024-10-05,
426,285,10,OUT,58,2024-06-25,8210
427,167,24,OUT,377,2024-03-24,18166
428,177,28,OUT,135,2024-08-02,10070
429,7,3,OUT,298,2023-05-23,517
430,232,33,OUT,28,2023-09-25,14741
431,301,30,OUT,9,2023-05-04,2226
432,86,5,IN,363,2024-06-20,
433,288,19,OUT,25,2023-12-10,2628
434,198,19,OUT,352,2023-07-10,15901
435,185,18,OUT,343,2024-10-27,6213
436,323,12,OUT,0,2024-08-19,14713
437,141,21,OUT,219,2023-07-26,7655
438,340,17,IN,59,2023-08-04,
439,47,10,IN,304,2024-12-22,
440,308,22,IN,494,2024-10-21,
441,186,31,IN,113,2024-02-25,
442,200,16,OUT,73,2024-06-16,26763
443,238,4,OUT,275,2023-01-19,14016
444,14,4,OUT,0,2024-03-14,21245
445,337,8,OUT,426,2023-04-17,7745
446,274,21,IN,14,2024-07-22,
447,284,20,IN,154,2023-02-17,
448,157,1,IN,283,2024-10-25,
449,354,26,OUT,103,2024-05-09,9765
450,290,25,OUT,245,2023-02-05,25368
451,355,1,IN,281,2024-11-25,
452,340,23,OUT,460,2024-04-08,9641
453,233,8,IN,124,2024-11-12,
454,110,19,IN,141,2024-05-12,
455,96,16,OUT,395,2023-07-28,490
456,200,16,OUT,373,2024-07-06,2465
457,49,22,IN,494,2024-04-08,
458,112,17,IN,428,2024-10-14,
459,287,4,OUT,360,2024-05-02,12268
460,123,26,IN,285,2023-03-16,
461,188,21,IN,420,2024-04-06,
462,115,34,OUT,193,2024-06-11,16290
463,197,20,IN,75,2023-01-04,
464,310,30,IN,178,2023-06-15,
465,58,14,OUT,171,2024-06-27,2619
466,289,28,IN,129,2024-08-16,
467,103,1,OUT,413,2024-03-29,18962
468,293,12,IN,424,2024-02-29,
469,314,14,IN,250,2023-09-28,
470,320,31,OUT,264,2023-05-18,13328
471,44,15,IN,446,2024-05-18,
472,231,19,OUT,61,2024-08-12,3586
473,288,27,IN,23,2024-04-07,
474,178,17,OUT,215,2024-07-07,21516
475,195,12,OUT,437,2023-03-09,6801
476,28,17,OUT,132,2024-03-17,13248
477,191,24,IN,245,2023-08-20,
478,254,4,IN,131,2023-08-27,
479,280,5,IN,56,2023-04-20,
480,272,23,OUT,273,2023-07-11,17821
481,107,4,OUT,489,2023-08-24,2353
482,272,13,IN,477,2024-11-12,
483,90,17,OUT,286,2023-01-19,12982
484,194,13,OUT,114,2023-10-21,12166
485,322,22,IN,62,2023-12-05,
486,53,26,IN,497,2024-07-26,
487,217,21,OUT,62,2024-11-28,19414
488,91,28,IN,408,2024-02-09,
489,122,16,OUT,326,2024-10-05,27452
490,332,5,IN,25,2023-08-17,
491,40,25,IN,168,2023-03-22,
492,8888,888,IN,0,2023-12-01,
493,355,3,OUT,147,2024-12-16,2229
494,8888,888,OUT,0,2023-03-25,888888
495,173,1,IN,64,2024-01-07,
496,175,26,OUT,165,2023-02-21,24909
497,326,22,OUT,399,2024-12-27,15297
498,111,15,OUT,9,2023-02-14,13694
499,217,14,IN,10,2023-07-23,
500,261,2,IN,225,2024-12-13,
501,298,11,OUT,303,2024-12-14,244
502,267,19,OUT,434,2023-07-13,9580
503,312,2,OUT,253,2023-08-22,11823
504,70,14,OUT,30,2024-08-13,14902
505,276,16,IN,282,2023-05-08,
506,71,14,IN,225,2024-07-27,
507,186,15,IN,34,2024-01-01,
508,317,20,OUT,466,2023-08-23,90
509,72,25,IN,494,2023-07-27,
510,271,10,OUT,131,2023-12-03,12844
511,18,18,IN,346,2024-01-13,
512,74,3,IN,260,2023-12-30,
513,138,6,OUT,344,2024-05-24,8044
514,342,29,IN,343,2024-06-30,
515,18,31,OUT,176,2023-09-02,23759
516,120,6,IN,474,2024-06-15,
517,224,8,IN,257,2024-02-20,
518,180,8,IN,329,2024-06-28,
519,254,26,IN,82,2024-10-21,
520,327,1,OUT,141,2024-07-09,25345
521,59,28,OUT,167,2024-09-24,8771
522,163,20,IN,475,2024-01-16,
523,349,30,IN,281,2023-06-21,
524,267,24,OUT,413,2024-09-03,3554
525,150,32,OUT,72,2024-05-30,29976
526,205,9,IN,285,2023-10-11,
527,152,6,OUT,430,2024-07-05,12705
528,273,31,OUT,340,2024-05-01,26452
529,317,19,IN,227,2023-12-29,
530,81,12,IN,265,2023-09-19,
531,328,26,IN,13,2023-12-01,
532,18,21,IN,181,2024-05-15,
533,354,8,OUT,495,2024-10-10,6469
534,118,11,OUT,120,2023-04-06,21119
535,47,24,OUT,233,2023-10-03,25731
536,300,19,OUT,226,2023-02-24,23869
537,154,34,IN,408,2024-03-16,
538,312,9,IN,475,2024-11-10,
539,163,12,IN,397,2024-12-19,
540,195,7,IN,106,2023-10-14,
541,177,24,IN,58,2023-09-30,
542,98,5,OUT,70,2024-12-17,12683
543,272,32,IN,500,2023-08-28,
544,358,19,IN,180,2024-02-04,
545,338,21,IN,202,2024-03-10,
546,133,5,IN,28,2023-06-25,
547,190,20,IN,37,2023-02-26,
548,48,30,IN,59,2024-05-09,
549,319,21,IN,358,2024-12-22,
550,298,5,IN,95,2024-05-12,
551,31,18,IN,434,2024-12-12,
552,74,17,IN,424,2024-01-08,
553,242,26,OUT,450,2023-03-01,23407
554,125,21,OUT,230,2023-08-13,16883
555,251,21,OUT,46,2023-06-06,2165
556,254,30,IN,197,2023-12-26,
557,204,10,OUT,403,2024-02-28,13106
558,270,25,IN,103,2023-03-08,
559,309,12,OUT,435,2023-04-15,18474
560,199,29,OUT,387,2024-11-09,27308
561,110,7,IN,26,2023-12-25,
562,14,17,IN,177,2024-06-14,
563,141,22,IN,490,2024-12-23,
564,276,31,IN,296,2024-02-23,
565,354,28,IN,99,2024-03-27,
566,268,12,IN,80,2024-03-31,
567,9,14,OUT,95,2024-11-30,8182
568,13,20,OUT,233,2024-08-13,17803
569,155,2,OUT,362,2023-05-19,23288
570,271,6,OUT,454,2024-02-08,8127
571,130,9,IN,331,2024-01-03,
572,3,28,OUT,50,2024-05-03,19419
573,321,21,OUT,246,2024-06-20,21487
574,202,3,OUT,467,2023-03-19,3816
575,234,28,OUT,362,2024-04-11,15089
576,332,25,IN,449,2024-03-19,
577,16,32,IN,235,2023-11-10,
578,91,1,IN,51,2023-01-22,
579,356,24,OUT,447,2024-11-30,10764
580,108,16,OUT,448,2024-01-24,9469
581,37,24,OUT,194,2023-12-22,15076
582,241,6,IN,308,2023-09-25,
583,338,6,IN,362,2024-08-22,
584,307,25,IN,38,2023-03-03,
585,59,5,OUT,391,2024-02-23,17744
586,201,28,IN,426,2023-03-03,
587,316,25,OUT,472,2023-05-25,14126
588,360,22,IN,75,2024-11-14,
589,245,14,IN,345,2024-06-10,
590,13,32,OUT,3,2023-01-05,29423
591,172,10,OUT,75,2023-01-05,9876
592,351,7,IN,481,2024-05-11,
593,8888,888,OUT,0,2024-02-03,888888
594,194,24,OUT,115,2024-05-02,7008
595,149,19,IN,383,2024-01-11,
596,73,18,OUT,494,2023-11-09,20853
597,300,32,OUT,323,2023-10-31,18168
598,260,27,IN,12,2023-03-15,
599,291,24,IN,310,2023-07-24,
600,186,26,IN,387,2024-03-28,
601,4,28,IN,454,2024-02-25,
602,154,30,OUT,400,2023-09-13,21678
603,136,23,IN,374,2023-08-06,
604,88,5,OUT,181,2024-11-18,1975
605,37,17,OUT,261,2023-12-21,16890
606,69,4,IN,1,2023-04-20,
607,213,26,OUT,318,2023-08-15,17942
608,152,18,OUT,478,2023-04-08,25279
609,86,15,OUT,38,2023-03-13,3351
610,42,26,IN,473,2024-07-15,
611,278,6,OUT,11,2024-04-03,19932
612,14,10,OUT,264,2023-01-25,22783
613,62,24,IN,86,2024-05-05,
614,8888,888,OUT,0,2023-09-13,888888
615,249,12,IN,398,2024-08-08,
616,146,7,IN,415,2024-07-02,
617,348,21,OUT,409,2024-09-13,7263
618,176,6,IN,42,2023-09-09,
619,135,32,OUT,158,2023-10-15,1447
620,238,3,OUT,457,2024-02-02,8939
621,69,21,OUT,315,2023-03-06,11841
622,242,21,IN,33,2024-05-05,
623,282,8,IN,95,2024-12-21,
624,196,25,OUT,449,2023-08-07,21006
625,8888,888,OUT,0,2024-05-28,888888
626,72,7,OUT,374,2023-04-08,4826
627,148,8,OUT,128,2023-02-05,26379
628,126,3,OUT,473,2023-08-02,21066
629,210,3,IN,316,2023-08-28,
630,307,11,OUT,156,2024-03-27,20410
631,40,32,OUT,127,2024-11-08,11935
632,64,29,OUT,308,2023-06-12,17520
633,188,32,IN,175,2024-01-22,
634,168,34,IN,223,2024-03-05,
635,348,15,OUT,447,2023-12-10,12341
636,197,1,OUT,0,2024-01-27,12549
637,38,1,OUT,152,2024-01-20,6539
638,44,17,OUT,354,2023-06-17,677
639,269,29,IN,448,2024-02-21,
640,190,6,IN,52,2024-10-15,
641,61,8,IN,87,2023-01-01,
642,27,20,OUT,46,2024-02-04,2050
643,242,31,IN,320,2024-12-24,
644,234,13,OUT,167,2024-02-20,16975
645,218,6,OUT,374,2023-07-28,26168
646,149,12,IN,169,2023-05-05,
647,254,3,IN,290,2024-08-20,
648,85,2,IN,21,2023-09-16,
649,214,4,OUT,453,2023-12-10,17726
650,221,33,IN,415,2023-12-27,
651,76,31,IN,67,2023-06-14,
652,46,30,IN,248,2024-07-18,
653,158,33,OUT,410,2023-07-25,28121
654,187,16,OUT,216,2024-02-03,24883
655,205,10,OUT,405,2023-03-20,22500
656,177,34,OUT,395,2024-12-18,24112
657,292,32,OUT,233,2024-09-24,3373
658,309,29,OUT,57,2024-10-28,528
659,120,2,IN,306,2023-04-11,
660,128,13,OUT,55,2023-05-01,301
661,229,15,OUT,293,2023-01-17,15921
662,14,2,OUT,404,2023-01-15,26596
663,67,24,OUT,422,2023-06-02,23655
664,116,11,OUT,418,2023-08-12,1027
665,27,26,OUT,398,2023-07-24,1704
666,61,6,OUT,301,2024-08-21,9022
667,14,14,OUT,4,2024-02-28,1979
668,140,19,IN,403,2024-02-16,
669,359,11,OUT,130,2024-03-28,2481
670,224,31,IN,239,2023-10-18,
671,197,32,IN,19,2024-04-29,
672,232,13,IN,183,2024-12-08,
673,209,16,OUT,318,2023-08-26,4898
674,263,12,OUT,257,2023-06-07,27343
675,65,5,OUT,373,2024-03-30,2578
676,324,17,OUT,304,2023-08-10,23191
677,105,9,IN,323,2024-02-24,
678,303,13,OUT,66,2024-06-03,815
679,110,21,IN,10,2024-09-05,
680,135,29,IN,112,2023-01-10,
681,247,10,OUT,248,2023-12-09,13709
682,332,31,OUT,429,2024-11-24,22122
683,90,21,OUT,70,2024-02-09,16796
684,340,4,IN,223,2023-07-01,
685,333,17,OUT,483,2024-03-12,17337
686,212,33,OUT,243,2024-06-10,8297
687,298,19,IN,305,2023-01-30,
688,282,8,OUT,401,2024-07-06,9944
689,61,4,OUT,292,2024-03-17,8797
690,275,11,OUT,43,2024-09-29,1866
691,300,32,OUT,428,2023-02-11,4495
692,182,21,IN,236,2023-02-02,
693,164,30,IN,355,2024-07-04,
694,82,22,IN,421,2024-11-10,
695,134,2,OUT,352,2023-09-25,8904
696,283,34,OUT,194,2023-02-06,23367
697,334,23,IN,57,2024-11-21,
698,282,32,IN,404,2023-11-21,
699,201,17,OUT,496,2023-04-13,27111
700,258,34,IN,76,2024-02-26,
701,46,20,OUT,303,2024-04-03,25176
702,148,3,OUT,73,2023-11-21,24022
703,13,17,OUT,471,2024-10-08,8451
704,157,14,IN,16,2024-04-30,
705,345,27,IN,261,2024-09-19,
706,299,24,IN,336,2023-04-16,
707,307,25,OUT,169,2024-11-05,12162
708,2,3,OUT,83,2024-02-20,14000
709,109,30,OUT,364,2024-03-16,16205
710,147,31,OUT,319,2023-04-25,63
711,211,28,OUT,456,2024-02-05,11159
712,71,24,IN,0,2024-03-26,
713,285,16,OUT,18,2024-10-18,2178
714,179,2,OUT,100,2023-07-12,14827
715,317,9,OUT,222,2024-10-07,13881
716,255,25,IN,56,2023-01-02,
717,140,34,OUT,262,2024-06-12,28956
718,72,27,OUT,348,2023-02-20,87
719,227,19,IN,192,2023-09-20,
720,197,7,OUT,183,2024-04-11,16058
721,154,32,OUT,73,2023-05-25,25879
722,118,22,IN,84,2024-04-04,
723,47,19,OUT,92,2023-05-29,16676
724,173,5,IN,96,2023-08-03,
725,79,1,IN,397,2024-10-21,
726,293,19,IN,349,2023-07-20,
727,218,3,OUT,462,2024-10-04,7127
728,276,4,OUT,35,2024-03-27,4901
729,254,7,IN,57,2023-10-25,
730,350,13,IN,267,2023-03-05,
731,113,3,OUT,144,2024-09-03,25786
732,105,28,IN,379,2024-01-30,
733,6,9,OUT,417,2024-05-08,12641
734,115,26,OUT,285,2023-03-26,23469
735,174,28,OUT,272,2024-11-24,13590
736,7,28,IN,246,2023-05-05,
737,28,24,IN,92,2023-12-29,
738,110,31,OUT,366,2024-06-30,19773
739,217,11,OUT,233,2024-07-29,25458
740,89,25,IN,324,2024-11-23,
741,83,31,OUT,31,2023-11-19,11821
742,75,15,IN,284,2023-11-27,
743,292,12,IN,35,2024-11-30,
744,169,17,IN,209,2024-04-06,
745,24,23,OUT,93,2024-12-24,15375
746,105,4,OUT,435,2023-03-03,3424
747,133,10,IN,365,2024-12-07,
748,171,20,IN,119,2024-01-08,
749,161,2,IN,196,2023-09-23,
750,122,14,OUT,250,2023-07-10,19449
751,261,27,IN,466,2023-10-05,
752,357,28,IN,366,2024-04-14,
753,267,14,OUT,35,2024-09-08,29451
754,188,30,OUT,496,2023-03-26,19184
755,79,13,IN,414,2024-11-17,
756,67,16,OUT,261,2023-06-14,11414
757,33,5,IN,196,2023-08-28,
758,278,2,OUT,77,2024-09-14,19569
759,103,2,OUT,36,2024-04-26,8420
760,210,29,IN,481,2023-04-12,
761,8888,888,IN,0,2023-06-11,
762,211,22,OUT,269,2024-01-03,7110
763,267,7,IN,224,2024-03-07,
764,158,31,OUT,77,2023-09-24,10652
765,267,1,IN,216,2023-07-11,
766,8,16,OUT,46,2023-12-11,8429
767,352,25,OUT,432,2023-09-25,360
768,179,22,IN,30,2024-05-04,
769,312,11,IN,345,2023-09-13,
770,44,35,OUT,376,2024-12-15,19942
771,289,32,OUT,463,2024-08-06,8140
772,68,16,IN,287,2023-04-27,
773,124,26,IN,250,2023-05-06,
774,318,5,IN,167,2024-05-29,
775,94,31,IN,95,2023-04-21,
776,318,32,OUT,405,2023-06-26,14329
777,8888,888,IN,0,2023-11-26,
778,88,22,IN,141,2024-08-02,
779,352,3,IN,276,2024-07-28,
780,318,19,OUT,258,2024-09-13,10076
781,104,21,IN,200,2024-07-18,
782,62,21,IN,451,2023-07-08,
783,170,26,IN,294,2024-11-09,
784,65,15,OUT,46,2023-06-01,4345
785,346,34,IN,372,2024-02-26,
786,192,10,IN,349,2023-10-14,
787,5,2,OUT,130,2023-03-11,12241
788,5,24,IN,178,2024-06-06,
789,221,8,IN,107,2023-12-06,
790,218,20,IN,105,2024-03-18,
791,153,19,OUT,39,2024-09-27,3927
792,248,24,IN,390,2023-03-11,
793,250,27,OUT,347,2023-03-15,12190
794,343,24,IN,457,2023-12-15,
795,8888,888,OUT,0,2023-06-12,888888
796,265,13,IN,178,2023-06-30,
797,190,5,OUT,282,2023-02-19,12721
798,256,29,IN,335,2023-02-23,
799,63,2,OUT,159,2024-09-12,21438
800,56,30,IN,375,2024-04-20,
801,65,5,OUT,139,2024-08-17,21282
802,314,15,IN,338,2023-11-26,
803,257,21,IN,143,2023-07-31,
804,336,7,IN,199,2024-03-04,
805,188,20,OUT,299,2024-11-14,16074
806,8,29,IN,418,2023-01-28,
807,340,13,OUT,91,2024-07-29,22234
808,123,7,OUT,245,2024-08-17,4789
809,163,30,IN,495,2023-08-10,
810,178,1,OUT,360,2023-06-02,10309
811,291,8,OUT,75,2023-05-02,10965
812,338,35,IN,397,2023-08-08,
813,322,26,OUT,45,2024-03-21,18152
814,292,7,IN,466,2024-11-05,
815,150,2,OUT,360,2023-07-12,17043
816,246,30,OUT,118,2023-12-20,527
817,84,9,OUT,111,2024-01-07,20447
818,7,11,IN,0,2023-07-18,
819,348,32,IN,406,2023-12-03,
820,75,20,OUT,339,2023-10-08,16485
821,33,13,IN,469,2023-06-21,
822,7,4,IN,201,2023-02-16,
823,239,28,OUT,156,2023-05-13,15264
824,335,31,IN,387,2023-01-09,
825,249,23,IN,1,2023-03-19,
826,264,33,IN,387,2024-02-15,
827,266,10,OUT,428,2024-06-02,18660
828,36,6,OUT,368,2023-12-17,22344
829,253,7,IN,71,2024-04-08,
830,228,22,IN,39,2023-05-17,
831,33,23,IN,174,2023-06-16,
832,253,14,OUT,455,2024-05-31,25601
833,80,5,IN,4,2023-11-04,
834,126,1,OUT,17,2024-02-21,15725
835,281,18,OUT,212,2024-07-28,9030
836,68,1,OUT,243,2023-06-11,12224
837,50,27,IN,38,2024-10-04,
838,154,17,IN,499,2023-12-09,
839,75,19,OUT,397,2023-11-10,3007
840,100,29,OUT,236,2024-05-29,16225
841,195,9,OUT,68,2023-06-25,27486
842,359,26,IN,87,2023-10-21,
843,25,29,OUT,382,2023-09-12,14845
844,71,34,OUT,194,2023-10-03,24855
845,42,22,IN,189,2023-09-09,
846,200,17,OUT,69,2023-10-18,13444
847,357,32,OUT,449,2024-02-20,7176
848,205,21,OUT,132,2024-01-17,28059
849,82,25,OUT,429,2023-02-06,2833
850,264,15,OUT,238,2023-02-17,10429
851,200,25,OUT,399,2023-02-11,25475
852,318,17,IN,408,2024-01-18,
853,357,25,OUT,150,2024-05-22,12028
854,122,13,OUT,88,2024-07-21,16595
855,237,4,IN,431,2023-10-10,
856,290,9,IN,464,2024-12-25,
857,356,33,OUT,225,2023-02-13,7220
858,147,8,OUT,491,2023-05-24,28771
859,79,9,OUT,330,2024-12-30,8952
860,146,10,OUT,12,2023-05-07,12854
861,148,24,OUT,227,2023-05-23,5415
862,284,31,OUT,209,2024-10-02,2217
863,268,25,OUT,233,2023-04-12,10848
864,98,5,OUT,61,2024-06-23,3315
865,203,4,OUT,80,2024-09-03,9268
866,178,7,OUT,256,2023-09-10,660
867,338,25,IN,141,2023-05-21,
868,9,34,IN,112,2024-11-20,
869,351,30,OUT,231,2023-09-14,2357
870,51,1,OUT,288,2023-10-08,8809
871,101,17,OUT,333,2024-12-26,13275
872,272,18,OUT,269,2023-03-03,18573
873,154,23,OUT,496,2023-06-26,10956
874,276,3,IN,203,2023-12-20,
875,16,23,IN,249,2023-10-31,
876,36,20,IN,335,2024-07-23,
877,349,7,IN,369,2024-02-27,
878,123,6,OUT,258,2023-06-12,19041
879,328,1,IN,426,2024-03-18,
880,105,32,OUT,314,2023-10-14,876
881,109,13,OUT,186,2024-01-24,14569
882,102,2,OUT,178,2023-05-16,22619
883,19,8,OUT,27,2023-02-17,18945
884,34,3,OUT,213,2023-09-15,22249
885,228,12,OUT,230,2023-02-19,15307
886,177,1,IN,461,2024-05-14,
887,358,2,OUT,22,2024-04-18,18548
888,188,14,OUT,282,2024-11-26,17790
889,89,5,OUT,154,2024-05-31,13988
890,299,24,IN,115,2024-03-30,
891,309,16,IN,383,2024-06-10,
892,204,9,OUT,312,2024-07-06,13322
893,151,24,OUT,145,2024-08-09,21126
894,273,4,IN,459,2024-10-12,
895,57,35,IN,116,2023-05-08,
896,129,8,IN,308,2023-06-17,
897,155,13,OUT,156,2024-09-12,26114
898,192,6,OUT,152,2024-01-26,27797
899,325,28,OUT,361,2023-12-27,5108
900,4,28,IN,234,2024-05-30,
901,103,31,OUT,497,2024-06-14,19542
902,293,20,IN,148,2024-07-06,
903,13,12,OUT,185,2023-09-10,7301
904,130,35,OUT,198,2024-03-16,18644
905,96,6,IN,467,2023-11-09,
906,23,35,OUT,162,2024-12-12,699
907,201,35,IN,452,2023-09-30,
908,334,17,OUT,345,2023-10-16,26670
909,317,32,IN,384,2024-12-21,
910,51,20,OUT,167,2024-08-21,1473
911,359,4,OUT,374,2024-03-06,16257
912,197,3,IN,239,2024-04-13,
913,133,3,IN,430,2024-02-20,
914,195,1,IN,290,2024-05-24,
915,246,3,OUT,284,2023-11-15,25819
916,13,16,IN,392,2023-04-05,
917,358,12,OUT,85,2024-11-29,14734
918,156,31,OUT,93,2024-01-16,6571
919,13,33,OUT,242,2024-01-01,2606
920,272,22,IN,471,2024-02-12,
921,344,26,IN,378,2024-12-04,
922,308,28,IN,200,2023-06-06,
923,86,6,OUT,468,2024-01-10,10551
924,187,7,OUT,174,2024-04-28,37
925,171,24,OUT,234,2023-08-08,24044
926,320,3,OUT,213,2023-06-14,1806
927,336,23,OUT,63,2024-08-29,27627
928,43,10,OUT,366,2024-04-08,24622
929,256,1,OUT,420,2024-01-29,13098
930,200,23,IN,48,2023-05-03,
931,200,11,IN,250,2023-01-26,
932,351,29,OUT,214,2023-11-05,2195
933,345,11,IN,0,2023-10-05,
934,340,8,OUT,36,2023-07-27,10724
935,275,31,IN,220,2024-06-05,
936,175,7,IN,307,2024-04-01,
937,43,17,IN,243,2024-03-20,
938,123,4,IN,441,2023-01-06,
939,161,28,OUT,494,2023-12-21,15073
940,272,35,IN,285,2024-09-17,
941,197,25,IN,162,2024-02-08,
942,265,16,IN,496,2023-05-07,
943,359,11,IN,406,2024-09-08,
944,8888,888,IN,0,2023-09-14,
945,132,19,OUT,25,2024-05-08,21115
946,333,34,IN,148,2023-06-26,
947,172,8,OUT,395,2023-11-03,24073
948,263,29,IN,379,2023-11-20,
949,204,4,IN,153,2023-07-05,
950,193,2,IN,27,2023-07-28,
951,268,5,OUT,229,2023-06-25,14592
952,357,15,OUT,459,2023-03-30,22953
953,43,32,OUT,31,2023-07-18,20179
954,141,34,OUT,334,2023-07-13,27045
955,54,32,OUT,177,2023-08-13,1529
956,65,7,OUT,246,2024-07-30,16859
957,203,5,OUT,214,2024-06-09,11999
958,111,15,OUT,362,2024-06-10,118
959,87,28,IN,82,2023-05-21,
960,26,14,IN,481,2023-05-28,
961,203,24,IN,321,2023-12-17,
962,307,17,OUT,323,2024-10-14,571
963,158,27,IN,426,2024-08-21,
964,113,4,OUT,182,2024-08-19,9275
965,312,28,IN,151,2024-07-16,
966,62,18,IN,304,2024-08-22,
967,342,17,OUT,392,2023-08-17,18042
968,177,20,IN,66,2023-12-01,
969,1,27,OUT,231,2023-04-08,13104
970,8888,888,IN,0,2024-12-20,
971,128,6,OUT,247,2024-09-28,20847
972,295,17,OUT,101,2023-12-29,23882
973,258,15,IN,480,2024-03-18,
974,314,22,OUT,153,2023-01-24,22034
975,111,13,OUT,346,2023-05-15,22034
976,335,26,IN,10,2023-08-11,
977,102,34,OUT,301,2024-12-20,15034
978,252,35,IN,265,2024-12-23,
979,88,31,IN,420,2023-05-11,
980,220,27,OUT,44,2023-10-30,1288
981,133,31,OUT,165,2023-01-12,2343
982,17,15,OUT,175,2024-09-19,17567
983,122,17,OUT,496,2023-06-10,4230
984,236,33,IN,243,2024-12-10,
985,160,26,OUT,431,2024-07-07,15658
986,286,35,OUT,286,2023-08-11,6139
987,116,16,IN,90,2023-01-29,
988,359,6,IN,169,2024-10-08,
989,316,24,IN,185,2024-07-16,
990,136,11,OUT,176,2023-09-20,8563
991,188,3,IN,119,2024-11-09,
992,62,15,OUT,405,2023-05-05,21706
993,86,17,OUT,366,2023-11-26,19094
994,201,5,IN,11,2024-02-05,
995,83,9,OUT,368,2024-12-26,1997
996,333,20,OUT,381,2024-05-23,24309
997,281,33,OUT,482,2023-03-27,23317
998,239,24,OUT,0,2023-11-19,13741
999,331,27,OUT,460,2024-11-04,4146
1000,173,24,IN,71,2023-03-17,
1001,25,27,OUT,224,2024-04-26,18899
1002,168,29,IN,281,2024-08-05,
1003,228,6,IN,77,2023-04-18,
1004,175,3,OUT,22,2023-05-08,3566
1005,293,9,OUT,85,2023-09-12,29285
1006,8888,888,OUT,0,2023-03-14,888888
1007,105,9,OUT,220,2024-02-05,12046
1008,4,6,OUT,34,2023-09-14,22514
1009,354,27,OUT,96,2024-01-09,18994
1010,186,12,OUT,59,2024-06-15,11857
1011,126,13,IN,152,2024-05-21,
1012,348,10,IN,326,2024-09-04,
1013,127,23,OUT,174,2023-06-26,21528
1014,173,30,OUT,339,2024-02-15,23927
1015,101,34,OUT,188,2023-05-11,15885
1016,52,23,OUT,79,2024-04-20,12460
1017,50,5,OUT,380,2023-05-22,16623
1018,152,29,IN,412,2024-06-29,
1019,254,2,OUT,170,2024-07-07,27834
1020,238,1,IN,313,2023-02-23,
1021,11,4,OUT,171,2024-11-23,25567
1022,99,19,OUT,24,2024-01-03,16014
1023,59,18,IN,260,2023-11-08,
1024,208,5,IN,236,2023-03-27,
1025,124,23,IN,105,2023-08-17,
1026,108,14,IN,490,2023-02-28,
1027,178,3,IN,370,2024-09-20,
1028,232,16,OUT,42,2023-05-09,7016
1029,265,14,IN,162,2024-09-17,
1030,306,25,IN,398,2023-06-29,
1031,169,30,IN,314,2024-01-10,
1032,325,1,OUT,188,2024-04-25,19986
1033,310,10,IN,52,2023-05-16,
1034,120,29,IN,237,2024-07-31,
1035,106,8,OUT,407,2023-04-02,5712
1036,334,25,IN,467,2023-10-04,
1037,142,10,IN,103,2023-06-05,
1038,48,11,OUT,363,2023-10-19,5056
1039,342,7,OUT,412,2023-09-04,27688
1040,202,27,IN,0,2023-06-03,
1041,312,7,IN,256,2023-04-08,
1042,318,7,OUT,106,2023-09-30,10736
1043,191,24,IN,480,2023-05-06,
1044,229,10,OUT,147,2024-04-15,2630
1045,255,14,OUT,479,2023-05-09,8026
1046,179,13,IN,444,2023-02-19,
1047,29,18,IN,299,2023-03-01,
1048,355,10,OUT,307,2024-04-21,15694
1049,67,12,OUT,22,2024-05-20,9778
1050,92,7,IN,236,2023-08-31,
1051,288,8,OUT,389,2024-03-29,4715
1052,281,6,OUT,408,2024-12-21,21362
1053,102,27,OUT,322,2024-03-19,1611
1054,286,21,IN,382,2024-05-19,
1055,292,27,OUT,455,2023-04-08,13142
1056,240,12,OUT,220,2023-07-13,25521
1057,109,24,OUT,305,2024-02-15,25799
1058,130,35,IN,397,2023-04-18,
1059,69,28,IN,0,2023-07-21,
1060,44,28,IN,285,2024-04-01,
1061,147,27,OUT,373,2024-02-02,19631
1062,329,26,IN,413,2024-02-02,
1063,92,11,IN,465,2023-10-07,
1064,162,25,IN,491,2024-06-02,
1065,62,5,IN,496,2024-08-20,
1066,171,23,IN,0,2023-08-18,
1067,171,26,OUT,479,2024-03-31,28992
1068,343,32,OUT,64,2023-02-28,16198
1069,354,18,OUT,17,2024-09-25,14396
1070,311,9,IN,314,2023-02-15,
1071,256,26,OUT,20,2023-10-09,15269
1072,226,11,OUT,270,2023-01-13,23861
1073,195,7,IN,333,2024-10-08,
1074,176,34,OUT,316,2024-05-30,1392
1075,36,7,OUT,103,2023-01-07,480
1076,115,4,OUT,271,2024-05-09,14249
1077,8888,888,OUT,0,2023-11-11,888888
1078,333,1,IN,319,2024-12-17,
1079,165,22,IN,95,2023-12-29,
1080,234,24,OUT,126,2024-08-10,18663
1081,274,33,OUT,327,2024-08-24,28305
1082,8888,888,OUT,0,2024-09-12,888888
1083,49,32,OUT,188,2023-04-14,29321
1084,42,24,OUT,238,2023-06-10,17932
1085,102,26,OUT,366,2024-06-02,10975
1086,121,8,OUT,69,2023-05-12,16159
1087,276,29,OUT,472,2024-10-21,23382
1088,199,7,IN,396,2023-12-30,
1089,321,35,OUT,37,2023-01-07,898
1090,261,17,OUT,463,2023-10-29,16701
1091,92,19,OUT,117,2024-10-27,11633
1092,131,3,IN,256,2024-03-07,
1093,8888,888,IN,0,2024-10-29,
1094,181,19,OUT,253,2024-08-21,8151
1095,284,30,OUT,119,2023-02-01,19160
1096,286,2,OUT,39,2024-10-24,9419
1097,8888,888,IN,0,2024-10-12,
1098,91,16,OUT,205,2024-10-18,4501
1099,127,21,OUT,196,2023-09-14,18174
1100,213,24,OUT,20,2023-09-20,11476
1101,118,32,OUT,126,2024-04-15,4099
1102,64,35,OUT,338,2024-04-03,19280
1103,207,23,IN,144,2023-03-13,
1104,66,17,OUT,183,2024-03-06,27627
1105,72,25,OUT,397,2024-07-03,8864
1106,265,19,IN,497,2024-12-05,
1107,161,3,IN,243,2023-09-05,
1108,88,11,IN,35,2024-07-06,
1109,192,25,OUT,141,2023-10-26,1857
1110,136,13,OUT,319,2024-04-26,2159
1111,347,2,OUT,251,2023-02-19,16832
1112,53,32,OUT,469,2023-05-15,25140
1113,250,20,IN,382,2023-06-30,
1114,285,9,OUT,5,2023-02-15,13865
1115,340,27,OUT,90,2024-12-12,7910
1116,9,10,OUT,184,2023-05-18,27031
1117,231,25,OUT,89,2023-06-11,8886
1118,242,3,IN,434,2024-09-16,
1119,313,3,IN,485,2024-01-14,
1120,124,15,IN,463,2023-02-25,
1121,233,30,OUT,327,2023-10-09,22371
1122,264,35,OUT,452,2024-10-10,26616
1123,247,32,OUT,418,2024-01-24,9116
1124,243,31,OUT,147,2023-05-11,23554
1125,11,31,OUT,110,2023-12-31,21645
1126,15,5,OUT,298,2024-11-18,9097
1127,338,23,OUT,358,2024-01-17,24240
1128,285,15,IN,301,2023-09-18,
1129,159,24,OUT,57,2023-08-05,664
1130,117,18,OUT,28,2024-05-01,390
1131,343,13,IN,260,2023-12-23,
1132,279,34,OUT,261,2024-02-18,947
1133,73,6,IN,223,2024-07-15,
1134,258,9,IN,228,2024-02-27,
1135,50,20,IN,384,2024-09-10,
1136,81,11,IN,119,2023-12-08,
1137,66,32,OUT,451,2023-08-16,6900
1138,162,16,OUT,395,2023-09-10,13688
1139,324,32,OUT,94,2023-09-06,9835
1140,74,18,OUT,429,2024-07-09,3223
1141,146,6,OUT,336,2024-06-14,13461
1142,189,27,IN,278,2023-09-13,
1143,252,26,OUT,123,2024-02-26,22120
1144,114,23,IN,77,2024-03-22,
1145,239,22,IN,334,2023-02-03,
1146,36,23,OUT,84,2023-07-28,26784
1147,342,32,IN,157,2024-01-07,
1148,324,6,OUT,145,2023-06-23,11064
1149,84,30,IN,0,2024-07-12,
1150,81,21,OUT,397,2024-03-27,5796
1151,304,16,IN,268,2024-02-02,
1152,293,28,IN,360,2023-08-07,
1153,39,20,OUT,66,2024-10-15,24353
1154,227,18,OUT,473,2024-01-29,28181
1155,313,31,IN,186,2023-02-06,
1156,272,10,IN,384,2024-05-05,
1157,216,32,OUT,367,2024-08-26,26983
1158,243,6,OUT,492,2023-02-12,17978
1159,56,9,OUT,431,2023-09-22,16370
1160,31,14,OUT,117,2023-11-26,9391
1161,4,20,OUT,308,2023-01-01,19135
1162,8,14,IN,384,2023-10-07,
1163,142,32,IN,214,2024-07-19,
1164,31,4,OUT,86,2023-04-02,18892
1165,298,1,IN,95,2024-08-13,
1166,172,20,IN,275,2023-07-24,
1167,269,16,OUT,443,2024-05-15,21121
1168,231,32,IN,448,2023-09-16,
1169,269,22,IN,457,2024-02-15,
1170,303,7,OUT,208,2023-08-09,7088
1171,41,10,OUT,351,2024-02-17,15646
1172,78,35,IN,345,2023-06-14,
1173,49,5,OUT,208,2024-11-30,13403
1174,22,30,OUT,227,2024-04-11,7527
1175,165,29,IN,433,2024-10-29,
1176,155,14,IN,298,2024-08-24,
1177,271,8,IN,172,2023-11-20,
1178,302,35,OUT,237,2023-10-29,7572
1179,284,10,IN,379,2024-09-06,
1180,139,18,IN,47,2024-11-28,
1181,194,18,IN,89,2024-11-03,
1182,9,26,IN,492,2023-11-27,
1183,249,3,OUT,461,2023-03-11,3203
1184,260,12,IN,216,2023-03-21,
1185,317,9,OUT,184,2023-06-03,1500
1186,206,33,OUT,421,2024-12-29,12418
1187,182,2,IN,479,2024-09-19,
1188,290,21,OUT,76,2023-02-06,3215
1189,1,17,IN,385,2024-02-20,
1190,53,25,OUT,207,2023-06-03,628
1191,215,18,OUT,309,2024-07-24,22746
1192,266,33,OUT,388,2024-03-13,13176
1193,79,32,IN,153,2023-09-08,
1194,225,31,OUT,61,2024-06-26,16319
1195,228,21,IN,143,2024-04-15,
1196,172,23,OUT,54,2023-03-24,24261
1197,259,29,OUT,389,2024-04-04,17193
1198,7,25,IN,399,2023-04-11,
1199,222,13,IN,449,2023-12-24,
1200,80,12,IN,237,2023-02-17,
1201,87,10,OUT,164,2023-07-16,27179
1202,4,6,OUT,186,2023-11-07,28777
1203,137,14,IN,8,2023-08-06,
1204,49,4,IN,206,2024-05-22,
1205,28,35,OUT,243,2024-11-26,12808
1206,217,17,OUT,253,2024-10-06,5688
1207,223,6,OUT,329,2024-05-09,23283
1208,40,8,IN,274,2024-11-26,
1209,135,25,IN,487,2023-12-25,
1210,286,30,OUT,389,2023-11-28,21789
1211,247,34,IN,0,2023-02-15,
1212,155,21,IN,26,2024-11-05,
1213,208,31,IN,419,2024-10-30,
1214,84,19,OUT,302,2024-07-26,24602
1215,156,32,OUT,112,2024-03-14,23416
1216,2,24,IN,322,2024-08-20,
1217,131,22,OUT,152,2023-09-22,1959
1218,324,33,OUT,139,2023-09-15,19923
1219,273,8,IN,378,2023-01-04,
1220,53,30,OUT,492,2023-11-12,9950
1221,276,7,OUT,426,2023-11-28,6554
1222,204,17,OUT,321,2024-05-09,18115
1223,156,1,OUT,368,2023-04-13,2235
1224,356,4,IN,147,2024-01-08,
1225,6,32,IN,290,2024-08-14,
1226,30,5,IN,288,2023-05-31,
1227,238,9,IN,125,2023-01-14,
1228,243,34,OUT,35,2023-01-29,17030
1229,95,3,IN,164,2023-07-02,
1230,350,34,OUT,234,2023-03-05,5813
1231,349,3,OUT,330,2024-10-07,12956
1232,252,13,OUT,3,2024-09-20,3917
1233,341,7,OUT,205,2024-07-01,25499
1234,183,1,IN,117,2023-01-11,
1235,181,8,OUT,429,2023-03-04,23154
1236,246,27,OUT,50,2024-06-10,17663
1237,297,13,OUT,481,2023-01-31,6687
1238,238,6,IN,402,2024-06-04,
1239,302,11,OUT,301,2024-09-05,11056
1240,244,17,IN,498,2024-08-22,
1241,99,17,IN,90,2023-08-26,
1242,283,16,IN,212,2023-10-29,
1243,289,7,IN,28,2024-07-29,
1244,135,12,OUT,363,2024-10-23,7934
1245,8888,888,OUT,0,2024-02-02,888888
1246,182,18,OUT,201,2023-08-15,4858
1247,317,2,IN,447,2023-09-01,
1248,236,12,IN,480,2024-07-13,
1249,107,26,OUT,445,2023-06-19,2121
1250,172,16,OUT,414,2023-08-27,13004
1251,30,29,OUT,367,2024-09-23,8255
1252,198,14,OUT,124,2024-12-23,8706
1253,331,29,OUT,189,2023-05-02,7940
1254,346,28,IN,120,2024-02-13,
1255,296,21,IN,357,2023-01-01,
1256,198,16,IN,319,2024-01-05,
1257,180,27,IN,129,2023-06-04,
1258,256,31,OUT,437,2024-09-27,3274
1259,336,27,IN,66,2023-04-18,
1260,52,34,OUT,265,2023-05-20,26567
1261,332,28,IN,365,2023-02-26,
1262,54,14,IN,405,2023-09-15,
1263,203,24,OUT,313,2023-08-04,1762
1264,181,19,OUT,126,2024-01-01,27221
1265,8,24,OUT,249,2023-11-26,22229
1266,263,4,IN,173,2023-09-25,
1267,299,8,IN,169,2023-09-14,
1268,283,7,IN,40,2023-06-20,
1269,272,9,OUT,76,2024-12-08,20332
1270,181,15,OUT,196,2023-06-13,9458
1271,65,13,OUT,376,2023-08-30,13438
1272,258,1,OUT,298,2024-01-27,9748
1273,267,29,IN,469,2024-10-20,
1274,238,7,OUT,469,2024-11-23,9629
1275,49,15,OUT,137,2023-02-23,3666
1276,187,15,OUT,316,2024-05-23,13200
1277,231,24,OUT,490,2023-06-12,4893
1278,211,9,OUT,342,2023-06-24,24659
1279,266,35,OUT,118,2024-05-14,24472
1280,85,9,OUT,489,2024-03-25,26867
1281,177,12,OUT,299,2024-06-10,17849
1282,74,27,IN,498,2024-05-10,
1283,331,27,OUT,154,2023-08-21,17510
1284,82,31,IN,172,2024-09-13,
1285,109,18,IN,374,2023-07-29,
1286,6,21,OUT,69,2023-03-29,19432
1287,354,26,IN,102,2024-08-25,
1288,266,6,OUT,498,2023-12-27,4389
1289,261,13,OUT,132,2024-11-24,21423
1290,298,10,OUT,16,2023-08-14,18253
1291,360,14,IN,386,2023-09-21,
1292,356,32,OUT,64,2023-12-14,17399
1293,257,33,IN,55,2024-02-15,
1294,338,3,IN,390,2024-11-04,
1295,116,25,OUT,350,2023-10-13,17383
1296,89,17,IN,348,2024-03-14,
1297,72,10,OUT,327,2023-07-17,26450
1298,153,15,IN,366,2023-11-27,
1299,165,19,OUT,81,2023-02-16,18133
1300,232,31,IN,337,2023-05-13,
1301,8888,888,IN,0,2024-03-02,
1302,10,16,OUT,4,2024-07-03,11512
1303,107,14,IN,113,2024-09-21,
1304,186,28,OUT,140,2023-12-28,8974
1305,69,30,OUT,126,2023-09-09,23132
1306,173,33,IN,240,2024-03-18,
1307,348,18,IN,190,2023-08-26,
1308,245,29,OUT,97,2023-02-27,29697
1309,152,9,IN,162,2023-06-24,
1310,259,8,OUT,204,2024-05-25,17126
1311,148,4,OUT,371,2023-01-11,23019
1312,309,30,OUT,85,2023-07-14,17399
1313,298,34,OUT,65,2023-08-18,14196
1314,355,7,OUT,106,2024-09-05,18609
1315,24,34,OUT,187,2024-12-12,16731
1316,252,11,OUT,314,2023-12-23,10171
1317,269,19,IN,16,2023-11-22,
1318,113,15,OUT,244,2024-12-03,26987
1319,202,22,IN,148,2023-10-06,
1320,170,24,IN,182,2024-08-28,
1321,93,20,IN,171,2023-05-05,
1322,354,13,OUT,362,2024-02-15,789
1323,325,5,OUT,44,2023-02-27,10928
1324,289,26,OUT,388,2023-05-11,19195
1325,149,27,OUT,217,2023-12-29,19237
1326,205,22,OUT,175,2023-12-21,27410
1327,146,16,OUT,444,2023-04-27,14704
1328,131,24,IN,314,2024-08-05,
1329,1,1,OUT,48,2024-07-10,5203
1330,46,4,OUT,419,2024-07-30,20073
1331,17,35,OUT,432,2023-08-10,1058
1332,226,8,IN,177,2023-12-23,
1333,284,27,IN,6,2024-09-21,
1334,47,19,OUT,253,2023-06-24,29612
1335,156,2,OUT,68,2023-08-17,14612
1336,162,4,OUT,110,2024-09-14,23988
1337,150,22,IN,223,2024-03-14,
1338,211,17,OUT,307,2024-03-27,6116
1339,345,29,IN,323,2024-01-21,
1340,335,33,OUT,69,2024-05-21,11098
1341,273,17,OUT,195,2024-12-05,19286
1342,290,11,IN,435,2024-02-17,
1343,203,20,IN,495,2024-11-22,
1344,24,15,OUT,218,2023-07-22,26219
1345,166,15,OUT,137,2023-01-04,26387
1346,75,26,OUT,134,2024-05-07,7515
1347,220,31,OUT,149,2023-02-08,2156
1348,195,13,OUT,31,2024-08-01,28729
1349,118,12,OUT,238,2024-10-07,13387
1350,101,31,OUT,296,2023-02-09,10911
1351,327,2,IN,301,2024-08-03,
1352,235,26,OUT,496,2024-11-02,29256
1353,94,35,IN,121,2024-02-18,
1354,235,8,IN,352,2024-07-17,
1355,78,12,OUT,97,2023-07-18,26189
1356,61,32,OUT,87,2023-04-07,679
1357,31,21,IN,252,2023-03-27,
1358,77,18,OUT,135,2023-09-15,3920
1359,272,11,IN,284,2023-08-15,
1360,329,10,IN,174,2024-04-22,
1361,137,23,OUT,210,2023-07-09,13029
1362,279,11,IN,109,2024-06-02,
1363,58,15,OUT,18,2024-06-26,25520
1364,320,14,IN,213,2023-09-24,
1365,181,8,IN,359,2023-03-27,
1366,229,15,IN,467,2023-01-05,
1367,236,6,OUT,388,2024-10-05,26200
1368,82,33,IN,133,2023-01-23,
1369,61,35,IN,188,2023-10-16,
1370,343,11,OUT,345,2024-07-24,918
1371,302,28,OUT,197,2024-09-10,2480
1372,328,17,IN,133,2024-10-22,
1373,301,21,OUT,259,2023-05-10,16779
1374,75,4,OUT,37,2023-02-10,28465
1375,285,9,OUT,294,2024-02-26,15763
1376,110,28,OUT,278,2023-07-01,1548
1377,175,31,IN,193,2024-05-21,
1378,222,11,OUT,61,2024-08-30,17271
1379,230,18,OUT,161,2023-01-21,14168
1380,45,35,OUT,476,2024-06-07,11378
1381,207,9,OUT,454,2024-09-27,17683
1382,127,27,OUT,239,2023-04-29,972
1383,13,9,IN,455,2023-11-01,
1384,98,23,IN,382,2023-08-23,
1385,197,19,IN,204,2023-03-25,
1386,262,10,IN,408,2024-12-20,
1387,56,26,OUT,64,2023-04-25,28492
1388,230,35,OUT,121,2023-12-28,11960
1389,42,24,OUT,386,2024-03-12,22274
1390,237,4,IN,147,2024-07-20,
1391,293,30,OUT,51,2023-05-04,3836
1392,252,13,OUT,382,2023-08-30,11737
1393,353,20,IN,209,2024-09-17,
1394,305,35,IN,233,2024-07-27,
1395,351,14,OUT,5,2023-10-25,13922
1396,37,5,OUT,110,2023-03-16,22757
1397,28,3,IN,136,2024-12-15,
1398,240,35,IN,260,2024-08-20,
1399,278,31,OUT,340,2023-02-02,5529
1400,355,21,IN,442,2023-05-11,
1401,235,27,IN,313,2024-11-22,
1402,34,14,OUT,60,2024-09-29,21178
1403,41,31,IN,162,2023-05-09,
1404,58,6,OUT,165,2023-09-09,22007
1405,35,3,IN,330,2023-06-23,
1406,201,29,OUT,93,2023-04-22,10235
1407,323,18,OUT,419,2023-12-29,9731
1408,44,32,OUT,0,2023-12-12,25929
1409,145,17,OUT,87,2024-01-23,20959
1410,30,7,OUT,491,2024-11-04,22385
1411,254,7,IN,481,2024-08-31,
1412,305,5,OUT,58,2023-11-14,15596
1413,323,12,OUT,326,2023-05-27,19360
1414,217,19,IN,132,2024-03-13,
1415,102,32,OUT,191,2023-04-12,2026
1416,83,18,OUT,0,2023-02-05,13192
1417,247,17,IN,323,2024-03-20,
1418,307,7,OUT,82,2024-02-09,28274
1419,98,24,OUT,210,2023-01-01,27179
1420,296,2,OUT,373,2023-03-31,13140
1421,303,24,IN,129,2024-10-29,
1422,174,31,IN,493,2023-11-28,
1423,326,17,OUT,485,2023-11-14,2206
1424,88,34,IN,267,2024-07-29,
1425,353,14,OUT,137,2023-01-23,20691
1426,219,9,OUT,344,2023-02-05,20875
1427,308,14,IN,248,2024-09-20,
1428,344,28,IN,458,2024-08-29,
1429,67,16,OUT,427,2024-08-25,21859
1430,176,29,OUT,25,2023-04-19,23277
1431,58,3,IN,267,2024-09-24,
1432,316,4,OUT,408,2023-05-28,17441
1433,295,23,IN,111,2023-05-14,
1434,304,10,IN,285,2024-01-18,
1435,215,12,IN,431,2024-11-29,
1436,163,22,OUT,474,2023-04-11,19692
1437,216,23,IN,177,2024-01-28,
1438,183,28,OUT,329,2024-04-13,12701
1439,100,15,IN,143,2023-12-25,
1440,13,1,IN,257,2023-09-25,
1441,76,13,OUT,285,2024-02-23,17530
1442,58,16,IN,152,2023-03-22,
1443,150,35,IN,94,2023-11-19,
1444,255,20,IN,94,2023-10-05,
1445,228,4,IN,345,2024-09-14,
1446,197,13,OUT,176,2023-05-27,6427
1447,45,9,OUT,0,2023-12-17,7210
1448,356,12,IN,175,2023-03-16,
1449,148,6,OUT,147,2023-07-24,25646
1450,108,2,OUT,378,2024-07-30,6355
1451,350,13,IN,433,2024-06-07,
1452,90,19,IN,460,2023-12-01,
1453,320,19,IN,305,2024-03-20,
1454,319,15,OUT,138,2024-03-27,25233
1455,287,35,IN,399,2024-04-22,
1456,258,17,IN,34,2024-10-22,
1457,107,33,OUT,424,2024-09-21,12490
1458,273,25,OUT,58,2024-03-05,29879
1459,29,31,IN,145,2023-12-19,
1460,8888,888,OUT,0,2024-02-20,888888
1461,12,34,IN,362,2024-03-10,
1462,166,31,OUT,421,2024-01-11,18902
1463,236,11,IN,496,2024-05-02,
1464,136,31,OUT,427,2024-12-11,19937
1465,225,9,OUT,182,2023-01-18,23524
1466,104,5,OUT,134,2023-04-27,9935
1467,19,2,OUT,357,2023-08-22,18281
1468,106,29,IN,306,2023-08-13,
1469,221,4,IN,48,2023-08-25,
1470,208,32,IN,300,2024-08-07,
1471,15,16,OUT,230,2024-06-22,22617
1472,311,30,IN,402,2024-08-13,
1473,229,31,IN,242,2024-06-27,
1474,53,15,IN,192,2023-03-05,
1475,356,8,OUT,157,2024-02-24,6945
1476,144,31,IN,70,2024-07-25,
1477,111,1,OUT,424,2024-08-31,8091
1478,60,8,OUT,415,2024-11-13,19746
1479,353,23,IN,333,2024-08-03,
1480,177,2,IN,287,2024-06-05,
1481,81,2,OUT,370,2023-01-23,3553
1482,251,11,IN,50,2023-01-09,
1483,225,7,OUT,497,2023-06-08,18535
1484,282,32,OUT,27,2024-11-03,8645
1485,226,16,IN,97,2023-06-12,
1486,327,4,OUT,369,2024-10-19,9546
1487,151,10,IN,157,2024-01-07,
1488,101,13,IN,390,2024-12-17,
1489,208,3,IN,285,2023-12-27,
1490,311,10,OUT,475,2023-02-04,6890
1491,302,27,OUT,400,2024-07-01,16135
1492,117,16,IN,226,2024-07-20,
1493,68,11,IN,247,2023-09-28,
1494,95,28,IN,118,2023-12-16,
1495,63,23,IN,20,2023-06-09,
1496,171,7,OUT,52,2023-04-10,20664
1497,251,6,OUT,221,2023-04-03,4446
1498,57,14,OUT,398,2023-10-05,9559
1499,121,22,IN,438,2023-11-30,
1500,260,18,IN,322,2024-07-27,
1501,243,35,IN,285,2023-04-30,
1502,141,6,OUT,433,2023-07-19,26889
1503,329,17,OUT,195,2023-08-16,22267
1504,63,16,IN,96,2023-08-15,
1505,68,5,IN,192,2024-11-03,
1506,312,7,IN,164,2023-12-10,
1507,196,8,IN,162,2024-11-22,
1508,95,18,IN,304,2023-08-31,
1509,28,11,OUT,234,2024-04-13,24668
1510,21,12,IN,488,2024-10-02,
1511,20,34,OUT,68,2024-01-17,22491
1512,28,1,IN,173,2024-01-20,
1513,230,30,OUT,165,2024-03-19,11265
1514,108,15,OUT,437,2023-03-13,6426
1515,58,13,OUT,29,2024-04-06,21626
1516,130,2,OUT,133,2023-01-02,22863
1517,351,25,IN,253,2023-09-02,
1518,224,17,OUT,283,2024-07-18,14744
1519,14,18,OUT,250,2024-05-25,24065
1520,105,21,IN,35,2024-03-31,
1521,125,24,OUT,306,2023-12-27,10630
1522,8888,888,IN,0,2023-09-17,
1523,15,33,OUT,407,2023-02-09,19476
1524,354,11,OUT,429,2024-04-22,26692
1525,354,20,IN,53,2023-06-13,
1526,153,4,IN,464,2023-11-26,
1527,237,9,IN,247,2024-08-16,
1528,8888,888,OUT,0,2023-01-03,888888
1529,274,2,OUT,413,2024-08-17,25860
1530,30,17,OUT,150,2023-05-09,11019
1531,87,2,IN,389,2023-05-05,
1532,102,33,IN,170,2023-06-16,
1533,252,13,OUT,86,2023-08-27,21711
1534,351,10,OUT,7,2024-10-18,11044
1535,225,19,OUT,83,2024-10-19,7847
1536,304,21,IN,133,2024-07-27,
1537,331,8,OUT,129,2024-08-16,29050
1538,344,29,OUT,114,2024-03-09,16809
1539,303,22,OUT,205,2024-01-28,26067
1540,199,8,OUT,310,2023-02-14,15015
1541,17,6,IN,207,2024-06-14,
1542,213,9,OUT,146,2024-04-10,2590
1543,329,29,IN,221,2024-04-10,
1544,259,33,IN,276,2024-02-15,
1545,123,20,IN,29,2024-11-16,
1546,14,22,IN,121,2024-04-08,
1547,323,35,OUT,256,2023-01-18,10512
1548,265,10,IN,293,2024-01-17,
1549,3,24,IN,484,2024-11-23,
1550,348,12,IN,452,2023-02-14,
1551,15,21,OUT,57,2024-03-06,7220
1552,204,5,OUT,290,2024-04-10,25510
1553,60,17,IN,179,2023-07-04,
1554,156,11,OUT,186,2023-01-18,21338
1555,289,17,OUT,306,2024-09-27,22436
1556,316,15,OUT,55,2023-09-13,21094
1557,352,10,OUT,297,2024-04-03,21627
1558,182,31,OUT,272,2024-12-19,15619
1559,99,12,IN,401,2024-04-01,
1560,251,35,OUT,159,2024-12-20,6959
1561,119,1,OUT,368,2023-05-09,7353
1562,346,17,IN,463,2024-03-23,
1563,275,33,OUT,429,2024-07-16,26829
1564,69,35,IN,385,2023-01-10,
1565,255,7,IN,356,2024-04-17,
1566,298,31,IN,380,2023-08-21,
1567,212,32,OUT,243,2024-06-18,10091
1568,256,1,OUT,59,2024-02-04,22941
1569,335,22,OUT,313,2024-05-27,15902
1570,319,35,IN,460,2023-04-21,
1571,259,29,OUT,179,2023-02-03,18044
1572,314,4,IN,245,2023-12-16,
1573,274,2,OUT,460,2023-09-16,26677
1574,198,18,OUT,355,2023-10-05,16344
1575,350,22,IN,482,2024-08-24,
1576,160,26,IN,483,2024-09-12,
1577,196,10,IN,32,2023-08-20,
1578,270,31,OUT,477,2024-06-06,4364
1579,200,25,IN,499,2023-12-17,
1580,340,4,IN,73,2024-02-16,
1581,73,32,OUT,465,2023-11-21,27065
1582,6,34,IN,448,2024-06-07,
1583,319,22,OUT,374,2023-05-06,1254
1584,194,26,OUT,323,2024-06-21,1433
1585,121,4,IN,442,2023-06-04,
1586,34,3,IN,175,2023-09-15,
1587,129,20,IN,62,2023-09-08,
1588,281,33,OUT,447,2024-05-18,18124
1589,36,34,OUT,329,2024-06-27,8960
1590,348,22,IN,498,2024-02-17,
1591,346,26,IN,81,2024-04-14,
1592,258,16,OUT,128,2023-08-11,2115
1593,8888,888,IN,0,2024-01-26,
1594,163,16,OUT,99,2023-09-06,3645
1595,233,24,OUT,31,2023-01-13,29370
1596,263,7,IN,305,2023-05-03,
1597,4,20,OUT,30,2023-10-26,2880
1598,14,18,IN,387,2024-11-30,
1599,223,35,OUT,229,2024-03-31,22764
1600,57,28,OUT,93,2024-07-29,12714
1601,297,11,OUT,188,2024-10-19,13610
1602,246,27,OUT,379,2023-03-19,28027
1603,8888,888,OUT,0,2023-03-22,888888
1604,20,30,OUT,461,2024-04-25,20379
1605,16,24,IN,0,2023-08-03,
1606,211,14,OUT,308,2023-08-01,18731
1607,189,1,IN,352,2023-09-21,
1608,21,23,IN,294,2024-01-09,
1609,313,8,OUT,500,2023-03-24,29685
1610,329,27,OUT,14,2024-02-09,3408
1611,212,21,OUT,58,2024-10-07,3063
1612,341,35,OUT,479,2024-01-10,2961
1613,59,7,OUT,0,2024-05-22,9007
1614,352,11,IN,432,2023-05-14,
1615,284,30,IN,121,2023-08-21,
1616,316,2,OUT,48,2024-03-01,16480
1617,150,10,OUT,183,2023-07-18,3947
1618,232,4,IN,283,2024-10-19,
1619,19,11,OUT,331,2023-10-06,12303
1620,306,23,OUT,99,2023-04-24,11874
1621,103,12,IN,489,2023-12-07,
1622,217,25,OUT,460,2023-03-28,1540
1623,82,18,OUT,123,2023-08-27,18329
1624,198,22,OUT,33,2024-10-25,13439
1625,112,22,OUT,86,2023-03-07,23311
1626,43,29,OUT,393,2023-03-20,5276
1627,353,2,IN,147,2023-09-04,
1628,2,21,IN,304,2024-09-24,
1629,214,20,IN,380,2023-12-12,
1630,117,20,OUT,437,2024-12-27,8256
1631,24,2,OUT,263,2024-02-02,8526
1632,85,22,IN,445,2023-07-27,
1633,111,25,OUT,271,2024-10-21,14921
1634,83,19,IN,28,2024-12-30,
1635,6,20,IN,178,2023-09-21,
1636,78,3,IN,230,2024-02-08,
1637,23,3,OUT,396,2024-12-04,10670
1638,352,11,OUT,97,2024-11-30,21787
1639,347,33,IN,474,2024-09-11,
1640,105,26,IN,132,2024-02-08,
1641,22,25,IN,104,2024-02-24,
1642,251,32,OUT,474,2023-01-03,24668
1643,165,27,IN,25,2023-02-11,
1644,16,20,IN,90,2023-06-21,
1645,306,22,OUT,398,2024-12-04,21375
1646,153,8,IN,153,2023-10-11,
1647,84,28,OUT,85,2023-01-15,8347
1648,124,28,IN,0,2024-04-08,
1649,89,13,IN,330,2023-09-01,
1650,132,30,IN,236,2024-11-14,
1651,7,27,OUT,34,2023-10-28,29402
1652,141,32,OUT,420,2023-07-31,1771
1653,141,7,OUT,160,2024-02-27,20675
1654,3,35,OUT,494,2024-01-28,26656
1655,196,35,OUT,158,2024-01-26,1135
1656,337,25,IN,251,2023-02-18,
1657,294,22,OUT,381,2024-04-04,16765
1658,276,17,IN,155,2024-10-29,
1659,21,5,IN,391,2023-06-23,
1660,315,26,OUT,499,2023-04-14,16781
1661,68,22,OUT,0,2023-10-24,6099
1662,61,21,OUT,33,2023-08-10,21930
1663,121,15,OUT,465,2023-03-24,15806
1664,295,35,OUT,457,2024-02-01,18420
1665,283,34,IN,279,2023-01-01,
1666,315,35,IN,21,2023-09-16,
1667,71,22,OUT,30,2024-01-26,28899
1668,18,7,IN,250,2023-02-18,
1669,8,2,IN,63,2023-10-11,
1670,320,4,IN,131,2023-08-20,
1671,163,25,OUT,444,2024-03-08,21389
1672,276,13,IN,353,2024-11-15,
1673,319,22,IN,265,2024-11-30,
1674,245,28,OUT,101,2023-03-27,6681
1675,117,31,OUT,18,2024-05-27,29561
1676,317,18,IN,314,2023-03-01,
1677,58,9,OUT,493,2023-02-04,18788
1678,23,28,OUT,172,2024-12-25,903
1679,105,28,OUT,300,2023-12-30,2574
1680,20,14,IN,204,2023-06-06,
1681,230,14,OUT,130,2023-08-29,11548
1682,317,8,OUT,477,2024-06-27,4177
1683,142,34,OUT,366,2024-02-15,5846
1684,319,21,IN,456,2024-02-16,
1685,139,32,OUT,41,2024-11-11,23343
1686,49,17,OUT,125,2023-07-08,4790
1687,120,20,OUT,299,2023-02-13,22090
1688,30,5,IN,44,2024-09-15,
1689,276,12,IN,293,2023-12-31,
1690,176,3,IN,396,2024-10-05,
1691,328,20,IN,70,2023-10-27,
1692,135,3,IN,124,2024-02-01,
1693,23,18,IN,143,2024-04-01,
1694,273,17,IN,69,2024-08-12,
1695,84,15,IN,380,2024-07-24,
1696,141,32,OUT,320,2023-08-14,28847
1697,184,17,OUT,85,2023-06-07,23971
1698,193,4,IN,144,2024-01-15,
1699,88,4,OUT,339,2023-07-21,10619
1700,163,17,OUT,240,2024-07-22,320
1701,8888,888,OUT,0,2024-01-01,888888
1702,144,25,IN,82,2024-11-10,
1703,64,33,IN,61,2023-09-09,
1704,144,3,IN,441,2024-06-20,
1705,271,30,OUT,13,2024-08-18,20990
1706,71,24,IN,482,2023-11-24,
1707,330,33,OUT,200,2024-04-06,12003
1708,189,18,OUT,374,2024-06-12,3808
1709,289,25,OUT,376,2024-01-21,7658
1710,218,30,IN,222,2023-10-09,
1711,282,23,OUT,167,2024-11-08,18269
1712,289,3,IN,323,2024-11-14,
1713,330,16,IN,132,2023-01-31,
1714,8888,888,OUT,0,2024-01-25,888888
1715,21,34,OUT,2,2024-06-04,10331
1716,34,30,OUT,126,2023-01-31,3973
1717,160,10,IN,99,2023-03-31,
1718,260,21,OUT,428,2024-01-13,16219
1719,205,23,OUT,188,2024-08-11,22854
1720,73,33,OUT,446,2024-03-22,29420
1721,152,17,OUT,379,2024-06-10,26582
1722,324,3,IN,256,2024-10-09,
1723,40,6,IN,240,2023-07-09,
1724,45,1,IN,206,2023-10-22,
1725,102,26,IN,242,2024-03-26,
1726,354,2,IN,460,2023-03-25,
1727,183,3,IN,207,2023-02-11,
1728,273,25,IN,318,2023-06-27,
1729,288,16,IN,454,2023-03-09,
1730,277,1,OUT,210,2023-11-15,14278
1731,96,32,OUT,215,2023-09-17,6758
1732,18,19,OUT,392,2023-07-14,1953
1733,333,15,OUT,300,2023-11-15,24909
1734,54,1,IN,209,2023-09-23,
1735,2,18,IN,256,2023-07-25,
1736,142,5,OUT,68,2024-03-03,19575
1737,180,23,IN,292,2024-08-14,
1738,19,34,OUT,366,2023-12-05,23690
1739,250,22,IN,105,2024-01-24,
1740,5,19,IN,395,2024-08-19,
1741,290,16,IN,7,2023-09-08,
1742,34,7,OUT,17,2023-01-17,28177
1743,8888,888,OUT,0,2023-10-18,888888
1744,185,30,IN,220,2024-11-21,
1745,312,6,OUT,120,2023-01-27,442
1746,167,15,IN,108,2024-02-16,
1747,70,26,OUT,258,2023-02-07,28729
1748,332,25,IN,267,2023-01-12,
1749,8,16,OUT,376,2023-09-08,10147
1750,354,7,OUT,499,2024-12-01,26514
1751,124,22,IN,209,2024-06-04,
1752,169,11,IN,199,2023-11-30,
1753,226,28,IN,24,2024-10-03,
1754,341,34,OUT,74,2023-05-31,14621
1755,115,6,OUT,420,2023-11-23,2297
1756,66,1,IN,443,2024-03-19,
1757,241,12,IN,430,2023-04-13,
1758,84,35,IN,334,2024-10-29,
1759,332,28,IN,389,2024-01-05,
1760,27,16,IN,88,2024-12-16,
1761,267,22,OUT,354,2024-06-23,26036
1762,330,9,IN,139,2024-05-01,
1763,8888,888,OUT,0,2023-11-25,888888
1764,307,10,OUT,332,2023-12-12,9089
1765,323,6,IN,255,2024-01-04,
1766,243,12,OUT,55,2023-08-03,24333
1767,346,22,OUT,115,2023-01-22,3249
1768,93,26,IN,7,2023-04-28,
1769,229,2,OUT,34,2024-12-19,19685
1770,157,16,OUT,328,2023-03-18,552
1771,341,17,IN,309,2023-07-27,
1772,262,5,OUT,372,2023-06-20,3488
1773,220,31,OUT,451,2024-04-23,23719
1774,232,29,OUT,397,2023-11-21,20720
1775,359,26,OUT,207,2023-05-19,10437
1776,114,19,OUT,451,2023-03-26,6981
1777,251,2,IN,146,2024-12-21,
1778,326,21,OUT,493,2023-08-03,25113
1779,163,9,IN,100,2023-10-24,
1780,342,24,IN,177,2024-10-15,
1781,290,30,OUT,162,2023-02-25,8069
1782,61,31,OUT,88,2023-05-17,15737
1783,211,27,IN,172,2024-12-17,
1784,6,26,IN,386,2024-04-03,
1785,237,30,IN,39,2024-03-01,
1786,105,11,OUT,212,2023-03-10,29430
1787,230,5,IN,439,2023-08-29,
1788,262,26,OUT,89,2024-04-21,24127
1789,80,13,IN,322,2024-01-25,
1790,22,23,OUT,339,2024-01-30,21283
1791,229,23,OUT,480,2024-04-01,1202
1792,130,20,OUT,382,2024-09-01,12483
1793,112,30,OUT,272,2024-08-11,6831
1794,156,2,IN,417,2023-07-15,
1795,57,11,IN,330,2023-09-29,
1796,83,32,OUT,291,2023-01-15,29735
1797,352,20,IN,467,2023-01-27,
1798,34,5,OUT,278,2023-05-20,15357
1799,169,35,IN,367,2024-11-27,
1800,181,10,OUT,56,2024-12-17,751
1801,177,24,IN,448,2023-11-10,
1802,320,1,IN,135,2023-12-01,
1803,99,14,OUT,270,2024-03-28,6441
1804,61,28,IN,410,2023-05-07,
1805,68,24,IN,210,2024-03-29,
1806,254,35,OUT,473,2024-02-26,14152
1807,342,26,OUT,282,2023-11-06,4948
1808,202,32,OUT,207,2024-03-12,13873
1809,49,34,OUT,333,2023-12-28,2490
1810,57,6,IN,472,2024-02-01,
1811,83,29,OUT,279,2024-12-01,19315
1812,110,22,IN,309,2024-01-26,
1813,215,19,IN,164,2023-07-25,
1814,123,35,IN,45,2023-10-15,
1815,105,15,IN,336,2024-04-10,
1816,119,23,IN,321,2023-01-02,
1817,308,3,OUT,213,2023-07-21,1280
1818,346,26,OUT,332,2024-12-11,10958
1819,293,2,IN,286,2023-05-20,
1820,18,23,OUT,414,2023-05-21,25277
1821,307,32,OUT,167,2024-05-23,24531
1822,193,23,IN,255,2023-01-05,
1823,107,5,OUT,469,2023-01-02,16321
1824,326,22,OUT,441,2023-07-02,13023
1825,192,12,OUT,267,2024-11-20,21112
1826,83,1,IN,470,2024-02-28,
1827,165,2,IN,235,2023-01-04,
1828,205,22,OUT,52,2023-08-16,10317
1829,286,28,OUT,215,2024-08-09,18785
1830,301,21,OUT,435,2024-01-04,5980
1831,46,16,IN,38,2023-11-07,
1832,247,7,IN,467,2023-06-21,
1833,52,14,IN,107,2023-11-21,
1834,229,8,IN,48,2024-12-28,
1835,198,18,IN,373,2023-12-17,
1836,237,24,OUT,394,2023-06-11,21438
1837,350,17,OUT,186,2024-12-18,7387
1838,119,24,IN,446,2024-03-10,
1839,124,12,OUT,354,2023-12-02,26658
1840,202,18,OUT,55,2023-12-04,18347
1841,284,9,OUT,56,2024-05-07,549
1842,144,21,OUT,480,2023-08-18,23610
1843,264,35,OUT,405,2024-04-03,27399
1844,209,2,IN,325,2024-08-30,
1845,8888,888,IN,0,2024-12-01,
1846,94,2,OUT,189,2024-09-19,5970
1847,325,3,OUT,313,2023-06-25,15136
1848,268,25,IN,315,2023-04-07,
1849,330,18,OUT,14,2024-05-04,2850
1850,197,27,OUT,384,2023-01-29,20596
1851,119,18,OUT,258,2023-07-31,5772
1852,28,1,OUT,127,2023-09-13,16592
1853,107,34,OUT,465,2024-03-18,21052
1854,315,24,IN,429,2024-05-15,
1855,221,5,OUT,173,2023-04-04,21130
1856,262,33,OUT,13,2024-05-15,3364
1857,32,10,IN,297,2023-02-12,
1858,67,5,OUT,57,2023-05-24,12706
1859,281,14,OUT,426,2023-04-02,28624
1860,128,26,IN,336,2023-08-28,
1861,349,19,OUT,175,2024-01-16,15128
1862,274,11,OUT,277,2023-05-21,19797
1863,292,26,OUT,304,2024-12-27,24948
1864,17,4,IN,475,2023-09-25,
1865,344,34,IN,154,2024-08-04,
1866,84,30,IN,15,2023-06-29,
1867,112,3,IN,66,2024-09-13,
1868,263,27,OUT,188,2024-05-29,7819
1869,213,6,IN,345,2023-01-19,
1870,241,33,OUT,133,2023-04-26,16602
1871,9,24,IN,220,2024-09-13,
1872,244,9,OUT,228,2024-05-05,11939
1873,285,34,OUT,309,2024-12-25,17311
1874,162,5,IN,175,2024-03-18,
1875,222,29,IN,280,2023-07-09,
1876,230,2,OUT,315,2024-01-17,2387
1877,223,9,IN,92,2023-07-11,
1878,259,27,OUT,379,2023-02-06,22138
1879,61,31,OUT,248,2024-09-10,29852
1880,192,16,OUT,77,2023-09-05,28388
1881,67,13,IN,95,2024-12-10,
1882,122,12,IN,161,2024-10-06,
1883,269,26,IN,162,2024-01-18,
1884,8888,888,IN,0,2023-05-10,
1885,232,12,OUT,399,2023-02-17,18969
1886,149,1,IN,265,2024-07-22,
1887,358,2,OUT,213,2024-12-02,9347
1888,176,12,IN,478,2024-03-12,
1889,12,14,OUT,329,2024-05-18,19842
1890,44,28,IN,339,2023-01-31,
1891,294,34,OUT,392,2024-05-19,18772
1892,309,13,OUT,292,2023-01-15,4990
1893,336,4,OUT,444,2023-09-14,13333
1894,106,29,OUT,275,2024-01-04,18100
1895,165,20,IN,315,2024-08-30,
1896,55,25,IN,105,2023-04-09,
1897,42,22,OUT,202,2023-08-19,6587
1898,356,23,OUT,421,2024-10-07,13772
1899,180,20,OUT,24,2024-07-23,9185
1900,32,27,IN,13,2023-11-16,
1901,143,15,OUT,389,2023-05-28,6060
1902,106,2,OUT,168,2023-02-26,16438
1903,58,15,IN,5,2023-07-25,
1904,275,17,IN,462,2024-03-01,
1905,188,19,IN,327,2024-02-21,
1906,343,31,OUT,16,2024-02-05,11091
1907,177,31,OUT,310,2024-03-25,27334
1908,227,34,IN,105,2023-05-04,
1909,120,29,IN,159,2024-04-13,
1910,261,13,IN,335,2023-07-03,
1911,21,1,IN,353,2024-08-17,
1912,155,11,IN,35,2024-10-07,
1913,120,30,IN,301,2023-02-22,
1914,119,33,IN,176,2023-11-24,
1915,152,29,IN,133,2024-03-11,
1916,3,15,IN,378,2024-04-23,
1917,123,34,OUT,94,2023-03-07,28858
1918,154,35,IN,2,2024-01-27,
1919,131,17,IN,189,2024-09-17,
1920,7,30,IN,401,2024-04-08,
1921,101,12,IN,229,2023-11-20,
1922,35,7,OUT,398,2023-08-25,3183
1923,104,29,OUT,43,2023-01-11,22752
1924,328,22,IN,52,2023-08-29,
1925,337,19,IN,230,2023-02-23,
1926,219,11,IN,429,2024-06-27,
1927,315,27,OUT,170,2024-11-12,13351
1928,166,13,OUT,19,2024-12-07,16731
1929,77,10,IN,345,2023-02-09,
1930,311,17,OUT,11,2024-12-07,3722
1931,45,17,OUT,19,2024-09-01,5751
1932,255,33,IN,37,2023-02-09,
1933,8888,888,OUT,0,2024-09-04,888888
1934,17,22,IN,340,2023-09-24,
1935,331,14,OUT,422,2024-07-13,19800
1936,42,33,OUT,397,2024-04-15,29975
1937,236,22,IN,444,2023-08-21,
1938,251,27,OUT,7,2024-03-20,2871
1939,249,11,OUT,332,2024-10-25,27249
1940,329,32,OUT,279,2023-05-09,29473
1941,107,19,OUT,272,2024-05-30,3018
1942,115,22,OUT,348,2023-03-15,28394
1943,309,25,IN,105,2023-03-08,
1944,175,17,IN,354,2023-07-04,
1945,14,27,OUT,307,2024-09-10,6417
1946,120,24,IN,228,2023-03-23,
1947,195,8,OUT,331,2024-06-17,3287
1948,64,22,IN,457,2024-09-22,
1949,116,13,IN,490,2024-03-09,
1950,197,27,IN,424,2024-09-02,
1951,156,20,OUT,381,2023-01-02,23837
1952,172,23,OUT,52,2024-06-30,17005
1953,301,14,OUT,338,2023-01-26,27404
1954,282,10,OUT,120,2024-02-23,27434
1955,46,26,OUT,66,2023-07-18,16601
1956,131,8,OUT,442,2023-05-10,4009
1957,222,8,IN,164,2024-04-08,
1958,190,8,OUT,295,2023-10-06,20554
1959,168,24,IN,283,2024-11-24,
1960,284,16,OUT,23,2023-09-23,19195
1961,183,6,OUT,277,2023-11-11,7217
1962,5,20,OUT,500,2024-10-29,16271
1963,207,19,IN,128,2023-08-17,
1964,148,26,OUT,37,2023-12-04,18234
1965,241,16,IN,274,2023-06-19,
1966,131,8,OUT,173,2024-01-07,24239
1967,158,12,OUT,246,2023-11-16,632
1968,8888,888,IN,0,2024-01-09,
1969,90,13,OUT,353,2023-03-22,20986
1970,312,16,OUT,245,2024-08-18,25193
1971,242,31,IN,497,2023-05-11,
1972,314,26,OUT,420,2023-07-29,27266
1973,274,35,IN,371,2024-06-12,
1974,124,6,IN,29,2023-07-16,
1975,235,33,OUT,235,2023-11-12,27959
1976,58,8,OUT,295,2024-04-08,22331
1977,170,20,OUT,343,2023-01-17,185
1978,132,5,IN,133,2024-06-19,
1979,155,14,IN,405,2024-08-26,
1980,332,30,IN,240,2023-07-09,
1981,241,33,OUT,353,2023-12-11,1007
1982,270,8,IN,45,2023-12-02,
1983,300,23,IN,254,2023-12-01,
1984,51,19,IN,118,2024-08-20,
1985,221,1,IN,237,2024-02-23,
1986,57,18,IN,472,2023-10-20,
1987,230,15,OUT,421,2023-09-29,20260
1988,116,6,OUT,492,2023-09-16,24402
1989,188,30,IN,59,2023-02-15,
1990,330,35,OUT,336,2023-09-20,21162
1991,8888,888,IN,0,2024-03-03,
1992,7,23,OUT,112,2024-06-06,147
1993,273,9,OUT,345,2024-10-17,17245
1994,103,20,OUT,179,2023-10-11,519
1995,68,3,IN,305,2023-03-28,
1996,63,13,OUT,101,2023-10-17,22208
1997,284,3,OUT,399,2023-05-31,28807
1998,108,30,IN,183,2024-10-05,
1999,78,35,IN,133,2024-01-28,
2000,260,10,IN,459,2023-05-02,
2001,304,25,IN,476,2023-01-30,
2002,75,9,IN,429,2023-04-25,
2003,222,14,IN,189,2024-07-08,
2004,154,2,OUT,280,2024-04-28,824
2005,8888,888,OUT,0,2023-07-30,888888
2006,38,6,OUT,300,2024-04-30,13563
2007,335,32,OUT,156,2024-02-09,10207
2008,346,3,IN,270,2024-12-19,
2009,282,23,IN,382,2023-07-03,
2010,159,29,OUT,144,2023-05-05,16853
2011,107,27,IN,132,2024-09-26,
2012,346,24,IN,101,2023-03-04,
2013,10,16,IN,266,2023-07-24,
2014,77,34,IN,460,2024-07-20,
2015,339,32,OUT,351,2023-12-08,4435
2016,269,33,IN,218,2023-09-15,
2017,140,16,IN,500,2023-08-20,
2018,140,15,IN,458,2023-12-07,
2019,127,34,IN,367,2024-07-26,
2020,3,30,OUT,188,2024-12-26,17412
2021,127,16,IN,19,2024-01-12,
2022,117,32,IN,462,2023-05-04,
2023,346,32,OUT,366,2023-10-02,22037
2024,161,17,OUT,39,2024-07-26,459
2025,180,17,IN,354,2024-02-13,
2026,140,24,IN,161,2024-12-27,
2027,251,3,OUT,495,2024-06-05,9876
2028,304,25,IN,9,2024-02-04,
2029,337,12,IN,441,2023-07-30,
2030,108,21,IN,339,2024-07-05,
2031,197,3,OUT,273,2023-10-31,29129
2032,248,22,IN,310,2023-09-29,
2033,185,29,OUT,122,2024-04-25,1160
2034,226,26,OUT,169,2023-06-30,7478
2035,224,10,OUT,131,2024-03-03,21394
2036,152,24,OUT,46,2023-09-14,27249
2037,197,12,OUT,76,2024-10-18,2118
2038,215,24,IN,93,2024-02-04,
2039,348,14,OUT,446,2024-02-12,2706
2040,294,9,IN,29,2024-01-27,
2041,42,33,IN,457,2024-07-13,
2042,221,2,OUT,405,2024-07-21,8377
2043,15,3,IN,284,2024-08-05,
2044,161,7,IN,275,2024-05-02,
2045,60,20,IN,352,2024-03-09,
2046,130,20,OUT,376,2023-02-21,2169
2047,47,12,IN,357,2024-06-30,
2048,59,1,OUT,212,2023-05-27,3927
2049,153,9,OUT,407,2024-12-11,29842
2050,22,4,IN,189,2023-11-16,
2051,149,25,OUT,266,2023-07-20,12978
2052,146,31,OUT,111,2023-04-04,14138
2053,27,15,OUT,36,2023-05-01,14894
2054,226,22,OUT,191,2023-10-07,12577
2055,182,11,OUT,301,2024-11-12,2313
2056,35,18,OUT,467,2024-02-01,12138
2057,315,24,IN,364,2024-01-14,
2058,132,26,OUT,107,2023-05-26,22199
2059,224,21,OUT,163,2023-06-12,23100
2060,191,21,OUT,224,2023-01-11,2824
2061,3,34,IN,492,2023-06-30,
2062,24,35,IN,336,2024-08-20,
2063,175,6,OUT,439,2024-12-27,24528
2064,290,2,IN,400,2023-11-16,
2065,72,9,IN,360,2024-02-08,
2066,188,19,IN,96,2023-01-17,
2067,206,14,OUT,486,2024-10-13,6413
2068,226,22,OUT,405,2023-03-11,14457
2069,237,1,OUT,232,2024-01-13,15404
2070,309,16,OUT,128,2023-06-14,12753
2071,320,15,OUT,228,2024-07-17,10677
2072,70,26,OUT,51,2023-07-11,27616
2073,346,13,OUT,232,2024-06-03,7031
2074,301,31,OUT,0,2024-07-06,1319
2075,305,29,OUT,401,2024-05-01,10343
2076,67,26,OUT,405,2024-06-24,19880
2077,245,32,OUT,353,2024-11-01,15227
2078,265,35,OUT,83,2023-01-29,765
2079,97,11,OUT,324,2024-10-20,23638
2080,296,4,OUT,330,2024-07-25,5872
2081,58,17,OUT,233,2023-06-24,17166
2082,342,30,IN,141,2023-07-11,
2083,282,28,IN,31,2023-05-27,
2084,347,30,OUT,218,2023-01-27,22275
2085,244,16,OUT,78,2024-10-03,16646
2086,89,23,IN,128,2023-09-08,
2087,29,32,OUT,1,2023-10-12,2903
2088,145,15,OUT,220,2023-10-22,2850
2089,303,14,OUT,393,2023-07-20,24272
2090,106,32,OUT,423,2023-08-30,16369
2091,345,20,IN,361,2024-09-25,
2092,116,24,IN,115,2024-05-05,
2093,241,11,IN,412,2023-02-26,
2094,126,9,OUT,100,2023-10-04,14276
2095,50,4,OUT,41,2024-03-12,26122
2096,306,14,IN,90,2024-02-24,
2097,210,20,IN,65,2024-08-31,
2098,17,23,IN,192,2024-01-14,
2099,315,23,OUT,19,2023-12-03,22894
2100,121,33,OUT,239,2023-10-17,6395
2101,173,27,IN,112,2023-04-14,
2102,348,13,IN,441,2024-10-08,
2103,7,18,IN,0,2023-12-17,
2104,230,7,OUT,239,2024-10-01,16988
2105,254,26,IN,358,2023-08-16,
2106,135,31,OUT,393,2023-07-23,14550
2107,329,17,OUT,361,2024-12-20,14407
2108,73,34,OUT,31,2023-12-03,1463
2109,308,30,IN,161,2023-03-13,
2110,325,5,IN,100,2024-10-02,
2111,196,33,OUT,113,2024-07-30,3063
2112,335,32,OUT,298,2024-02-24,5573
2113,249,18,OUT,356,2024-10-01,763
2114,271,25,IN,116,2024-01-20,
2115,175,21,OUT,183,2024-08-10,12053
2116,145,29,OUT,368,2024-11-19,7501
2117,49,6,IN,47,2024-09-30,
2118,25,23,IN,142,2023-12-15,
2119,273,29,IN,414,2024-01-08,
2120,19,30,OUT,67,2023-03-18,11734
2121,52,4,IN,391,2023-04-05,
2122,5,5,OUT,442,2024-10-24,5420
2123,32,16,OUT,193,2024-05-30,11763
2124,94,2,OUT,428,2024-02-09,14719
2125,72,26,OUT,259,2023-10-28,6679
2126,287,9,IN,353,2024-04-25,
2127,110,21,OUT,67,2024-06-12,20867
2128,215,2,OUT,174,2024-06-14,26936
2129,70,2,OUT,460,2024-02-25,22201
2130,135,22,OUT,300,2023-11-16,29828
2131,8888,888,IN,0,2023-02-18,
2132,270,17,IN,100,2023-03-05,
2133,91,33,OUT,444,2024-09-20,16584
2134,54,28,OUT,303,2023-01-15,4988
2135,257,22,OUT,47,2024-10-03,13776
2136,137,8,OUT,167,2023-07-27,26424
2137,316,13,IN,257,2024-09-19,
2138,339,13,IN,460,2024-05-01,
2139,123,9,IN,161,2024-02-03,
2140,171,7,IN,459,2023-09-29,
2141,180,23,OUT,440,2023-07-30,8148
2142,281,19,IN,195,2023-04-30,
2143,244,2,OUT,271,2023-06-08,9890
2144,8888,888,IN,0,2024-03-19,
2145,245,27,OUT,104,2023-07-19,1820
2146,277,3,OUT,139,2023-07-26,19429
2147,311,30,IN,433,2023-04-18,
2148,207,4,OUT,498,2023-10-02,6440
2149,88,21,IN,75,2023-06-03,
2150,335,24,OUT,0,2023-05-17,17864
2151,117,7,OUT,77,2023-08-03,28912
2152,35,2,OUT,39,2023-12-07,15451
2153,2,3,IN,311,2023-12-02,
2154,132,18,OUT,201,2023-08-05,12093
2155,88,6,OUT,453,2023-02-25,12184
2156,159,3,OUT,425,2023-09-09,4416
2157,181,16,OUT,219,2024-02-22,18925
2158,141,26,OUT,141,2023-08-17,19592
2159,10,22,OUT,389,2023-06-02,4450
2160,6,9,OUT,429,2023-07-12,19433
2161,144,20,IN,154,2024-06-18,
2162,158,2,OUT,374,2023-09-04,662
2163,113,14,IN,382,2024-09-25,
2164,130,20,IN,121,2024-04-07,
2165,327,16,IN,29,2024-12-30,
2166,18,16,OUT,98,2023-05-21,5004
2167,161,12,OUT,70,2024-05-12,12018
2168,350,24,OUT,426,2023-02-05,2402
2169,212,9,OUT,23,2023-04-09,27889
2170,242,15,IN,97,2024-01-13,
2171,101,4,OUT,34,2024-02-06,7254
2172,333,34,IN,167,2023-06-26,
2173,36,24,OUT,456,2023-10-13,21533
2174,278,4,IN,216,2023-08-31,
2175,134,29,IN,18,2023-02-24,
2176,73,19,IN,39,2023-04-11,
2177,346,5,IN,196,2024-09-14,
2178,216,30,OUT,83,2024-05-27,27896
2179,6,7,IN,381,2023-12-29,
2180,345,17,OUT,186,2023-04-18,6976
2181,290,19,OUT,470,2024-04-09,26376
2182,287,24,OUT,357,2024-02-25,12423
2183,205,4,IN,17,2024-04-11,
2184,87,3,IN,306,2024-03-22,
2185,57,10,IN,414,2024-01-22,
2186,302,24,OUT,150,2023-06-03,10788
2187,270,23,OUT,489,2024-05-18,1443
2188,73,30,OUT,322,2024-03-21,26200
2189,153,28,OUT,221,2023-01-15,1442
2190,67,23,OUT,131,2023-07-18,13543
2191,16,7,OUT,76,2023-09-06,27654
2192,336,22,OUT,125,2024-01-06,7059
2193,45,11,IN,47,2023-11-06,
2194,75,32,OUT,440,2024-07-25,20918
2195,31,17,IN,220,2024-07-22,
2196,63,18,OUT,317,2023-12-16,20154
2197,133,32,OUT,137,2023-04-20,27227
2198,337,5,OUT,9,2024-07-05,20837
2199,76,24,OUT,326,2024-06-05,8750
2200,259,22,IN,14,2024-04-27,
2201,349,12,IN,391,2024-03-22,
2202,111,5,OUT,323,2024-09-28,22977
2203,83,35,OUT,382,2023-12-11,18547
2204,102,13,IN,122,2024-01-31,
2205,41,7,OUT,294,2024-10-14,13652
2206,30,17,OUT,272,2024-12-03,10555
2207,114,1,IN,45,2023-11-05,
2208,28,9,OUT,186,2024-04-18,16440
2209,17,25,OUT,147,2024-04-16,2957
2210,65,6,OUT,482,2023-11-17,4826
2211,232,9,OUT,460,2024-09-23,18959
2212,269,16,IN,71,2023-10-14,
2213,149,9,IN,429,2023-04-10,
2214,159,23,OUT,420,2024-01-11,23414
2215,120,4,IN,193,2024-05-24,
2216,204,24,OUT,408,2023-08-23,4819
2217,238,13,IN,364,2023-07-24,
2218,45,30,OUT,269,2024-12-20,6701
2219,11,23,IN,183,2023-07-23,
2220,256,1,OUT,149,2023-02-01,5811
2221,288,23,OUT,341,2024-09-04,3267
2222,213,25,IN,438,2023-10-29,
2223,93,29,OUT,401,2024-11-23,12002
2224,96,4,IN,364,2023-10-30,
2225,161,4,OUT,479,2023-09-25,26942
2226,8,6,OUT,326,2024-01-22,15442
2227,148,30,IN,216,2024-12-26,
2228,160,30,OUT,398,2024-02-24,4398
2229,9,25,IN,410,2023-02-22,
2230,265,35,IN,167,2023-04-15,
2231,55,20,IN,137,2024-09-03,
2232,6,12,IN,153,2024-10-07,
2233,332,35,OUT,105,2023-11-19,1128
2234,8888,888,OUT,0,2023-06-06,888888
2235,339,21,IN,295,2024-07-22,
2236,212,23,IN,139,2023-08-06,
2237,68,27,OUT,9,2023-01-02,24616
2238,280,1,OUT,200,2023-03-04,14741
2239,155,19,IN,159,2023-02-20,
2240,272,29,IN,278,2024-07-20,
2241,4,2,IN,259,2024-06-20,
2242,17,13,OUT,136,2023-12-21,27026
2243,279,25,IN,185,2023-05-04,
2244,234,16,OUT,70,2023-11-15,169
2245,295,22,IN,163,2024-05-13,
2246,340,33,OUT,422,2024-02-11,1241
2247,178,21,OUT,72,2023-08-01,21053
2248,319,6,OUT,271,2023-12-19,10871
2249,8888,888,OUT,0,2024-06-30,888888
2250,221,34,OUT,386,2024-06-09,5390
2251,154,12,IN,166,2023-02-13,
2252,293,6,OUT,449,2024-06-22,17592
2253,210,32,IN,343,2023-08-23,
2254,74,14,OUT,293,2023-04-05,27436
2255,291,20,OUT,244,2023-02-05,23330
2256,311,33,IN,486,2023-11-17,
2257,46,27,OUT,423,2023-10-19,13749
2258,262,19,OUT,60,2023-12-19,14327
2259,68,32,OUT,196,2024-02-23,6779
2260,309,27,IN,289,2024-08-16,
2261,277,12,IN,268,2024-01-19,
2262,147,12,IN,166,2023-08-23,
2263,245,32,OUT,395,2024-05-26,11225
2264,203,16,OUT,286,2023-01-03,15690
2265,87,1,IN,196,2024-07-12,
2266,248,29,OUT,384,2024-09-22,19011
2267,238,34,OUT,92,2024-01-22,12516
2268,157,1,IN,350,2023-07-30,
2269,113,13,OUT,496,2023-03-16,11963
2270,74,17,OUT,293,2024-02-08,9924
2271,159,28,OUT,76,2024-02-22,9015
2272,198,6,IN,67,2024-10-22,
2273,8888,888,IN,0,2023-11-27,
2274,20,2,IN,334,2023-07-21,
2275,199,29,IN,352,2024-04-13,
2276,289,26,IN,470,2024-12-06,
2277,16,14,IN,120,2024-04-19,
2278,71,2,IN,478,2024-10-27,
2279,113,23,OUT,147,2024-02-01,5656
2280,153,33,OUT,95,2024-08-29,21787
2281,144,18,OUT,362,2024-12-27,18328
2282,273,18,OUT,328,2024-06-18,4029
2283,61,5,OUT,142,2024-08-19,13223
2284,157,8,IN,242,2023-11-27,
2285,350,35,OUT,244,2023-12-06,16256
2286,23,9,OUT,237,2023-09-23,8541
2287,173,32,IN,169,2023-08-31,
2288,179,14,IN,359,2023-09-28,
2289,12,25,OUT,95,2024-01-18,22947
2290,230,6,OUT,50,2023-08-22,26364
2291,215,8,OUT,131,2023-12-10,23312
2292,41,23,IN,372,2023-05-17,
2293,319,5,OUT,316,2023-04-12,19655
2294,347,21,IN,109,2023-01-25,
2295,120,23,OUT,272,2024-12-23,6522
2296,226,30,OUT,84,2024-04-21,14752
2297,133,27,IN,101,2023-04-21,
2298,353,8,OUT,0,2023-07-09,8132
2299,154,17,OUT,417,2023-03-09,12010
2300,45,24,OUT,360,2023-02-17,12778
2301,218,14,IN,245,2024-03-05,
2302,276,25,IN,326,2023-07-15,
2303,148,20,IN,111,2024-03-26,
2304,39,2,IN,216,2023-12-05,
2305,317,7,IN,46,2023-06-26,
2306,187,4,OUT,138,2024-12-22,8224
2307,17,21,IN,85,2023-04-09,
2308,299,27,OUT,270,2023-04-21,24891
2309,293,25,IN,280,2024-12-01,
2310,345,2,OUT,130,2023-07-12,4283
2311,342,13,IN,199,2023-10-01,
2312,4,7,IN,17,2023-04-22,
2313,59,29,IN,320,2023-04-10,
2314,141,12,OUT,383,2023-09-18,9635
2315,183,17,IN,484,2024-02-26,
2316,32,11,IN,441,2023-03-07,
2317,226,25,OUT,276,2023-06-23,25467
2318,285,2,IN,133,2024-03-29,
2319,258,7,IN,422,2024-04-08,
2320,308,8,OUT,313,2023-11-30,21357
2321,46,20,IN,456,2023-08-16,
2322,190,19,OUT,263,2024-03-29,28065
2323,70,6,OUT,426,2023-06-18,7568
2324,44,4,OUT,408,2024-01-22,27887
2325,5,5,OUT,263,2024-02-23,13688
2326,203,19,IN,162,2023-11-28,
2327,267,6,OUT,474,2024-01-27,4101
2328,41,7,IN,167,2023-11-05,
2329,20,20,IN,85,2023-09-27,
2330,2,2,IN,490,2023-11-17,
2331,213,20,IN,164,2023-06-22,
2332,285,31,IN,237,2024-03-19,
2333,326,3,OUT,200,2024-08-14,8725
2334,115,30,OUT,114,2023-09-18,13762
2335,210,28,IN,153,2024-01-03,
2336,111,4,IN,162,2023-09-19,
2337,136,26,IN,497,2024-07-02,
2338,219,15,OUT,303,2024-07-06,19491
2339,52,10,IN,81,2024-11-25,
2340,303,23,OUT,295,2024-07-19,11071
2341,161,31,IN,25,2023-11-12,
2342,324,8,IN,402,2024-07-20,
2343,186,14,IN,369,2023-07-07,
2344,169,18,IN,295,2024-12-31,
2345,316,13,IN,222,2024-02-06,
2346,244,22,IN,234,2023-09-08,
2347,61,34,IN,125,2024-09-15,
2348,77,24,OUT,19,2023-04-02,22924
2349,338,15,IN,11,2023-01-08,
2350,192,18,IN,479,2023-03-21,
2351,86,22,OUT,476,2023-05-22,25806
2352,211,27,IN,422,2024-12-13,
2353,313,28,IN,247,2023-05-26,
2354,310,12,IN,338,2024-08-15,
2355,121,3,OUT,33,2023-04-05,14944
2356,12,21,OUT,411,2023-08-23,20832
2357,110,4,IN,194,2024-09-26,
2358,65,5,IN,124,2024-03-05,
2359,333,14,IN,307,2023-03-11,
2360,238,18,IN,176,2024-10-21,
2361,41,21,OUT,240,2023-08-08,7208
2362,60,16,OUT,248,2024-03-03,27822
2363,8888,888,OUT,0,2023-08-12,888888
2364,164,25,IN,201,2023-09-22,
2365,143,13,IN,103,2024-07-21,
2366,134,24,OUT,0,2024-10-18,16019
2367,60,15,OUT,317,2023-09-28,10088
2368,104,3,OUT,165,2024-02-17,4290
2369,141,30,OUT,131,2024-10-23,9785
2370,219,32,OUT,496,2024-12-13,19437
2371,41,29,OUT,384,2023-05-06,20683
2372,268,26,IN,141,2023-02-19,
2373,110,22,IN,46,2023-10-22,
2374,346,11,OUT,174,2024-10-14,15597
2375,180,29,OUT,88,2024-12-25,27939
2376,119,32,OUT,166,2023-12-24,9720
2377,197,9,IN,247,2024-10-17,
2378,8,17,IN,62,2024-04-11,
2379,280,9,OUT,28,2023-01-05,28954
2380,341,31,IN,393,2024-12-20,
2381,190,16,OUT,44,2024-03-16,4876
2382,83,20,OUT,1,2024-12-03,17437
2383,125,11,IN,40,2024-11-23,
2384,288,27,OUT,195,2023-12-24,25525
2385,39,32,OUT,308,2024-06-23,6823
2386,294,8,IN,498,2024-11-30,
2387,210,5,IN,320,2023-03-02,
2388,276,5,IN,441,2024-08-12,
2389,65,7,OUT,63,2023-11-07,17885
2390,120,18,IN,91,2024-05-15,
2391,104,29,OUT,288,2024-03-03,27802
2392,239,35,OUT,216,2024-08-31,18945
2393,314,1,OUT,136,2023-04-30,14861
2394,64,20,OUT,220,2023-11-17,14989
2395,318,23,IN,139,2024-10-04,
2396,344,21,OUT,422,2023-09-10,13482
2397,296,5,OUT,494,2024-05-22,20966
2398,74,13,IN,208,2023-09-10,
2399,268,23,IN,473,2023-03-14,
2400,346,12,OUT,64,2023-06-02,15049
2401,334,17,OUT,74,2023-04-20,19098
2402,268,26,OUT,256,2023-02-24,22744
2403,42,4,IN,493,2023-04-19,
2404,192,16,IN,315,2024-07-21,
2405,124,34,OUT,102,2024-06-19,8333
2406,180,24,OUT,112,2023-05-23,12603
2407,224,18,IN,165,2023-08-01,
2408,50,35,OUT,17,2023-12-19,23484
2409,134,35,OUT,198,2023-03-15,4134
2410,256,17,IN,380,2023-12-18,
2411,257,27,OUT,168,2023-08-19,6951
2412,62,9,OUT,86,2024-01-29,12085
2413,236,19,IN,310,2023-02-07,
2414,33,18,IN,163,2024-03-21,
2415,145,7,OUT,182,2024-04-21,6593
2416,295,2,OUT,58,2024-05-11,21690
2417,290,10,OUT,424,2024-03-29,28485
2418,249,35,IN,410,2023-11-26,
2419,8888,888,OUT,0,2023-08-31,888888
2420,154,19,IN,403,2024-12-06,
2421,8888,888,IN,0,2023-04-25,
2422,228,4,OUT,203,2024-07-18,7802
2423,352,2,OUT,131,2024-03-01,437
2424,193,12,IN,209,2024-01-21,
2425,319,10,IN,308,2024-07-22,
2426,62,30,IN,249,2023-11-06,
2427,71,18,OUT,409,2024-03-15,26463
2428,314,20,IN,449,2023-03-17,
2429,299,15,IN,445,2023-12-08,
2430,314,8,OUT,26,2023-10-05,1351
2431,17,19,OUT,363,2023-10-17,27660
2432,337,17,IN,323,2024-04-05,
2433,51,24,OUT,168,2023-03-02,13423
2434,13,6,IN,430,2023-10-25,
2435,179,5,IN,313,2024-02-28,
2436,74,30,OUT,23,2024-12-04,19901
2437,131,5,OUT,311,2023-07-08,25933
2438,8,35,OUT,108,2024-01-24,5827
2439,39,21,IN,0,2023-05-21,
2440,308,27,IN,5,2024-01-16,
2441,323,2,IN,431,2023-08-10,
2442,186,4,OUT,267,2023-09-02,19285
2443,173,15,IN,417,2024-07-17,
2444,26,13,IN,367,2023-10-20,
2445,238,14,IN,81,2023-02-12,
2446,10,18,OUT,327,2023-01-04,13640
2447,333,10,OUT,134,2024-07-22,6240
2448,262,33,OUT,38,2023-08-17,2018
2449,307,18,OUT,269,2024-11-06,8938
2450,49,8,OUT,19,2023-03-29,17088
2451,192,19,OUT,486,2024-10-03,25296
2452,27,23,OUT,301,2024-05-29,17133
2453,175,4,OUT,410,2024-12-04,19562
2454,45,29,OUT,383,2023-01-07,25499
2455,225,25,IN,210,2023-07-22,
2456,30,4,IN,454,2023-06-15,
2457,66,29,OUT,327,2023-01-15,18545
2458,44,14,OUT,346,2023-11-11,11868
2459,55,23,IN,190,2024-02-12,
2460,316,35,IN,187,2024-06-20,
2461,355,17,IN,396,2024-06-04,
2462,26,14,OUT,77,2024-07-06,27454
2463,8888,888,IN,0,2024-01-31,
2464,255,20,IN,137,2024-08-09,
2465,279,14,IN,273,2024-05-08,
2466,311,32,IN,445,2023-01-17,
2467,18,23,OUT,443,2024-02-28,20545
2468,154,21,OUT,228,2024-07-25,2765
2469,162,16,OUT,65,2023-09-21,15975
2470,332,20,IN,297,2024-07-16,
2471,261,3,IN,253,2023-12-21,
2472,306,31,IN,30,2024-07-08,
2473,205,2,IN,35,2024-01-01,
2474,346,13,OUT,452,2023-11-18,15550
2475,224,30,OUT,94,2024-02-10,6852
2476,37,25,IN,288,2024-09-01,
2477,283,28,IN,342,2023-07-04,
2478,161,24,OUT,488,2023-12-14,1480
2479,248,17,IN,205,2023-04-06,
2480,294,3,OUT,433,2023-01-26,29905
2481,172,23,IN,353,2023-02-08,
2482,299,1,IN,307,2023-10-17,
2483,197,31,OUT,382,2023-10-23,27955
2484,307,16,IN,119,2024-06-30,
2485,329,18,OUT,295,2024-12-22,6526
2486,237,12,OUT,310,2024-01-20,10774
2487,193,30,IN,481,2024-08-17,
2488,218,4,IN,12,2024-03-20,
2489,265,10,OUT,429,2024-02-25,15219
2490,263,6,OUT,77,2024-08-08,2875
2491,220,34,IN,380,2023-01-02,
2492,12,30,OUT,3,2024-03-06,3445
2493,352,31,IN,199,2024-05-18,
2494,216,7,OUT,304,2024-07-30,21585
2495,206,22,OUT,122,2023-01-21,14169
2496,241,22,IN,47,2024-08-23,
2497,269,10,IN,84,2024-11-11,
2498,183,3,IN,338,2024-07-20,
2499,351,17,IN,281,2023-09-07,
2500,116,18,OUT,366,2024-06-11,5070
2501,238,21,IN,396,2024-03-07,
2502,347,32,IN,218,2023-09-11,
2503,246,17,OUT,381,2024-07-15,21154
2504,21,31,OUT,54,2024-02-13,19435
2505,179,5,OUT,379,2024-02-05,14770
2506,26,12,IN,197,2024-01-31,
2507,68,28,IN,254,2023-07-13,
2508,189,12,OUT,319,2024-06-28,27399
2509,334,32,IN,19,2023-03-16,
2510,59,7,IN,293,2024-03-23,
2511,142,16,OUT,391,2023-08-17,29467
2512,161,27,IN,275,2024-05-22,
2513,244,20,OUT,165,2023-03-27,13729
2514,56,13,OUT,145,2023-11-19,28975
2515,8,32,OUT,6,2024-05-14,3845
2516,213,6,IN,274,2023-12-08,
2517,351,21,OUT,131,2023-07-26,1524
2518,343,8,IN,408,2024-01-03,
2519,134,29,OUT,278,2024-11-07,29820
2520,232,31,OUT,308,2024-01-25,2594
2521,163,9,IN,391,2023-01-30,
2522,294,33,OUT,201,2024-05-21,3115
2523,312,35,IN,382,2023-02-09,
2524,240,34,IN,380,2023-05-04,
2525,309,14,OUT,20,2024-03-04,6180
2526,87,18,IN,375,2023-11-21,
2527,199,34,OUT,340,2023-05-19,27580
2528,324,16,OUT,140,2024-09-13,28287
2529,218,17,OUT,17,2024-01-31,25387
2530,37,5,OUT,122,2023-10-07,18669
2531,114,11,IN,18,2023-05-12,
2532,55,19,OUT,361,2024-01-30,2376
2533,4,33,IN,270,2024-10-22,
2534,334,11,OUT,185,2024-10-18,5017
2535,250,25,OUT,44,2024-08-31,14333
2536,302,8,IN,445,2024-07-18,
2537,15,31,IN,444,2023-02-02,
2538,306,29,OUT,357,2023-06-18,10616
2539,227,13,OUT,352,2024-05-28,18003
2540,284,1,OUT,266,2023-03-10,11642
2541,42,32,OUT,268,2023-12-05,5167
2542,35,33,IN,301,2024-07-04,
2543,230,8,OUT,1,2023-02-24,15166
2544,185,34,OUT,109,2023-04-17,20857
2545,83,35,OUT,17,2023-01-20,29740
2546,135,35,IN,138,2024-06-28,
2547,138,7,IN,357,2024-04-06,
2548,40,29,IN,76,2024-01-14,
2549,340,20,IN,460,2023-04-24,
2550,112,32,IN,377,2023-12-04,
2551,278,14,OUT,406,2024-04-02,28128
2552,258,34,OUT,233,2024-11-20,24154
2553,8,31,IN,233,2023-11-30,
2554,23,1,OUT,309,2023-05-23,12905
2555,13,33,IN,155,2023-11-20,
2556,83,32,OUT,454,2023-02-16,9165
2557,271,1,IN,0,2024-07-07,
2558,25,9,OUT,143,2023-01-23,24419
2559,264,27,OUT,330,2023-10-23,15868
2560,132,17,IN,57,2023-12-17,
2561,188,19,OUT,286,2023-05-29,1615
2562,357,28,IN,374,2024-08-31,
2563,278,32,OUT,312,2023-01-06,9393
2564,182,33,IN,231,2023-09-25,
2565,112,15,OUT,237,2024-04-16,1404
2566,342,18,IN,209,2023-10-20,
2567,2,23,OUT,466,2023-01-30,2951
2568,39,27,OUT,158,2023-11-24,27518
2569,69,4,OUT,72,2024-09-02,28524
2570,256,34,IN,208,2024-05-25,
2571,275,33,OUT,422,2024-01-15,23577
2572,350,18,OUT,165,2024-04-08,17519
2573,10,27,OUT,374,2024-10-06,12315
2574,70,24,IN,126,2023-05-24,
2575,68,25,OUT,45,2023-12-19,1976
2576,278,14,IN,79,2024-01-30,
2577,235,11,OUT,367,2024-11-19,16172
2578,280,31,IN,0,2023-12-15,
2579,56,19,OUT,205,2024-01-09,18454
2580,189,21,IN,342,2024-05-24,
2581,39,20,OUT,250,2024-12-01,6564
2582,4,16,IN,4,2023-09-09,
2583,268,5,OUT,231,2023-07-03,24778
2584,49,22,OUT,450,2024-03-20,11305
2585,23,22,OUT,107,2023-04-03,10797
2586,97,27,IN,34,2023-08-09,
2587,353,11,OUT,295,2023-11-30,5342
2588,23,16,OUT,65,2023-05-13,16027
2589,358,21,OUT,354,2023-02-23,17104
2590,6,16,OUT,32,2024-04-15,24311
2591,180,17,IN,1,2024-11-04,
2592,357,13,IN,367,2023-09-28,
2593,310,28,IN,351,2023-04-04,
2594,73,10,IN,333,2024-09-24,
2595,233,11,OUT,371,2024-07-07,6447
2596,215,12,OUT,63,2023-03-13,5635
2597,328,15,OUT,273,2023-05-28,23095
2598,65,26,IN,85,2023-01-14,
2599,73,2,IN,199,2023-07-20,
2600,136,7,OUT,314,2023-04-11,22346
2601,340,2,OUT,443,2024-12-19,6431
2602,102,29,IN,388,2024-09-23,
2603,193,27,IN,290,2023-09-10,
2604,47,18,OUT,361,2024-06-21,6699
2605,219,10,IN,81,2023-06-29,
2606,272,27,OUT,499,2024-10-27,1815
2607,263,33,IN,324,2023-06-18,
2608,330,22,OUT,434,2024-10-07,1115
2609,42,1,OUT,94,2023-01-12,2473
2610,8888,888,OUT,0,2024-07-25,888888
2611,324,3,OUT,410,2024-02-19,9224
2612,185,30,OUT,350,2024-06-28,852
2613,13,7,OUT,323,2023-05-16,17200
2614,291,29,IN,255,2024-12-24,
2615,178,24,OUT,113,2023-12-10,632
2616,162,25,OUT,402,2023-08-11,1066
2617,96,15,OUT,497,2024-01-29,12028
2618,151,28,IN,206,2024-07-19,
2619,47,12,OUT,231,2024-05-28,542
2620,289,26,OUT,402,2024-11-25,6930
2621,97,33,IN,283,2023-04-16,
2622,259,13,IN,392,2024-11-28,
2623,345,26,IN,236,2023-09-27,
2624,98,23,OUT,382,2023-03-23,12785
2625,106,35,OUT,185,2023-03-04,26283
2626,353,29,IN,71,2024-10-02,
2627,125,16,IN,87,2024-04-13,
2628,25,33,OUT,454,2023-04-19,29051
2629,119,9,OUT,301,2024-06-24,21439
2630,35,18,IN,404,2024-07-07,
2631,332,1,IN,5,2023-03-13,
2632,194,21,OUT,184,2024-11-09,2567
2633,357,12,IN,350,2024-04-01,
2634,349,23,IN,427,2023-03-26,
2635,208,8,OUT,453,2023-04-29,4030
2636,185,35,OUT,344,2024-08-15,2541
2637,134,2,IN,276,2023-03-05,
2638,118,35,OUT,125,2024-01-06,16642
2639,81,12,IN,29,2023-11-30,
2640,221,17,OUT,109,2023-01-03,14968
2641,149,23,IN,399,2024-11-12,
2642,249,22,OUT,3,2024-11-01,19334
2643,73,32,IN,33,2023-01-10,
2644,335,19,IN,349,2024-01-08,
2645,188,14,IN,61,2023-01-05,
2646,49,7,OUT,482,2024-09-19,14313
2647,67,28,IN,126,2023-11-16,
2648,35,31,OUT,415,2023-03-28,4056
2649,277,31,OUT,386,2023-01-19,22911
2650,174,31,OUT,344,2023-06-19,21155
2651,343,27,IN,336,2023-10-12,
2652,148,21,OUT,422,2024-08-02,4449
2653,104,21,OUT,149,2023-08-27,8888
2654,296,5,OUT,264,2023-05-30,15698
2655,123,7,IN,483,2023-05-15,
2656,173,18,OUT,320,2023-06-01,17693
2657,327,18,IN,12,2024-02-02,
2658,197,14,OUT,147,2023-10-22,12290
2659,332,13,OUT,198,2024-07-24,7476
2660,351,10,IN,124,2024-10-03,
2661,72,26,IN,98,2024-11-19,
2662,270,25,OUT,390,2024-09-10,445
2663,60,8,OUT,145,2024-06-07,26260
2664,167,12,OUT,58,2024-01-23,26152
2665,307,33,OUT,289,2023-04-04,11320
2666,193,9,OUT,130,2023-12-06,27585
2667,223,28,OUT,127,2024-10-18,27990
2668,105,25,IN,9,2024-01-03,
2669,284,33,IN,138,2023-01-11,
2670,354,21,IN,95,2023-04-24,
2671,265,15,IN,49,2023-12-29,
2672,76,3,OUT,157,2023-10-29,1327
2673,10,32,OUT,380,2023-03-08,20570
2674,222,12,OUT,87,2023-09-18,16990
2675,217,16,OUT,483,2024-02-17,6147
2676,224,10,OUT,197,2023-08-21,20351
2677,182,17,OUT,238,2024-06-26,21394
2678,8888,888,OUT,0,2024-02-23,888888
2679,220,11,OUT,485,2023-04-05,13029
2680,263,4,OUT,461,2024-08-19,6408
2681,71,5,OUT,273,2023-09-03,16437
2682,37,23,OUT,463,2023-02-18,16966
2683,358,19,OUT,488,2024-02-23,18344
2684,289,29,OUT,78,2023-07-29,5590
2685,352,35,OUT,467,2023-02-08,28947
2686,46,13,IN,361,2024-03-03,
2687,86,5,OUT,45,2024-10-14,5048
2688,271,9,OUT,77,2024-05-02,29802
2689,272,24,OUT,409,2023-09-15,4276
2690,79,24,OUT,178,2024-10-15,1029
2691,279,6,IN,323,2023-05-25,
2692,33,27,IN,264,2023-12-26,
2693,171,24,OUT,367,2024-05-30,18207
2694,195,1,OUT,390,2023-03-19,6573
2695,244,29,IN,74,2024-06-11,
2696,247,1,OUT,339,2023-09-03,28109
2697,345,3,IN,227,2024-06-21,
2698,328,29,OUT,397,2023-06-04,13412
2699,182,5,IN,260,2024-01-24,
2700,344,3,OUT,236,2024-10-30,19373
2701,346,9,OUT,315,2024-06-04,8756
2702,240,9,IN,161,2023-02-07,
2703,35,29,IN,232,2023-05-19,
2704,155,1,IN,380,2024-09-12,
2705,328,20,IN,459,2023-07-08,
2706,2,29,OUT,64,2024-09-23,7758
2707,36,5,IN,401,2024-02-03,
2708,71,13,OUT,443,2023-10-12,8814
2709,357,33,OUT,13,2023-06-24,12067
2710,74,15,OUT,22,2024-10-16,21821
2711,197,28,IN,370,2023-06-15,
2712,7,19,OUT,183,2024-08-07,20609
2713,26,21,OUT,88,2023-04-21,21871
2714,263,31,OUT,55,2024-04-19,5370
2715,204,15,OUT,4,2024-07-14,22223
2716,348,6,OUT,402,2024-09-24,8526
2717,316,24,OUT,106,2023-02-02,6599
2718,189,3,OUT,155,2024-06-15,22861
2719,15,22,OUT,327,2023-10-07,19309
2720,163,24,OUT,442,2023-02-16,4425
2721,22,15,IN,113,2023-02-11,
2722,281,1,IN,196,2024-10-22,
2723,324,35,OUT,445,2024-09-30,16150
2724,127,14,OUT,345,2023-12-18,17437
2725,142,8,IN,276,2024-05-16,
2726,185,3,IN,268,2023-07-01,
2727,226,32,OUT,46,2024-02-20,25254
2728,222,6,OUT,231,2024-06-28,18101
2729,36,24,OUT,220,2024-12-30,21436
2730,118,4,OUT,463,2024-05-04,26950
2731,33,12,OUT,59,2024-04-17,25338
2732,176,18,OUT,484,2023-08-17,8902
2733,16,8,OUT,478,2024-09-20,11018
2734,86,11,IN,192,2024-10-12,
2735,64,16,OUT,42,2024-02-12,5043
2736,154,16,IN,132,2023-06-13,
2737,81,28,OUT,493,2023-08-28,9234
2738,133,22,IN,320,2024-01-27,
2739,148,24,IN,299,2024-05-16,
2740,182,10,IN,280,2023-08-31,
2741,139,2,IN,494,2024-02-04,
2742,326,1,OUT,334,2024-04-26,21342
2743,8888,888,OUT,0,2023-09-15,888888
2744,156,8,IN,442,2024-01-01,
2745,255,23,OUT,0,2024-08-17,16037
2746,353,18,OUT,371,2024-04-16,5459
2747,322,14,OUT,223,2024-07-01,9467
2748,8888,888,IN,0,2023-09-23,
2749,73,6,OUT,497,2023-08-08,9777
2750,202,3,IN,102,2024-12-06,
2751,69,27,IN,473,2023-04-18,
2752,337,11,IN,168,2023-04-05,
2753,110,1,IN,144,2023-04-03,
2754,198,13,OUT,177,2024-01-26,26549
2755,280,15,IN,462,2023-07-22,
2756,53,23,OUT,265,2023-06-07,24595
2757,114,32,OUT,366,2024-10-27,21028
2758,218,20,IN,130,2024-08-21,
2759,292,6,OUT,51,2023-06-06,23259
2760,237,17,OUT,126,2023-04-13,19985
2761,304,13,OUT,330,2023-01-21,27891
2762,193,26,IN,347,2023-05-24,
2763,53,23,IN,15,2024-02-22,
2764,300,19,OUT,57,2023-01-03,1844
2765,347,24,OUT,472,2023-06-24,29498
2766,122,17,OUT,250,2023-07-14,29450
2767,36,17,IN,403,2024-01-11,
2768,360,22,OUT,470,2023-07-21,26741
2769,219,2,OUT,468,2024-11-01,5087
2770,194,21,OUT,475,2024-07-30,17235
2771,249,19,IN,33,2024-08-13,
2772,47,8,OUT,343,2024-09-15,11809
2773,47,31,IN,251,2023-02-28,
2774,12,30,IN,161,2024-03-15,
2775,178,4,OUT,16,2023-08-26,12293
2776,253,16,IN,372,2024-12-29,
2777,265,9,OUT,314,2023-10-13,22559
2778,1,4,OUT,369,2024-04-07,7525
2779,52,16,IN,476,2024-10-09,
2780,13,20,OUT,411,2024-09-25,11847
2781,53,21,IN,119,2023-09-11,
2782,300,9,OUT,446,2024-01-22,26026
2783,208,3,IN,188,2023-04-17,
2784,270,16,IN,46,2023-02-11,
2785,136,23,IN,25,2024-02-29,
2786,78,2,OUT,110,2023-10-31,248
2787,327,31,IN,447,2023-09-19,
2788,16,20,IN,306,2024-12-01,
2789,286,22,OUT,49,2024-06-19,26835
2790,233,35,IN,48,2024-12-08,
2791,312,4,OUT,411,2024-11-28,6795
2792,148,14,OUT,70,2023-12-18,8729
2793,297,12,IN,415,2024-06-27,
2794,343,9,OUT,243,2024-11-18,16748
2795,343,5,IN,0,2024-08-21,
2796,200,7,OUT,386,2024-01-24,25331
2797,298,20,OUT,269,2023-09-25,24451
2798,340,32,OUT,386,2023-05-14,4665
2799,32,35,OUT,39,2023-08-12,21051
2800,204,3,OUT,410,2024-05-26,9275
2801,30,21,OUT,277,2024-01-15,3695
2802,279,15,OUT,112,2024-01-06,25100
2803,113,15,OUT,207,2023-02-16,11950
2804,209,4,OUT,84,2023-01-17,17615
2805,316,22,OUT,325,2023-01-29,29571
2806,226,3,OUT,304,2024-06-22,29757
2807,122,35,OUT,179,2024-09-12,22539
2808,284,1,OUT,185,2024-07-07,10541
2809,65,9,IN,229,2023-11-16,
2810,223,1,OUT,117,2023-05-01,11884
2811,175,25,OUT,363,2024-09-22,27795
2812,230,7,OUT,444,2023-08-09,15832
2813,221,22,IN,245,2024-04-14,
2814,179,14,IN,348,2023-05-19,
2815,115,3,OUT,140,2024-10-15,8541
2816,57,26,OUT,225,2023-08-08,185
2817,146,13,OUT,386,2024-07-02,29904
2818,253,25,IN,402,2024-09-07,
2819,70,21,IN,270,2024-12-30,
2820,321,11,OUT,131,2024-01-31,24765
2821,27,34,IN,193,2023-09-23,
2822,197,11,IN,160,2024-03-15,
2823,27,8,OUT,37,2024-05-16,3130
2824,30,22,OUT,251,2024-11-17,3233
2825,298,34,IN,106,2024-04-10,
2826,280,9,OUT,87,2024-06-19,19626
2827,152,3,OUT,219,2023-12-03,23533
2828,189,31,OUT,443,2023-07-06,28094
2829,29,6,IN,52,2024-08-31,
2830,204,17,IN,365,2024-05-14,
2831,35,12,IN,189,2024-11-07,
2832,138,10,OUT,19,2024-08-22,1158
2833,150,5,OUT,306,2023-03-19,18654
2834,32,32,OUT,347,2023-08-12,26104
2835,302,34,IN,322,2024-06-22,
2836,308,29,IN,305,2024-06-12,
2837,355,3,OUT,416,2024-02-21,27383
2838,101,26,IN,448,2023-10-04,
2839,248,22,IN,236,2024-06-15,
2840,321,13,IN,445,2024-11-07,
2841,113,7,OUT,391,2023-03-25,7947
2842,291,19,OUT,310,2023-03-15,25049
2843,103,9,IN,29,2023-11-19,
2844,305,3,OUT,299,2023-01-11,27177
2845,250,7,OUT,350,2024-01-21,22688
2846,270,16,OUT,374,2023-02-07,18773
2847,258,23,OUT,304,2024-05-11,18208
2848,117,23,IN,51,2024-05-26,
2849,133,31,OUT,33,2024-08-25,11173
2850,44,5,OUT,136,2024-10-26,12682
2851,234,24,IN,243,2023-01-06,
2852,316,5,IN,456,2024-11-21,
2853,51,27,IN,393,2023-10-25,
2854,292,25,IN,459,2024-11-29,
2855,28,12,OUT,239,2024-07-02,27584
2856,166,23,IN,209,2023-09-05,
2857,222,3,IN,52,2024-06-08,
2858,52,7,OUT,330,2023-12-01,7770
2859,28,7,IN,245,2023-09-10,
2860,36,4,OUT,345,2024-08-21,17924
2861,297,9,OUT,81,2024-08-02,17517
2862,338,22,OUT,187,2024-09-04,27779
2863,284,2,IN,191,2024-08-01,
2864,146,22,OUT,216,2024-08-17,20620
2865,99,4,IN,104,2024-10-20,
2866,307,15,OUT,0,2024-02-10,8056
2867,228,23,IN,295,2024-10-31,
2868,347,24,OUT,435,2023-03-14,3682
2869,168,3,OUT,295,2024-12-15,21456
2870,302,16,OUT,0,2024-06-15,24325
2871,119,15,OUT,347,2023-05-15,18399
2872,233,18,OUT,102,2024-02-17,7266
2873,320,23,OUT,374,2023-09-20,22073
2874,273,16,IN,143,2024-12-27,
2875,64,10,OUT,442,2023-10-18,27724
2876,18,25,IN,371,2024-02-24,
2877,258,31,OUT,487,2024-03-13,1800
2878,306,28,OUT,255,2023-08-23,16653
2879,337,14,OUT,185,2024-03-25,30000
2880,204,24,IN,474,2024-12-16,
2881,22,10,OUT,37,2024-10-16,29816
2882,126,30,OUT,275,2023-12-21,21744
2883,20,21,OUT,173,2023-01-28,19185
2884,137,3,IN,151,2024-01-07,
2885,126,30,OUT,335,2024-09-18,13722
2886,27,4,OUT,175,2023-08-23,22046
2887,243,19,IN,108,2024-06-08,
2888,48,4,OUT,46,2023-10-30,27033
2889,171,34,OUT,272,2023-10-01,27946
2890,211,19,IN,158,2023-10-09,
2891,87,10,OUT,363,2023-11-11,24338
2892,216,30,IN,9,2024-11-27,
2893,68,30,OUT,473,2024-11-29,14505
2894,34,20,IN,128,2024-06-11,
2895,238,32,IN,490,2023-05-09,
2896,197,30,IN,264,2024-01-28,
2897,142,18,IN,393,2023-10-13,
2898,147,21,OUT,343,2023-06-29,18323
2899,169,35,IN,391,2023-03-13,
2900,48,20,OUT,62,2024-05-18,21894
2901,149,30,OUT,450,2024-10-03,29628
2902,328,32,IN,151,2024-03-04,
2903,92,34,IN,22,2023-09-20,
2904,162,5,OUT,137,2024-10-13,7050
2905,252,18,IN,243,2024-01-06,
2906,163,6,OUT,321,2023-11-20,20078
2907,242,19,IN,250,2023-02-22,
2908,319,14,OUT,300,2024-06-15,11513
2909,322,12,IN,126,2023-02-03,
2910,222,20,IN,241,2024-02-01,
2911,128,4,IN,372,2024-07-25,
2912,267,16,OUT,478,2024-11-15,5303
2913,205,10,IN,299,2023-09-21,
2914,220,31,OUT,40,2023-10-26,15151
2915,71,8,OUT,393,2024-02-17,16474
2916,225,15,OUT,255,2023-03-23,27267
2917,187,12,OUT,213,2024-04-24,25535
2918,271,19,IN,54,2023-06-11,
2919,40,26,IN,77,2024-03-31,
2920,236,3,IN,38,2023-06-18,
2921,99,5,IN,112,2024-08-10,
2922,173,28,OUT,158,2024-07-02,9351
2923,154,11,IN,86,2023-12-27,
2924,21,16,IN,306,2024-01-18,
2925,220,28,OUT,170,2024-02-15,476
2926,173,23,OUT,32,2024-08-24,2445
2927,26,25,OUT,436,2024-02-06,12130
2928,53,33,OUT,420,2024-01-27,2634
2929,203,8,OUT,105,2024-11-02,26700
2930,132,23,IN,119,2024-10-15,
2931,167,1,IN,215,2024-01-02,
2932,284,11,IN,226,2023-03-18,
2933,299,21,IN,314,2023-02-18,
2934,298,1,IN,265,2023-11-05,
2935,38,16,IN,420,2023-08-29,
2936,201,32,OUT,13,2023-09-03,12468
2937,204,7,IN,399,2023-03-13,
2938,158,22,OUT,96,2024-09-12,15362
2939,341,12,OUT,388,2023-02-09,7448
2940,336,8,OUT,263,2023-06-03,11897
2941,176,6,IN,261,2023-02-03,
2942,332,31,IN,355,2024-10-18,
2943,17,6,IN,291,2023-02-28,
2944,341,1,IN,232,2023-06-24,
2945,3,7,IN,88,2023-04-11,
2946,345,26,IN,211,2024-12-13,
2947,302,16,IN,38,2023-12-19,
2948,77,7,IN,408,2023-10-05,
2949,319,2,IN,70,2023-06-10,
2950,96,1,IN,199,2023-09-30,
2951,177,35,IN,49,2024-05-04,
2952,331,34,IN,246,2023-10-14,
2953,189,3,OUT,61,2024-08-28,27615
2954,138,26,IN,21,2023-01-29,
2955,56,17,IN,385,2023-03-28,
2956,242,3,IN,343,2024-06-16,
2957,358,9,IN,155,2024-06-20,
2958,94,26,OUT,110,2024-04-03,16310
2959,294,26,IN,311,2024-07-12,
2960,29,8,OUT,83,2023-10-14,22205
2961,352,22,OUT,167,2023-11-01,27847
2962,307,26,IN,415,2023-12-02,
2963,8888,888,OUT,0,2024-10-23,888888
2964,266,28,IN,419,2023-10-01,
2965,199,21,OUT,452,2024-05-18,17318
2966,209,12,OUT,31,2024-10-13,340
2967,12,29,OUT,323,2023-02-28,6904
2968,128,6,OUT,45,2023-04-03,22100
2969,267,12,OUT,238,2023-09-30,28752
2970,89,28,OUT,44,2023-11-17,4868
2971,341,6,OUT,209,2024-08-15,9233
2972,249,30,OUT,228,2024-11-20,4209
2973,244,26,IN,51,2024-04-24,
2974,280,25,IN,143,2024-09-12,
2975,155,35,OUT,158,2024-05-22,23692
2976,8,16,OUT,230,2023-11-22,8114
2977,157,24,IN,496,2023-10-14,
2978,177,9,IN,335,2024-12-21,
2979,151,10,IN,211,2024-05-03,
2980,277,21,OUT,149,2023-05-27,10805
2981,121,33,OUT,64,2024-09-09,12201
2982,127,6,IN,177,2024-01-24,
2983,69,12,IN,169,2023-02-01,
2984,170,31,IN,244,2024-10-07,
2985,304,13,OUT,477,2023-10-14,8438
2986,106,17,IN,432,2024-04-04,
2987,320,29,IN,191,2023-09-25,
2988,294,24,IN,59,2023-04-27,
2989,313,15,IN,261,2024-11-04,
2990,58,28,IN,329,2023-05-12,
2991,100,5,OUT,476,2023-01-29,18048
2992,174,23,OUT,302,2024-02-26,789
2993,293,4,IN,384,2024-06-01,
2994,353,33,OUT,285,2024-05-10,1390
2995,229,20,OUT,320,2024-12-16,19539
2996,282,23,OUT,434,2024-05-27,23075
2997,55,9,OUT,249,2023-12-15,9803
2998,312,4,OUT,33,2023-09-18,12106
2999,259,3,IN,186,2023-03-14,
3000,25,31,IN,463,2023-09-30,
3001,168,15,IN,100,2024-06-13,
3002,295,32,OUT,0,2023-11-05,10259
3003,265,33,IN,357,2024-03-30,
3004,203,20,IN,470,2024-02-09,
3005,147,25,IN,121,2024-01-25,
3006,349,25,OUT,428,2024-07-22,22293
3007,40,26,OUT,322,2023-07-03,21175
3008,183,19,OUT,103,2024-01-25,10307
3009,112,23,OUT,323,2023-03-07,4933
3010,277,34,IN,231,2024-06-24,
3011,328,35,IN,182,2023-05-02,
3012,52,30,IN,337,2023-03-11,
3013,152,3,OUT,17,2023-12-20,25184
3014,201,6,IN,294,2023-04-20,
3015,294,32,IN,400,2023-07-02,
3016,246,13,IN,242,2024-12-19,
3017,196,28,OUT,317,2024-05-17,17028
3018,10,25,OUT,25,2024-05-22,10518
3019,159,25,OUT,304,2024-09-23,26000
3020,355,19,IN,309,2023-03-03,
3021,201,22,OUT,162,2023-09-19,2544
3022,130,28,IN,342,2023-10-18,
3023,234,5,IN,389,2024-09-14,
3024,74,22,IN,335,2024-10-25,
3025,111,25,OUT,434,2023-01-24,23995
3026,208,34,OUT,325,2023-08-23,10090
3027,119,18,OUT,77,2023-09-04,6844
3028,216,31,IN,432,2023-08-08,
3029,199,15,IN,220,2023-01-20,
3030,311,33,OUT,294,2024-01-16,26550
3031,240,21,OUT,392,2024-01-26,21914
3032,202,8,OUT,190,2023-05-31,11469
3033,206,19,IN,275,2024-04-16,
3034,15,4,IN,401,2024-03-07,
3035,211,7,OUT,343,2023-11-23,14173
3036,197,8,IN,481,2023-04-24,
3037,299,18,OUT,260,2024-09-06,20834
3038,92,10,IN,308,2024-03-27,
3039,165,21,IN,103,2024-08-19,
3040,340,15,OUT,236,2023-06-21,5212
3041,285,15,OUT,103,2024-07-31,29099
3042,221,19,IN,447,2024-05-09,
3043,330,19,OUT,307,2023-06-18,11727
3044,54,15,IN,94,2024-01-01,
3045,192,30,OUT,126,2024-02-28,8735
3046,268,18,IN,302,2023-07-16,
3047,30,30,IN,473,2023-07-23,
3048,102,35,IN,318,2024-05-01,
3049,308,30,OUT,419,2023-10-25,7883
3050,253,34,IN,301,2023-05-17,
3051,352,8,IN,231,2023-11-18,
3052,82,3,OUT,483,2024-08-10,18092
3053,268,28,IN,94,2024-01-20,
3054,68,13,OUT,161,2024-06-17,15844
3055,344,33,OUT,417,2023-01-07,28442
3056,70,29,IN,398,2024-08-28,
3057,186,27,IN,278,2024-05-22,
3058,159,32,OUT,376,2024-07-01,11739
3059,40,23,IN,194,2024-05-15,
3060,212,11,OUT,154,2023-01-25,24172
3061,32,33,IN,271,2024-12-11,
3062,287,27,IN,239,2024-02-28,
3063,243,21,IN,159,2023-06-19,
3064,1,1,IN,496,2024-01-27,
3065,56,3,OUT,268,2023-04-03,9564
3066,214,1,OUT,50,2023-05-17,19527
3067,74,17,OUT,101,2023-11-22,16225
3068,310,19,OUT,424,2023-12-18,1361
3069,168,33,OUT,17,2024-11-05,18205
3070,8888,888,OUT,0,2023-12-13,888888
3071,232,16,IN,412,2024-04-30,
3072,176,9,OUT,169,2023-01-24,27089
3073,307,24,IN,240,2024-07-22,
3074,245,4,OUT,312,2024-09-30,28264
3075,158,12,IN,487,2023-09-09,
3076,198,13,OUT,208,2023-07-21,27646
3077,250,32,IN,349,2023-03-04,
3078,28,18,OUT,115,2023-09-18,13352
3079,288,3,OUT,246,2024-02-27,21540
3080,184,9,OUT,414,2023-09-10,547
3081,310,20,OUT,51,2023-08-18,5752
3082,61,28,IN,498,2023-11-22,
3083,222,3,OUT,158,2024-10-26,29174
3084,106,19,IN,44,2023-08-20,
3085,296,30,IN,126,2023-08-23,
3086,107,1,IN,20,2023-02-02,
3087,131,21,OUT,40,2024-09-11,12434
3088,8888,888,OUT,0,2023-03-17,888888
3089,24,30,OUT,440,2024-06-11,3107
3090,56,30,OUT,67,2023-03-07,6112
3091,268,23,IN,457,2024-05-28,
3092,300,2,IN,129,2023-03-08,
3093,139,3,IN,121,2023-06-30,
3094,227,5,IN,102,2024-03-20,
3095,111,5,OUT,447,2024-08-23,19609
3096,62,30,IN,154,2024-01-15,
3097,11,4,IN,203,2024-05-24,
3098,193,35,OUT,135,2024-08-29,692
3099,286,21,IN,177,2024-05-08,
3100,118,14,OUT,417,2023-11-02,19232
3101,206,20,OUT,323,2023-07-08,3798
3102,74,31,IN,102,2023-09-13,
3103,7,4,OUT,403,2023-03-22,29282
3104,119,4,OUT,381,2024-08-03,10359
3105,30,7,OUT,277,2023-06-12,14395
3106,230,18,IN,124,2023-05-23,
3107,70,13,OUT,108,2024-11-08,26778
3108,350,23,OUT,258,2023-01-19,22238
3109,304,26,OUT,38,2023-11-16,14569
3110,68,1,OUT,212,2024-03-17,19551
3111,304,20,OUT,331,2024-02-08,25949
3112,136,21,IN,225,2024-03-19,
3113,56,29,IN,44,2024-03-11,
3114,8888,888,IN,0,2024-08-03,
3115,296,6,OUT,278,2023-11-01,8959
3116,281,13,OUT,453,2023-03-31,5824
3117,152,27,IN,251,2023-01-21,
3118,331,3,OUT,68,2024-04-02,25916
3119,200,7,OUT,259,2024-07-05,22150
3120,285,18,OUT,208,2024-10-19,25333
3121,138,4,OUT,96,2024-07-10,3910
3122,312,8,OUT,163,2024-06-10,17511
3123,245,15,IN,238,2024-12-18,
3124,308,12,IN,140,2024-09-03,
3125,243,23,OUT,146,2024-08-27,6957
3126,92,12,IN,230,2023-05-10,
3127,355,15,OUT,281,2024-07-28,9574
3128,14,4,IN,152,2024-04-21,
3129,241,3,IN,312,2024-10-12,
3130,8888,888,OUT,0,2024-08-27,888888
3131,39,6,IN,222,2024-08-12,
3132,122,2,IN,111,2024-07-23,
3133,288,4,IN,43,2023-09-07,
3134,333,11,OUT,81,2024-05-05,11664
3135,5,19,OUT,43,2023-01-08,20122
3136,98,9,IN,277,2023-10-19,
3137,16,23,OUT,463,2024-02-06,11696
3138,298,14,OUT,275,2024-06-30,3402
3139,288,35,OUT,271,2024-01-13,17378
3140,275,35,OUT,393,2023-12-29,29787
3141,105,23,IN,488,2023-04-03,
3142,115,3,IN,314,2023-03-27,
3143,336,26,IN,211,2024-11-04,
3144,193,4,OUT,55,2023-04-01,12349
3145,117,34,OUT,163,2024-04-16,19718
3146,58,18,IN,361,2023-02-11,
3147,19,1,OUT,299,2024-04-06,10399
3148,296,5,OUT,191,2023-07-23,25564
3149,247,13,OUT,465,2024-12-05,20039
3150,352,11,IN,399,2023-08-11,
3151,218,8,OUT,52,2024-04-08,12857
3152,120,13,OUT,26,2024-01-09,24293
3153,78,15,OUT,187,2023-04-20,9644
3154,38,26,IN,57,2024-01-22,
3155,302,28,IN,356,2024-11-15,
3156,264,25,OUT,418,2023-06-11,25593
3157,276,23,OUT,481,2024-07-22,26144
3158,298,15,IN,75,2023-04-29,
3159,155,22,OUT,73,2023-02-08,25285
3160,259,32,IN,463,2023-08-11,
3161,225,7,IN,259,2023-06-30,
3162,219,4,IN,103,2023-10-01,
3163,27,23,OUT,387,2023-05-31,29906
3164,65,10,IN,490,2023-10-13,
3165,83,17,IN,496,2024-02-05,
3166,138,34,OUT,500,2023-11-28,10156
3167,308,28,OUT,26,2023-02-23,21405
3168,45,28,IN,67,2023-03-09,
3169,57,32,IN,486,2024-11-11,
3170,241,29,IN,488,2023-05-03,
3171,155,23,OUT,387,2023-01-17,25642
3172,146,7,IN,401,2023-02-21,
3173,49,1,IN,14,2024-04-10,
3174,295,23,OUT,358,2023-02-25,22427
3175,69,2,OUT,342,2023-04-11,12036
3176,185,22,OUT,6,2024-02-11,15532
3177,226,5,IN,21,2023-08-03,
3178,260,24,IN,57,2024-07-22,
3179,332,24,OUT,141,2023-02-18,25312
3180,114,22,IN,314,2024-08-10,
3181,280,12,IN,375,2023-01-29,
3182,127,16,OUT,236,2024-06-04,12267
3183,59,34,IN,376,2023-04-25,
3184,167,9,OUT,167,2023-07-27,639
3185,44,8,OUT,242,2024-12-15,27880
3186,247,24,IN,43,2023-12-31,
3187,290,14,IN,90,2024-02-10,
3188,344,19,OUT,392,2023-09-10,10248
3189,55,14,OUT,338,2024-01-25,8598
3190,275,32,OUT,274,2023-05-31,15609
3191,163,10,OUT,42,2023-03-21,928
3192,70,12,OUT,356,2024-03-14,15855
3193,301,5,OUT,483,2024-08-30,11887
3194,86,4,OUT,147,2023-02-01,17598
3195,288,13,OUT,0,2023-06-30,28206
3196,354,16,OUT,375,2024-04-06,20136
3197,121,22,IN,114,2024-07-31,
3198,13,2,IN,450,2024-02-14,
3199,337,23,OUT,69,2024-08-21,16374
3200,186,34,IN,346,2023-07-08,
3201,84,31,OUT,65,2024-03-18,20137
3202,236,14,IN,101,2024-12-25,
3203,305,8,OUT,37,2024-03-21,27323
3204,156,30,OUT,184,2024-01-27,19812
3205,141,11,IN,88,2024-04-28,
3206,3,31,IN,82,2023-02-09,
3207,154,20,IN,475,2023-04-21,
3208,124,4,OUT,236,2024-09-16,25556
3209,359,1,OUT,426,2023-10-24,3587
3210,26,19,IN,157,2023-05-02,
3211,199,15,IN,14,2024-10-01,
3212,202,17,OUT,255,2024-05-21,4107
3213,334,4,OUT,96,2023-07-11,29439
3214,43,25,IN,46,2023-06-06,
3215,139,22,OUT,117,2023-08-02,15852
3216,17,33,OUT,114,2024-02-25,17402
3217,119,10,OUT,344,2024-02-04,19922
3218,25,15,IN,302,2023-02-21,
3219,131,24,IN,37,2024-08-11,
3220,257,6,OUT,355,2024-08-14,13882
3221,107,35,OUT,139,2023-03-22,1070
3222,128,25,IN,325,2024-06-02,
3223,235,30,OUT,10,2023-01-07,28283
3224,92,21,IN,275,2023-02-17,
3225,107,31,IN,217,2023-07-11,
3226,18,7,OUT,192,2023-07-23,15079
3227,168,12,OUT,262,2024-12-15,10782
3228,91,27,OUT,119,2023-10-20,5552
3229,89,25,OUT,463,2023-12-25,18016
3230,154,33,IN,69,2024-04-07,
3231,47,25,OUT,7,2024-01-05,9345
3232,40,1,IN,392,2024-07-01,
3233,325,21,OUT,207,2024-07-09,2904
3234,62,11,OUT,464,2023-01-18,4312
3235,111,35,IN,399,2024-10-30,
3236,49,17,IN,468,2023-08-18,
3237,353,33,OUT,417,2024-03-24,877
3238,90,4,OUT,37,2023-03-27,1855
3239,336,15,IN,213,2023-10-22,
3240,274,32,OUT,80,2023-05-09,15464
3241,141,31,OUT,109,2023-03-28,24425
3242,346,24,OUT,280,2023-06-07,16787
3243,22,32,IN,89,2024-01-30,
3244,328,34,OUT,459,2024-12-18,28588
3245,351,24,IN,87,2023-04-17,
3246,315,31,OUT,136,2024-04-25,7135
3247,167,6,OUT,187,2023-03-30,12984
3248,278,10,OUT,194,2024-10-17,249
3249,271,10,OUT,87,2024-05-17,28194
3250,154,15,OUT,408,2023-02-03,23298
3251,111,4,IN,11,2023-04-22,
3252,61,4,IN,162,2024-12-24,
3253,78,24,OUT,300,2024-09-24,26337
3254,296,13,OUT,345,2024-06-30,19
3255,150,15,OUT,131,2024-10-03,10312
3256,352,31,OUT,305,2023-09-05,25544
3257,13,20,OUT,82,2023-03-07,12358
3258,343,35,OUT,335,2023-07-12,8958
3259,92,14,OUT,194,2023-11-09,27554
3260,32,12,IN,45,2023-03-08,
3261,103,3,OUT,258,2024-02-18,23213
3262,253,21,IN,158,2023-11-19,
3263,174,23,IN,164,2023-12-25,
3264,244,28,OUT,154,2024-03-30,8311
3265,266,13,OUT,399,2023-11-05,25944
3266,137,14,IN,311,2024-05-18,
3267,318,32,OUT,346,2024-02-01,20603
3268,151,15,IN,195,2023-03-30,
3269,336,5,IN,455,2024-12-30,
3270,65,17,IN,122,2024-07-20,
3271,231,21,IN,328,2023-01-01,
3272,105,22,OUT,46,2024-07-17,7234
3273,206,28,OUT,79,2024-01-14,9239
3274,137,18,IN,32,2023-02-10,
3275,71,22,IN,323,2024-03-19,
3276,88,9,OUT,328,2023-09-30,6393
3277,268,14,IN,204,2024-04-20,
3278,355,26,IN,86,2023-10-29,
3279,315,32,OUT,379,2023-10-02,25260
3280,8888,888,OUT,0,2024-08-04,888888
3281,78,31,OUT,174,2024-03-10,3079
3282,204,6,IN,312,2024-06-03,
3283,121,26,OUT,56,2024-07-06,29002
3284,64,10,OUT,498,2024-01-06,16546
3285,19,3,IN,361,2024-06-21,
3286,129,27,IN,73,2024-02-15,
3287,134,15,IN,473,2023-03-23,
3288,159,8,OUT,282,2023-07-02,19432
3289,98,26,OUT,381,2024-12-24,27825
3290,336,16,OUT,252,2024-10-25,22253
3291,81,16,IN,324,2024-09-18,
3292,192,22,OUT,20,2023-03-18,29238
3293,332,13,OUT,459,2024-04-02,11281
3294,351,31,OUT,244,2024-12-27,11498
3295,142,5,OUT,170,2023-11-20,22597
3296,331,10,IN,223,2024-12-20,
3297,10,35,OUT,436,2023-08-13,1867
3298,52,17,OUT,488,2024-08-09,5090
3299,352,18,OUT,234,2024-08-23,12056
3300,97,1,OUT,0,2024-12-17,13222
3301,268,12,OUT,172,2024-01-15,2713
3302,230,29,OUT,343,2024-03-22,25962
3303,199,33,OUT,10,2024-01-31,4453
3304,42,18,OUT,164,2023-06-29,26912
3305,175,27,OUT,275,2024-09-06,21925
3306,310,11,IN,428,2023-07-25,
3307,96,34,IN,86,2024-12-15,
3308,256,12,IN,471,2023-05-30,
3309,221,2,OUT,484,2023-09-25,2892
3310,233,16,IN,197,2024-06-14,
3311,23,34,IN,232,2024-06-29,
3312,338,26,OUT,426,2023-04-20,20923
3313,237,5,OUT,488,2023-05-31,3340
3314,238,26,IN,432,2023-09-15,
3315,64,33,OUT,159,2024-07-09,23349
3316,50,26,OUT,198,2023-01-06,26879
3317,73,13,IN,259,2024-02-16,
3318,173,16,OUT,67,2024-03-14,27317
3319,132,10,IN,384,2024-03-31,
3320,72,1,IN,65,2024-05-22,
3321,153,28,IN,203,2023-05-05,
3322,165,29,OUT,423,2023-02-07,8065
3323,151,1,IN,196,2023-09-11,
3324,220,13,OUT,327,2024-11-07,25321
3325,222,23,OUT,148,2024-02-15,19770
3326,332,33,OUT,64,2024-08-25,9344
3327,211,8,OUT,466,2023-08-24,5906
3328,117,32,IN,488,2024-06-17,
3329,222,32,OUT,439,2023-09-05,16889
3330,312,3,OUT,159,2024-09-21,21090
3331,343,6,IN,56,2023-03-14,
3332,214,23,IN,373,2024-11-15,
3333,8888,888,OUT,0,2023-09-20,888888
3334,317,18,IN,235,2024-06-22,
3335,107,10,IN,474,2023-08-10,
3336,5,7,OUT,296,2023-08-08,1554
3337,61,2,OUT,241,2024-09-20,19743
3338,175,12,OUT,43,2023-09-12,9176
3339,14,16,OUT,333,2023-11-08,14826
3340,270,19,IN,496,2024-12-31,
3341,223,18,IN,420,2024-07-14,
3342,253,21,OUT,258,2023-11-18,19298
3343,358,12,IN,378,2024-05-02,
3344,245,22,IN,332,2023-10-10,
3345,136,7,OUT,188,2023-07-15,5275
3346,8888,888,OUT,0,2024-04-10,888888
3347,177,33,OUT,284,2024-04-09,18450
3348,103,24,IN,191,2023-04-22,
3349,284,14,OUT,145,2023-08-26,9060
3350,320,29,IN,40,2024-01-04,
3351,300,19,IN,390,2023-12-14,
3352,303,25,IN,398,2023-04-25,
3353,120,6,IN,24,2023-04-29,
3354,84,31,OUT,349,2023-12-11,29730
3355,41,30,IN,376,2023-10-20,
3356,329,15,OUT,201,2024-05-27,28585
3357,220,16,IN,27,2024-06-21,
3358,60,21,OUT,277,2023-10-08,27175
3359,304,17,OUT,39,2024-10-02,19411
3360,208,14,IN,413,2024-05-29,
3361,253,15,IN,382,2024-06-01,
3362,309,21,OUT,261,2024-02-16,16727
3363,155,17,IN,259,2024-05-15,
3364,248,34,OUT,220,2024-06-21,1119
3365,159,25,OUT,151,2023-11-19,18371
3366,179,23,OUT,19,2023-04-22,8240
3367,319,33,OUT,172,2024-03-06,19679
3368,237,11,OUT,48,2024-09-04,22532
3369,153,33,OUT,35,2023-10-14,4623
3370,62,24,OUT,469,2023-12-11,16570
3371,330,32,IN,306,2023-01-23,
3372,344,9,IN,446,2024-07-01,
3373,256,32,OUT,157,2024-04-15,679
3374,125,21,OUT,254,2023-08-20,6543
3375,153,35,OUT,201,2023-04-30,6470
3376,278,10,IN,2,2023-12-07,
3377,26,12,IN,42,2023-01-08,
3378,79,16,OUT,89,2023-06-12,6566
3379,239,15,OUT,32,2024-02-01,25090
3380,197,34,IN,287,2023-06-25,
3381,99,20,OUT,483,2023-03-26,23647
3382,194,5,IN,295,2023-05-23,
3383,110,33,IN,362,2024-11-30,
3384,178,11,OUT,110,2024-10-20,11825
3385,237,23,OUT,235,2024-03-16,11357
3386,58,27,IN,173,2023-10-05,
3387,308,31,OUT,2,2024-07-29,22974
3388,257,25,IN,88,2024-04-10,
3389,306,11,IN,71,2023-02-04,
3390,195,1,IN,0,2023-07-09,
3391,281,32,IN,264,2024-09-28,
3392,71,7,OUT,316,2023-06-30,19988
3393,134,26,OUT,203,2023-12-22,5545
3394,134,6,OUT,433,2024-04-16,6511
3395,236,27,IN,37,2024-05-25,
3396,196,14,IN,292,2024-06-15,
3397,238,32,OUT,126,2023-04-19,12611
3398,352,33,OUT,23,2024-03-20,6583
3399,16,16,IN,0,2023-10-16,
3400,23,27,OUT,485,2023-06-04,24615
3401,310,1,IN,161,2024-07-31,
3402,349,5,IN,282,2024-11-03,
3403,103,35,OUT,291,2024-08-25,6997
3404,301,16,OUT,323,2024-11-26,11540
3405,79,34,IN,39,2024-09-06,
3406,185,32,OUT,460,2023-06-18,5689
3407,11,11,OUT,421,2023-03-25,17167
3408,167,17,IN,309,2023-11-21,
3409,126,26,IN,6,2023-07-17,
3410,53,8,OUT,425,2024-08-07,18509
3411,272,35,OUT,50,2024-05-18,21220
3412,197,32,IN,262,2023-04-04,
3413,12,15,OUT,119,2024-07-15,27700
3414,354,34,OUT,438,2024-06-25,8230
3415,345,8,OUT,34,2023-01-18,25275
3416,248,28,OUT,439,2023-11-02,12964
3417,77,23,OUT,113,2024-07-25,14051
3418,232,25,IN,92,2023-01-26,
3419,315,11,IN,72,2024-10-29,
3420,187,30,OUT,216,2023-04-27,29797
3421,295,20,IN,421,2024-09-17,
3422,221,24,IN,374,2024-03-29,
3423,200,34,IN,400,2024-10-22,
3424,9,28,OUT,38,2024-10-31,6888
3425,293,13,IN,148,2024-04-15,
3426,267,26,IN,100,2024-05-01,
3427,339,24,IN,318,2024-06-01,
3428,52,25,IN,242,2023-02-09,
3429,334,25,OUT,169,2024-12-10,22390
3430,317,8,IN,41,2024-06-18,
3431,232,4,OUT,96,2023-05-29,27932
3432,149,7,IN,0,2023-08-21,
3433,314,11,OUT,33,2023-11-08,8998
3434,139,3,IN,270,2024-10-24,
3435,4,13,OUT,383,2023-06-23,1733
3436,226,33,OUT,309,2024-09-14,16323
3437,138,13,OUT,396,2024-07-12,11670
3438,212,34,IN,500,2024-12-21,
3439,231,24,OUT,319,2023-05-13,2040
3440,310,24,IN,302,2023-11-09,
3441,314,3,OUT,5,2024-11-11,20030
3442,216,7,OUT,213,2024-01-21,19648
3443,24,31,OUT,191,2024-12-08,5336
3444,7,12,OUT,189,2023-10-07,3185
3445,111,9,IN,298,2023-11-18,
3446,34,4,IN,320,2023-07-09,
3447,84,35,IN,427,2023-11-26,
3448,331,33,OUT,118,2024-06-08,20147
3449,57,26,OUT,321,2023-02-28,3125
3450,12,6,OUT,80,2023-02-07,23586
3451,243,12,IN,168,2024-08-17,
3452,93,12,IN,347,2023-09-19,
3453,197,6,OUT,424,2023-12-12,1875
3454,231,9,IN,234,2023-11-03,
3455,158,11,OUT,256,2023-03-29,6179
3456,275,16,OUT,24,2023-02-26,21620
3457,279,28,OUT,453,2023-08-23,10740
3458,157,26,IN,105,2024-07-17,
3459,317,14,OUT,0,2023-02-16,23081
3460,97,16,OUT,271,2024-05-31,11642
3461,290,15,OUT,76,2024-08-16,6776
3462,146,5,OUT,210,2023-03-03,15069
3463,31,27,OUT,214,2023-02-27,22453
3464,242,23,IN,234,2023-08-22,
3465,350,35,OUT,421,2023-02-21,15461
3466,309,3,IN,104,2023-12-19,
3467,67,1,IN,192,2023-06-11,
3468,355,2,IN,40,2023-10-07,
3469,19,1,IN,109,2024-06-20,
3470,150,7,IN,314,2023-08-28,
3471,123,13,OUT,385,2024-03-01,4468
3472,146,33,IN,340,2023-05-06,
3473,254,27,IN,267,2024-07-20,
3474,309,11,IN,79,2024-05-26,
3475,102,5,IN,404,2023-06-01,
3476,306,35,IN,75,2024-12-01,
3477,306,35,OUT,70,2024-09-29,23796
3478,43,9,IN,476,2024-07-20,
3479,61,28,IN,134,2023-09-24,
3480,311,26,OUT,24,2023-06-10,17545
3481,16,19,IN,77,2024-06-27,
3482,188,28,IN,87,2024-01-08,
3483,136,19,OUT,341,2024-12-22,8356
3484,217,2,OUT,289,2024-01-20,3663
3485,242,4,IN,151,2023-02-12,
3486,297,33,OUT,487,2023-12-17,1336
3487,32,28,OUT,202,2024-11-17,17051
3488,342,23,IN,182,2024-10-26,
3489,359,26,IN,235,2023-10-17,
3490,358,33,OUT,346,2023-04-29,27030
3491,184,10,IN,293,2024-12-06,
3492,290,7,OUT,361,2023-09-15,23626
3493,188,33,IN,275,2024-08-02,
3494,4,1,IN,386,2023-12-21,
3495,304,20,IN,148,2023-02-23,
3496,345,11,IN,235,2023-10-23,
3497,320,1,IN,490,2023-03-03,
3498,54,18,OUT,148,2023-10-27,22910
3499,282,28,OUT,349,2024-02-06,23683
3500,111,26,OUT,143,2024-09-14,29006
3501,219,15,IN,214,2024-04-22,
3502,291,32,OUT,454,2024-09-20,19619
3503,222,22,OUT,26,2023-07-02,7541
3504,234,4,IN,467,2023-01-21,
3505,293,7,OUT,411,2023-12-28,9629
3506,137,6,OUT,237,2024-05-04,23122
3507,268,11,IN,380,2023-10-04,
3508,86,9,OUT,320,2023-05-14,17667
3509,304,32,OUT,178,2023-08-21,8684
3510,143,34,OUT,495,2023-12-05,622
3511,100,4,IN,385,2024-10-26,
3512,185,11,OUT,186,2023-11-19,27884
3513,7,19,OUT,16,2024-10-12,27059
3514,7,27,OUT,112,2023-01-12,25675
3515,142,19,IN,53,2024-09-12,
3516,142,27,IN,341,2023-02-26,
3517,62,31,OUT,103,2024-10-07,8770
3518,99,18,IN,256,2023-10-06,
3519,270,31,IN,289,2023-09-12,
3520,87,6,OUT,305,2024-11-18,18705
3521,247,30,OUT,112,2023-09-12,24013
3522,43,35,OUT,388,2024-11-30,5152
3523,356,6,OUT,195,2024-09-24,7644
3524,17,7,OUT,450,2023-12-09,9243
3525,96,26,IN,442,2024-09-28,
3526,204,6,IN,413,2024-08-23,
3527,109,24,OUT,153,2024-02-19,24743
3528,185,27,OUT,74,2023-07-31,14606
3529,54,1,OUT,155,2024-10-03,27923
3530,8,4,OUT,363,2023-06-04,20629
3531,1,19,OUT,498,2024-01-17,24549
3532,301,28,IN,212,2023-07-12,
3533,70,24,IN,41,2024-03-25,
3534,211,13,OUT,307,2024-03-18,21875
3535,311,27,OUT,288,2023-06-09,8347
3536,293,4,OUT,341,2024-12-29,18349
3537,308,33,OUT,102,2024-04-01,6117
3538,271,6,OUT,142,2023-10-03,25161
3539,322,23,OUT,92,2024-05-01,14154
3540,246,35,OUT,489,2023-02-28,22989
3541,273,1,OUT,102,2024-01-22,18594
3542,85,32,IN,415,2023-12-16,
3543,204,11,IN,320,2024-08-15,
3544,288,21,OUT,237,2023-10-01,17008
3545,68,28,OUT,192,2024-01-13,23184
3546,139,18,IN,245,2023-05-16,
3547,334,12,IN,441,2023-09-14,
3548,185,27,IN,310,2024-05-28,
3549,276,23,OUT,341,2024-04-18,26360
3550,6,13,OUT,324,2023-05-23,22833
3551,51,33,OUT,344,2023-11-06,29142
3552,299,8,IN,415,2024-09-22,
3553,238,31,IN,256,2023-06-23,
3554,98,29,OUT,322,2024-05-27,10377
3555,73,29,IN,383,2023-12-17,
3556,130,6,OUT,236,2024-09-17,11123
3557,175,26,IN,259,2024-09-23,
3558,353,21,OUT,438,2024-06-08,14756
3559,2,29,OUT,139,2024-07-05,10166
3560,208,34,OUT,354,2023-11-19,16994
3561,227,30,IN,213,2023-12-21,
3562,141,33,IN,169,2023-01-09,
3563,240,28,IN,239,2023-12-26,
3564,89,27,OUT,362,2024-05-13,12796
3565,123,3,OUT,479,2023-11-25,14181
3566,188,13,IN,286,2023-02-20,
3567,256,28,OUT,13,2023-07-16,12180
3568,272,25,IN,434,2023-04-23,
3569,251,32,IN,471,2023-01-14,
3570,90,24,OUT,119,2023-04-27,18046
3571,339,30,OUT,39,2024-02-06,566
3572,196,28,IN,451,2024-12-17,
3573,111,24,IN,329,2024-08-29,
3574,170,17,IN,10,2023-08-22,
3575,102,13,IN,111,2023-01-09,
3576,119,28,IN,362,2023-09-09,
3577,131,29,IN,385,2023-10-21,
3578,146,20,OUT,155,2024-02-18,18816
3579,64,11,IN,302,2023-07-24,
3580,16,35,IN,356,2023-11-29,
3581,110,6,OUT,382,2023-04-18,21026
3582,262,26,OUT,207,2024-12-26,20281
3583,98,12,IN,394,2023-04-06,
3584,349,11,OUT,486,2023-05-16,20409
3585,55,10,OUT,83,2024-12-26,8460
3586,219,28,OUT,192,2024-07-08,21228
3587,278,13,IN,250,2024-12-31,
3588,357,20,IN,270,2023-09-30,
3589,135,22,IN,314,2023-02-18,
3590,334,27,IN,388,2023-10-25,
3591,20,26,IN,191,2024-06-30,
3592,8888,888,IN,0,2024-09-08,
3593,96,16,IN,341,2024-07-19,
3594,109,17,IN,454,2024-12-06,
3595,58,20,OUT,414,2023-08-01,10004
3596,305,18,IN,431,2023-11-21,
3597,141,16,OUT,1,2023-10-12,20424
3598,185,26,OUT,275,2023-09-19,17378
3599,209,11,OUT,491,2024-09-19,17696
3600,347,10,OUT,322,2023-09-17,29635
3601,316,18,OUT,181,2024-03-05,29884
3602,59,3,IN,226,2024-11-28,
3603,257,20,IN,48,2023-07-16,
3604,50,2,OUT,283,2023-10-20,17931
3605,9,25,OUT,58,2023-03-16,3983
3606,175,5,OUT,180,2024-08-08,8300
3607,351,13,OUT,358,2023-11-07,27299
3608,223,35,IN,199,2023-04-07,
3609,40,1,OUT,86,2024-04-25,14146
3610,352,26,OUT,113,2024-01-01,1883
3611,61,33,OUT,142,2024-10-16,1068
3612,173,15,IN,17,2024-08-13,
3613,281,14,IN,254,2023-04-23,
3614,311,4,OUT,299,2023-08-13,22414
3615,10,29,IN,362,2023-05-27,
3616,135,20,OUT,215,2023-08-24,15965
3617,90,6,OUT,277,2024-09-11,1913
3618,328,32,IN,294,2023-05-31,
3619,329,18,OUT,152,2023-11-08,26552
3620,348,16,IN,298,2024-08-06,
3621,95,13,OUT,365,2023-10-25,2041
3622,172,18,IN,278,2023-02-15,
3623,328,14,OUT,179,2023-07-19,20373
3624,179,3,OUT,152,2024-04-09,3076
3625,80,14,OUT,474,2024-09-15,16530
3626,207,34,OUT,266,2024-04-25,28105
3627,307,1,OUT,241,2023-04-29,23584
3628,169,27,IN,317,2023-01-02,
3629,60,28,OUT,206,2024-04-06,17993
3630,55,4,IN,120,2024-09-22,
3631,168,33,OUT,119,2024-04-08,20720
3632,13,25,IN,205,2023-08-20,
3633,82,13,OUT,482,2024-04-22,16683
3634,160,24,OUT,293,2024-04-11,28555
3635,81,21,IN,442,2023-01-29,
3636,27,16,OUT,491,2024-09-24,17058
3637,175,33,IN,16,2024-10-02,
3638,185,1,OUT,384,2024-08-05,5718
3639,300,4,OUT,102,2023-01-13,344
3640,155,16,IN,153,2024-04-12,
3641,249,31,OUT,114,2024-08-22,20511
3642,142,31,IN,441,2023-03-28,
3643,205,13,OUT,384,2024-04-13,13114
3644,32,17,IN,498,2023-05-16,
3645,120,3,OUT,290,2023-10-30,581
3646,73,6,OUT,1,2024-02-19,21213
3647,187,16,IN,372,2024-05-23,
3648,297,1,OUT,117,2023-03-05,22077
3649,8888,888,OUT,0,2023-12-10,888888
3650,311,33,IN,196,2023-05-31,
3651,48,2,OUT,26,2024-11-15,18735
3652,122,10,OUT,192,2023-07-11,18256
3653,79,25,OUT,156,2024-11-07,8068
3654,280,17,OUT,221,2024-04-03,18019
3655,175,11,OUT,246,2023-04-26,8108
3656,312,25,IN,483,2023-06-25,
3657,5,28,OUT,328,2023-03-28,19833
3658,26,16,OUT,4,2023-01-09,16145
3659,249,10,OUT,454,2023-03-06,28642
3660,160,24,IN,33,2023-07-21,
3661,110,3,OUT,44,2024-03-25,5253
3662,4,6,OUT,156,2024-03-17,29683
3663,211,34,IN,249,2023-08-05,
3664,313,1,OUT,315,2023-07-29,4434
3665,93,4,IN,36,2023-06-20,
3666,70,23,IN,46,2024-12-08,
3667,311,33,IN,442,2024-02-20,
3668,228,5,OUT,324,2024-10-01,19348
3669,137,23,OUT,151,2023-01-03,20242
3670,3,26,IN,194,2024-11-29,
3671,107,2,OUT,496,2024-03-24,4758
3672,95,24,IN,428,2023-06-27,
3673,31,17,OUT,451,2024-09-28,2143
3674,104,7,OUT,56,2024-10-14,11396
3675,359,2,IN,234,2024-08-13,
3676,311,22,IN,344,2023-02-23,
3677,329,24,OUT,53,2023-11-22,29910
3678,349,2,OUT,161,2024-06-04,1069
3679,80,35,OUT,31,2023-08-24,11582
3680,244,8,IN,195,2023-10-10,
3681,16,6,OUT,259,2024-10-16,8215
3682,159,19,OUT,3,2023-08-28,24994
3683,291,2,OUT,228,2023-01-22,25574
3684,334,25,IN,315,2023-07-17,
3685,117,12,OUT,46,2024-09-24,5662
3686,124,7,IN,319,2024-08-09,
3687,121,4,OUT,421,2023-01-20,24422
3688,334,5,IN,148,2023-01-16,
3689,118,12,IN,148,2024-03-05,
3690,83,26,IN,265,2023-07-07,
3691,208,1,OUT,217,2023-03-20,28578
3692,8888,888,IN,0,2023-01-19,
3693,168,16,IN,311,2023-12-04,
3694,351,4,IN,238,2024-09-18,
3695,249,4,IN,207,2024-01-27,
3696,112,6,OUT,358,2023-09-18,19393
3697,285,17,IN,258,2024-02-13,
3698,325,8,OUT,349,2024-01-17,9693
3699,17,7,IN,28,2024-02-24,
3700,213,17,OUT,3,2024-12-23,2339
3701,295,21,IN,393,2024-06-18,
3702,178,27,IN,409,2023-05-23,
3703,237,12,IN,476,2023-02-11,
3704,8888,888,OUT,0,2023-08-07,888888
3705,109,29,OUT,301,2024-05-27,2394
3706,314,25,IN,258,2023-04-28,
3707,255,29,IN,444,2023-05-05,
3708,164,35,IN,24,2024-09-30,
3709,153,7,OUT,247,2023-10-15,21691
3710,58,22,IN,459,2024-03-19,
3711,175,1,OUT,309,2023-08-20,13943
3712,34,32,OUT,340,2023-02-18,18259
3713,117,23,OUT,45,2023-01-27,1705
3714,50,17,OUT,259,2023-04-10,5619
3715,356,3,OUT,419,2024-04-02,10999
3716,197,34,OUT,365,2023-01-18,26762
3717,151,17,OUT,259,2024-11-13,13402
3718,271,30,OUT,212,2023-04-05,22420
3719,197,13,IN,10,2024-11-03,
3720,38,32,OUT,53,2024-08-12,16335
3721,72,13,IN,247,2023-06-15,
3722,292,28,IN,274,2024-01-17,
3723,113,31,IN,46,2023-06-24,
3724,101,26,OUT,160,2023-04-28,3969
3725,185,32,OUT,399,2024-11-18,7376
3726,107,22,OUT,310,2023-03-16,399
3727,199,5,OUT,246,2023-05-13,2175
3728,122,7,IN,261,2023-02-04,
3729,344,7,OUT,107,2023-03-15,11004
3730,31,29,OUT,259,2024-01-14,24597
3731,212,27,OUT,198,2023-01-02,1321
3732,304,13,IN,237,2023-04-29,
3733,202,15,IN,96,2024-01-18,
3734,22,33,IN,422,2023-07-27,
3735,147,8,OUT,479,2023-10-26,19801
3736,288,24,IN,287,2023-10-08,
3737,246,34,IN,249,2023-11-21,
3738,182,10,OUT,94,2023-04-18,4676
3739,80,28,OUT,497,2023-07-21,18242
3740,359,33,IN,259,2024-05-12,
3741,332,25,OUT,66,2024-12-13,5423
3742,301,8,IN,381,2024-06-21,
3743,325,35,IN,388,2024-03-06,
3744,8888,888,OUT,0,2023-12-24,888888
3745,152,4,OUT,369,2024-09-16,29734
3746,8888,888,IN,0,2023-10-04,
3747,115,19,IN,51,2023-01-24,
3748,76,2,IN,364,2024-02-05,
3749,239,32,OUT,328,2024-09-19,202
3750,72,24,OUT,426,2023-04-11,8507
3751,82,7,IN,234,2023-05-16,
3752,201,27,OUT,102,2023-06-15,1692
3753,215,29,OUT,491,2023-11-09,10939
3754,220,27,IN,75,2023-06-06,
3755,182,3,IN,291,2024-10-18,
3756,153,7,OUT,93,2024-08-09,28548
3757,155,10,OUT,155,2024-12-06,14015
3758,313,4,OUT,7,2023-10-20,20024
3759,207,18,OUT,280,2024-03-11,19609
3760,349,7,IN,208,2023-09-15,
3761,8888,888,IN,0,2023-05-12,
3762,109,23,IN,222,2024-05-07,
3763,36,26,OUT,135,2024-02-04,17266
3764,57,1,IN,429,2024-11-16,
3765,44,7,IN,446,2024-09-22,
3766,282,8,OUT,161,2023-02-25,24266
3767,314,17,IN,55,2024-03-01,
3768,110,16,OUT,269,2023-07-12,2262
3769,116,30,OUT,35,2023-08-04,18821
3770,337,34,IN,390,2024-02-05,
3771,77,28,OUT,492,2024-02-28,15854
3772,189,32,OUT,121,2024-11-22,6021
3773,28,4,OUT,109,2023-06-02,8125
3774,21,14,OUT,99,2024-01-11,16641
3775,299,5,IN,21,2023-03-31,
3776,18,26,IN,241,2023-11-07,
3777,266,9,OUT,201,2023-06-10,5599
3778,271,30,OUT,331,2023-09-07,6000
3779,98,27,IN,259,2024-12-20,
3780,296,12,IN,114,2023-03-13,
3781,64,16,IN,78,2023-11-26,
3782,324,35,OUT,244,2024-08-26,8319
3783,133,25,IN,491,2023-02-02,
3784,174,6,OUT,43,2024-03-15,24633
3785,91,1,IN,211,2024-08-05,
3786,177,4,OUT,339,2024-09-05,4009
3787,113,22,OUT,364,2023-10-20,3327
3788,215,3,IN,15,2024-03-08,
3789,40,25,IN,178,2024-03-11,
3790,258,28,OUT,4,2023-01-30,21765
3791,52,22,IN,361,2023-04-30,
3792,280,4,OUT,440,2023-02-19,4748
3793,233,30,OUT,275,2024-06-01,375
3794,234,16,OUT,190,2024-02-09,22786
3795,117,5,IN,410,2024-11-23,
3796,280,14,IN,58,2023-11-10,
3797,213,3,OUT,276,2024-03-28,19167
3798,124,21,IN,413,2024-06-23,
3799,307,24,OUT,306,2024-04-03,11962
3800,355,25,OUT,159,2023-07-26,5293
3801,116,32,IN,25,2024-03-12,
3802,184,13,IN,72,2024-11-22,
3803,84,9,IN,471,2023-02-27,
3804,268,10,OUT,61,2023-01-02,22135
3805,298,24,IN,4,2024-01-08,
3806,85,15,OUT,297,2024-02-13,14700
3807,333,7,IN,497,2024-04-12,
3808,335,35,OUT,15,2024-06-18,28125
3809,257,6,OUT,244,2024-07-30,13858
3810,20,4,OUT,243,2024-04-13,2118
3811,199,8,OUT,38,2023-08-21,9957
3812,16,31,IN,49,2024-09-22,
3813,162,31,IN,467,2024-06-28,
3814,151,24,OUT,324,2024-10-02,14913
3815,344,28,IN,414,2023-02-02,
3816,299,11,OUT,5,2024-02-07,24924
3817,243,28,IN,125,2023-08-25,
3818,110,35,OUT,394,2024-05-30,5128
3819,151,30,OUT,99,2023-09-24,29201
3820,32,20,IN,496,2023-11-07,
3821,59,32,IN,168,2023-05-27,
3822,188,3,OUT,285,2024-05-13,3044
3823,280,2,IN,325,2024-09-08,
3824,282,27,IN,99,2023-11-06,
3825,206,31,OUT,14,2023-08-11,14016
3826,332,15,OUT,472,2023-02-01,21111
3827,328,30,IN,159,2024-03-23,
3828,290,31,IN,475,2023-12-30,
3829,282,3,OUT,330,2024-07-25,18530
3830,219,7,IN,159,2024-11-22,
3831,351,9,OUT,195,2024-09-17,20051
3832,253,3,IN,233,2023-09-04,
3833,221,16,OUT,149,2023-05-20,8875
3834,310,29,OUT,339,2023-12-12,11740
3835,358,4,IN,383,2023-04-18,
3836,271,33,IN,366,2024-03-02,
3837,145,30,OUT,477,2023-05-27,5024
3838,230,28,IN,34,2023-02-13,
3839,118,3,OUT,451,2023-05-14,2477
3840,14,10,OUT,421,2024-10-15,17191
3841,202,24,OUT,307,2023-03-11,906
3842,59,22,OUT,344,2024-03-14,1636
3843,243,17,OUT,307,2023-11-22,8123
3844,129,11,OUT,438,2023-12-21,6075
3845,215,7,IN,246,2024-09-18,
3846,126,12,IN,209,2023-10-29,
3847,311,32,OUT,6,2023-12-05,20797
3848,242,8,IN,384,2023-07-17,
3849,253,31,IN,190,2024-11-20,
3850,66,35,IN,260,2023-07-24,
3851,59,14,OUT,90,2023-05-19,10634
3852,232,30,OUT,332,2023-11-10,5050
3853,46,15,OUT,469,2023-04-05,3063
3854,311,16,IN,208,2024-09-09,
3855,344,28,OUT,0,2024-06-25,9924
3856,154,26,IN,33,2024-03-11,
3857,126,18,OUT,159,2023-02-19,12282
3858,8,22,OUT,55,2023-09-06,20473
3859,248,9,IN,107,2024-04-01,
3860,110,18,IN,353,2023-10-12,
3861,92,20,IN,470,2024-01-28,
3862,38,22,IN,155,2023-08-07,
3863,129,18,OUT,46,2023-10-05,1749
3864,301,30,OUT,438,2024-07-29,27869
3865,228,19,IN,10,2023-07-24,
3866,355,5,OUT,364,2024-02-13,17198
3867,190,4,IN,358,2024-03-14,
3868,184,27,IN,410,2024-11-28,
3869,165,31,IN,17,2023-09-25,
3870,262,3,OUT,327,2023-09-14,26655
3871,333,9,OUT,149,2024-12-14,1809
3872,6,25,IN,100,2024-07-09,
3873,153,28,OUT,92,2024-07-26,15354
3874,53,17,OUT,33,2023-04-18,9646
3875,339,17,OUT,186,2023-04-24,26726
3876,353,31,OUT,400,2023-02-25,3134
3877,342,35,IN,131,2023-06-12,
3878,302,9,OUT,251,2023-11-27,10218
3879,21,9,OUT,386,2024-10-15,26668
3880,295,24,OUT,265,2023-07-07,25187
3881,126,9,IN,362,2024-10-12,
3882,353,12,OUT,24,2024-12-11,16694
3883,333,4,OUT,90,2024-07-23,21361
3884,263,30,OUT,347,2023-10-03,173
3885,286,9,OUT,274,2024-04-19,14073
3886,290,14,OUT,250,2023-01-09,26035
3887,69,17,IN,412,2023-09-07,
3888,120,14,IN,307,2023-09-21,
3889,50,12,IN,173,2024-08-14,
3890,104,27,OUT,498,2023-11-23,24331
3891,66,34,IN,244,2024-09-14,
3892,119,29,OUT,314,2023-09-20,13109
3893,30,13,IN,187,2024-01-19,
3894,67,16,IN,339,2023-10-21,
3895,287,26,IN,112,2023-07-20,
3896,8888,888,OUT,0,2023-09-12,888888
3897,192,6,IN,146,2024-07-07,
3898,147,33,IN,337,2023-07-24,
3899,211,20,IN,263,2024-02-26,
3900,115,26,IN,310,2023-07-13,
3901,261,11,OUT,275,2023-01-09,13519
3902,316,28,IN,427,2024-05-25,
3903,281,2,OUT,477,2024-02-10,23884
3904,167,15,IN,342,2024-03-13,
3905,297,21,OUT,423,2023-05-16,28020
3906,180,25,IN,278,2023-08-06,
3907,322,13,OUT,63,2023-11-02,19988
3908,315,3,IN,255,2023-12-09,
3909,318,26,OUT,103,2023-09-12,1149
3910,283,22,OUT,71,2023-07-26,21863
3911,151,1,IN,44,2024-04-23,
3912,237,17,IN,214,2023-09-29,
3913,275,14,IN,394,2023-02-16,
3914,172,26,OUT,419,2024-10-31,18676
3915,85,4,OUT,479,2024-08-19,14710
3916,108,11,OUT,180,2023-11-20,20182
3917,245,2,OUT,338,2023-12-30,6633
3918,264,16,IN,416,2024-07-21,
3919,333,34,OUT,425,2023-08-10,28497
3920,62,30,IN,26,2024-01-17,
3921,269,4,OUT,0,2023-03-12,6642
3922,281,18,OUT,0,2023-12-04,27415
3923,170,7,IN,343,2023-03-31,
3924,259,11,IN,42,2024-05-07,
3925,284,27,IN,306,2023-05-15,
3926,142,28,IN,461,2023-12-26,
3927,5,12,OUT,61,2024-04-15,28990
3928,122,13,IN,250,2024-04-22,
3929,325,22,IN,500,2024-06-12,
3930,92,11,IN,48,2023-04-13,
3931,304,22,IN,374,2023-09-17,
3932,296,8,IN,494,2024-08-03,
3933,188,29,IN,500,2023-07-15,
3934,227,23,OUT,457,2024-08-05,2307
3935,319,22,OUT,128,2023-05-26,21029
3936,91,26,IN,242,2024-04-01,
3937,178,28,OUT,217,2024-07-26,952
3938,295,8,OUT,370,2024-12-11,1217
3939,123,19,OUT,370,2023-08-04,18521
3940,56,12,OUT,275,2023-06-04,7362
3941,252,33,OUT,406,2024-06-03,10142
3942,311,25,IN,317,2023-08-04,
3943,206,14,IN,212,2023-11-07,
3944,226,35,OUT,199,2024-08-26,12092
3945,352,13,IN,231,2023-06-01,
3946,47,26,OUT,262,2024-06-17,29089
3947,91,26,IN,341,2023-07-19,
3948,328,28,IN,210,2024-10-06,
3949,207,28,OUT,253,2023-12-01,12156
3950,255,21,OUT,375,2023-07-10,2359
3951,253,17,OUT,50,2024-09-03,110
3952,200,11,IN,402,2024-04-04,
3953,190,32,IN,465,2023-05-24,
3954,209,7,OUT,374,2023-04-09,18379
3955,243,12,OUT,170,2023-08-05,5084
3956,299,18,OUT,330,2024-11-05,28907
3957,193,12,OUT,123,2023-04-08,12306
3958,3,12,IN,20,2023-03-29,
3959,204,9,IN,110,2024-06-05,
3960,20,15,IN,303,2024-07-16,
3961,128,34,OUT,231,2024-09-14,4850
3962,262,24,IN,66,2023-02-16,
3963,309,3,OUT,361,2023-05-01,22983
3964,174,25,IN,319,2024-08-27,
3965,65,5,OUT,340,2024-09-17,24008
3966,321,21,OUT,351,2024-09-05,9737
3967,73,10,IN,179,2024-08-10,
3968,194,7,OUT,256,2024-08-04,759
3969,353,15,OUT,183,2024-11-26,8027
3970,39,11,IN,357,2023-07-28,
3971,269,31,IN,135,2023-12-22,
3972,191,4,IN,250,2023-03-17,
3973,325,1,OUT,479,2023-09-21,14275
3974,210,16,OUT,146,2023-01-28,17083
3975,101,13,IN,319,2023-04-06,
3976,120,33,OUT,223,2024-12-16,27225
3977,8888,888,OUT,0,2023-01-16,888888
3978,292,17,OUT,116,2024-10-09,11728
3979,39,2,OUT,21,2024-11-18,2113
3980,279,6,IN,120,2023-06-21,
3981,269,3,OUT,382,2024-04-16,27312
3982,131,11,IN,295,2023-02-01,
3983,302,10,OUT,345,2024-02-26,10312
3984,263,10,OUT,429,2023-06-26,197
3985,30,6,IN,266,2023-04-08,
3986,337,13,OUT,217,2024-03-29,6237
3987,286,24,IN,476,2024-02-16,
3988,309,7,OUT,106,2024-02-28,12888
3989,147,23,OUT,26,2023-06-29,2821
3990,103,15,IN,61,2024-01-26,
3991,275,23,OUT,237,2024-09-07,15017
3992,185,30,IN,90,2023-02-08,
3993,142,19,IN,424,2023-03-04,
3994,212,15,IN,304,2023-07-10,
3995,220,13,OUT,369,2024-01-05,855
3996,88,20,IN,498,2024-09-22,
3997,311,10,OUT,3,2024-12-01,15145
3998,293,28,OUT,379,2024-05-22,25610
3999,234,6,OUT,237,2024-02-13,27466
4000,319,5,OUT,261,2023-06-12,19339
4001,220,8,OUT,182,2023-12-29,21686
4002,195,34,OUT,327,2023-08-10,10156
4003,170,23,IN,215,2023-07-26,
4004,95,14,OUT,98,2023-05-09,16968
4005,92,25,OUT,112,2024-05-16,17889
4006,30,1,IN,113,2024-06-28,
4007,260,35,OUT,249,2023-10-01,294
4008,219,15,IN,217,2024-02-03,
4009,285,27,IN,321,2023-09-09,
4010,66,27,OUT,23,2023-06-24,27381
4011,35,28,IN,467,2024-04-15,
4012,197,26,IN,124,2023-11-01,
4013,327,33,OUT,470,2023-02-03,5200
4014,200,5,IN,105,2023-05-18,
4015,203,29,OUT,183,2024-03-27,7380
4016,139,31,IN,130,2024-06-13,
4017,209,26,IN,184,2023-06-21,
4018,48,24,IN,147,2023-10-10,
4019,276,20,OUT,40,2024-04-02,21261
4020,44,1,OUT,448,2024-01-19,21418
4021,115,9,IN,455,2024-11-23,
4022,225,5,OUT,324,2024-12-03,10094
4023,309,25,OUT,423,2024-09-27,29136
4024,214,11,IN,242,2024-08-31,
4025,171,3,IN,352,2023-03-19,
4026,273,15,OUT,246,2023-03-23,29987
4027,123,25,IN,463,2023-05-30,
4028,109,4,OUT,348,2023-06-18,8833
4029,130,17,OUT,342,2024-05-24,27269
4030,201,1,IN,365,2024-05-02,
4031,351,24,IN,82,2024-08-09,
4032,163,3,OUT,135,2023-05-05,25474
4033,336,8,OUT,57,2024-08-27,9972
4034,106,19,IN,467,2023-10-27,
4035,7,18,OUT,24,2024-07-03,17967
4036,8888,888,IN,0,2023-09-26,
4037,31,3,OUT,445,2023-08-31,21314
4038,121,7,OUT,389,2024-04-06,2938
4039,24,29,IN,376,2023-02-09,
4040,223,28,OUT,224,2024-05-18,13739
4041,114,9,OUT,83,2024-10-23,2000
4042,34,5,OUT,242,2024-02-02,1017
4043,21,28,IN,92,2023-11-07,
4044,139,9,IN,369,2024-12-05,
4045,151,16,OUT,18,2023-06-03,28196
4046,230,13,OUT,65,2024-06-30,9803
4047,99,6,IN,342,2024-12-07,
4048,53,4,OUT,479,2023-08-26,27734
4049,291,25,IN,21,2024-07-01,
4050,255,32,IN,434,2023-03-09,
4051,181,9,OUT,265,2023-12-02,2578
4052,335,30,IN,154,2023-03-30,
4053,113,13,OUT,156,2023-01-12,14062
4054,314,11,OUT,193,2024-02-12,23565
4055,258,23,IN,157,2023-10-22,
4056,59,10,IN,305,2024-05-12,
4057,343,28,OUT,361,2023-10-20,29446
4058,205,29,OUT,112,2024-08-14,28059
4059,266,28,IN,213,2023-10-17,
4060,44,33,IN,415,2023-10-24,
4061,85,31,IN,287,2024-05-18,
4062,105,26,OUT,159,2023-12-02,76
4063,40,9,OUT,396,2023-01-20,21322
4064,187,27,OUT,247,2023-11-16,210
4065,187,6,OUT,3,2023-08-24,4963
4066,360,22,IN,108,2024-01-08,
4067,22,5,OUT,271,2024-04-07,22726
4068,341,31,IN,272,2023-11-18,
4069,308,24,OUT,415,2024-02-12,13785
4070,28,13,IN,74,2024-04-12,
4071,82,5,OUT,10,2024-03-20,13568
4072,328,10,OUT,287,2023-05-26,29966
4073,196,31,IN,345,2023-03-23,
4074,267,24,IN,485,2023-08-03,
4075,307,30,OUT,130,2023-02-08,16716
4076,92,35,IN,222,2023-10-29,
4077,241,3,IN,385,2023-09-26,
4078,153,11,OUT,416,2024-02-22,4843
4079,7,7,OUT,123,2023-09-03,24756
4080,136,7,OUT,86,2023-04-08,12485
4081,245,21,OUT,0,2024-12-23,16940
4082,268,34,OUT,35,2024-10-07,11473
4083,290,4,OUT,149,2024-05-01,9273
4084,68,4,IN,252,2024-07-16,
4085,166,13,IN,370,2023-01-23,
4086,170,9,IN,498,2024-11-02,
4087,298,20,OUT,301,2023-03-10,13721
4088,230,31,IN,81,2024-08-27,
4089,308,30,OUT,443,2024-06-22,25049
4090,191,5,IN,275,2023-10-09,
4091,268,4,IN,264,2023-12-27,
4092,199,6,IN,22,2024-01-12,
4093,308,30,OUT,286,2023-07-05,18565
4094,178,31,OUT,146,2024-12-02,10044
4095,33,28,IN,287,2024-10-04,
4096,70,9,OUT,305,2024-01-17,7674
4097,196,23,IN,393,2023-04-13,
4098,90,18,IN,197,2023-08-19,
4099,118,6,IN,90,2024-03-14,
4100,270,1,OUT,378,2024-10-21,23861
4101,172,24,IN,0,2024-06-09,
4102,97,4,IN,162,2023-10-19,
4103,260,1,OUT,132,2023-09-27,19618
4104,312,31,OUT,211,2024-02-27,5205
4105,10,7,IN,119,2023-12-09,
4106,243,16,IN,211,2024-05-31,
4107,67,12,OUT,132,2024-08-18,26201
4108,358,31,IN,85,2023-11-22,
4109,320,12,IN,15,2024-08-01,
4110,230,25,IN,489,2024-10-09,
4111,18,8,IN,325,2024-03-02,
4112,353,20,IN,323,2023-04-23,
4113,227,32,IN,71,2023-03-15,
4114,3,5,IN,481,2023-01-14,
4115,324,24,OUT,184,2024-08-23,3500
4116,30,5,IN,239,2024-07-13,
4117,124,12,IN,103,2023-08-08,
4118,202,28,IN,81,2023-06-21,
4119,270,34,IN,283,2024-04-25,
4120,231,5,IN,260,2023-08-19,
4121,23,32,IN,29,2023-08-02,
4122,320,32,OUT,410,2024-12-21,3416
4123,228,3,OUT,428,2023-08-21,20038
4124,60,1,OUT,304,2023-04-13,492
4125,175,4,IN,428,2023-10-03,
4126,195,31,OUT,256,2024-11-15,16257
4127,72,7,OUT,177,2024-07-10,21709
4128,355,21,OUT,285,2023-10-22,22812
4129,8888,888,IN,0,2024-09-14,
4130,97,21,OUT,194,2024-03-26,26075
4131,329,19,OUT,206,2024-12-04,528
4132,124,35,IN,322,2023-06-20,
4133,62,2,OUT,438,2024-11-03,25326
4134,278,9,IN,195,2024-05-22,
4135,315,9,IN,104,2024-07-12,
4136,345,6,OUT,0,2023-11-04,11932
4137,352,30,IN,242,2023-11-21,
4138,80,1,OUT,295,2024-10-02,9635
4139,219,21,OUT,293,2024-02-10,24475
4140,266,27,IN,75,2024-07-19,
4141,179,15,OUT,216,2024-11-29,2432
4142,136,32,OUT,30,2023-11-29,25736
4143,135,30,OUT,415,2023-04-17,6316
4144,145,29,OUT,241,2023-04-23,11870
4145,339,5,IN,212,2024-02-28,
4146,309,29,IN,117,2023-07-23,
4147,203,12,OUT,242,2023-11-03,11654
4148,234,8,OUT,223,2024-09-17,29868
4149,343,17,IN,442,2024-05-09,
4150,147,20,OUT,141,2024-06-24,26486
4151,97,30,OUT,321,2023-08-27,7522
4152,53,4,OUT,398,2023-11-28,1729
4153,268,5,OUT,92,2024-11-06,2882
4154,7,22,OUT,209,2024-01-30,18824
4155,22,10,OUT,101,2023-08-16,9481
4156,216,30,OUT,34,2024-02-03,18361
4157,108,10,OUT,269,2023-06-15,16443
4158,32,14,OUT,463,2023-12-13,9888
4159,88,29,OUT,393,2023-10-16,26124
4160,18,10,OUT,401,2024-02-21,22835
4161,52,9,OUT,459,2023-10-03,11613
4162,64,11,OUT,299,2024-06-30,19376
4163,299,21,OUT,337,2023-11-10,27676
4164,269,20,IN,335,2023-03-28,
4165,243,10,OUT,73,2023-09-15,6325
4166,207,3,IN,85,2024-11-15,
4167,8888,888,OUT,0,2023-09-07,888888
4168,352,7,OUT,123,2023-01-01,1955
4169,42,9,IN,14,2024-06-09,
4170,315,6,IN,196,2023-04-16,
4171,65,12,IN,497,2024-01-22,
4172,325,18,IN,459,2023-11-13,
4173,53,25,IN,272,2023-01-26,
4174,155,28,IN,267,2024-01-04,
4175,69,22,IN,42,2024-09-18,
4176,311,13,OUT,151,2024-12-07,8639
4177,244,11,OUT,213,2024-02-13,8875
4178,193,23,IN,21,2023-02-26,
4179,145,1,OUT,289,2023-04-07,6156
4180,190,32,OUT,369,2024-04-14,1554
4181,21,30,IN,173,2023-02-23,
4182,86,23,IN,327,2024-08-22,
4183,95,34,OUT,245,2023-07-07,6109
4184,262,25,OUT,357,2023-12-10,5485
4185,286,6,IN,311,2024-07-24,
4186,142,35,OUT,43,2024-09-27,23647
4187,127,17,IN,26,2023-03-10,
4188,204,32,OUT,494,2024-01-13,29375
4189,207,8,OUT,358,2023-06-27,28856
4190,343,32,IN,187,2024-07-26,
4191,194,28,OUT,255,2024-05-29,1639
4192,114,19,IN,484,2023-06-03,
4193,51,23,OUT,120,2024-06-20,14813
4194,24,30,IN,43,2023-08-14,
4195,226,13,IN,374,2024-03-01,
4196,319,32,OUT,48,2024-08-23,21078
4197,205,16,IN,2,2023-10-21,
4198,348,22,IN,490,2024-02-16,
4199,128,4,IN,23,2023-09-09,
4200,318,3,IN,456,2024-04-26,
4201,328,9,OUT,324,2024-12-07,10129
4202,103,18,OUT,168,2023-03-26,13689
4203,197,19,OUT,336,2024-09-04,21671
4204,277,12,IN,483,2024-05-15,
4205,212,14,IN,204,2024-03-11,
4206,240,19,IN,31,2023-01-27,
4207,335,1,OUT,319,2024-11-28,9100
4208,229,5,IN,261,2024-06-14,
4209,199,35,IN,460,2024-10-16,
4210,319,30,IN,372,2024-06-20,
4211,271,13,IN,184,2023-06-29,
4212,40,26,IN,50,2023-10-03,
4213,84,12,OUT,309,2024-08-24,14841
4214,244,3,OUT,76,2023-05-23,20757
4215,310,22,OUT,421,2024-12-07,7254
4216,330,11,IN,237,2023-10-14,
4217,29,12,OUT,2,2023-04-02,26181
4218,97,35,IN,292,2024-01-23,
4219,68,1,IN,288,2023-02-01,
4220,311,11,OUT,298,2024-07-13,15497
4221,130,32,OUT,153,2024-02-25,10436
4222,272,29,OUT,190,2023-04-10,28646
4223,164,13,OUT,183,2024-10-16,16596
4224,158,33,OUT,128,2023-08-27,725
4225,287,12,IN,443,2024-09-02,
4226,299,1,OUT,218,2023-11-08,14892
4227,39,23,OUT,16,2023-06-13,23294
4228,110,4,IN,251,2023-01-01,
4229,347,20,IN,291,2024-10-27,
4230,8888,888,OUT,0,2023-09-27,888888
4231,280,6,IN,325,2024-05-16,
4232,298,19,IN,59,2023-12-07,
4233,283,6,IN,364,2023-01-02,
4234,306,25,IN,416,2023-12-26,
4235,355,5,OUT,324,2023-06-02,19954
4236,224,2,OUT,360,2023-05-20,7406
4237,75,7,IN,445,2024-05-02,
4238,313,4,OUT,316,2024-02-02,19849
4239,210,28,IN,28,2023-12-20,
4240,11,4,IN,203,2024-07-13,
4241,227,6,IN,150,2023-01-26,
4242,82,9,IN,418,2023-12-09,
4243,174,24,OUT,403,2024-07-24,12568
4244,30,15,OUT,105,2023-03-31,10847
4245,25,17,OUT,236,2023-12-10,7985
4246,340,12,OUT,77,2024-11-08,18203
4247,30,4,OUT,62,2023-01-21,17049
4248,237,6,OUT,241,2024-08-22,9262
4249,38,14,OUT,146,2023-02-14,25359
4250,356,15,IN,478,2024-05-31,
4251,43,26,IN,221,2024-08-04,
4252,341,34,IN,401,2023-02-21,
4253,30,29,OUT,362,2024-07-22,15318
4254,218,32,IN,410,2024-11-18,
4255,346,32,IN,303,2024-06-01,
4256,272,4,OUT,88,2023-11-12,19116
4257,114,8,IN,293,2024-07-30,
4258,118,28,IN,484,2024-12-04,
4259,140,12,OUT,321,2023-02-10,12825
4260,103,26,IN,127,2024-09-29,
4261,94,3,OUT,26,2023-11-24,6938
4262,349,32,IN,259,2024-06-12,
4263,62,23,OUT,10,2024-04-25,21417
4264,88,28,OUT,31,2024-03-12,20090
4265,186,11,OUT,389,2024-07-16,6231
4266,12,27,IN,446,2023-10-04,
4267,285,3,OUT,291,2024-02-23,376
4268,218,6,IN,286,2023-03-18,
4269,318,26,IN,78,2023-08-02,
4270,126,8,IN,404,2023-04-22,
4271,155,29,OUT,408,2023-06-22,1655
4272,168,31,IN,161,2024-04-30,
4273,204,3,OUT,133,2023-01-04,6555
4274,5,34,OUT,266,2023-11-13,27663
4275,120,12,IN,374,2023-12-13,
4276,49,19,IN,117,2023-09-26,
4277,122,1,IN,247,2024-08-25,
4278,101,1,IN,55,2023-03-30,
4279,175,15,IN,396,2023-04-18,
4280,159,16,OUT,139,2024-10-18,5617
4281,249,12,OUT,335,2023-08-21,29342
4282,213,32,OUT,172,2023-02-19,8049
4283,329,17,OUT,198,2023-11-14,15283
4284,281,19,OUT,201,2024-05-13,4090
4285,161,15,IN,155,2023-03-14,
4286,205,20,IN,453,2023-01-04,
4287,43,33,OUT,406,2024-08-14,5831
4288,19,8,OUT,99,2023-04-10,17363
4289,163,22,OUT,14,2023-03-10,15031
4290,52,8,IN,279,2024-07-14,
4291,59,7,OUT,432,2023-03-26,7765
4292,141,29,OUT,480,2024-08-26,26459
4293,279,13,IN,12,2024-07-13,
4294,222,32,OUT,115,2024-09-12,3799
4295,358,9,OUT,169,2024-10-14,11950
4296,348,12,OUT,225,2024-06-02,15305
4297,257,18,IN,149,2023-12-15,
4298,262,23,OUT,32,2023-02-08,397
4299,153,1,OUT,0,2023-10-12,1122
4300,349,21,IN,465,2024-03-18,
4301,209,29,IN,445,2023-10-24,
4302,317,20,OUT,319,2024-02-29,16095
4303,187,20,OUT,12,2024-02-07,4405
4304,56,26,OUT,224,2024-12-11,21345
4305,242,21,OUT,299,2024-12-14,27965
4306,154,26,OUT,227,2024-08-01,20227
4307,8888,888,OUT,0,2024-10-03,888888
4308,85,35,IN,296,2024-01-10,
4309,111,35,OUT,200,2023-08-03,5376
4310,156,5,OUT,448,2024-03-18,5771
4311,192,14,IN,358,2023-02-23,
4312,5,25,IN,11,2023-10-24,
4313,254,28,IN,169,2024-10-20,
4314,312,6,OUT,238,2023-04-29,25570
4315,30,16,OUT,53,2024-11-25,21378
4316,79,4,OUT,315,2023-07-25,26087
4317,139,10,OUT,434,2024-11-13,22815
4318,303,29,IN,333,2024-04-16,
4319,198,10,OUT,159,2024-04-08,10324
4320,53,10,OUT,22,2024-07-30,11023
4321,210,12,IN,19,2024-09-05,
4322,163,26,IN,163,2023-10-27,
4323,28,32,OUT,292,2023-08-01,9822
4324,96,25,IN,310,2024-02-17,
4325,196,10,OUT,213,2023-03-02,23511
4326,168,12,OUT,160,2024-12-01,18780
4327,290,14,IN,410,2024-02-19,
4328,160,8,IN,84,2023-02-25,
4329,217,3,OUT,5,2023-09-10,9316
4330,126,7,OUT,148,2023-08-02,8985
4331,58,31,IN,112,2023-07-07,
4332,34,5,IN,482,2024-12-27,
4333,237,24,OUT,431,2024-05-26,20673
4334,302,18,IN,403,2024-02-12,
4335,38,26,OUT,42,2024-02-19,6871
4336,314,30,OUT,88,2023-04-20,18848
4337,103,9,IN,254,2023-11-03,
4338,314,17,OUT,312,2024-06-21,29362
4339,104,14,IN,413,2024-03-11,
4340,2,34,IN,371,2024-01-24,
4341,271,20,OUT,446,2023-11-25,23913
4342,283,21,IN,277,2024-12-30,
4343,50,14,OUT,265,2024-02-09,22518
4344,15,28,OUT,64,2024-12-20,4322
4345,8888,888,OUT,0,2024-06-15,888888
4346,100,20,OUT,237,2024-05-10,27928
4347,266,11,OUT,464,2024-12-23,15264
4348,289,4,OUT,464,2024-12-22,17077
4349,157,8,OUT,149,2024-11-09,23836
4350,141,9,IN,86,2024-10-25,
4351,148,14,IN,320,2023-11-13,
4352,90,29,OUT,148,2024-06-21,10235
4353,169,34,IN,380,2023-03-11,
4354,181,35,OUT,133,2023-04-19,15263
4355,349,8,OUT,431,2024-01-25,28524
4356,255,34,OUT,370,2023-06-08,7543
4357,258,31,IN,87,2024-09-11,
4358,40,27,OUT,360,2023-03-10,16096
4359,141,30,IN,406,2023-01-28,
4360,56,5,IN,344,2023-07-17,
4361,155,18,IN,260,2024-09-27,
4362,272,21,IN,335,2023-02-11,
4363,134,2,OUT,424,2023-02-07,7575
4364,234,12,IN,301,2024-06-24,
4365,252,18,IN,471,2024-03-23,
4366,26,18,IN,468,2024-04-26,
4367,205,29,IN,454,2024-10-24,
4368,174,33,OUT,63,2024-01-21,11775
4369,209,31,IN,148,2023-08-29,
4370,35,19,OUT,104,2024-04-24,17417
4371,247,24,IN,165,2024-05-08,
4372,282,25,IN,270,2023-11-27,
4373,273,18,OUT,75,2024-08-01,17171
4374,234,26,OUT,200,2024-02-25,5980
4375,150,33,IN,492,2024-07-18,
4376,102,12,OUT,313,2023-12-20,16689
4377,32,19,IN,280,2023-12-31,
4378,244,27,OUT,13,2024-09-27,29746
4379,252,4,IN,97,2023-09-13,
4380,355,15,IN,414,2023-07-03,
4381,266,14,IN,398,2024-02-19,
4382,83,21,OUT,184,2023-10-22,11525
4383,130,1,IN,346,2024-09-16,
4384,106,3,OUT,177,2024-01-11,24550
4385,165,22,OUT,1,2023-05-02,1768
4386,96,35,OUT,110,2024-12-24,1375
4387,346,34,IN,54,2024-08-03,
4388,97,10,OUT,237,2023-07-15,5927
4389,57,9,IN,460,2023-12-12,
4390,309,1,OUT,335,2023-01-03,25320
4391,191,2,OUT,189,2024-08-12,35
4392,201,28,OUT,0,2023-12-29,12571
4393,109,28,OUT,2,2023-03-09,19102
4394,173,9,OUT,482,2023-01-23,28165
4395,148,15,IN,153,2023-07-09,
4396,213,31,IN,278,2024-07-15,
4397,10,31,IN,192,2024-01-27,
4398,335,20,OUT,197,2024-05-19,1040
4399,248,15,IN,414,2024-11-01,
4400,164,9,OUT,356,2023-07-22,12766
4401,262,28,OUT,427,2023-02-21,2521
4402,220,13,OUT,356,2023-03-17,10496
4403,266,6,OUT,290,2024-08-26,14437
4404,138,23,OUT,386,2024-06-01,18951
4405,177,27,IN,83,2024-05-10,
4406,182,12,OUT,457,2024-06-02,19599
4407,183,15,IN,32,2024-09-30,
4408,15,18,OUT,457,2023-05-23,17351
4409,117,34,IN,290,2023-09-07,
4410,279,24,IN,292,2024-12-09,
4411,174,29,OUT,15,2023-09-03,3765
4412,68,9,OUT,482,2024-06-11,12714
4413,81,22,IN,44,2024-05-23,
4414,43,5,IN,86,2023-01-18,
4415,106,23,OUT,105,2024-09-14,28601
4416,48,9,OUT,379,2024-07-31,23760
4417,270,22,OUT,39,2023-11-21,18161
4418,7,25,OUT,57,2023-08-28,5077
4419,292,4,OUT,121,2023-04-19,17470
4420,276,13,IN,465,2024-01-27,
4421,52,2,IN,166,2023-08-29,
4422,326,10,OUT,139,2023-02-03,27151
4423,81,1,IN,147,2023-02-10,
4424,288,4,OUT,491,2024-09-07,27244
4425,167,24,OUT,3,2023-07-31,14991
4426,139,34,IN,227,2024-04-06,
4427,71,12,OUT,193,2024-09-20,7033
4428,24,2,IN,11,2024-09-27,
4429,58,32,IN,63,2023-05-26,
4430,175,29,IN,311,2023-12-19,
4431,72,19,OUT,487,2024-03-27,22909
4432,137,2,IN,316,2024-04-01,
4433,294,3,IN,283,2024-10-02,
4434,272,32,OUT,500,2023-12-15,7423
4435,131,21,OUT,419,2024-08-07,20350
4436,252,12,OUT,7,2024-04-16,7969
4437,72,15,IN,399,2024-11-28,
4438,83,31,OUT,371,2023-02-22,21832
4439,338,7,IN,163,2023-11-03,
4440,34,19,OUT,446,2023-12-15,5858
4441,303,4,OUT,57,2024-01-15,8286
4442,8888,888,OUT,0,2024-01-02,888888
4443,152,23,IN,118,2024-11-04,
4444,174,7,IN,322,2023-01-29,
4445,313,33,OUT,156,2023-03-16,10020
4446,339,3,IN,189,2024-07-29,
4447,43,11,OUT,321,2023-07-18,9141
4448,305,32,OUT,150,2024-04-09,15628
4449,114,18,IN,19,2023-11-09,
4450,277,31,IN,235,2024-04-25,
4451,254,10,OUT,359,2023-06-10,28589
4452,325,27,OUT,404,2023-03-23,28558
4453,233,22,OUT,355,2023-04-30,1865
4454,24,15,OUT,317,2023-11-13,12957
4455,91,30,OUT,371,2023-11-22,1887
4456,155,26,OUT,201,2024-05-16,14552
4457,28,6,IN,8,2023-04-01,
4458,203,34,OUT,270,2023-01-01,12389
4459,110,9,IN,127,2023-10-01,
4460,298,20,IN,285,2023-05-09,
4461,92,9,IN,326,2024-12-30,
4462,9,27,IN,233,2023-01-19,
4463,121,28,OUT,191,2023-07-12,1668
4464,357,3,OUT,338,2023-10-14,7325
4465,178,18,OUT,339,2023-08-31,9075
4466,190,19,IN,339,2024-05-16,
4467,219,31,IN,276,2023-07-20,
4468,118,31,OUT,57,2024-01-17,6060
4469,230,16,OUT,464,2023-04-12,21671
4470,201,18,OUT,402,2024-03-28,22312
4471,192,22,IN,378,2023-09-16,
4472,166,12,IN,313,2024-11-26,
4473,76,18,IN,63,2024-09-25,
4474,315,35,OUT,22,2023-04-07,22089
4475,303,22,IN,405,2023-08-12,
4476,100,10,IN,248,2024-03-14,
4477,31,29,OUT,292,2023-03-24,19838
4478,155,11,OUT,372,2023-03-31,6956
4479,171,29,OUT,303,2023-01-16,20480
4480,211,31,OUT,332,2024-05-03,4220
4481,148,7,OUT,319,2023-08-05,13918
4482,355,34,OUT,307,2024-10-30,14729
4483,344,30,OUT,118,2024-02-16,14161
4484,236,32,OUT,0,2024-09-29,27838
4485,344,33,IN,337,2024-01-07,
4486,358,8,OUT,199,2024-04-19,7354
4487,3,3,OUT,135,2023-04-05,29395
4488,129,26,OUT,225,2024-07-17,8984
4489,61,10,IN,386,2023-11-21,
4490,122,30,OUT,259,2023-10-17,6018
4491,163,24,IN,461,2024-09-20,
4492,301,3,OUT,255,2024-04-17,25745
4493,148,14,OUT,482,2023-08-31,8215
4494,175,9,IN,52,2023-01-30,
4495,241,2,OUT,474,2023-01-21,12991
4496,260,5,OUT,370,2023-03-22,13470
4497,86,21,OUT,398,2023-10-29,28140
4498,166,11,OUT,8,2024-05-25,27956
4499,117,15,IN,409,2023-02-09,
4500,202,28,OUT,125,2023-10-27,24812
4501,6,15,OUT,98,2024-01-15,5249
4502,134,16,OUT,327,2024-09-06,4411
4503,335,32,OUT,243,2023-09-16,16530
4504,30,25,OUT,236,2024-10-03,6111
4505,204,3,IN,105,2023-11-02,
4506,47,12,OUT,324,2023-10-03,3963
4507,107,7,IN,2,2024-08-02,
4508,165,29,IN,251,2023-08-23,
4509,166,13,OUT,177,2023-10-14,28419
4510,11,28,OUT,285,2023-09-20,29644
4511,223,18,IN,474,2023-11-20,
4512,131,14,OUT,352,2023-11-26,28600
4513,87,26,IN,347,2024-03-27,
4514,89,13,OUT,282,2024-08-09,27437
4515,88,13,IN,50,2023-02-06,
4516,172,9,IN,226,2024-05-04,
4517,104,35,OUT,499,2024-04-19,24283
4518,299,28,OUT,162,2024-08-10,18369
4519,132,22,OUT,248,2023-05-28,20896
4520,51,19,IN,251,2024-03-27,
4521,2,22,OUT,39,2024-09-27,22963
4522,314,32,OUT,149,2024-06-07,28898
4523,46,16,OUT,313,2023-10-15,4531
4524,85,1,IN,14,2024-06-12,
4525,273,22,OUT,331,2024-08-09,12059
4526,58,21,OUT,88,2024-02-24,26471
4527,19,16,IN,21,2023-01-26,
4528,49,22,OUT,11,2024-05-14,27101
4529,54,26,OUT,457,2023-05-20,26998
4530,139,10,IN,268,2024-02-20,
4531,77,34,IN,482,2024-05-14,
4532,254,23,OUT,363,2023-03-15,13271
4533,174,15,IN,0,2023-03-13,
4534,92,1,OUT,0,2024-04-07,19161
4535,195,24,OUT,293,2024-03-13,3275
4536,78,2,OUT,230,2023-03-23,2521
4537,78,15,IN,101,2024-05-29,
4538,329,27,IN,166,2024-04-09,
4539,255,25,IN,84,2023-05-23,
4540,83,18,IN,144,2024-02-28,
4541,194,35,IN,223,2024-08-27,
4542,328,21,IN,405,2023-12-03,
4543,169,3,OUT,468,2024-09-02,6598
4544,52,24,OUT,126,2024-08-19,20979
4545,104,14,IN,377,2024-09-03,
4546,286,14,IN,441,2023-03-05,
4547,215,17,IN,140,2023-09-17,
4548,8888,888,IN,0,2023-06-02,
4549,332,34,IN,398,2024-11-14,
4550,26,20,OUT,246,2023-05-06,23372
4551,90,22,OUT,272,2023-08-13,10466
4552,341,17,IN,176,2024-03-02,
4553,156,34,OUT,460,2024-07-13,26761
4554,269,1,OUT,217,2023-11-04,6115
4555,184,7,OUT,86,2023-03-14,9217
4556,55,27,OUT,53,2024-02-09,27789
4557,54,29,OUT,169,2024-01-23,18694
4558,202,35,OUT,321,2023-09-10,654
4559,281,33,IN,329,2024-06-08,
4560,269,23,IN,0,2024-03-16,
4561,323,19,OUT,432,2024-05-31,6192
4562,211,34,IN,213,2024-11-22,
4563,62,16,IN,9,2023-01-25,
4564,236,2,IN,482,2024-12-19,
4565,59,26,OUT,429,2023-12-01,15224
4566,35,23,IN,336,2023-09-27,
4567,97,10,IN,492,2024-11-29,
4568,299,14,IN,128,2023-05-26,
4569,101,14,OUT,398,2023-01-14,21387
4570,287,12,IN,11,2023-10-20,
4571,16,2,OUT,303,2023-09-02,9324
4572,318,3,IN,309,2024-01-22,
4573,283,29,IN,186,2024-04-18,
4574,116,21,IN,155,2023-03-11,
4575,338,33,IN,460,2023-05-07,
4576,73,7,IN,440,2023-02-24,
4577,56,23,OUT,459,2024-10-15,2423
4578,168,29,OUT,477,2024-06-08,20571
4579,341,17,OUT,183,2023-06-22,18911
4580,338,28,IN,315,2023-08-09,
4581,204,15,OUT,260,2024-12-08,699
4582,356,17,OUT,342,2023-12-04,13556
4583,178,31,OUT,14,2023-03-28,5466
4584,338,30,OUT,286,2024-12-28,3213
4585,117,7,IN,470,2024-12-31,
4586,245,17,IN,471,2023-05-13,
4587,21,24,OUT,54,2024-06-15,1447
4588,86,11,IN,232,2023-08-19,
4589,127,14,OUT,377,2024-10-01,23084
4590,126,16,IN,13,2024-06-15,
4591,119,7,OUT,461,2023-10-23,15517
4592,78,15,IN,454,2023-09-26,
4593,8888,888,IN,0,2024-05-18,
4594,8888,888,OUT,0,2024-02-24,888888
4595,316,21,IN,60,2024-02-17,
4596,67,25,IN,73,2024-02-10,
4597,77,9,IN,465,2023-02-10,
4598,346,32,IN,33,2023-09-10,
4599,13,24,IN,43,2024-04-04,
4600,170,2,IN,21,2024-12-18,
4601,169,16,IN,271,2023-07-31,
4602,96,1,OUT,144,2024-06-09,7044
4603,173,15,OUT,366,2023-09-04,9784
4604,129,16,OUT,253,2023-08-12,3855
4605,348,16,OUT,436,2024-12-03,14033
4606,39,29,IN,61,2023-12-02,
4607,66,15,OUT,216,2024-11-03,25746
4608,181,19,OUT,365,2024-04-18,22816
4609,166,1,OUT,43,2024-08-28,17928
4610,155,29,OUT,32,2024-07-13,7326
4611,185,25,OUT,267,2024-11-19,20068
4612,312,26,IN,265,2024-02-12,
4613,232,1,OUT,407,2024-06-28,21164
4614,203,20,OUT,269,2023-05-25,12327
4615,79,23,IN,427,2023-09-05,
4616,280,4,IN,352,2024-10-25,
4617,155,9,OUT,210,2023-04-21,14498
4618,131,1,OUT,152,2024-08-20,7626
4619,257,8,OUT,373,2023-09-18,10442
4620,355,21,OUT,258,2024-02-19,4901
4621,255,19,IN,60,2024-07-17,
4622,304,29,OUT,477,2023-12-14,24025
4623,153,33,IN,0,2023-02-22,
4624,239,7,OUT,377,2024-03-07,16131
4625,77,1,IN,308,2023-12-29,
4626,75,28,OUT,478,2024-11-24,15604
4627,232,28,OUT,55,2024-09-29,20070
4628,275,7,OUT,449,2023-08-15,25584
4629,82,27,OUT,10,2024-08-02,4650
4630,69,24,IN,156,2024-04-16,
4631,346,1,IN,273,2023-03-14,
4632,133,22,OUT,251,2023-02-07,19870
4633,335,13,OUT,253,2024-03-22,3185
4634,321,5,IN,239,2024-01-08,
4635,294,28,OUT,493,2024-03-27,21506
4636,301,9,IN,286,2023-04-09,
4637,195,2,OUT,81,2023-01-21,2005
4638,58,14,OUT,334,2023-04-16,950
4639,216,27,IN,114,2024-09-15,
4640,219,17,OUT,428,2024-09-12,16251
4641,329,28,OUT,293,2023-11-19,1018
4642,38,22,OUT,400,2024-11-29,12910
4643,322,23,OUT,92,2024-09-22,5436
4644,19,3,OUT,307,2024-01-18,3624
4645,175,3,IN,296,2023-09-26,
4646,298,17,OUT,479,2023-06-27,1003
4647,169,23,OUT,276,2023-09-21,17293
4648,345,12,IN,288,2023-02-09,
4649,125,15,IN,247,2024-11-26,
4650,18,22,IN,245,2024-09-21,
4651,174,6,IN,90,2024-03-07,
4652,54,17,OUT,165,2023-06-04,146
4653,30,16,IN,468,2024-10-31,
4654,277,21,IN,495,2024-02-19,
4655,214,3,IN,29,2023-01-01,
4656,29,1,OUT,243,2024-09-11,18994
4657,148,7,OUT,17,2024-02-19,5030
4658,315,21,OUT,446,2024-10-27,7573
4659,110,14,IN,351,2024-01-14,
4660,216,3,OUT,313,2024-01-28,12818
4661,139,19,OUT,428,2023-09-19,9353
4662,42,13,IN,116,2024-03-09,
4663,236,22,OUT,24,2023-01-05,6822
4664,234,5,OUT,181,2024-04-21,17804
4665,42,19,OUT,345,2023-12-15,18893
4666,273,8,OUT,38,2024-11-07,2558
4667,309,23,IN,452,2023-03-30,
4668,341,14,IN,219,2023-10-01,
4669,294,15,IN,148,2023-04-16,
4670,190,6,IN,153,2023-10-05,
4671,43,32,IN,438,2024-11-30,
4672,242,22,OUT,384,2024-06-02,15495
4673,166,7,IN,395,2023-11-14,
4674,55,12,IN,229,2024-12-24,
4675,320,15,OUT,132,2024-03-25,8842
4676,298,32,IN,82,2024-02-16,
4677,227,7,OUT,141,2023-11-06,7513
4678,328,7,OUT,320,2024-03-21,1187
4679,252,17,OUT,144,2023-07-18,24841
4680,200,33,OUT,313,2024-11-03,20
4681,89,34,IN,464,2024-08-09,
4682,344,19,OUT,361,2023-02-17,13439
4683,73,1,IN,367,2023-02-21,
4684,315,35,OUT,352,2023-06-14,12400
4685,290,10,IN,453,2024-07-01,
4686,282,1,OUT,319,2023-12-04,9282
4687,173,9,OUT,38,2024-08-08,26410
4688,60,3,OUT,488,2024-02-22,9243
4689,103,1,IN,266,2024-10-06,
4690,180,18,OUT,16,2023-11-19,13502
4691,268,22,OUT,260,2024-06-24,9486
4692,184,32,IN,297,2023-02-06,
4693,253,11,OUT,151,2024-03-20,29074
4694,159,15,OUT,238,2024-02-14,16154
4695,6,4,OUT,306,2023-12-18,928
4696,290,22,IN,374,2023-11-01,
4697,268,12,OUT,387,2024-10-23,28133
4698,323,6,OUT,211,2023-10-07,2333
4699,225,35,IN,447,2023-09-08,
4700,128,3,IN,370,2024-04-29,
4701,356,11,IN,335,2024-08-14,
4702,132,28,OUT,480,2024-01-09,4856
4703,151,32,IN,380,2024-07-12,
4704,294,22,OUT,369,2023-08-11,24646
4705,63,22,OUT,372,2024-01-28,14952
4706,329,13,OUT,271,2023-12-05,16509
4707,113,9,OUT,176,2024-11-03,13999
4708,205,23,IN,393,2024-02-22,
4709,290,17,OUT,225,2023-05-11,7361
4710,307,10,IN,258,2023-08-25,
4711,359,25,OUT,339,2023-06-14,11847
4712,84,28,OUT,156,2024-04-28,29525
4713,270,33,OUT,16,2024-10-24,3773
4714,317,23,OUT,441,2023-10-02,16726
4715,23,24,OUT,250,2023-06-02,7166
4716,94,23,OUT,18,2024-01-05,10891
4717,327,13,OUT,463,2023-09-20,7489
4718,110,15,IN,276,2024-08-12,
4719,73,27,OUT,439,2024-03-28,24564
4720,321,35,OUT,277,2024-05-21,10149
4721,283,9,OUT,247,2024-03-07,26199
4722,77,12,OUT,382,2023-08-08,932
4723,31,16,IN,124,2023-05-18,
4724,13,22,IN,238,2024-11-21,
4725,191,8,OUT,189,2023-05-20,17927
4726,68,23,IN,136,2023-05-25,
4727,40,5,IN,327,2023-04-05,
4728,103,23,IN,155,2024-11-26,
4729,248,19,OUT,328,2024-07-02,22371
4730,270,18,IN,9,2023-10-18,
4731,132,8,IN,210,2023-02-27,
4732,232,15,OUT,411,2023-08-16,21564
4733,219,10,OUT,404,2023-07-17,27298
4734,326,35,IN,381,2024-07-27,
4735,354,6,OUT,149,2023-02-09,22169
4736,21,23,OUT,417,2023-06-10,15006
4737,150,34,IN,171,2023-08-01,
4738,147,31,IN,276,2023-03-14,
4739,45,2,OUT,473,2024-02-14,18944
4740,175,7,IN,213,2024-04-27,
4741,56,33,IN,384,2024-05-03,
4742,117,19,OUT,9,2024-08-16,14018
4743,26,18,OUT,140,2024-03-23,14002
4744,217,9,IN,290,2023-12-03,
4745,77,12,IN,167,2024-05-26,
4746,11,12,IN,86,2023-12-02,
4747,212,3,IN,414,2024-04-11,
4748,353,8,OUT,26,2023-02-18,18254
4749,69,8,IN,178,2024-02-15,
4750,187,20,IN,373,2023-04-13,
4751,282,7,IN,47,2024-11-06,
4752,20,15,OUT,329,2024-04-23,28124
4753,295,27,OUT,226,2024-10-16,20363
4754,39,28,OUT,383,2023-04-03,15555
4755,133,35,IN,49,2023-04-03,
4756,68,7,OUT,481,2024-01-23,20998
4757,127,13,IN,178,2023-06-13,
4758,194,23,IN,42,2024-12-11,
4759,227,2,IN,401,2023-04-03,
4760,52,35,IN,312,2023-11-13,
4761,219,17,IN,187,2024-09-29,
4762,249,23,IN,468,2024-07-27,
4763,235,32,OUT,331,2023-02-18,3708
4764,204,33,OUT,228,2023-12-27,7397
4765,75,3,OUT,70,2023-06-01,20401
4766,223,9,OUT,320,2024-12-31,8692
4767,39,23,OUT,232,2023-04-27,9067
4768,8888,888,OUT,0,2023-11-07,888888
4769,102,9,IN,496,2023-02-05,
4770,314,33,OUT,106,2024-05-13,5443
4771,193,20,IN,380,2023-09-28,
4772,337,12,OUT,23,2023-06-08,13872
4773,266,4,IN,389,2024-08-09,
4774,253,18,IN,366,2024-05-07,
4775,186,30,OUT,481,2024-01-07,26083
4776,320,10,IN,386,2023-07-06,
4777,100,8,IN,264,2024-11-26,
4778,312,7,OUT,357,2023-06-01,27080
4779,201,30,IN,349,2023-06-11,
4780,116,2,OUT,305,2023-08-13,18589
4781,107,25,IN,156,2023-06-19,
4782,217,32,OUT,313,2024-09-12,19937
4783,63,17,OUT,495,2023-09-29,990
4784,12,30,IN,422,2024-09-18,
4785,351,8,OUT,156,2023-05-22,11834
4786,157,5,IN,33,2023-11-08,
4787,8888,888,IN,0,2024-10-27,
4788,179,14,OUT,191,2024-11-06,12587
4789,33,11,IN,73,2023-12-27,
4790,344,28,IN,238,2023-12-03,
4791,15,33,IN,56,2023-04-22,
4792,123,7,OUT,51,2024-06-14,21269
4793,172,16,OUT,264,2023-04-19,28135
4794,335,34,OUT,295,2023-04-13,19063
4795,283,11,OUT,68,2024-09-30,22345
4796,58,29,IN,466,2024-11-01,
4797,273,31,OUT,26,2024-03-18,6873
4798,52,19,OUT,86,2024-02-13,14842
4799,273,12,OUT,279,2023-06-03,28346
4800,321,24,IN,136,2024-09-30,
4801,32,11,OUT,198,2023-11-07,8048
4802,290,4,IN,449,2024-03-10,
4803,320,18,IN,260,2024-12-01,
4804,252,11,OUT,342,2024-07-26,27363
4805,155,28,OUT,246,2024-09-05,457
4806,96,18,OUT,37,2024-11-28,8534
4807,305,13,OUT,340,2023-05-30,536
4808,208,17,IN,141,2023-12-10,
4809,325,15,OUT,257,2024-10-15,24378
4810,75,1,OUT,0,2023-12-16,28867
4811,317,11,IN,441,2024-05-24,
4812,174,33,OUT,299,2023-03-27,18089
4813,208,10,OUT,349,2024-09-09,11109
4814,205,16,OUT,318,2023-04-19,18759
4815,178,2,IN,379,2024-04-28,
4816,74,11,IN,137,2023-05-08,
4817,354,3,OUT,378,2023-10-07,25547
4818,322,25,OUT,225,2023-01-19,23251
4819,150,14,OUT,93,2023-08-10,220
4820,126,31,IN,344,2023-03-29,
4821,244,3,IN,156,2024-05-20,
4822,25,6,IN,79,2023-10-24,
4823,294,18,OUT,302,2024-10-13,16846
4824,77,11,IN,318,2023-08-21,
4825,109,23,OUT,257,2023-06-28,21599
4826,243,1,OUT,437,2024-08-09,10439
4827,247,7,OUT,405,2023-12-21,21082
4828,197,1,IN,432,2023-08-31,
4829,56,15,IN,108,2024-02-04,
4830,288,15,IN,109,2023-02-15,
4831,87,19,IN,189,2024-07-27,
4832,141,15,OUT,484,2023-09-22,25510
4833,293,9,IN,53,2023-06-02,
4834,239,1,IN,228,2024-05-11,
4835,144,13,OUT,412,2023-12-26,21904
4836,345,26,OUT,495,2024-02-26,20996
4837,291,19,IN,43,2024-03-20,
4838,78,21,OUT,138,2024-08-02,7074
4839,284,26,IN,432,2023-06-13,
4840,282,35,IN,238,2023-04-10,
4841,52,5,IN,157,2024-11-30,
4842,187,34,IN,388,2024-09-15,
4843,40,28,OUT,0,2024-12-29,17973
4844,244,13,OUT,473,2024-09-10,6871
4845,12,27,IN,270,2023-12-21,
4846,264,31,IN,29,2023-10-03,
4847,197,30,OUT,197,2023-09-23,5431
4848,212,24,OUT,349,2023-01-06,14295
4849,8888,888,OUT,0,2023-03-14,888888
4850,8,23,OUT,470,2024-06-02,12345
4851,106,32,OUT,15,2024-02-23,17001
4852,106,11,IN,157,2024-10-15,
4853,40,30,IN,208,2023-03-25,
4854,155,26,OUT,294,2023-11-18,1727
4855,230,23,OUT,57,2023-01-15,5751
4856,301,26,IN,494,2023-11-14,
4857,315,10,IN,449,2023-06-12,
4858,346,29,OUT,157,2023-06-03,28944
4859,8888,888,OUT,0,2024-01-30,888888
4860,135,11,OUT,272,2023-10-25,16031
4861,304,6,OUT,405,2023-02-11,5810
4862,214,1,IN,182,2024-04-18,
4863,274,30,IN,143,2024-09-09,
4864,28,5,OUT,92,2023-09-03,17269
4865,35,20,OUT,24,2024-06-27,7274
4866,102,7,OUT,360,2024-06-19,9527
4867,8888,888,OUT,0,2023-10-18,888888
4868,79,29,OUT,266,2024-04-13,21841
4869,235,32,IN,265,2024-06-23,
4870,164,12,OUT,68,2024-09-14,10864
4871,36,22,OUT,50,2023-06-26,14244
4872,36,22,IN,119,2024-04-29,
4873,229,21,IN,450,2024-02-13,
4874,10,9,IN,449,2024-05-01,
4875,6,14,IN,234,2023-08-13,
4876,298,32,IN,396,2024-01-13,
4877,311,7,IN,407,2024-12-18,
4878,170,4,OUT,139,2023-12-01,23412
4879,56,19,OUT,0,2023-05-22,20520
4880,355,16,OUT,305,2023-05-05,26540
4881,9,30,IN,22,2024-11-10,
4882,70,2,IN,429,2024-01-13,
4883,88,33,IN,331,2024-04-21,
4884,125,28,OUT,335,2023-08-11,25483
4885,294,16,IN,498,2023-06-16,
4886,266,3,OUT,19,2023-01-05,12125
4887,146,8,OUT,5,2023-04-01,12440
4888,140,23,OUT,109,2024-09-02,28754
4889,88,35,OUT,67,2023-10-25,27342
4890,278,9,IN,195,2024-08-22,
4891,195,10,IN,200,2023-06-30,
4892,285,32,OUT,396,2024-12-07,23233
4893,152,16,IN,199,2023-03-27,
4894,35,11,IN,341,2024-10-26,
4895,44,22,IN,118,2024-09-28,
4896,92,35,OUT,200,2023-09-14,9340
4897,8888,888,OUT,0,2023-11-26,888888
4898,231,7,OUT,453,2023-02-16,20667
4899,98,5,OUT,313,2023-12-01,1519
4900,249,34,OUT,298,2023-02-20,27809
4901,347,26,IN,493,2023-01-02,
4902,113,6,OUT,294,2024-08-25,24078
4903,223,2,OUT,485,2023-08-07,17529
4904,347,14,OUT,314,2023-01-08,13631
4905,152,21,IN,159,2024-02-20,
4906,163,35,IN,36,2023-04-07,
4907,155,18,IN,86,2024-08-04,
4908,12,11,OUT,307,2024-09-27,8523
4909,247,16,IN,192,2024-01-17,
4910,270,15,IN,153,2024-12-06,
4911,286,12,OUT,79,2024-02-07,18730
4912,16,8,IN,233,2024-09-17,
4913,335,4,OUT,312,2023-12-27,6346
4914,8888,888,OUT,0,2023-03-16,888888
4915,147,15,OUT,8,2024-09-04,27922
4916,103,29,OUT,473,2024-02-02,25285
4917,77,21,IN,142,2023-04-15,
4918,66,2,IN,262,2024-02-14,
4919,283,9,OUT,450,2023-03-10,27096
4920,88,25,OUT,92,2024-11-07,26505
4921,354,22,IN,388,2024-12-04,
4922,314,17,IN,375,2024-01-11,
4923,103,31,IN,121,2023-05-07,
4924,227,28,IN,333,2023-11-20,
4925,293,15,OUT,186,2024-06-19,11042
4926,61,19,IN,240,2023-02-01,
4927,23,4,IN,380,2024-01-21,
4928,102,2,OUT,391,2024-09-18,5404
4929,99,17,IN,171,2024-07-06,
4930,314,35,IN,408,2023-03-04,
4931,137,1,IN,316,2023-09-06,
4932,216,16,OUT,399,2023-01-31,29627
4933,55,22,OUT,496,2024-03-15,29429
4934,103,14,IN,313,2023-04-09,
4935,308,6,IN,432,2024-08-23,
4936,260,27,OUT,109,2023-08-31,9349
4937,277,5,IN,268,2024-01-26,
4938,33,13,OUT,32,2023-08-05,25418
4939,335,7,IN,35,2023-10-17,
4940,270,34,OUT,347,2024-09-25,28253
4941,206,8,IN,494,2023-05-02,
4942,119,17,OUT,499,2023-04-03,29551
4943,237,30,OUT,473,2023-02-18,19559
4944,83,29,IN,187,2023-12-08,
4945,61,20,IN,222,2023-08-23,
4946,226,23,IN,10,2023-10-15,
4947,151,7,IN,483,2024-03-27,
4948,264,21,OUT,395,2023-05-11,16600
4949,307,33,IN,229,2024-01-09,
4950,148,8,IN,171,2023-09-23,
4951,200,7,OUT,188,2024-07-07,22740
4952,87,25,OUT,197,2024-04-20,3399
4953,54,5,IN,398,2023-05-01,
4954,299,22,OUT,485,2024-04-22,3649
4955,85,11,OUT,303,2024-05-28,20524
4956,106,14,OUT,202,2023-06-09,26733
4957,102,16,OUT,293,2023-07-17,4235
4958,80,27,IN,135,2024-11-30,
4959,98,35,IN,346,2023-08-26,
4960,156,11,OUT,198,2023-08-20,26937
4961,104,22,OUT,233,2024-05-27,13941
4962,289,15,IN,440,2024-10-02,
4963,155,15,OUT,451,2023-06-23,21316
4964,349,9,OUT,190,2024-01-17,23659
4965,171,17,OUT,468,2024-03-25,9070
4966,227,28,OUT,298,2023-04-03,4625
4967,340,34,IN,194,2023-07-06,
4968,13,14,IN,429,2024-08-08,
4969,304,9,IN,305,2024-02-06,
4970,34,21,OUT,69,2024-03-23,26720
4971,336,18,OUT,221,2024-03-24,2066
4972,90,15,OUT,394,2023-12-23,22889
4973,321,8,OUT,34,2024-03-24,17553
4974,34,15,OUT,301,2023-06-01,10586
4975,176,25,IN,120,2023-03-18,
4976,58,14,OUT,404,2023-05-27,16351
4977,140,11,OUT,471,2023-01-18,24712
4978,197,16,IN,115,2024-01-08,
4979,225,32,OUT,339,2024-04-15,16095
4980,91,23,OUT,25,2023-07-22,15290
4981,148,23,IN,483,2023-06-29,
4982,70,9,IN,240,2024-10-11,
4983,347,23,IN,338,2023-05-09,
4984,241,12,IN,457,2023-10-29,
4985,63,10,OUT,444,2023-08-01,20342
4986,264,9,OUT,358,2023-05-27,9379
4987,164,18,OUT,197,2023-07-09,2566
4988,179,29,OUT,435,2023-04-11,8312
4989,238,21,OUT,464,2024-08-01,907
4990,280,17,IN,20,2024-12-20,
4991,140,35,OUT,2,2023-04-11,8655
4992,347,20,IN,255,2024-01-22,
4993,178,20,IN,396,2024-07-02,
4994,313,30,IN,146,2023-10-29,
4995,237,30,OUT,365,2023-04-30,749
4996,229,32,IN,326,2023-01-09,
4997,189,16,IN,396,2023-08-22,
4998,2,13,OUT,253,2024-07-11,16641
4999,154,24,OUT,116,2023-09-01,6634
5000,45,28,IN,373,2024-05-12,
5001,224,27,IN,16,2024-05-14,
5002,153,18,IN,274,2023-02-14,
5003,341,29,OUT,376,2024-02-24,12217
5004,210,3,IN,420,2024-07-11,
5005,209,15,OUT,6,2023-10-13,13400
5006,340,24,IN,387,2023-03-05,
5007,358,21,OUT,356,2024-07-16,26001
5008,238,2,IN,275,2023-11-13,
5009,8888,888,IN,0,2024-12-29,
5010,56,16,OUT,190,2023-03-11,3196
5011,316,29,IN,22,2024-06-05,
5012,18,18,OUT,293,2023-10-17,21350
5013,1,25,IN,31,2024-06-17,
5014,327,29,OUT,326,2023-05-05,23526
5015,158,28,IN,131,2023-01-22,
5016,360,3,OUT,79,2024-02-13,5022
5017,11,33,OUT,397,2023-04-13,24032
5018,118,3,OUT,199,2024-09-23,27920
5019,243,5,OUT,109,2024-06-04,18323
5020,164,34,IN,191,2024-11-11,
5021,221,16,OUT,412,2024-02-19,20618
5022,220,1,OUT,17,2023-06-12,15799
5023,194,29,OUT,212,2024-05-09,4482
5024,182,9,IN,471,2024-01-04,
5025,299,11,OUT,137,2024-08-25,18364
5026,102,30,IN,398,2023-06-26,
5027,319,5,IN,492,2024-11-04,
5028,36,25,OUT,246,2023-01-03,20318
5029,221,5,OUT,441,2024-12-07,2056
5030,124,34,OUT,281,2023-09-01,9083
5031,333,10,OUT,459,2024-12-20,4300
5032,305,32,IN,106,2024-11-13,
5033,68,16,OUT,331,2024-02-26,18654
5034,141,7,OUT,141,2023-03-31,25581
5035,315,26,IN,75,2024-04-06,
5036,141,33,IN,20,2023-09-15,
5037,271,26,IN,22,2023-12-04,
5038,116,31,OUT,441,2023-06-06,24491
5039,136,31,OUT,475,2024-03-30,1499
5040,356,32,IN,402,2023-03-23,
5041,108,15,OUT,133,2023-11-08,26525
5042,204,29,OUT,183,2024-04-02,19599
5043,10,9,OUT,388,2023-08-01,17134
5044,77,9,IN,413,2023-01-09,
5045,19,2,OUT,250,2023-03-30,20585
5046,321,29,IN,215,2023-01-27,
5047,44,14,IN,158,2024-10-14,
5048,235,1,IN,87,2024-06-13,
5049,173,9,OUT,186,2024-03-27,20809
5050,150,1,OUT,32,2024-08-26,19134
5051,196,14,OUT,78,2023-07-02,23688
5052,134,26,IN,448,2024-06-27,
5053,98,1,OUT,112,2024-06-07,11482
5054,23,29,IN,45,2023-07-04,
5055,79,25,OUT,367,2023-12-01,6841
5056,346,5,IN,261,2023-06-26,
5057,65,29,OUT,300,2023-10-31,4271
5058,84,27,IN,455,2023-09-17,
5059,318,5,IN,341,2024-03-20,
5060,114,30,IN,199,2024-08-26,
5061,58,19,OUT,140,2023-07-16,2762
5062,218,7,IN,245,2024-12-09,
5063,97,17,IN,182,2024-07-12,
5064,58,16,OUT,189,2024-11-16,27588
5065,284,35,OUT,90,2024-08-17,20916
5066,334,27,OUT,54,2024-01-21,5030
5067,9,24,IN,22,2024-04-05,
5068,18,25,IN,328,2024-12-25,
5069,235,5,OUT,358,2024-07-18,25095
5070,186,25,OUT,119,2024-09-18,26552
5071,108,21,IN,110,2023-03-28,
5072,135,35,OUT,317,2023-06-14,23738
5073,172,5,OUT,340,2024-12-16,12550
5074,61,11,OUT,66,2023-02-14,6967
5075,254,15,IN,178,2023-02-28,
5076,67,5,OUT,442,2023-03-26,19364
5077,118,32,OUT,180,2023-09-30,23465
5078,179,21,OUT,498,2023-04-15,25491
5079,284,20,IN,313,2024-10-28,
5080,299,24,OUT,212,2023-10-28,26516
5081,134,2,OUT,490,2024-12-19,22853
5082,225,13,OUT,403,2023-04-17,27160
5083,101,18,IN,266,2023-07-08,
5084,253,27,IN,278,2023-02-01,
5085,269,12,OUT,396,2024-11-28,10602
5086,116,16,OUT,280,2023-06-04,20329
5087,301,27,OUT,236,2024-08-14,23756
5088,279,24,OUT,57,2024-07-06,10611
5089,288,17,IN,12,2023-07-09,
5090,40,4,IN,354,2024-03-15,
5091,26,32,OUT,39,2023-05-17,25905
5092,125,13,OUT,223,2023-07-18,10203
5093,202,3,IN,482,2023-03-03,
5094,284,34,IN,381,2023-05-13,
5095,213,19,OUT,144,2023-01-04,10123
5096,339,15,OUT,170,2024-12-12,2226
5097,106,35,OUT,401,2024-07-22,4525
5098,25,5,OUT,499,2023-11-20,19388
5099,52,30,OUT,430,2024-09-18,10069
5100,8888,888,OUT,0,2023-09-23,888888
5101,225,7,OUT,275,2024-03-13,11684
5102,192,20,IN,450,2024-05-04,
5103,8888,888,IN,0,2024-03-10,
5104,77,25,IN,455,2024-01-12,
5105,295,25,IN,118,2024-03-25,
5106,270,26,OUT,470,2023-05-08,12420
5107,7,10,IN,21,2023-07-25,
5108,67,31,OUT,379,2023-04-03,6833
5109,148,9,OUT,37,2024-03-07,26893
5110,228,35,OUT,182,2024-10-28,7334
5111,354,25,OUT,308,2024-04-25,18747
5112,11,14,IN,84,2024-02-15,
5113,359,23,OUT,96,2023-09-01,19863
5114,173,19,OUT,280,2024-02-06,5735
5115,294,33,OUT,28,2024-04-27,9646
5116,258,17,OUT,409,2024-12-27,25178
5117,142,29,OUT,10,2023-02-07,13632
5118,345,1,OUT,396,2024-03-13,10623
5119,106,12,IN,496,2023-09-30,
5120,346,25,IN,47,2024-04-01,
5121,267,9,OUT,377,2024-06-30,26004
5122,193,9,IN,281,2023-07-10,
5123,300,15,OUT,57,2023-09-27,27489
5124,166,33,OUT,155,2024-12-04,25839
5125,325,29,IN,51,2024-03-17,
5126,212,28,OUT,280,2023-01-10,28607
5127,190,10,OUT,248,2023-11-24,8826
5128,276,27,OUT,399,2024-01-17,17478
5129,98,15,OUT,162,2024-10-03,9359
5130,350,7,OUT,403,2023-02-17,14781
5131,89,1,OUT,342,2023-07-20,12043
5132,130,19,IN,339,2024-08-20,
5133,93,4,IN,165,2023-03-03,
5134,148,7,OUT,215,2023-12-27,13968
5135,312,9,IN,89,2023-03-22,
5136,33,34,IN,486,2023-01-29,
5137,98,9,OUT,70,2023-04-04,16713
5138,284,16,IN,137,2023-01-03,
5139,173,29,OUT,304,2023-01-13,6420
5140,277,16,OUT,133,2024-02-15,9322
5141,294,17,OUT,151,2024-07-22,13637
5142,287,34,IN,112,2023-07-24,
5143,10,32,IN,414,2023-12-10,
5144,91,13,IN,120,2024-05-06,
5145,8888,888,IN,0,2023-11-15,
5146,49,23,OUT,273,2024-01-09,23691
5147,272,17,IN,27,2024-02-22,
5148,8888,888,OUT,0,2023-05-13,888888
5149,160,25,OUT,55,2023-12-14,24614
5150,257,26,IN,110,2023-04-22,
5151,298,8,IN,340,2024-02-10,
5152,277,6,OUT,316,2023-05-11,4839
5153,231,5,OUT,374,2024-10-27,8127
5154,140,1,IN,109,2023-11-20,
5155,111,34,OUT,351,2024-08-28,4630
5156,228,6,OUT,167,2024-01-25,639
5157,86,34,IN,231,2024-03-21,
5158,277,12,OUT,473,2024-11-03,13102
5159,294,20,IN,294,2023-01-17,
5160,299,5,IN,114,2024-09-17,
5161,185,29,OUT,25,2024-11-24,4633
5162,130,17,OUT,375,2023-10-04,12628
5163,135,16,OUT,43,2023-02-17,22578
5164,343,35,IN,413,2023-03-14,
5165,248,21,OUT,144,2024-10-05,2213
5166,42,18,OUT,287,2024-03-17,12553
5167,123,28,IN,136,2023-02-02,
5168,221,17,IN,239,2023-11-26,
5169,53,15,OUT,476,2024-12-07,23595
5170,291,22,OUT,390,2023-05-04,13525
5171,229,31,OUT,57,2024-05-18,3414
5172,102,1,IN,467,2023-04-11,
5173,120,14,OUT,308,2023-05-10,4258
5174,312,11,IN,209,2023-07-25,
5175,105,31,IN,279,2023-11-07,
5176,139,35,IN,272,2024-01-12,
5177,153,14,IN,3,2024-11-12,
5178,149,20,OUT,365,2023-07-15,77
5179,79,6,IN,102,2023-05-09,
5180,36,31,IN,83,2024-03-30,
5181,76,19,OUT,110,2024-04-28,1018
5182,19,29,IN,300,2023-02-24,
5183,324,3,IN,440,2024-01-07,
5184,23,20,IN,279,2023-11-01,
5185,101,3,OUT,177,2024-01-14,22063
5186,337,31,IN,342,2023-08-25,
5187,106,12,OUT,203,2024-03-15,22250
5188,8888,888,IN,0,2023-11-19,
5189,221,3,IN,160,2024-01-06,
5190,274,15,IN,177,2024-10-14,
5191,172,10,OUT,455,2024-09-25,1880
5192,142,12,OUT,269,2023-10-18,20825
5193,154,29,IN,189,2023-10-17,
5194,261,5,IN,40,2023-11-05,
5195,4,14,IN,15,2023-09-09,
5196,160,17,IN,293,2023-11-15,
5197,289,1,OUT,252,2023-10-26,4448
5198,8888,888,IN,0,2024-03-25,
5199,183,13,OUT,376,2023-11-13,26939
5200,11,31,IN,230,2023-01-29,
5201,134,5,OUT,161,2024-02-08,24132
5202,323,26,IN,223,2024-05-23,
5203,25,23,OUT,384,2023-08-18,4755
5204,249,35,IN,258,2023-01-23,
5205,103,31,OUT,436,2023-12-29,10006
5206,64,26,IN,110,2023-02-05,
5207,118,6,OUT,372,2024-02-25,3050
5208,180,19,IN,485,2023-06-08,
5209,328,6,IN,183,2023-03-24,
5210,294,2,IN,61,2024-09-12,
5211,47,31,IN,196,2023-08-17,
5212,187,31,OUT,496,2024-01-23,15108
5213,257,16,IN,405,2023-02-09,
5214,296,31,OUT,52,2024-06-29,1241
5215,123,6,OUT,54,2023-04-26,20742
5216,112,32,IN,223,2023-07-16,
5217,242,33,OUT,315,2023-04-14,13606
5218,75,27,IN,402,2023-09-13,
5219,298,11,IN,15,2023-04-18,
5220,317,27,OUT,167,2024-07-30,8630
5221,259,11,IN,448,2023-03-13,
5222,352,20,OUT,6,2024-09-21,26025
5223,180,20,IN,115,2024-12-17,
5224,24,16,IN,107,2023-03-04,
5225,5,21,OUT,228,2023-11-26,7705
5226,259,29,IN,362,2023-04-30,
5227,218,32,IN,467,2024-12-16,
5228,119,7,IN,414,2023-12-27,
5229,50,23,IN,377,2024-09-26,
5230,219,8,OUT,69,2023-09-20,12022
5231,197,10,OUT,367,2024-05-22,21527
5232,118,1,OUT,255,2023-09-20,3743
5233,109,25,OUT,44,2023-01-17,19069
5234,117,13,IN,287,2023-03-28,
5235,299,6,IN,450,2024-06-15,
5236,293,15,OUT,361,2023-09-10,6706
5237,236,11,IN,138,2024-12-25,
5238,36,2,OUT,467,2023-04-06,9518
5239,187,21,OUT,43,2023-06-15,7944
5240,8888,888,OUT,0,2024-10-03,888888
5241,80,2,OUT,411,2023-01-01,23101
5242,192,1,OUT,54,2024-08-11,17962
5243,273,34,IN,0,2024-02-20,
5244,13,13,OUT,93,2023-09-24,10800
5245,8888,888,OUT,0,2024-01-10,888888
5246,189,16,IN,331,2023-09-01,
5247,151,26,OUT,190,2023-10-03,8882
5248,88,29,OUT,37,2024-06-26,21184
5249,325,33,OUT,143,2023-08-27,2790
5250,345,19,IN,414,2023-06-01,
5251,44,17,OUT,300,2023-11-02,6274
5252,308,12,IN,378,2023-09-01,
5253,179,4,OUT,270,2023-06-08,15896
5254,224,13,OUT,484,2023-09-09,5235
5255,139,27,OUT,322,2023-10-29,7588
5256,315,35,OUT,379,2023-04-19,13255
5257,86,6,OUT,227,2024-02-08,5183
5258,90,28,OUT,335,2023-05-19,21875
5259,209,18,OUT,172,2023-08-26,24083
5260,255,23,IN,87,2024-03-17,
5261,135,23,OUT,177,2023-11-06,3730
5262,271,23,OUT,382,2024-08-01,28388
5263,122,24,OUT,162,2023-06-14,14772
5264,330,26,OUT,0,2023-09-02,16719
5265,162,22,OUT,111,2023-01-11,10514
5266,349,27,OUT,82,2023-06-28,22831
5267,28,15,OUT,371,2024-02-15,23878
5268,41,21,IN,120,2024-02-25,
5269,157,23,IN,424,2024-06-11,
5270,152,2,IN,443,2024-08-26,
5271,258,1,OUT,336,2024-03-20,21234
5272,283,12,OUT,266,2024-11-26,28960
5273,205,11,OUT,161,2023-07-03,4580
5274,9,27,OUT,226,2024-04-10,19216
5275,169,19,IN,245,2024-06-22,
5276,54,5,OUT,375,2023-09-04,13707
5277,143,8,OUT,388,2023-10-10,12097
5278,167,8,IN,177,2023-06-23,
5279,45,34,IN,355,2024-06-23,
5280,13,22,IN,214,2023-05-18,
5281,49,34,OUT,277,2024-01-26,8843
5282,23,27,OUT,159,2023-10-25,14495
5283,167,20,IN,99,2024-02-15,
5284,59,18,OUT,308,2023-07-01,11494
5285,288,35,IN,214,2024-04-04,
5286,327,30,IN,434,2024-08-01,
5287,234,18,IN,486,2024-09-02,
5288,65,19,OUT,466,2023-10-08,20993
5289,239,24,OUT,66,2024-10-30,27677
5290,45,2,OUT,110,2023-07-15,17118
5291,8888,888,IN,0,2023-03-10,
5292,298,33,OUT,376,2024-02-26,15560
5293,317,19,OUT,454,2023-06-26,10332
5294,359,22,OUT,451,2023-01-10,13785
5295,275,33,OUT,292,2023-12-17,2862
5296,191,28,OUT,292,2024-11-26,28803
5297,309,29,IN,270,2024-08-15,
5298,275,3,OUT,312,2023-10-25,23214
5299,176,3,IN,332,2023-12-08,
5300,196,34,OUT,57,2023-06-04,2758
5301,213,31,OUT,24,2023-05-12,7288
5302,71,20,IN,248,2023-09-08,
5303,349,18,OUT,11,2023-06-23,8430
5304,82,20,IN,114,2023-12-03,
5305,296,23,IN,393,2024-09-18,
5306,230,3,OUT,316,2023-05-15,27094
5307,243,33,OUT,257,2024-02-10,20184
5308,113,22,OUT,132,2024-08-08,29312
5309,233,3,OUT,251,2024-08-24,8750
5310,77,11,OUT,470,2024-01-22,16765
5311,301,6,OUT,0,2024-02-05,24304
5312,218,33,IN,384,2024-07-31,
5313,67,22,IN,87,2024-03-06,
5314,202,6,IN,256,2024-12-08,
5315,95,7,OUT,449,2024-02-24,21299
5316,129,15,OUT,9,2024-02-04,7345
5317,38,14,OUT,352,2023-07-30,10020
5318,126,3,IN,249,2023-06-24,
5319,330,6,IN,142,2023-11-30,
5320,51,32,IN,84,2023-05-19,
5321,97,26,OUT,164,2024-07-22,14528
5322,214,14,OUT,95,2023-01-31,8449
5323,256,12,IN,466,2024-01-22,
5324,349,5,IN,285,2024-05-04,
5325,261,27,IN,213,2024-06-13,
5326,13,21,IN,306,2023-07-27,
5327,239,32,OUT,438,2024-07-23,6909
5328,307,27,IN,276,2024-07-13,
5329,85,6,OUT,407,2023-01-24,12396
5330,70,25,IN,178,2023-03-29,
5331,87,29,IN,470,2024-02-19,
5332,213,30,OUT,244,2024-08-05,11675
5333,71,26,OUT,49,2024-11-25,6416
5334,303,32,OUT,20,2024-09-27,1987
5335,335,30,OUT,150,2024-01-29,8172
5336,85,7,OUT,241,2024-03-27,4720
5337,305,6,OUT,412,2024-02-28,10308
5338,332,24,IN,130,2024-10-09,
5339,355,24,OUT,128,2023-12-08,11907
5340,296,20,OUT,44,2023-09-14,25840
5341,268,6,OUT,6,2024-03-13,8196
5342,40,8,OUT,314,2023-04-03,25607
5343,348,11,OUT,380,2023-06-05,20130
5344,104,32,IN,190,2024-02-25,
5345,292,29,IN,42,2023-09-14,
5346,78,31,OUT,431,2023-05-12,29325
5347,302,27,OUT,459,2024-01-01,28154
5348,165,9,OUT,151,2023-02-19,1268
5349,297,35,IN,257,2024-10-30,
5350,22,9,IN,365,2023-08-27,
5351,4,13,IN,50,2024-10-09,
5352,201,7,OUT,181,2024-07-16,18127
5353,146,28,OUT,30,2024-05-24,13877
5354,58,5,OUT,451,2023-04-24,27275
5355,235,16,OUT,194,2024-06-14,4636
5356,164,19,OUT,455,2024-06-19,14586
5357,2,29,OUT,492,2023-10-28,8844
5358,78,23,OUT,219,2024-07-25,15061
5359,161,3,IN,355,2023-01-11,
5360,8888,888,OUT,0,2024-10-17,888888
5361,173,15,IN,418,2024-02-09,
5362,330,33,IN,330,2023-10-02,
5363,348,23,OUT,394,2023-05-02,23956
5364,70,8,IN,134,2023-08-27,
5365,157,30,IN,100,2024-05-13,
5366,274,5,OUT,176,2023-05-04,13947
5367,300,27,OUT,3,2023-10-01,25803
5368,190,18,OUT,332,2023-04-26,19505
5369,102,2,OUT,141,2024-07-20,19113
5370,8888,888,OUT,0,2023-11-13,888888
5371,70,6,IN,15,2023-12-04,
5372,223,6,OUT,299,2023-12-31,20452
5373,332,4,OUT,420,2024-03-28,21415
5374,199,4,OUT,240,2024-10-30,5903
5375,332,33,OUT,300,2023-12-01,13820
5376,307,15,IN,405,2024-09-30,
5377,135,23,OUT,284,2024-01-28,6132
5378,340,28,IN,175,2023-09-17,
5379,228,2,OUT,128,2024-09-28,15109
5380,85,9,IN,381,2024-01-09,
5381,17,29,OUT,438,2023-06-06,27724
5382,74,9,OUT,426,2024-03-04,27571
5383,126,6,OUT,253,2023-07-09,27833
5384,268,28,IN,99,2024-07-17,
5385,68,19,OUT,146,2024-07-15,6372
5386,125,33,OUT,485,2023-07-04,24467
5387,164,30,OUT,99,2023-02-04,3345
5388,15,6,OUT,113,2023-10-12,23655
5389,79,15,IN,134,2024-09-24,
5390,252,21,IN,477,2024-04-14,
5391,88,12,OUT,101,2023-10-14,25922
5392,88,2,OUT,410,2024-10-15,1033
5393,144,33,OUT,10,2024-12-29,11764
5394,151,8,OUT,238,2024-05-22,12660
5395,172,5,OUT,250,2024-08-04,19577
5396,53,6,IN,346,2024-03-15,
5397,72,33,OUT,454,2024-02-09,18367
5398,150,3,IN,169,2024-02-03,
5399,311,34,OUT,356,2024-05-08,26514
5400,57,25,OUT,323,2023-07-07,16498
5401,334,23,IN,426,2023-03-18,
5402,138,25,IN,392,2024-04-10,
5403,25,17,OUT,392,2024-10-07,21829
5404,68,28,OUT,214,2024-04-26,27564
5405,163,11,IN,435,2023-01-20,
5406,50,5,OUT,318,2023-10-23,12956
5407,166,3,OUT,174,2023-07-25,8036
5408,68,16,OUT,35,2023-08-16,12293
5409,223,6,IN,314,2023-01-14,
5410,8888,888,OUT,0,2023-01-03,888888
5411,11,25,OUT,470,2024-03-19,2687
5412,360,22,OUT,267,2024-07-29,4964
5413,118,9,OUT,335,2024-06-04,4805
5414,180,35,IN,413,2024-07-26,
5415,223,29,IN,204,2024-01-26,
5416,67,22,IN,140,2023-09-25,
5417,161,3,OUT,421,2023-01-10,2653
5418,41,12,OUT,460,2024-03-19,3908
5419,120,8,IN,306,2023-11-13,
5420,336,27,IN,236,2023-06-26,
5421,175,32,IN,339,2023-06-04,
5422,318,8,IN,315,2023-09-11,
5423,234,19,OUT,112,2024-07-04,18485
5424,338,2,OUT,172,2023-01-28,1149
5425,172,24,OUT,110,2023-10-18,20926
5426,4,4,IN,128,2023-06-11,
5427,53,7,OUT,89,2023-12-12,3555
5428,47,19,OUT,320,2024-10-10,300
5429,337,15,OUT,66,2023-12-23,25063
5430,30,28,OUT,363,2024-10-10,25226
5431,210,5,OUT,141,2023-10-07,18770
5432,53,2,OUT,308,2023-03-31,22212
5433,310,32,OUT,99,2024-04-03,28980
5434,274,14,OUT,169,2023-02-18,18295
5435,8888,888,OUT,0,2023-11-06,888888
5436,208,20,OUT,349,2024-01-04,21178
5437,292,16,OUT,380,2024-07-16,18047
5438,312,29,OUT,490,2024-05-11,29726
5439,242,21,IN,433,2024-11-01,
5440,8888,888,OUT,0,2023-04-24,888888
5441,82,4,OUT,76,2024-07-14,20174
5442,202,1,IN,232,2024-03-07,
5443,149,3,IN,236,2023-06-28,
5444,130,28,IN,44,2023-10-05,
5445,278,2,OUT,138,2024-05-29,19471
5446,328,1,OUT,66,2023-01-14,17387
5447,351,5,OUT,53,2023-12-24,7034
5448,265,6,IN,359,2023-10-21,
5449,63,16,OUT,3,2023-11-09,10443
5450,311,32,OUT,180,2024-09-16,1325
5451,285,1,OUT,161,2023-08-05,17286
5452,332,7,OUT,3,2023-10-30,8138
5453,69,30,OUT,482,2023-12-28,11848
5454,324,9,IN,135,2024-12-23,
5455,205,30,OUT,223,2024-04-20,18170
5456,183,31,IN,251,2024-11-20,
5457,18,15,IN,123,2023-10-06,
5458,115,34,IN,182,2023-12-01,
5459,280,3,IN,384,2024-06-10,
5460,334,19,IN,208,2024-11-13,
5461,59,10,OUT,432,2023-07-18,11918
5462,280,34,IN,435,2023-11-27,
5463,293,24,IN,122,2023-12-31,
5464,352,27,IN,270,2024-11-12,
5465,29,35,OUT,483,2023-11-30,20203
5466,4,7,IN,123,2024-04-29,
5467,8888,888,IN,0,2024-08-14,
5468,137,1,IN,382,2024-05-30,
5469,153,20,OUT,54,2024-03-24,7051
5470,240,14,OUT,251,2023-10-09,6981
5471,25,5,OUT,496,2023-01-30,5878
5472,15,22,IN,284,2023-10-08,
5473,297,17,IN,50,2023-06-05,
5474,36,8,IN,32,2024-02-04,
5475,44,3,IN,403,2023-05-28,
5476,145,7,IN,459,2023-10-25,
5477,9,33,OUT,15,2024-06-19,14481
5478,4,13,IN,92,2023-10-18,
5479,350,32,OUT,497,2024-07-12,5637
5480,117,20,OUT,188,2023-11-27,17446
5481,196,22,IN,345,2023-05-17,
5482,43,16,OUT,456,2024-05-21,11499
5483,147,10,IN,493,2024-10-02,
5484,169,30,OUT,42,2024-12-31,19786
5485,315,10,IN,115,2024-08-04,
5486,24,15,OUT,375,2024-01-10,21411
5487,283,15,OUT,204,2023-04-27,14502
5488,68,35,OUT,98,2024-02-12,5651
5489,358,16,OUT,21,2024-08-20,20783
5490,26,9,OUT,302,2024-05-24,22610
5491,63,9,OUT,389,2024-03-09,29756
5492,208,3,IN,215,2024-01-26,
5493,53,12,IN,102,2024-05-07,
5494,284,21,IN,177,2024-01-16,
5495,275,1,OUT,483,2024-12-02,12883
5496,193,24,OUT,57,2023-06-20,12515
5497,290,5,IN,201,2023-10-30,
5498,302,7,IN,43,2023-09-04,
5499,105,18,IN,97,2024-02-18,
5500,328,13,OUT,414,2024-03-25,12608
5501,43,8,OUT,67,2023-08-09,24433
5502,170,2,IN,413,2024-06-26,
5503,351,27,IN,319,2024-12-14,
5504,68,10,IN,42,2024-07-16,
5505,24,35,IN,432,2023-03-30,
5506,148,2,OUT,76,2024-04-23,2323
5507,203,4,IN,493,2024-06-07,
5508,201,28,IN,264,2023-03-11,
5509,170,30,OUT,222,2024-08-17,8850
5510,283,8,IN,433,2024-09-15,
5511,269,20,OUT,165,2024-12-05,21222
5512,8888,888,IN,0,2024-01-27,
5513,135,2,IN,397,2023-03-25,
5514,357,31,IN,110,2023-04-25,
5515,309,34,IN,326,2023-06-06,
5516,115,32,OUT,302,2023-06-11,3027
5517,14,13,IN,391,2024-03-21,
5518,131,6,OUT,340,2023-12-04,5803
5519,208,13,IN,222,2023-11-17,
5520,153,30,OUT,256,2023-09-24,25877
5521,235,34,IN,53,2024-10-05,
5522,253,15,IN,113,2023-06-28,
5523,239,17,OUT,1,2024-12-06,29815
5524,157,35,OUT,351,2024-02-10,23502
5525,350,24,OUT,345,2024-11-23,3191
5526,8888,888,OUT,0,2024-01-06,888888
5527,121,19,IN,326,2023-04-17,
5528,144,11,OUT,134,2023-01-24,14393
5529,45,27,IN,167,2024-05-01,
5530,306,6,IN,57,2024-05-20,
5531,60,5,IN,16,2024-10-22,
5532,71,26,IN,17,2024-06-18,
5533,251,10,OUT,49,2023-04-28,16123
5534,215,5,OUT,308,2024-07-13,22631
5535,223,3,OUT,200,2023-03-08,22362
5536,231,2,OUT,133,2023-04-15,22415
5537,268,22,OUT,127,2024-07-25,20969
5538,259,5,IN,313,2024-12-29,
5539,283,30,IN,168,2024-11-16,
5540,167,11,IN,73,2024-06-16,
5541,337,2,IN,318,2023-08-05,
5542,205,4,OUT,18,2023-01-26,6457
5543,152,25,OUT,332,2024-10-30,21976
5544,252,7,IN,2,2024-08-05,
5545,172,33,OUT,294,2023-06-19,159
5546,56,7,OUT,170,2024-06-10,16095
5547,217,5,OUT,92,2024-07-24,27637
5548,222,32,OUT,372,2024-07-31,9693
5549,32,8,OUT,202,2023-08-30,9247
5550,11,3,IN,238,2023-07-10,
5551,192,23,OUT,462,2024-08-12,16333
5552,302,26,OUT,57,2024-05-29,26332
5553,281,22,IN,199,2023-11-14,
5554,311,11,IN,156,2024-12-12,
5555,4,35,OUT,232,2023-07-15,23210
5556,46,10,OUT,456,2023-04-11,968
5557,273,7,IN,35,2023-10-17,
5558,114,19,OUT,432,2024-05-14,15655
5559,24,12,OUT,141,2024-06-25,5804
5560,213,15,IN,380,2023-06-28,
5561,27,19,OUT,182,2023-12-31,4512
5562,20,10,IN,352,2023-05-28,
5563,333,2,IN,429,2024-05-08,
5564,339,11,OUT,175,2023-04-29,17987
5565,81,2,IN,232,2023-05-16,
5566,134,7,IN,406,2023-10-22,
5567,266,33,OUT,238,2023-03-31,11265
5568,80,7,OUT,481,2023-08-11,3591
5569,288,11,IN,87,2024-01-15,
5570,208,25,IN,440,2024-02-11,
5571,104,33,OUT,276,2023-08-13,29015
5572,7,32,OUT,1,2023-12-25,28501
5573,212,5,OUT,0,2023-08-28,17656
5574,129,1,OUT,482,2023-04-13,25181
5575,148,9,OUT,310,2023-05-06,25868
5576,330,33,OUT,494,2023-08-16,15548
5577,20,15,IN,322,2024-08-07,
5578,118,23,IN,322,2023-06-24,
5579,55,28,IN,500,2023-06-23,
5580,297,5,IN,179,2023-04-28,
5581,132,14,OUT,354,2023-02-13,26123
5582,226,13,OUT,116,2024-04-15,23471
5583,316,17,OUT,454,2024-02-08,11371
5584,65,15,OUT,207,2023-05-10,10094
5585,247,14,OUT,227,2023-08-27,25075
5586,267,11,IN,157,2023-08-02,
5587,193,4,OUT,457,2023-04-28,15544
5588,321,3,IN,297,2024-05-20,
5589,103,16,IN,266,2023-05-12,
5590,148,2,OUT,67,2024-05-27,23618
5591,169,16,IN,61,2024-01-25,
5592,328,3,IN,249,2023-02-19,
5593,134,28,OUT,499,2023-05-27,3537
5594,197,29,IN,220,2023-02-20,
5595,20,25,IN,85,2023-12-17,
5596,50,12,OUT,229,2023-02-24,7513
5597,201,5,IN,184,2024-04-25,
5598,269,25,IN,107,2024-08-29,
5599,168,9,OUT,480,2024-05-12,12570
5600,85,26,IN,284,2024-12-31,
5601,309,19,OUT,374,2023-11-22,10336
5602,71,30,IN,342,2023-03-20,
5603,179,26,OUT,59,2023-01-09,8973
5604,213,17,OUT,351,2024-09-20,23444
5605,332,20,IN,292,2024-08-25,
5606,16,16,OUT,365,2023-04-11,16430
5607,302,30,IN,348,2023-01-05,
5608,345,19,OUT,156,2023-05-04,22478
5609,334,3,OUT,346,2024-06-04,65
5610,147,26,IN,287,2024-08-06,
5611,174,4,OUT,166,2023-01-15,26059
5612,70,20,OUT,346,2023-10-20,26485
5613,159,6,IN,217,2024-02-17,
5614,328,1,OUT,48,2024-10-08,21719
5615,56,11,IN,375,2023-11-19,
5616,37,2,OUT,100,2023-01-06,3999
5617,185,26,OUT,214,2024-09-15,1819
5618,176,16,IN,60,2024-01-07,
5619,151,15,IN,163,2023-04-12,
5620,196,21,IN,59,2023-09-01,
5621,308,25,OUT,489,2023-03-29,4067
5622,181,13,OUT,389,2023-11-17,14871
5623,187,29,OUT,400,2024-12-26,15741
5624,59,16,IN,426,2023-09-14,
5625,175,4,IN,490,2023-09-18,
5626,8888,888,OUT,0,2023-10-09,888888
5627,224,15,IN,150,2024-06-12,
5628,21,23,OUT,461,2024-01-02,12605
5629,194,8,OUT,87,2023-08-31,13985
5630,251,31,IN,455,2024-04-10,
5631,59,32,OUT,137,2024-03-12,1556
5632,263,18,OUT,432,2023-09-30,10241
5633,261,1,IN,363,2023-09-23,
5634,225,11,OUT,108,2023-02-23,17986
5635,139,32,IN,453,2023-05-15,
5636,259,11,OUT,292,2023-02-27,16886
5637,52,34,OUT,405,2024-04-14,19442
5638,131,5,IN,194,2023-06-25,
5639,3,20,OUT,115,2023-06-03,19484
5640,90,1,OUT,126,2024-05-22,3855
5641,193,35,OUT,235,2024-06-04,10159
5642,329,1,OUT,59,2023-08-04,25176
5643,201,29,IN,269,2024-11-24,
5644,15,11,OUT,180,2024-11-01,16475
5645,109,20,IN,161,2023-03-19,
5646,119,2,IN,103,2023-10-16,
5647,78,4,OUT,498,2023-06-28,14249
5648,347,29,IN,402,2024-11-08,
5649,159,20,IN,70,2023-04-06,
5650,135,15,OUT,277,2023-11-14,23412
5651,195,34,OUT,157,2024-07-12,29079
5652,168,2,IN,293,2024-08-12,
5653,170,25,IN,447,2024-12-17,
5654,258,12,OUT,253,2024-07-01,9011
5655,27,9,OUT,410,2024-12-28,10405
5656,272,7,OUT,170,2023-06-08,26522
5657,127,22,OUT,216,2024-07-13,26115
5658,158,3,IN,248,2023-04-17,
5659,232,22,IN,374,2024-02-23,
5660,355,30,IN,250,2024-11-04,
5661,153,4,IN,468,2023-10-05,
5662,209,20,IN,448,2023-10-01,
5663,173,20,IN,85,2023-02-10,
5664,253,27,IN,335,2023-11-02,
5665,335,33,OUT,455,2023-05-02,19524
5666,42,31,IN,339,2023-05-30,
5667,223,31,OUT,148,2024-02-17,17283
5668,96,22,OUT,462,2024-12-21,15360
5669,18,31,OUT,160,2024-07-15,25672
5670,184,30,IN,79,2023-11-18,
5671,294,16,OUT,402,2023-07-09,17888
5672,10,18,OUT,9,2023-09-17,27877
5673,232,26,IN,478,2024-08-19,
5674,119,17,OUT,453,2023-05-16,6430
5675,255,13,OUT,441,2024-11-20,11367
5676,170,32,IN,302,2024-01-31,
5677,33,21,OUT,7,2024-07-08,19753
5678,171,33,OUT,308,2024-12-17,2882
5679,57,23,OUT,115,2024-01-29,14265
5680,313,2,IN,173,2023-02-04,
5681,292,34,OUT,450,2023-09-10,7285
5682,171,24,IN,51,2024-04-03,
5683,259,16,IN,459,2024-03-02,
5684,145,32,IN,442,2024-01-10,
5685,83,4,IN,224,2024-07-30,
5686,31,15,IN,47,2023-04-02,
5687,88,29,OUT,118,2023-09-04,23477
5688,108,32,IN,494,2024-11-13,
5689,203,8,OUT,212,2024-09-30,19770
5690,216,35,OUT,159,2023-03-05,6756
5691,199,2,IN,310,2024-02-24,
5692,115,3,OUT,315,2024-11-06,13942
5693,253,16,OUT,30,2023-11-02,20581
5694,80,11,IN,488,2024-07-09,
5695,149,20,OUT,223,2024-05-11,4204
5696,8888,888,OUT,0,2023-08-15,888888
5697,327,7,OUT,372,2024-01-31,10499
5698,314,17,IN,352,2024-01-16,
5699,107,5,OUT,32,2024-05-24,15561
5700,279,11,OUT,239,2024-07-03,10382
5701,332,29,OUT,87,2023-02-08,2486
5702,192,35,IN,112,2023-08-16,
5703,194,35,OUT,314,2024-05-18,3040
5704,177,26,IN,280,2024-05-08,
5705,263,14,OUT,67,2023-09-22,28529
5706,266,29,OUT,53,2024-08-06,23720
5707,7,6,IN,276,2024-03-05,
5708,14,7,IN,250,2023-11-06,
5709,298,17,OUT,282,2024-02-29,7434
5710,293,34,IN,183,2024-05-22,
5711,253,18,OUT,189,2024-07-16,27145
5712,170,34,OUT,186,2023-01-02,13773
5713,157,11,IN,0,2023-11-08,
5714,177,32,OUT,88,2024-08-01,19592
5715,143,27,OUT,381,2023-11-01,25785
5716,86,14,IN,301,2023-10-25,
5717,121,24,IN,191,2023-10-10,
5718,161,19,IN,182,2023-12-26,
5719,30,4,OUT,375,2024-06-01,8492
5720,56,5,IN,86,2023-06-06,
5721,349,14,OUT,22,2023-09-06,21108
5722,199,1,OUT,217,2024-04-13,20766
5723,301,19,OUT,131,2023-12-21,12334
5724,145,34,IN,223,2023-04-27,
5725,223,31,IN,458,2024-06-05,
5726,149,25,OUT,179,2023-05-03,13161
5727,202,9,OUT,310,2023-11-19,3710
5728,226,4,IN,257,2024-01-30,
5729,8888,888,OUT,0,2024-02-06,888888
5730,115,25,OUT,88,2023-10-23,12062
5731,269,26,OUT,179,2024-12-17,12612
5732,276,15,OUT,268,2024-04-03,4245
5733,65,5,OUT,181,2023-07-04,17254
5734,209,30,IN,239,2023-06-11,
5735,146,2,IN,5,2024-07-11,
5736,302,21,OUT,234,2024-10-28,5877
5737,92,16,OUT,295,2023-05-16,1462
5738,292,5,IN,311,2024-01-12,
5739,8888,888,OUT,0,2024-02-24,888888
5740,149,17,OUT,225,2024-08-25,29216
5741,359,19,OUT,194,2024-04-15,23021
5742,235,26,OUT,474,2024-12-17,16577
5743,49,31,OUT,468,2023-11-06,10514
5744,307,26,OUT,239,2024-08-19,11999
5745,25,19,OUT,207,2023-07-30,11881
5746,326,20,OUT,277,2023-10-02,13373
5747,200,10,IN,447,2023-11-04,
5748,236,25,OUT,489,2024-11-17,13050
5749,126,7,OUT,66,2023-06-04,11133
5750,25,4,IN,307,2023-11-11,
5751,122,35,IN,45,2024-11-23,
5752,340,18,OUT,285,2023-11-27,14972
5753,51,3,OUT,353,2023-07-22,29380
5754,169,33,OUT,334,2024-01-05,6545
5755,280,14,IN,122,2024-04-09,
5756,23,7,OUT,396,2023-04-05,1911
5757,133,12,IN,153,2023-06-22,
5758,88,19,OUT,374,2024-10-11,15034
5759,127,19,IN,394,2024-10-16,
5760,246,11,OUT,137,2024-11-12,3070
5761,351,30,OUT,375,2023-01-10,6856
5762,243,3,OUT,451,2023-11-07,20708
5763,278,32,IN,3,2024-08-09,
5764,98,35,OUT,148,2024-06-11,1926
5765,8888,888,OUT,0,2024-05-20,888888
5766,211,20,IN,426,2023-06-04,
5767,8888,888,OUT,0,2024-08-13,888888
5768,223,18,IN,370,2024-01-28,
5769,167,22,IN,381,2023-09-12,
5770,32,24,OUT,199,2024-11-02,6676
5771,321,35,IN,422,2023-08-02,
5772,219,25,OUT,320,2023-07-21,18559
5773,70,30,OUT,3,2024-06-26,14919
5774,21,12,OUT,107,2023-03-21,16512
5775,92,13,OUT,311,2024-01-27,18730
5776,155,7,OUT,296,2024-06-13,10881
5777,76,14,IN,407,2024-01-07,
5778,199,14,OUT,142,2024-10-26,5236
5779,213,16,OUT,140,2023-08-11,4221
5780,42,3,OUT,222,2024-10-11,9547
5781,316,35,IN,159,2024-07-26,
5782,337,4,OUT,486,2024-08-16,22095
5783,64,3,OUT,219,2023-12-07,13894
5784,5,29,OUT,499,2024-09-17,11007
5785,110,30,IN,65,2023-02-19,
5786,78,15,IN,288,2024-06-13,
5787,34,17,OUT,324,2023-04-22,25698
5788,335,29,IN,161,2023-04-09,
5789,251,35,OUT,104,2024-11-18,25462
5790,312,5,OUT,461,2024-08-11,12204
5791,134,33,IN,143,2024-12-20,
5792,11,29,OUT,102,2024-03-06,19920
5793,360,4,IN,162,2023-08-27,
5794,306,3,IN,176,2024-01-15,
5795,71,6,IN,386,2024-03-09,
5796,210,25,OUT,188,2023-07-11,16510
5797,249,13,IN,126,2024-11-18,
5798,193,16,OUT,33,2023-09-23,11988
5799,289,6,OUT,189,2024-04-08,7805
5800,154,13,IN,222,2023-07-08,
5801,255,34,OUT,146,2024-11-18,19204
5802,5,28,OUT,59,2023-08-21,17123
5803,42,32,IN,495,2024-03-24,
5804,19,34,IN,348,2023-03-26,
5805,338,2,OUT,394,2023-04-26,10829
5806,175,17,IN,289,2023-01-08,
5807,332,14,IN,49,2024-02-06,
5808,107,6,OUT,306,2023-03-01,25193
5809,12,12,IN,249,2023-07-05,
5810,89,30,OUT,497,2023-04-23,23239
5811,295,1,OUT,280,2024-10-12,6563
5812,261,25,OUT,82,2023-11-28,623
5813,96,24,IN,422,2023-01-18,
5814,105,7,IN,352,2023-05-29,
5815,8,16,OUT,370,2023-04-29,25520
5816,328,23,OUT,269,2023-11-17,10496
5817,336,35,IN,64,2024-07-28,
5818,139,32,OUT,124,2023-08-21,16465
5819,334,9,IN,149,2023-10-20,
5820,289,30,OUT,264,2024-12-14,8357
5821,322,24,OUT,401,2023-01-14,8472
5822,185,7,IN,251,2024-11-27,
5823,241,20,OUT,146,2024-09-04,29908
5824,75,33,IN,133,2023-03-04,
5825,93,16,OUT,319,2024-12-28,5982
5826,189,16,OUT,11,2023-01-23,340
5827,151,27,IN,80,2023-08-07,
5828,27,11,IN,140,2024-03-29,
5829,19,33,OUT,184,2024-04-10,15945
5830,257,27,IN,4,2023-01-30,
5831,58,3,OUT,465,2024-09-20,5601
5832,266,27,OUT,483,2024-07-12,2512
5833,295,16,OUT,293,2023-01-25,9611
5834,91,13,IN,372,2023-04-15,
5835,109,4,IN,302,2023-01-30,
5836,110,6,OUT,401,2024-06-16,28007
5837,86,20,IN,394,2023-01-13,
5838,153,26,OUT,388,2023-08-31,28537
5839,264,9,IN,52,2023-12-19,
5840,2,27,OUT,32,2023-11-27,21179
5841,175,24,IN,339,2024-02-21,
5842,348,8,OUT,134,2023-06-05,13609
5843,173,7,IN,191,2023-07-03,
5844,69,16,OUT,399,2024-02-11,22905
5845,215,23,OUT,73,2023-06-21,11787
5846,147,29,IN,479,2023-06-24,
5847,277,32,IN,216,2023-09-08,
5848,19,10,OUT,393,2024-03-11,13196
5849,272,2,IN,432,2023-11-08,
5850,190,32,IN,309,2024-01-02,
5851,328,13,IN,13,2023-01-02,
5852,153,26,OUT,106,2023-04-27,3966
5853,279,4,OUT,221,2023-01-29,20189
5854,279,13,OUT,69,2024-10-07,23832
5855,138,3,IN,167,2024-07-18,
5856,267,29,IN,125,2024-07-02,
5857,54,5,IN,499,2024-04-30,
5858,306,5,IN,249,2023-08-01,
5859,180,20,IN,374,2024-04-25,
5860,115,27,OUT,294,2023-05-30,16883
5861,159,26,OUT,203,2023-06-14,61
5862,314,15,OUT,271,2024-10-19,18333
5863,89,25,IN,59,2023-09-01,
5864,86,6,OUT,218,2023-07-17,10285
5865,330,29,IN,337,2024-11-29,
5866,252,8,OUT,398,2024-12-10,68
5867,293,23,OUT,228,2024-11-10,26735
5868,310,8,IN,360,2024-09-18,
5869,66,21,IN,50,2024-08-24,
5870,85,22,OUT,437,2023-08-07,17908
5871,328,22,IN,173,2024-02-12,
5872,172,6,IN,478,2023-09-21,
5873,240,6,IN,94,2023-05-07,
5874,10,29,OUT,42,2023-12-27,21059
5875,182,3,IN,306,2024-05-15,
5876,13,19,OUT,428,2023-05-02,21784
5877,3,20,OUT,486,2024-10-20,12842
5878,81,14,OUT,11,2024-03-06,29336
5879,100,19,OUT,423,2024-01-09,9218
5880,18,31,OUT,65,2023-08-09,13382
5881,24,31,IN,304,2023-01-09,
5882,339,32,OUT,374,2023-05-11,19065
5883,205,1,IN,374,2023-05-13,
5884,120,19,IN,193,2023-12-26,
5885,8888,888,OUT,0,2024-06-10,888888
5886,250,35,OUT,123,2024-12-16,7315
5887,317,6,IN,97,2023-01-27,
5888,89,5,IN,153,2024-06-24,
5889,229,5,IN,226,2024-01-19,
5890,176,4,IN,95,2024-09-04,
5891,351,15,OUT,74,2023-04-22,13025
5892,308,11,IN,378,2024-09-23,
5893,319,23,OUT,363,2024-04-19,4042
5894,351,33,IN,399,2024-08-11,
5895,73,9,IN,206,2023-09-20,
5896,192,12,IN,124,2024-11-20,
5897,186,27,OUT,249,2024-06-27,14386
5898,349,1,OUT,403,2024-12-27,1684
5899,59,2,OUT,5,2023-06-30,16066
5900,293,30,IN,22,2024-10-08,
5901,235,4,OUT,361,2024-02-06,4839
5902,12,23,IN,129,2024-04-17,
5903,80,8,OUT,492,2024-03-18,22148
5904,8888,888,OUT,0,2023-05-06,888888
5905,313,12,IN,171,2024-04-13,
5906,344,21,IN,248,2023-05-22,
5907,239,27,OUT,89,2023-04-15,1134
5908,286,18,OUT,258,2023-06-16,5094
5909,132,34,IN,60,2024-10-31,
5910,192,10,OUT,255,2024-12-12,1523
5911,314,29,IN,235,2024-01-20,
5912,10,18,IN,57,2024-04-27,
5913,211,30,IN,216,2024-01-24,
5914,341,18,OUT,228,2024-12-10,11706
5915,268,35,OUT,323,2023-04-16,1571
5916,293,24,IN,91,2023-08-19,
5917,34,30,IN,150,2023-02-10,
5918,218,20,OUT,405,2024-12-25,24546
5919,103,31,IN,133,2024-10-06,
5920,347,27,IN,477,2023-01-27,
5921,281,10,IN,260,2023-10-10,
5922,167,31,OUT,37,2023-12-24,24791
5923,308,31,OUT,336,2024-01-01,23260
5924,329,8,OUT,462,2023-11-08,29578
5925,254,30,IN,427,2023-10-20,
5926,69,8,OUT,302,2024-12-26,16760
5927,265,27,IN,166,2023-02-15,
5928,91,16,IN,88,2023-04-26,
5929,209,26,IN,296,2024-02-18,
5930,3,12,IN,145,2024-08-06,
5931,285,21,OUT,139,2024-04-03,13349
5932,75,32,IN,235,2024-10-15,
5933,64,21,OUT,379,2023-07-14,13934
5934,209,22,IN,143,2024-03-23,
5935,320,33,OUT,113,2024-07-31,14782
5936,360,33,OUT,115,2023-08-24,5431
5937,97,35,OUT,151,2024-11-04,9354
5938,211,11,IN,27,2024-10-30,
5939,295,14,OUT,30,2024-01-30,24284
5940,38,30,IN,228,2024-01-14,
5941,246,27,OUT,235,2023-09-13,26056
5942,304,29,OUT,323,2024-10-23,13391
5943,59,21,OUT,464,2024-04-20,23672
5944,201,12,OUT,169,2023-05-14,8266
5945,97,26,OUT,238,2023-09-22,25164
5946,150,9,IN,30,2023-09-18,
5947,121,27,IN,483,2024-06-05,
5948,161,26,OUT,390,2024-04-02,236
5949,114,27,IN,316,2023-06-01,
5950,9,30,OUT,57,2023-08-27,21741
5951,351,22,OUT,459,2023-03-10,12253
5952,179,2,OUT,156,2023-06-05,23209
5953,277,13,OUT,196,2024-06-28,10054
5954,106,28,OUT,326,2023-09-05,13268
5955,292,4,OUT,181,2024-07-18,22044
5956,332,7,IN,325,2023-08-15,
5957,178,15,OUT,363,2023-02-09,26320
5958,32,26,OUT,425,2023-03-26,5735
5959,219,2,OUT,363,2023-11-30,6353
5960,234,10,IN,190,2024-10-09,
5961,214,31,IN,395,2023-08-06,
5962,32,8,OUT,457,2023-06-06,16159
5963,96,18,OUT,90,2024-09-19,25195
5964,115,3,OUT,87,2023-06-06,11670
5965,316,22,OUT,466,2024-12-16,8488
5966,244,29,OUT,462,2024-11-21,21073
5967,273,30,OUT,492,2023-02-21,21040
5968,346,25,IN,148,2024-08-21,
5969,75,4,OUT,182,2024-10-20,3700
5970,173,10,IN,421,2024-10-04,
5971,16,35,OUT,113,2023-08-16,13412
5972,268,35,IN,22,2023-11-03,
5973,307,32,OUT,280,2024-09-25,24678
5974,296,30,IN,493,2023-11-05,
5975,331,29,OUT,108,2024-11-03,5679
5976,45,26,OUT,139,2024-08-18,29227
5977,79,10,IN,163,2023-11-08,
5978,249,23,OUT,499,2024-01-29,21740
5979,57,25,IN,102,2024-01-28,
5980,333,20,OUT,396,2024-05-22,19185
5981,300,30,OUT,214,2023-04-24,9969
5982,22,33,OUT,51,2023-11-10,26981
5983,124,34,OUT,433,2024-06-14,23630
5984,8888,888,IN,0,2023-08-12,
5985,53,17,OUT,33,2024-05-26,29072
5986,96,13,OUT,157,2024-01-17,15762
5987,155,17,IN,406,2023-04-08,
5988,219,25,IN,117,2024-04-24,
5989,115,22,OUT,457,2023-02-27,22453
5990,357,20,IN,395,2023-01-27,
5991,116,12,IN,38,2023-03-14,
5992,328,24,IN,106,2023-12-10,
5993,299,13,OUT,246,2024-09-21,29802
5994,39,26,OUT,35,2023-03-28,7141
5995,311,30,OUT,33,2024-05-16,14824
5996,194,34,IN,268,2024-01-12,
5997,244,29,OUT,216,2023-11-25,25007
5998,58,20,OUT,78,2023-10-08,11257
5999,57,28,IN,81,2023-11-04,
6000,141,3,OUT,53,2024-08-18,26390
6001,288,5,OUT,116,2024-07-13,16273
6002,8888,888,OUT,0,2023-10-28,888888
6003,202,29,OUT,353,2023-08-02,13423
6004,2,21,IN,65,2023-03-16,
6005,82,4,OUT,124,2024-04-30,24836
6006,125,20,OUT,21,2023-05-07,9309
6007,335,10,OUT,41,2024-07-31,5541
6008,223,32,IN,347,2023-06-19,
6009,314,31,OUT,391,2023-11-27,21202
6010,183,30,OUT,222,2024-08-04,7307
6011,353,26,IN,411,2023-10-20,
6012,250,2,OUT,390,2024-04-04,5979
6013,26,29,IN,197,2024-09-09,
6014,143,22,IN,161,2023-10-25,
6015,359,31,IN,30,2023-09-12,
6016,83,8,OUT,465,2024-12-18,7290
6017,330,25,OUT,417,2024-09-02,19221
6018,118,32,OUT,173,2023-06-15,11144
6019,150,27,OUT,72,2023-06-12,4255
6020,220,35,OUT,391,2024-11-09,23191
6021,33,2,OUT,6,2024-04-04,26728
6022,274,25,OUT,258,2024-02-09,18327
6023,278,26,OUT,239,2023-04-12,28894
6024,82,19,OUT,344,2024-08-18,14613
6025,93,19,IN,369,2023-09-10,
6026,200,8,IN,182,2023-02-14,
6027,305,23,OUT,298,2024-06-13,12935
6028,29,13,OUT,173,2024-11-05,18921
6029,69,28,IN,20,2024-04-10,
6030,187,14,OUT,138,2023-06-08,15434
6031,291,31,IN,196,2023-04-26,
6032,160,34,OUT,454,2023-12-08,8248
6033,335,9,OUT,462,2024-01-09,27481
6034,178,21,OUT,391,2024-03-08,10646
6035,298,35,OUT,71,2023-01-25,2906
6036,319,19,OUT,224,2024-10-26,19847
6037,60,8,OUT,188,2024-04-02,11930
6038,136,24,IN,37,2023-06-03,
6039,298,18,OUT,442,2024-10-07,10472
6040,326,21,IN,312,2024-10-08,
6041,343,13,OUT,409,2023-12-04,18611
6042,236,7,OUT,272,2023-03-30,29161
6043,38,22,IN,238,2024-02-15,
6044,328,28,OUT,10,2024-09-16,4588
6045,149,14,OUT,382,2024-08-06,28692
6046,246,19,OUT,194,2024-12-11,20707
6047,95,26,OUT,365,2024-03-18,29663
6048,357,3,OUT,122,2023-07-01,8198
6049,176,19,OUT,413,2024-10-18,7082
6050,78,9,OUT,253,2023-07-20,14403
6051,250,7,OUT,1,2024-02-12,25204
6052,35,9,IN,212,2024-07-24,
6053,68,32,OUT,166,2023-05-01,23858
6054,150,35,OUT,368,2024-03-31,4880
6055,287,18,IN,63,2024-07-09,
6056,56,15,IN,329,2023-12-18,
6057,11,8,OUT,372,2023-07-22,29491
6058,137,19,OUT,301,2024-07-27,2981
6059,230,30,IN,127,2024-07-08,
6060,211,18,IN,466,2023-04-03,
6061,250,24,IN,215,2023-12-02,
6062,316,31,OUT,52,2024-05-05,13825
6063,271,12,IN,318,2024-07-03,
6064,184,7,OUT,45,2024-07-06,18212
6065,240,5,IN,413,2023-06-07,
6066,48,26,IN,370,2023-11-12,
6067,94,23,IN,25,2024-01-14,
6068,342,11,OUT,207,2023-01-09,26645
6069,106,17,OUT,480,2024-01-10,8155
6070,159,17,IN,250,2024-09-05,
6071,302,16,IN,32,2023-04-16,
6072,317,21,IN,229,2023-08-25,
6073,276,20,IN,257,2024-07-12,
6074,261,33,OUT,24,2023-01-24,21216
6075,53,30,IN,371,2024-12-30,
6076,15,5,IN,464,2023-09-03,
6077,172,6,OUT,9,2024-01-25,5962
6078,72,25,IN,28,2024-08-24,
6079,24,5,OUT,398,2024-05-06,13148
6080,281,33,IN,395,2024-03-29,
6081,337,13,OUT,232,2024-04-02,26898
6082,19,11,OUT,450,2023-06-02,17991
6083,133,20,OUT,277,2024-06-18,29680
6084,289,34,IN,39,2024-03-22,
6085,160,13,OUT,72,2023-12-08,22922
6086,297,24,IN,332,2023-07-31,
6087,257,8,OUT,23,2023-07-29,17254
6088,323,18,IN,74,2024-08-06,
6089,8888,888,OUT,0,2023-08-13,888888
6090,233,25,OUT,420,2024-03-23,9510
6091,102,1,IN,245,2023-05-24,
6092,272,33,OUT,300,2023-10-07,28412
6093,90,4,IN,393,2024-08-17,
6094,198,16,OUT,25,2023-08-28,20846
6095,320,21,OUT,368,2024-11-11,22888
6096,28,18,OUT,70,2024-10-27,21430
6097,158,30,IN,348,2023-07-06,
6098,103,15,OUT,271,2023-05-03,10557
6099,81,4,IN,97,2024-06-07,
6100,243,17,OUT,53,2023-03-08,2735
6101,340,34,OUT,78,2024-04-12,21535
6102,86,30,OUT,64,2023-10-06,861
6103,130,1,IN,395,2024-08-04,
6104,312,22,IN,16,2024-09-04,
6105,344,10,IN,354,2024-12-24,
6106,239,3,IN,127,2024-08-26,
6107,317,30,IN,292,2024-11-23,
6108,211,24,IN,345,2024-08-03,
6109,93,25,OUT,429,2023-07-30,2310
6110,8888,888,IN,0,2023-03-12,
6111,302,35,OUT,0,2024-07-01,21891
6112,50,9,IN,238,2024-08-15,
6113,160,33,IN,317,2023-02-20,
6114,8888,888,OUT,0,2024-03-18,888888
6115,234,19,IN,195,2024-10-05,
6116,256,15,IN,59,2024-02-25,
6117,321,11,IN,422,2024-10-13,
6118,112,5,IN,294,2023-09-07,
6119,182,18,IN,420,2024-02-08,
6120,212,1,OUT,489,2023-02-18,19347
6121,186,18,IN,476,2023-10-11,
6122,194,24,OUT,447,2023-01-29,22559
6123,100,9,IN,120,2024-08-23,
6124,112,15,OUT,424,2023-01-29,7443
6125,257,11,OUT,64,2023-09-14,3989
6126,136,12,OUT,164,2023-10-13,13306
6127,157,22,IN,274,2023-08-26,
6128,195,25,OUT,64,2023-01-25,29820
6129,162,33,OUT,181,2023-04-26,3820
6130,62,1,OUT,95,2023-12-25,15470
6131,51,32,OUT,478,2024-10-26,28704
6132,142,9,OUT,421,2024-12-13,5034
6133,167,21,OUT,421,2024-05-24,20271
6134,329,20,OUT,211,2023-04-24,8691
6135,169,13,OUT,403,2024-08-26,13788
6136,4,15,OUT,166,2023-02-09,29098
6137,273,16,IN,88,2024-10-10,
6138,327,5,OUT,20,2024-05-02,28363
6139,313,10,OUT,307,2024-06-01,24689
6140,87,4,IN,482,2024-12-23,
6141,350,3,OUT,500,2023-05-17,19411
6142,116,3,OUT,483,2024-12-10,25531
6143,84,6,OUT,381,2024-12-10,18805
6144,145,35,OUT,469,2024-08-18,18038
6145,310,27,OUT,459,2024-11-04,6521
6146,290,21,OUT,297,2023-03-29,29670
6147,290,27,OUT,369,2024-06-17,23842
6148,314,6,IN,315,2024-07-27,
6149,86,19,OUT,303,2023-10-05,6312
6150,284,21,IN,189,2024-08-13,
6151,211,11,IN,81,2023-05-31,
6152,247,7,IN,288,2023-02-09,
6153,139,17,OUT,231,2024-04-22,17279
6154,323,4,OUT,104,2023-02-13,1502
6155,202,28,IN,390,2024-11-07,
6156,8888,888,OUT,0,2023-06-28,888888
6157,8888,888,OUT,0,2023-04-14,888888
6158,224,24,OUT,450,2023-05-20,5011
6159,233,15,OUT,195,2024-11-10,16192
6160,36,14,OUT,407,2024-06-29,24799
6161,282,21,OUT,169,2023-11-17,3816
6162,82,15,IN,417,2023-05-23,
6163,225,17,IN,203,2023-08-07,
6164,5,6,IN,366,2023-07-18,
6165,173,15,IN,486,2024-10-30,
6166,34,23,OUT,319,2024-03-08,13498
6167,34,32,IN,172,2023-12-19,
6168,69,14,IN,30,2023-09-24,
6169,72,2,IN,417,2023-07-02,
6170,256,17,IN,292,2023-08-25,
6171,304,21,OUT,193,2023-02-06,1647
6172,89,27,IN,222,2023-11-11,
6173,43,3,OUT,9,2023-01-28,24963
6174,337,9,OUT,20,2024-06-16,10914
6175,24,4,IN,350,2024-08-13,
6176,8888,888,IN,0,2023-04-20,
6177,119,24,OUT,146,2023-01-14,5856
6178,7,26,OUT,390,2024-06-04,14813
6179,273,15,IN,293,2024-01-16,
6180,200,33,OUT,334,2023-09-20,2571
6181,31,30,OUT,333,2024-09-14,7599
6182,103,12,OUT,474,2024-07-05,2909
6183,8888,888,OUT,0,2023-01-23,888888
6184,237,24,OUT,343,2024-07-05,21434
6185,268,6,OUT,420,2023-05-02,23007
6186,281,11,IN,385,2023-06-18,
6187,322,33,OUT,232,2024-10-17,23217
6188,299,25,IN,193,2024-11-07,
6189,215,3,OUT,446,2024-11-23,9934
6190,137,4,OUT,228,2024-05-06,17869
6191,328,27,IN,192,2023-10-22,
6192,57,28,OUT,226,2024-04-28,10739
6193,256,24,OUT,284,2024-11-12,24973
6194,211,34,OUT,35,2023-07-18,19460
6195,249,3,OUT,24,2023-12-16,19873
6196,192,5,IN,218,2024-05-04,
6197,270,22,IN,42,2024-04-29,
6198,279,28,OUT,198,2024-11-11,29123
6199,313,18,OUT,143,2024-07-24,4910
6200,300,35,OUT,191,2024-03-24,6587
6201,287,19,IN,107,2024-04-18,
6202,207,27,OUT,208,2023-05-16,17379
6203,334,24,IN,418,2024-03-20,
6204,119,26,IN,384,2023-05-31,
6205,67,35,IN,152,2024-07-27,
6206,108,20,OUT,114,2024-10-21,28657
6207,134,22,OUT,116,2023-09-24,4474
6208,64,2,IN,217,2023-02-02,
6209,255,6,IN,448,2024-10-29,
6210,117,32,OUT,364,2024-06-29,3993
6211,314,12,OUT,455,2024-07-28,24780
6212,70,17,OUT,448,2024-02-16,23852
6213,314,27,OUT,203,2023-07-06,13212
6214,206,11,IN,222,2023-02-06,
6215,51,23,IN,1,2023-12-10,
6216,302,17,OUT,308,2023-09-14,10642
6217,142,34,IN,441,2023-09-18,
6218,279,13,IN,316,2023-10-30,
6219,336,28,OUT,339,2023-02-21,14485
6220,290,15,IN,213,2023-12-03,
6221,84,10,IN,160,2024-07-21,
6222,165,19,OUT,65,2023-07-04,19430
6223,345,1,OUT,300,2023-05-01,28310
6224,36,25,IN,296,2024-02-13,
6225,307,2,OUT,483,2023-12-22,23178
6226,247,6,IN,158,2024-08-15,
6227,148,23,OUT,496,2024-02-10,25233
6228,305,18,IN,385,2023-05-06,
6229,78,11,OUT,58,2023-10-24,10277
6230,248,19,IN,228,2024-11-22,
6231,137,30,IN,80,2023-06-22,
6232,261,28,OUT,458,2023-03-07,14584
6233,295,32,IN,125,2023-08-09,
6234,269,9,IN,135,2024-09-02,
6235,279,13,OUT,295,2023-03-28,25743
6236,146,29,IN,318,2024-06-22,
6237,288,3,OUT,260,2024-09-07,20498
6238,305,7,OUT,388,2023-05-14,2581
6239,65,20,OUT,79,2023-06-26,11981
6240,187,6,OUT,226,2023-10-26,10482
6241,217,35,IN,253,2023-11-03,
6242,329,34,OUT,40,2023-07-30,15141
6243,109,35,IN,325,2024-09-26,
6244,210,8,OUT,323,2024-02-21,23559
6245,2,23,IN,208,2024-09-11,
6246,48,14,IN,73,2023-03-17,
6247,198,3,OUT,364,2023-05-28,22115
6248,120,3,OUT,65,2023-08-01,22109
6249,292,33,OUT,410,2023-06-27,99
6250,64,34,OUT,471,2024-03-12,27196
6251,238,12,OUT,78,2023-03-28,25201
6252,298,24,OUT,9,2024-11-28,19648
6253,215,28,OUT,239,2023-06-08,11979
6254,147,33,OUT,380,2024-03-15,6137
6255,321,13,OUT,399,2023-08-25,7771
6256,66,5,OUT,8,2023-12-19,26894
6257,291,28,IN,56,2024-03-12,
6258,247,18,OUT,121,2023-03-07,10936
6259,160,4,OUT,472,2023-07-05,5060
6260,303,23,IN,367,2024-02-25,
6261,11,5,OUT,444,2024-03-07,20843
6262,20,27,OUT,97,2023-05-26,26677
6263,119,3,OUT,135,2023-03-14,3703
6264,174,12,OUT,460,2024-02-26,19826
6265,98,18,IN,248,2023-07-26,
6266,139,32,OUT,147,2023-05-10,25259
6267,166,9,OUT,387,2024-08-03,16733
6268,8888,888,OUT,0,2023-05-09,888888
6269,281,21,IN,460,2023-05-07,
6270,273,4,OUT,167,2023-10-11,10619
6271,325,27,IN,442,2024-08-17,
6272,17,29,IN,330,2023-03-01,
6273,31,25,OUT,147,2023-07-02,22717
6274,67,25,IN,339,2023-08-05,
6275,96,33,IN,380,2023-02-12,
6276,61,6,IN,118,2024-07-18,
6277,127,14,OUT,108,2024-09-24,13605
6278,23,23,IN,410,2023-12-31,
6279,221,19,OUT,442,2024-10-08,25842
6280,30,26,IN,436,2024-09-06,
6281,76,15,IN,216,2023-10-15,
6282,305,8,IN,377,2023-08-03,
6283,8888,888,OUT,0,2024-09-13,888888
6284,48,19,IN,253,2024-10-05,
6285,251,16,OUT,451,2024-01-07,10988
6286,346,35,IN,312,2023-06-26,
6287,297,25,OUT,155,2023-12-24,29608
6288,56,29,OUT,306,2024-11-08,28692
6289,240,21,OUT,199,2023-07-21,17451
6290,59,6,OUT,383,2023-05-05,27799
6291,59,25,IN,441,2024-04-14,
6292,335,35,OUT,134,2024-01-08,17239
6293,185,8,OUT,304,2023-10-30,24120
6294,12,16,IN,47,2024-12-24,
6295,232,13,IN,261,2023-01-21,
6296,122,11,IN,25,2024-03-23,
6297,191,11,OUT,458,2023-11-04,29958
6298,194,5,OUT,263,2023-05-19,2432
6299,97,29,IN,442,2024-09-12,
6300,141,16,IN,362,2023-06-01,
6301,219,8,OUT,200,2023-04-07,9613
6302,8888,888,IN,0,2024-03-27,
6303,276,2,OUT,423,2023-11-21,25198
6304,78,30,OUT,140,2023-09-23,2019
6305,94,20,IN,63,2024-05-29,
6306,298,5,OUT,153,2024-06-05,27575
6307,136,34,IN,185,2024-10-03,
6308,117,12,OUT,166,2024-02-08,6419
6309,246,24,IN,227,2024-07-27,
6310,291,23,IN,174,2023-02-23,
6311,276,12,OUT,473,2023-10-31,5084
6312,334,11,OUT,4,2023-04-23,12016
6313,35,17,OUT,215,2024-06-08,17937
6314,155,17,OUT,258,2023-10-17,585
6315,20,24,IN,149,2023-11-11,
6316,31,8,OUT,474,2023-11-20,8662
6317,226,12,OUT,328,2023-12-22,28237
6318,312,27,IN,378,2023-07-01,
6319,232,21,OUT,2,2023-08-04,23138
6320,23,5,OUT,86,2024-12-09,9716
6321,102,25,OUT,489,2024-03-19,25283
6322,74,35,OUT,81,2024-12-17,26237
6323,346,19,IN,444,2023-06-08,
6324,199,33,IN,439,2024-10-19,
6325,216,27,IN,261,2024-08-30,
6326,21,17,OUT,17,2024-07-24,21227
6327,188,10,OUT,394,2024-03-16,775
6328,312,20,OUT,251,2023-04-10,13951
6329,303,25,OUT,153,2024-12-05,14906
6330,338,4,OUT,414,2023-06-04,18631
6331,356,6,IN,434,2023-11-12,
6332,116,18,OUT,477,2023-11-21,16213
6333,341,3,OUT,149,2023-04-16,29007
6334,338,5,IN,169,2023-07-08,
6335,81,16,IN,84,2023-06-13,
6336,279,5,OUT,146,2024-02-27,4749
6337,8888,888,OUT,0,2023-10-12,888888
6338,49,21,OUT,128,2023-04-24,23120
6339,55,1,OUT,384,2023-08-19,11141
6340,161,21,OUT,2,2024-07-30,17563
6341,319,3,OUT,186,2023-08-21,10977
6342,348,26,OUT,428,2023-02-24,18595
6343,99,28,OUT,177,2024-11-21,15872
6344,69,9,OUT,87,2024-05-19,21635
6345,116,27,OUT,190,2024-02-27,28235
6346,80,21,OUT,473,2024-05-06,26329
6347,252,20,OUT,212,2023-01-05,5066
6348,303,11,IN,45,2023-12-05,
6349,256,30,IN,297,2023-03-14,
6350,293,4,IN,444,2024-08-04,
6351,234,34,IN,29,2024-12-28,
6352,15,14,OUT,449,2024-04-02,21447
6353,357,35,IN,72,2024-05-15,
6354,116,26,IN,319,2023-11-02,
6355,55,22,IN,96,2024-01-29,
6356,293,15,IN,155,2023-12-15,
6357,342,35,IN,70,2023-10-14,
6358,8888,888,OUT,0,2024-05-27,888888
6359,213,31,IN,191,2023-02-27,
6360,133,13,IN,13,2023-03-27,
6361,211,23,OUT,463,2023-01-05,13908
6362,160,32,IN,198,2023-07-07,
6363,134,25,OUT,252,2024-01-24,23015
6364,279,26,IN,208,2023-11-03,
6365,172,29,OUT,17,2024-01-14,16082
6366,23,14,OUT,424,2024-03-16,12664
6367,291,18,IN,424,2023-05-06,
6368,84,9,OUT,207,2023-05-26,19797
6369,22,4,IN,297,2023-06-21,
6370,162,2,IN,495,2023-11-06,
6371,32,21,OUT,245,2024-02-11,22571
6372,59,4,IN,477,2023-03-30,
6373,357,6,OUT,245,2023-05-03,19469
6374,61,25,IN,97,2024-01-01,
6375,183,23,OUT,312,2023-12-25,5198
6376,166,4,IN,320,2024-09-28,
6377,213,30,OUT,20,2024-02-19,4393
6378,312,6,OUT,331,2023-07-13,22538
6379,297,2,OUT,385,2024-06-12,15776
6380,38,16,OUT,140,2023-11-04,17736
6381,192,26,OUT,98,2024-11-17,16924
6382,64,11,IN,187,2023-04-23,
6383,297,27,OUT,428,2023-04-10,8578
6384,103,27,IN,227,2024-03-27,
6385,258,19,OUT,248,2023-11-09,8012
6386,315,7,IN,494,2023-06-11,
6387,10,10,OUT,128,2024-06-21,17777
6388,221,28,IN,237,2023-11-16,
6389,26,29,OUT,112,2023-09-17,13642
6390,119,2,IN,378,2024-11-03,
6391,28,17,OUT,137,2023-02-11,7439
6392,94,6,IN,153,2023-03-07,
6393,9,20,IN,174,2024-02-28,
6394,88,7,IN,64,2023-06-05,
6395,47,1,IN,205,2023-05-24,
6396,133,7,OUT,297,2024-02-06,25508
6397,86,2,IN,308,2023-01-31,
6398,26,2,IN,19,2024-10-15,
6399,62,25,OUT,272,2024-06-07,14822
6400,145,23,OUT,369,2023-02-18,14314
6401,352,8,OUT,6,2023-04-01,21528
6402,1,22,OUT,190,2023-10-26,25715
6403,339,7,IN,410,2023-11-22,
6404,136,33,OUT,342,2023-02-04,23238
6405,284,1,OUT,244,2024-07-09,3934
6406,104,32,OUT,240,2024-04-27,2143
6407,238,14,OUT,137,2023-06-10,10876
6408,275,34,OUT,229,2023-09-26,7019
6409,33,5,IN,187,2024-10-02,
6410,63,7,OUT,149,2024-08-25,29603
6411,95,32,IN,19,2024-11-03,
6412,348,16,IN,135,2024-04-26,
6413,19,19,OUT,448,2023-10-18,9222
6414,120,13,OUT,155,2024-10-08,23111
6415,155,11,OUT,397,2023-08-08,13269
6416,103,35,OUT,429,2024-05-19,11992
6417,3,32,OUT,33,2023-06-15,4392
6418,250,18,OUT,202,2024-07-16,27199
6419,304,5,IN,47,2023-05-25,
6420,119,26,OUT,0,2024-06-02,15418
6421,25,10,IN,28,2023-04-05,
6422,260,17,IN,64,2024-09-26,
6423,160,4,OUT,150,2024-06-12,1959
6424,162,27,IN,7,2024-04-22,
6425,350,17,IN,144,2023-01-19,
6426,325,10,IN,450,2023-03-09,
6427,244,19,IN,472,2024-12-18,
6428,211,31,IN,19,2024-11-27,
6429,225,4,OUT,483,2024-10-05,27868
6430,186,27,IN,171,2024-04-20,
6431,256,35,OUT,88,2024-10-25,10257
6432,133,2,OUT,10,2023-05-28,23893
6433,162,25,OUT,209,2023-01-16,9887
6434,297,23,OUT,148,2024-07-04,18379
6435,175,23,IN,341,2024-10-29,
6436,38,1,IN,193,2024-12-16,
6437,329,15,IN,227,2024-01-23,
6438,177,24,IN,459,2024-07-11,
6439,14,4,OUT,146,2023-07-23,12780
6440,328,4,IN,307,2023-12-17,
6441,338,22,IN,74,2023-02-26,
6442,191,12,OUT,105,2024-07-06,13313
6443,62,16,IN,451,2024-02-18,
6444,30,12,OUT,305,2023-01-23,3255
6445,335,22,OUT,400,2024-12-04,2552
6446,130,8,OUT,192,2024-05-17,6461
6447,246,1,OUT,361,2024-08-09,18462
6448,135,7,OUT,227,2024-03-02,17448
6449,287,16,OUT,421,2024-04-12,25169
6450,29,19,OUT,474,2023-10-26,6531
6451,251,8,OUT,380,2023-11-07,10343
6452,15,15,OUT,44,2024-12-13,16268
6453,206,18,OUT,269,2024-10-11,19132
6454,281,6,OUT,446,2024-12-31,16446
6455,179,4,OUT,310,2023-02-17,1521
6456,357,32,OUT,406,2023-11-03,11322
6457,256,23,OUT,496,2023-02-20,4482
6458,220,10,OUT,476,2024-12-10,14822
6459,267,32,OUT,111,2023-10-26,1107
6460,342,4,IN,386,2024-12-15,
6461,15,23,OUT,158,2024-08-25,27508
6462,272,12,OUT,300,2023-03-10,12600
6463,239,29,OUT,315,2024-10-15,24217
6464,47,5,OUT,439,2023-09-19,12725
6465,233,5,IN,472,2024-10-16,
6466,266,1,OUT,172,2023-11-20,21338
6467,288,23,OUT,52,2023-12-04,6525
6468,122,14,OUT,7,2023-11-04,7811
6469,244,30,IN,453,2023-02-20,
6470,8888,888,IN,0,2024-02-01,
6471,131,6,IN,280,2023-07-28,
6472,51,31,OUT,252,2023-12-05,28352
6473,218,26,OUT,385,2024-11-07,20908
6474,290,22,IN,304,2024-11-14,
6475,204,13,IN,431,2024-01-10,
6476,359,24,OUT,390,2023-03-13,23553
6477,267,2,OUT,87,2023-09-21,29459
6478,347,25,OUT,175,2023-01-13,3709
6479,241,31,IN,6,2023-11-24,
6480,102,9,IN,125,2024-07-10,
6481,294,17,OUT,480,2023-02-28,25573
6482,127,19,OUT,302,2023-08-27,5147
6483,310,23,OUT,44,2023-12-06,25059
6484,282,29,IN,439,2024-08-16,
6485,107,26,OUT,323,2024-02-05,17883
6486,19,11,OUT,134,2024-06-30,27769
6487,276,19,OUT,488,2024-07-20,5032
6488,198,23,IN,300,2023-08-03,
6489,356,23,IN,0,2024-07-31,
6490,8,22,IN,104,2024-02-12,
6491,251,2,IN,315,2023-01-02,
6492,353,35,OUT,70,2024-04-07,18758
6493,172,24,OUT,217,2024-11-21,7630
6494,92,19,OUT,334,2023-12-28,10770
6495,117,22,OUT,152,2023-04-22,19091
6496,28,23,IN,288,2023-06-07,
6497,56,32,OUT,91,2023-04-07,14442
6498,100,23,OUT,181,2024-08-14,15310
6499,124,20,OUT,398,2023-05-26,17679
6500,294,4,OUT,0,2024-04-24,23138
6501,268,9,OUT,239,2023-05-30,7939
6502,265,8,IN,144,2023-11-16,
6503,279,2,IN,233,2024-10-04,
6504,84,10,OUT,165,2023-03-24,4117
6505,98,35,OUT,457,2023-01-28,22649
6506,177,19,OUT,82,2023-09-26,7361
6507,349,33,IN,254,2023-07-12,
6508,146,2,OUT,223,2023-06-15,23022
6509,202,17,OUT,471,2023-09-12,19146
6510,280,21,IN,475,2024-07-11,
6511,282,26,IN,328,2023-02-04,
6512,41,1,OUT,50,2023-02-13,1054
6513,163,15,IN,149,2024-05-01,
6514,281,14,OUT,155,2024-09-08,22145
6515,213,32,OUT,236,2024-12-09,103
6516,174,19,OUT,432,2023-04-25,29734
6517,195,26,IN,66,2024-05-14,
6518,79,13,OUT,424,2024-06-22,1429
6519,117,23,OUT,177,2023-10-27,20775
6520,143,3,OUT,290,2023-12-31,13659
6521,184,17,OUT,139,2024-02-15,19019
6522,286,6,OUT,322,2024-07-21,3764
6523,65,34,OUT,216,2023-07-09,7769
6524,1,24,OUT,128,2024-09-23,29875
6525,286,24,IN,31,2024-06-30,
6526,198,30,OUT,260,2023-12-28,22421
6527,32,34,OUT,142,2023-06-26,27035
6528,284,30,OUT,314,2024-08-25,23651
6529,37,17,OUT,381,2023-04-30,1528
6530,144,20,OUT,482,2023-07-30,15282
6531,66,10,OUT,62,2024-04-18,23415
6532,334,21,IN,309,2024-12-09,
6533,113,5,IN,498,2024-04-12,
6534,11,19,IN,103,2024-01-18,
6535,96,27,IN,326,2024-06-30,
6536,349,12,IN,493,2024-05-27,
6537,183,23,OUT,474,2023-09-09,16308
6538,196,25,OUT,463,2024-07-02,14819
6539,8888,888,IN,0,2023-05-21,
6540,261,2,OUT,367,2023-03-21,25368
6541,172,33,OUT,328,2024-06-14,360
6542,56,33,OUT,77,2024-11-10,13527
6543,326,34,IN,446,2024-03-12,
6544,183,29,OUT,13,2024-01-15,8692
6545,7,2,OUT,29,2024-07-07,26151
6546,125,16,OUT,133,2024-07-01,23610
6547,252,12,OUT,70,2023-08-12,28383
6548,241,16,IN,92,2023-01-01,
6549,285,23,IN,369,2023-01-02,
6550,53,17,IN,135,2024-09-12,
6551,154,29,OUT,165,2024-03-09,14482
6552,281,10,OUT,300,2023-04-20,1718
6553,5,14,OUT,428,2024-02-03,28684
6554,355,1,OUT,326,2023-10-26,4272
6555,166,9,OUT,166,2023-07-26,3298
6556,16,12,IN,107,2023-09-03,
6557,242,6,OUT,336,2023-01-03,6924
6558,313,7,OUT,74,2024-05-25,3546
6559,302,2,IN,118,2024-08-12,
6560,12,15,IN,493,2023-06-26,
6561,285,26,IN,54,2023-04-08,
6562,206,22,IN,139,2024-12-24,
6563,151,10,OUT,290,2024-01-25,23497
6564,103,11,OUT,241,2024-09-05,27891
6565,67,15,IN,279,2023-07-30,
6566,130,15,IN,487,2023-11-21,
6567,355,22,IN,472,2023-10-15,
6568,36,6,IN,12,2024-06-24,
6569,170,21,IN,312,2023-11-30,
6570,307,11,IN,40,2023-03-09,
6571,62,3,IN,88,2023-02-02,
6572,345,2,IN,339,2024-06-12,
6573,112,30,OUT,297,2023-12-02,17513
6574,222,34,OUT,396,2024-09-22,28155
6575,266,21,OUT,86,2023-01-22,1468
6576,360,20,OUT,335,2024-05-22,17634
6577,203,9,OUT,61,2023-03-22,5811
6578,43,15,OUT,453,2023-10-12,8140
6579,313,27,IN,63,2024-10-17,
6580,150,22,IN,17,2023-11-20,
6581,144,4,IN,335,2024-08-30,
6582,59,26,OUT,269,2023-11-15,26956
6583,176,26,OUT,151,2023-06-29,1542
6584,241,30,OUT,268,2023-04-04,24149
6585,8888,888,IN,0,2023-01-13,
6586,233,35,OUT,317,2023-04-03,2505
6587,290,32,IN,400,2024-01-19,
6588,197,17,OUT,313,2023-08-14,28958
6589,298,19,IN,348,2024-01-01,
6590,132,10,OUT,435,2023-08-11,28461
6591,100,26,IN,73,2024-08-01,
6592,181,27,OUT,186,2023-01-21,14649
6593,153,35,OUT,367,2023-07-10,19167
6594,21,14,OUT,188,2023-02-28,6672
6595,304,10,OUT,371,2024-01-25,4106
6596,25,10,IN,300,2023-09-28,
6597,76,27,OUT,478,2023-09-24,29750
6598,47,32,IN,82,2023-07-28,
6599,167,10,OUT,106,2024-08-10,9003
6600,72,35,OUT,442,2023-05-22,28737
6601,67,4,IN,315,2024-11-14,
6602,333,7,OUT,454,2024-10-14,27125
6603,141,34,OUT,69,2024-02-19,10824
6604,279,14,OUT,442,2023-08-04,518
6605,132,24,OUT,355,2023-04-23,19447
6606,99,35,IN,173,2024-04-14,
6607,302,2,OUT,420,2024-09-27,29338
6608,358,4,OUT,298,2024-07-03,19952
6609,24,34,OUT,421,2023-01-28,4069
6610,213,10,IN,41,2024-03-12,
6611,176,24,IN,65,2024-07-26,
6612,210,26,OUT,97,2023-07-18,3804
6613,268,21,OUT,265,2023-06-12,26015
6614,106,3,OUT,474,2024-07-13,5138
6615,351,34,IN,246,2024-11-08,
6616,276,30,OUT,40,2024-06-11,28125
6617,129,12,IN,355,2023-10-13,
6618,293,31,IN,247,2024-06-01,
6619,143,3,IN,393,2024-12-06,
6620,286,27,IN,63,2024-11-22,
6621,223,2,OUT,342,2023-04-10,23420
6622,81,34,OUT,19,2023-01-17,25405
6623,173,14,IN,129,2024-02-18,
6624,90,17,IN,275,2024-08-23,
6625,46,13,IN,445,2023-06-15,
6626,71,12,OUT,200,2023-11-10,16141
6627,135,15,OUT,313,2024-10-31,16027
6628,129,27,IN,127,2023-11-28,
6629,278,32,OUT,420,2024-10-23,28807
6630,55,22,IN,405,2023-10-12,
6631,107,8,IN,224,2024-01-30,
6632,8,9,IN,305,2024-07-27,
6633,312,18,IN,483,2024-01-08,
6634,78,33,OUT,3,2024-05-21,27897
6635,215,15,IN,485,2023-06-21,
6636,165,6,IN,0,2023-05-30,
6637,66,8,OUT,194,2024-10-03,8091
6638,141,2,IN,166,2023-01-31,
6639,75,2,OUT,40,2023-12-08,19413
6640,249,4,OUT,207,2024-06-13,10523
6641,137,5,IN,39,2024-09-26,
6642,262,26,OUT,300,2024-03-03,17561
6643,24,30,OUT,330,2023-05-29,19742
6644,196,18,OUT,59,2024-08-07,18624
6645,116,32,OUT,424,2024-02-09,11247
6646,337,3,OUT,360,2023-03-30,19727
6647,210,1,OUT,211,2023-02-25,6004
6648,348,25,OUT,290,2024-10-19,17981
6649,59,3,IN,489,2023-01-05,
6650,307,20,OUT,455,2023-01-23,28231
6651,66,3,IN,198,2024-09-22,
6652,234,19,IN,175,2023-03-31,
6653,291,8,IN,64,2024-05-11,
6654,320,26,OUT,57,2023-06-02,1902
6655,157,23,OUT,189,2024-04-04,4647
6656,171,16,OUT,97,2023-03-14,20408
6657,280,8,OUT,317,2024-07-03,21306
6658,32,28,IN,213,2024-10-13,
6659,324,30,IN,475,2023-07-19,
6660,179,7,OUT,455,2023-01-19,1866
6661,32,22,IN,0,2023-10-11,
6662,165,27,OUT,310,2023-12-01,11681
6663,58,29,OUT,302,2024-04-14,5214
6664,292,27,OUT,348,2024-01-04,27066
6665,19,9,IN,347,2024-03-03,
6666,159,26,OUT,187,2023-06-04,6944
6667,284,17,OUT,130,2023-06-27,4442
6668,278,13,IN,261,2024-10-20,
6669,168,20,OUT,243,2023-05-11,1525
6670,13,27,OUT,32,2024-05-15,14838
6671,320,26,IN,24,2024-06-10,
6672,243,28,IN,350,2024-11-23,
6673,6,10,OUT,36,2023-10-10,7853
6674,290,10,IN,10,2023-07-04,
6675,338,28,IN,302,2024-02-12,
6676,330,27,OUT,108,2024-07-23,23736
6677,97,31,OUT,343,2024-12-27,3594
6678,61,26,OUT,54,2023-11-15,12013
6679,194,15,OUT,378,2024-11-27,10716
6680,233,7,IN,265,2023-10-26,
6681,114,5,IN,11,2023-08-19,
6682,55,13,IN,464,2023-08-08,
6683,69,14,IN,235,2023-07-15,
6684,316,16,OUT,40,2024-12-17,22824
6685,170,10,IN,272,2024-05-16,
6686,256,7,IN,40,2023-01-24,
6687,153,30,IN,3,2023-01-27,
6688,4,35,IN,332,2024-07-01,
6689,145,31,OUT,477,2023-07-03,23145
6690,77,30,IN,441,2024-08-12,
6691,277,13,OUT,437,2024-11-13,23622
6692,96,1,OUT,442,2024-11-20,8899
6693,245,19,IN,58,2024-10-27,
6694,222,16,IN,350,2023-05-11,
6695,95,34,IN,76,2024-03-14,
6696,158,23,OUT,247,2024-03-11,7267
6697,299,35,IN,87,2023-02-13,
6698,321,26,OUT,221,2024-10-07,25529
6699,290,12,IN,344,2024-02-29,
6700,37,14,IN,366,2024-06-19,
6701,229,11,IN,74,2023-07-25,
6702,284,31,IN,40,2024-01-05,
6703,127,30,IN,496,2023-01-24,
6704,119,19,IN,271,2023-12-10,
6705,172,26,OUT,144,2023-04-11,24889
6706,239,33,OUT,3,2024-04-02,6463
6707,19,27,IN,230,2024-09-27,
6708,315,6,IN,478,2024-10-02,
6709,149,13,OUT,364,2023-02-15,16114
6710,323,23,OUT,36,2024-08-14,9143
6711,246,3,IN,268,2024-02-23,
6712,8888,888,OUT,0,2024-05-09,888888
6713,149,7,IN,55,2023-01-04,
6714,214,7,OUT,25,2024-02-02,19608
6715,309,3,IN,215,2023-05-12,
6716,190,27,OUT,432,2024-11-25,11351
6717,218,30,IN,289,2023-10-17,
6718,203,17,IN,101,2023-01-06,
6719,224,15,OUT,462,2024-04-12,4029
6720,343,35,IN,168,2024-11-06,
6721,142,6,IN,177,2024-02-09,
6722,226,1,IN,84,2023-11-24,
6723,160,24,IN,11,2024-02-08,
6724,103,3,OUT,400,2023-06-04,1207
6725,240,26,IN,361,2023-03-28,
6726,339,8,IN,96,2024-03-16,
6727,105,23,OUT,44,2023-12-03,16822
6728,16,5,IN,426,2023-04-22,
6729,235,18,OUT,383,2024-09-03,28956
6730,118,19,IN,16,2024-08-14,
6731,100,8,OUT,337,2024-07-31,2632
6732,148,29,IN,144,2023-12-24,
6733,113,17,OUT,343,2023-10-21,15023
6734,316,13,OUT,185,2024-11-24,3106
6735,262,34,OUT,7,2024-08-06,12309
6736,90,30,IN,335,2023-04-17,
6737,311,29,IN,120,2024-07-04,
6738,81,1,IN,284,2023-08-21,
6739,192,25,OUT,457,2023-08-11,6137
6740,228,34,OUT,353,2024-03-01,21542
6741,67,32,IN,441,2023-09-25,
6742,27,32,IN,297,2023-05-20,
6743,339,23,IN,421,2023-03-21,
6744,93,1,IN,107,2024-01-11,
6745,30,23,IN,383,2024-11-09,
6746,135,15,OUT,19,2024-02-06,22206
6747,27,16,OUT,195,2024-02-26,11322
6748,216,18,OUT,182,2024-05-01,10336
6749,40,20,OUT,371,2023-09-24,29170
6750,268,3,OUT,253,2024-11-06,16589
6751,224,18,OUT,339,2023-04-09,27125
6752,209,3,IN,333,2023-08-03,
6753,268,31,OUT,194,2024-04-15,2242
6754,62,7,OUT,271,2023-04-07,700
6755,224,11,OUT,153,2024-09-02,6862
6756,4,23,OUT,98,2024-05-09,14324
6757,219,18,IN,422,2023-08-02,
6758,80,10,IN,457,2024-06-30,
6759,64,26,OUT,153,2023-02-14,639
6760,132,14,IN,273,2024-11-17,
6761,123,7,IN,43,2024-07-22,
6762,64,30,IN,154,2024-09-26,
6763,260,33,OUT,24,2024-05-01,20168
6764,31,2,OUT,436,2023-02-14,14072
6765,149,20,OUT,81,2024-09-11,7100
6766,357,18,OUT,494,2024-11-13,2804
6767,229,19,IN,76,2023-10-15,
6768,69,26,IN,426,2024-11-15,
6769,91,21,IN,356,2024-06-07,
6770,158,35,IN,400,2024-05-15,
6771,84,30,IN,301,2024-10-19,
6772,339,35,OUT,491,2024-04-18,17703
6773,112,27,OUT,78,2023-01-15,9902
6774,22,21,IN,144,2023-09-01,
6775,322,25,IN,99,2023-03-08,
6776,113,11,IN,140,2023-02-09,
6777,8,2,IN,437,2023-12-20,
6778,356,20,OUT,449,2024-06-14,10165
6779,260,27,OUT,126,2023-12-25,16243
6780,319,19,OUT,459,2024-03-11,26155
6781,119,8,OUT,119,2023-05-17,13618
6782,177,35,IN,385,2024-08-25,
6783,49,23,OUT,428,2024-05-25,4469
6784,214,25,IN,444,2024-03-28,
6785,8888,888,OUT,0,2023-04-16,888888
6786,75,35,OUT,358,2023-02-11,12307
6787,327,35,IN,43,2024-09-04,
6788,189,9,OUT,90,2024-08-14,4652
6789,38,27,IN,402,2024-06-30,
6790,53,30,OUT,70,2024-04-22,16263
6791,46,29,OUT,118,2024-07-14,13645
6792,44,27,OUT,223,2023-05-20,16499
6793,140,25,OUT,372,2024-03-06,22552
6794,28,30,OUT,194,2024-11-24,18631
6795,68,24,OUT,477,2024-05-27,19685
6796,39,13,IN,92,2024-01-04,
6797,272,24,OUT,326,2023-12-15,13345
6798,239,7,IN,381,2023-02-08,
6799,279,10,IN,21,2023-12-26,
6800,227,30,IN,221,2023-11-09,
6801,165,1,OUT,192,2023-08-13,13142
6802,3,9,IN,30,2024-01-02,
6803,279,4,IN,105,2023-03-01,
6804,133,21,IN,1,2024-08-09,
6805,309,28,OUT,143,2024-10-07,12174
6806,38,18,OUT,358,2023-06-28,15689
6807,8888,888,OUT,0,2024-10-30,888888
6808,63,17,OUT,494,2023-11-29,11462
6809,112,32,OUT,267,2023-01-08,6321
6810,340,23,OUT,128,2024-09-19,22721
6811,315,31,OUT,132,2024-04-09,14699
6812,349,23,IN,407,2024-06-02,
6813,74,27,OUT,472,2024-09-24,11368
6814,248,8,OUT,186,2024-03-08,15737
6815,126,14,OUT,89,2023-03-26,8323
6816,250,34,OUT,394,2024-12-02,29453
6817,231,16,IN,202,2024-02-28,
6818,98,28,OUT,204,2024-11-04,25166
6819,88,17,OUT,148,2024-07-20,25166
6820,204,6,IN,10,2023-09-25,
6821,101,31,IN,378,2024-08-28,
6822,319,6,OUT,452,2023-06-26,13701
6823,17,1,OUT,18,2023-02-08,7927
6824,21,28,IN,344,2024-03-01,
6825,19,30,OUT,122,2023-07-26,5067
6826,323,4,IN,389,2023-06-11,
6827,69,24,IN,468,2024-01-22,
6828,53,20,OUT,223,2023-08-04,797
6829,182,10,IN,492,2023-10-18,
6830,8888,888,OUT,0,2023-04-25,888888
6831,210,1,IN,300,2024-05-13,
6832,41,6,IN,419,2023-10-24,
6833,257,31,OUT,243,2024-05-16,28542
6834,86,11,IN,56,2024-09-20,
6835,7,27,OUT,367,2023-10-06,11982
6836,210,6,OUT,406,2023-08-24,27276
6837,196,1,OUT,245,2024-08-04,22957
6838,42,20,IN,492,2023-02-15,
6839,84,19,OUT,398,2024-05-07,24736
6840,241,7,IN,154,2024-03-15,
6841,57,4,IN,70,2023-02-25,
6842,55,35,IN,308,2023-08-24,
6843,103,28,OUT,398,2023-07-25,12069
6844,317,11,IN,493,2023-10-31,
6845,281,17,IN,322,2024-12-28,
6846,69,26,OUT,46,2023-01-29,18857
6847,310,2,OUT,0,2023-05-01,26814
6848,117,7,OUT,293,2023-08-26,15869
6849,247,29,IN,1,2023-10-09,
6850,266,17,IN,477,2023-09-15,
6851,136,7,OUT,374,2023-03-13,23699
6852,281,17,IN,265,2023-10-09,
6853,210,22,OUT,51,2023-12-10,9590
6854,59,9,OUT,363,2023-05-23,6806
6855,308,25,IN,216,2023-09-30,
6856,31,34,OUT,438,2024-11-26,20082
6857,154,29,OUT,50,2023-05-10,12273
6858,109,29,OUT,153,2023-04-24,6516
6859,290,7,IN,263,2023-06-28,
6860,257,8,OUT,8,2023-02-05,15568
6861,23,1,IN,75,2023-01-19,
6862,28,12,IN,0,2024-08-11,
6863,332,2,OUT,147,2023-04-15,4555
6864,86,6,IN,324,2024-11-04,
6865,344,30,IN,420,2023-01-29,
6866,8888,888,OUT,0,2023-12-08,888888
6867,304,32,OUT,95,2023-03-13,16115
6868,60,4,OUT,395,2023-11-06,16345
6869,52,23,IN,196,2024-03-26,
6870,230,9,OUT,63,2024-03-16,6046
6871,304,19,OUT,252,2023-11-05,388
6872,182,2,IN,400,2023-06-26,
6873,87,29,OUT,49,2024-08-10,8095
6874,225,30,IN,438,2024-03-01,
6875,283,32,OUT,100,2023-05-10,17531
6876,277,24,OUT,0,2023-01-13,11449
6877,56,32,OUT,313,2023-11-30,15
6878,332,19,OUT,56,2023-01-18,17273
6879,332,17,OUT,96,2023-09-29,27585
6880,113,8,OUT,450,2023-12-06,20846
6881,317,8,OUT,40,2024-11-04,156
6882,355,6,OUT,379,2023-09-11,1969
6883,253,19,IN,411,2024-01-21,
6884,1,35,OUT,86,2023-08-30,17335
6885,209,15,IN,419,2024-11-30,
6886,126,32,OUT,255,2024-09-20,17076
6887,83,14,OUT,56,2024-03-20,26702
6888,125,1,OUT,73,2024-04-06,21357
6889,36,22,IN,406,2024-09-15,
6890,309,1,IN,180,2024-05-23,
6891,14,31,IN,232,2023-06-07,
6892,354,28,IN,238,2024-11-05,
6893,193,35,OUT,364,2023-06-09,12167
6894,297,5,OUT,321,2023-09-23,5173
6895,165,5,OUT,246,2023-08-18,18085
6896,346,24,OUT,142,2023-12-17,16579
6897,318,9,OUT,53,2024-12-05,20767
6898,98,25,IN,88,2023-09-07,
6899,226,29,OUT,275,2023-04-16,26939
6900,111,25,IN,52,2023-04-28,
6901,348,13,OUT,424,2023-04-01,19155
6902,337,26,IN,252,2024-09-04,
6903,104,10,IN,484,2024-12-29,
6904,289,13,IN,303,2023-12-17,
6905,120,1,OUT,299,2023-05-21,5483
6906,7,3,OUT,126,2023-05-30,10084
6907,103,33,OUT,322,2024-02-16,24100
6908,1,11,IN,91,2023-03-03,
6909,332,28,OUT,150,2023-04-02,17537
6910,344,4,OUT,225,2024-04-07,20902
6911,160,15,IN,255,2023-05-02,
6912,226,24,OUT,59,2024-01-19,13087
6913,267,18,IN,130,2023-04-18,
6914,319,15,OUT,213,2023-11-02,17188
6915,103,1,IN,479,2024-10-12,
6916,34,1,OUT,73,2023-07-31,14116
6917,148,11,IN,462,2024-04-24,
6918,334,8,IN,384,2023-11-05,
6919,111,29,IN,416,2024-04-06,
6920,37,10,IN,402,2023-08-06,
6921,190,12,OUT,284,2024-10-11,5547
6922,101,34,IN,102,2024-08-07,
6923,218,16,OUT,113,2023-03-06,3503
6924,106,25,IN,456,2024-08-15,
6925,233,2,OUT,212,2023-08-17,24536
6926,92,13,IN,12,2024-04-17,
6927,144,7,OUT,415,2023-10-02,12974
6928,89,19,IN,430,2023-05-12,
6929,285,25,OUT,179,2024-01-10,11319
6930,200,8,IN,218,2023-09-23,
6931,288,14,OUT,356,2023-04-12,6266
6932,208,31,IN,389,2023-02-13,
6933,67,13,OUT,263,2023-11-09,14739
6934,323,9,IN,366,2024-02-16,
6935,319,14,IN,477,2024-01-31,
6936,147,31,OUT,226,2023-06-11,6123
6937,246,11,IN,62,2024-06-30,
6938,133,2,OUT,126,2024-06-28,21563
6939,122,25,IN,245,2024-01-22,
6940,252,32,IN,192,2023-03-23,
6941,254,7,OUT,347,2024-09-21,788
6942,212,19,IN,354,2023-01-29,
6943,87,22,OUT,285,2023-06-19,24305
6944,91,27,IN,283,2023-05-26,
6945,247,23,IN,254,2024-08-07,
6946,293,20,OUT,43,2023-08-06,6177
6947,8888,888,IN,0,2024-03-06,
6948,78,3,OUT,339,2023-01-23,4421
6949,332,6,OUT,33,2023-07-31,25008
6950,298,10,OUT,184,2024-12-05,18178
6951,306,20,IN,255,2023-05-14,
6952,244,22,OUT,68,2024-03-27,12712
6953,115,11,IN,162,2023-04-21,
6954,229,15,OUT,91,2024-04-28,12642
6955,341,29,OUT,313,2023-05-05,955
6956,78,20,OUT,226,2024-11-14,12353
6957,193,19,OUT,94,2023-05-17,8308
6958,279,13,OUT,340,2023-12-01,28204
6959,58,2,OUT,284,2024-02-21,7321
6960,87,2,OUT,382,2023-09-30,9428
6961,355,7,OUT,285,2024-10-12,13546
6962,247,5,IN,252,2024-10-24,
6963,102,21,IN,36,2024-11-02,
6964,245,16,IN,352,2024-01-12,
6965,99,29,OUT,387,2023-02-16,25854
6966,178,27,OUT,466,2023-03-16,7549
6967,111,15,OUT,54,2023-07-25,9010
6968,55,1,IN,267,2024-05-24,
6969,19,5,OUT,45,2023-01-27,24674
6970,254,15,OUT,349,2024-08-29,27026
6971,145,31,IN,398,2023-08-26,
6972,161,23,IN,403,2023-01-03,
6973,304,26,OUT,178,2023-11-04,9812
6974,310,16,OUT,484,2023-07-03,16922
6975,328,23,OUT,259,2023-10-19,12877
6976,84,8,IN,331,2023-11-16,
6977,298,3,IN,470,2023-07-12,
6978,316,7,IN,135,2023-08-21,
6979,31,35,IN,249,2024-01-19,
6980,234,2,OUT,167,2024-07-09,17181
6981,313,12,OUT,314,2024-02-02,13347
6982,302,12,OUT,131,2024-08-24,21538
6983,82,2,OUT,223,2024-02-12,56
6984,31,23,OUT,446,2023-04-02,24052
6985,79,22,OUT,51,2023-07-04,2517
6986,143,28,IN,17,2024-11-15,
6987,268,7,OUT,221,2024-04-28,25433
6988,8888,888,IN,0,2024-03-21,
6989,256,9,IN,454,2023-09-15,
6990,345,6,OUT,377,2023-02-05,8418
6991,156,35,OUT,476,2023-03-13,5018
6992,255,23,IN,428,2023-12-26,
6993,197,22,OUT,66,2024-05-09,3987
6994,202,9,IN,330,2024-08-13,
6995,176,30,OUT,434,2024-10-18,23002
6996,270,23,IN,250,2023-04-12,
6997,199,21,IN,314,2024-03-06,
6998,234,31,IN,112,2023-05-23,
6999,37,11,IN,418,2024-05-06,
7000,188,8,OUT,48,2023-11-01,17277
7001,187,33,IN,440,2023-06-12,
7002,159,15,OUT,466,2024-02-26,12653
7003,148,11,OUT,55,2023-01-07,13558
7004,2,30,OUT,355,2024-06-17,7093
7005,207,33,OUT,371,2023-05-24,28838
7006,41,4,OUT,51,2023-07-21,525
7007,218,11,OUT,274,2023-09-23,25046
7008,96,32,IN,54,2024-10-16,
7009,159,22,OUT,479,2024-12-05,10077
7010,8888,888,IN,0,2023-05-20,
7011,8888,888,IN,0,2024-07-31,
7012,135,11,IN,416,2024-10-12,
7013,191,24,IN,93,2023-02-03,
7014,36,30,OUT,73,2024-06-10,8963
7015,183,3,OUT,263,2024-08-30,7594
7016,269,25,OUT,121,2023-09-08,17168
7017,8888,888,IN,0,2024-07-29,
7018,350,2,IN,201,2024-12-23,
7019,100,30,IN,251,2024-05-26,
7020,228,13,IN,205,2024-03-05,
7021,84,8,OUT,76,2023-05-18,23625
7022,148,10,IN,46,2024-06-10,
7023,243,11,OUT,0,2024-02-22,24654
7024,133,12,OUT,346,2023-09-21,5392
7025,145,28,IN,471,2023-10-05,
7026,2,1,IN,450,2024-03-21,
7027,53,8,OUT,20,2023-07-23,22526
7028,357,13,OUT,49,2023-04-17,13728
7029,180,7,OUT,38,2023-06-19,1614
7030,71,25,OUT,116,2024-08-26,10016
7031,232,32,OUT,359,2024-05-02,16669
7032,245,21,IN,270,2023-10-18,
7033,211,12,IN,383,2023-12-19,
7034,235,19,OUT,412,2023-01-04,20594
7035,228,19,OUT,415,2024-01-03,2224
7036,329,27,IN,131,2023-05-16,
7037,69,28,OUT,449,2024-02-19,15394
7038,79,24,IN,302,2024-09-10,
7039,182,16,OUT,303,2024-09-21,11714
7040,17,21,OUT,49,2023-07-16,22625
7041,297,29,IN,91,2023-02-24,
7042,320,11,IN,251,2023-04-29,
7043,356,23,IN,359,2024-05-10,
7044,33,3,OUT,423,2023-06-08,5100
7045,16,22,IN,356,2023-01-10,
7046,194,8,IN,464,2023-03-21,
7047,152,10,IN,475,2024-12-02,
7048,323,17,IN,23,2023-01-14,
7049,321,5,OUT,357,2024-02-07,14403
7050,185,7,OUT,366,2023-07-17,19116
7051,35,8,IN,239,2023-04-28,
7052,44,2,OUT,321,2024-01-10,20240
7053,255,35,IN,280,2023-09-13,
7054,321,13,IN,296,2023-07-27,
7055,209,4,OUT,193,2024-08-13,21162
7056,113,33,IN,124,2024-10-04,
7057,295,6,IN,231,2023-12-23,
7058,18,5,OUT,453,2024-10-15,1736
7059,90,15,IN,8,2024-06-13,
7060,323,17,OUT,218,2024-03-04,29921
7061,289,11,OUT,343,2024-04-07,15951
7062,242,31,IN,439,2024-05-07,
7063,342,8,OUT,79,2024-11-24,25893
7064,243,19,OUT,258,2024-06-29,28822
7065,275,22,OUT,59,2024-06-07,11530
7066,21,25,IN,384,2023-07-07,
7067,356,10,OUT,387,2023-01-14,9983
7068,310,34,IN,468,2024-12-20,
7069,37,34,OUT,87,2023-09-08,22989
7070,57,21,OUT,380,2023-10-05,17355
7071,321,32,OUT,124,2023-10-26,3247
7072,250,27,OUT,25,2023-07-02,2273
7073,278,29,IN,37,2023-11-21,
7074,267,35,OUT,262,2024-11-04,27395
7075,301,21,IN,439,2024-10-22,
7076,165,4,OUT,264,2023-05-14,24413
7077,202,22,OUT,364,2023-11-25,26734
7078,30,6,OUT,210,2024-01-18,14006
7079,355,13,IN,441,2024-06-23,
7080,50,28,IN,83,2024-01-21,
7081,242,27,OUT,4,2023-02-15,3274
7082,359,3,IN,14,2023-11-14,
7083,53,9,IN,490,2024-05-07,
7084,66,15,IN,186,2024-09-11,
7085,35,28,IN,333,2024-11-18,
7086,306,23,OUT,341,2024-08-07,3774
7087,138,15,IN,235,2024-01-19,
7088,196,34,OUT,426,2024-04-14,2426
7089,149,10,IN,175,2023-11-01,
7090,214,13,OUT,426,2024-07-03,23994
7091,25,2,OUT,262,2024-07-14,18509
7092,244,35,OUT,161,2023-08-21,1383
7093,177,27,OUT,373,2024-07-07,28268
7094,125,15,OUT,486,2023-09-13,25988
7095,265,25,OUT,436,2024-11-24,9668
7096,145,13,OUT,21,2024-10-08,1690
7097,115,28,OUT,458,2024-01-05,9581
7098,47,19,IN,153,2024-12-08,
7099,325,34,IN,80,2023-08-01,
7100,274,19,OUT,252,2024-07-05,25710
7101,104,1,OUT,304,2024-09-08,26695
7102,285,8,OUT,472,2024-10-02,20938
7103,285,16,OUT,186,2023-11-21,27596
7104,251,32,IN,0,2023-02-24,
7105,251,31,IN,194,2023-04-16,
7106,51,32,IN,422,2023-03-06,
7107,33,34,IN,465,2023-10-06,
7108,71,3,IN,470,2023-12-16,
7109,215,22,IN,336,2023-10-13,
7110,199,20,OUT,402,2024-03-23,10205
7111,314,10,OUT,327,2023-09-16,27178
7112,272,18,OUT,178,2024-08-18,13494
7113,329,17,OUT,495,2024-12-14,5337
7114,149,12,OUT,293,2024-02-09,4254
7115,255,25,IN,420,2023-09-14,
7116,210,4,OUT,324,2023-11-13,21133
7117,198,6,OUT,23,2023-07-03,21321
7118,95,24,OUT,291,2023-07-18,21793
7119,323,32,IN,141,2023-07-23,
7120,331,34,OUT,248,2024-05-05,27844
7121,202,8,IN,11,2024-12-07,
7122,8888,888,IN,0,2023-02-15,
7123,274,28,OUT,280,2024-09-02,92
7124,174,6,OUT,103,2024-03-16,19030
7125,47,33,OUT,390,2024-07-16,4140
7126,65,4,IN,303,2023-02-03,
7127,298,33,IN,239,2023-03-14,
7128,242,8,OUT,152,2023-09-14,4822
7129,62,21,OUT,341,2023-06-09,6132
7130,305,6,OUT,275,2023-08-16,17630
7131,221,12,IN,59,2023-08-03,
7132,114,6,IN,191,2024-10-07,
7133,2,22,OUT,317,2024-02-17,9828
7134,15,34,IN,307,2024-05-20,
7135,346,30,OUT,5,2024-02-27,29890
7136,57,7,IN,318,2024-09-13,
7137,154,34,OUT,92,2024-09-03,29928
7138,161,35,OUT,369,2023-12-14,24655
7139,118,23,IN,262,2024-01-22,
7140,273,11,OUT,224,2024-09-09,12157
7141,340,21,OUT,133,2023-10-04,22996
7142,114,22,OUT,6,2024-08-11,3929
7143,141,22,IN,159,2024-09-12,
7144,67,19,OUT,328,2023-10-18,4221
7145,214,10,OUT,121,2023-10-14,22931
7146,89,12,OUT,406,2023-05-07,18705
7147,325,34,IN,384,2023-09-27,
7148,99,5,IN,291,2024-07-29,
7149,347,17,IN,235,2023-08-24,
7150,81,34,IN,222,2024-09-22,
7151,168,26,IN,394,2024-01-19,
7152,45,35,OUT,43,2023-08-04,4676
7153,227,14,IN,60,2023-06-08,
7154,127,21,IN,65,2024-11-17,
7155,34,30,IN,463,2023-12-19,
7156,264,20,IN,285,2023-02-11,
7157,8888,888,IN,0,2024-02-17,
7158,273,5,OUT,130,2024-03-25,13549
7159,116,3,IN,454,2023-08-07,
7160,261,6,OUT,471,2023-06-05,18161
7161,173,28,IN,184,2023-03-12,
7162,123,19,IN,87,2024-11-06,
7163,236,15,OUT,476,2023-04-04,10616
7164,283,24,IN,455,2023-05-19,
7165,323,2,IN,164,2024-01-17,
7166,12,5,IN,157,2024-12-06,
7167,8888,888,IN,0,2024-11-05,
7168,192,32,OUT,277,2024-10-25,8049
7169,328,21,OUT,91,2023-03-18,29443
7170,250,25,IN,368,2023-05-25,
7171,249,28,OUT,205,2023-08-06,24594
7172,293,1,IN,157,2024-06-13,
7173,311,8,IN,60,2024-08-04,
7174,307,18,OUT,44,2023-06-30,12569
7175,167,12,IN,400,2023-10-01,
7176,86,29,OUT,399,2023-05-19,23006
7177,203,9,IN,298,2024-02-09,
7178,33,2,OUT,35,2024-05-26,6373
7179,3,20,IN,399,2023-08-28,
7180,243,28,IN,374,2023-03-11,
7181,196,8,OUT,457,2024-01-13,9597
7182,358,13,OUT,91,2024-04-05,14095
7183,206,5,OUT,138,2024-12-19,12648
7184,269,27,IN,20,2023-08-26,
7185,103,14,OUT,232,2024-01-01,8819
7186,206,34,OUT,86,2023-05-12,8157
7187,321,16,IN,433,2023-11-09,
7188,65,25,IN,291,2024-12-03,
7189,313,26,IN,216,2023-03-24,
7190,11,24,IN,108,2024-01-31,
7191,185,2,IN,242,2023-08-25,
7192,354,34,OUT,296,2023-03-01,27538
7193,157,4,IN,471,2024-06-04,
7194,175,14,OUT,57,2024-01-13,25856
7195,276,17,OUT,76,2024-07-28,18272
7196,267,3,IN,120,2023-05-04,
7197,120,23,IN,159,2024-01-23,
7198,159,4,OUT,243,2024-07-16,10767
7199,231,13,OUT,302,2023-01-15,5139
7200,59,30,OUT,148,2024-05-07,12083
7201,87,2,OUT,0,2024-07-29,27558
7202,64,23,IN,56,2023-04-03,
7203,206,1,OUT,306,2023-10-17,2726
7204,52,12,OUT,349,2024-07-05,717
7205,122,30,OUT,77,2023-02-24,29821
7206,211,5,OUT,421,2023-10-24,17316
7207,8,22,OUT,271,2024-10-24,22691
7208,224,9,OUT,284,2023-11-01,10351
7209,232,21,OUT,415,2024-04-23,21599
7210,200,13,IN,281,2023-02-16,
7211,66,2,OUT,317,2023-01-20,27182
7212,32,22,IN,77,2023-03-19,
7213,33,28,OUT,98,2024-03-14,20658
7214,298,18,IN,78,2024-09-14,
7215,305,6,OUT,58,2024-04-17,12616
7216,170,13,OUT,474,2023-08-27,25266
7217,357,7,IN,500,2024-12-27,
7218,170,9,OUT,472,2024-01-20,25662
7219,337,18,OUT,205,2023-06-19,2875
7220,251,22,OUT,139,2023-02-04,19927
7221,98,15,IN,290,2023-12-29,
7222,300,4,IN,323,2024-09-07,
7223,111,27,IN,407,2024-01-19,
7224,55,14,OUT,370,2023-08-03,26252
7225,16,33,IN,433,2023-04-06,
7226,161,18,IN,482,2023-07-18,
7227,226,31,OUT,210,2023-09-21,9078
7228,133,21,IN,216,2024-04-02,
7229,154,14,IN,118,2023-01-19,
7230,324,22,IN,413,2024-12-31,
7231,32,16,OUT,460,2024-07-03,5739
7232,133,35,OUT,123,2023-05-09,2003
7233,150,16,OUT,190,2024-08-04,22026
7234,211,25,IN,260,2024-03-15,
7235,8888,888,IN,0,2024-04-17,
7236,143,12,OUT,59,2024-10-24,16555
7237,190,2,IN,367,2024-08-28,
7238,199,5,IN,474,2024-09-09,
7239,236,26,OUT,60,2024-09-15,4719
7240,288,32,IN,95,2024-06-16,
7241,153,18,OUT,416,2023-08-01,27940
7242,299,13,OUT,430,2024-05-08,529
7243,215,12,OUT,484,2024-06-29,2320
7244,28,24,IN,136,2024-08-17,
7245,304,3,OUT,460,2024-03-20,11522
7246,266,12,IN,42,2023-07-16,
7247,296,1,OUT,496,2023-10-18,1872
7248,226,25,OUT,17,2023-01-14,29980
7249,174,28,OUT,475,2024-09-01,3115
7250,6,27,OUT,488,2023-04-28,10876
7251,275,7,IN,199,2023-10-22,
7252,175,5,IN,484,2023-08-04,
7253,66,8,IN,264,2023-08-13,
7254,168,11,IN,317,2023-02-12,
7255,334,3,OUT,78,2023-05-02,8581
7256,105,35,OUT,72,2024-11-14,26620
7257,1,12,IN,454,2024-07-15,
7258,154,19,IN,301,2023-04-25,
7259,273,35,IN,257,2023-07-13,
7260,290,31,IN,71,2024-01-19,
7261,153,35,IN,112,2024-01-16,
7262,153,31,OUT,25,2024-01-10,5340
7263,321,9,IN,450,2024-10-28,
7264,330,28,IN,355,2024-09-19,
7265,157,31,OUT,279,2023-12-11,7539
7266,283,34,OUT,55,2024-02-29,11278
7267,248,26,OUT,186,2024-01-13,10613
7268,123,27,OUT,90,2024-04-05,21476
7269,155,26,OUT,318,2024-11-02,4584
7270,286,28,IN,362,2023-09-10,
7271,166,21,OUT,131,2024-02-07,3701
7272,194,11,OUT,475,2023-05-04,5501
7273,233,14,IN,286,2024-02-24,
7274,287,19,OUT,248,2024-12-06,5410
7275,67,15,OUT,191,2023-03-30,2896
7276,341,5,IN,38,2024-03-26,
7277,194,9,OUT,152,2024-04-22,5060
7278,99,6,IN,144,2023-05-27,
7279,118,5,IN,287,2023-12-05,
7280,213,19,OUT,99,2024-02-03,5635
7281,207,28,IN,333,2024-10-11,
7282,185,29,IN,126,2023-11-28,
7283,42,4,OUT,491,2024-05-21,16769
7284,269,21,IN,11,2024-10-25,
7285,171,30,IN,448,2024-06-02,
7286,78,12,IN,43,2024-06-15,
7287,66,25,IN,113,2024-04-21,
7288,70,9,IN,493,2024-11-14,
7289,208,16,IN,224,2024-02-17,
7290,229,28,OUT,159,2023-03-10,19914
7291,179,22,IN,346,2023-11-28,
7292,339,25,OUT,284,2024-11-12,24629
7293,273,2,IN,31,2024-03-23,
7294,292,31,IN,339,2024-10-16,
7295,13,15,OUT,218,2024-05-13,23386
7296,21,4,IN,257,2024-07-14,
7297,244,1,IN,412,2024-03-25,
7298,228,16,IN,323,2024-06-03,
7299,288,26,OUT,294,2023-08-23,10717
7300,4,29,OUT,458,2023-09-13,12149
7301,301,12,OUT,76,2023-06-27,9375
7302,359,22,IN,435,2023-02-14,
7303,286,22,OUT,105,2024-11-27,13955
7304,221,30,IN,243,2023-01-24,
7305,322,16,OUT,80,2024-12-10,2867
7306,266,26,OUT,286,2024-04-27,28403
7307,336,35,OUT,56,2024-02-28,12558
7308,32,16,IN,443,2023-05-23,
7309,259,5,IN,61,2024-03-23,
7310,32,5,IN,332,2023-11-09,
7311,61,5,OUT,47,2023-06-30,23589
7312,107,2,IN,258,2024-08-26,
7313,330,20,IN,416,2023-11-02,
7314,244,32,OUT,347,2023-08-07,28452
7315,99,11,IN,416,2023-10-01,
7316,165,19,IN,104,2024-12-11,
7317,31,35,IN,59,2023-10-20,
7318,199,25,OUT,496,2024-09-03,12257
7319,38,19,IN,480,2023-10-30,
7320,41,5,IN,338,2024-06-11,
7321,14,27,OUT,494,2023-04-06,25959
7322,107,2,OUT,180,2024-05-23,13219
7323,313,1,IN,239,2024-11-29,
7324,13,7,IN,189,2024-11-12,
7325,250,15,OUT,442,2024-03-07,17453
7326,319,5,OUT,212,2024-01-29,26611
7327,143,33,OUT,146,2024-03-21,17003
7328,94,34,OUT,146,2024-12-12,3915
7329,128,12,OUT,484,2023-09-10,10284
7330,315,35,OUT,267,2023-12-27,2560
7331,119,18,OUT,83,2023-02-25,19642
7332,70,23,IN,445,2023-11-14,
7333,147,23,OUT,406,2024-04-11,1474
7334,336,14,OUT,316,2024-01-10,12303
7335,168,15,IN,171,2023-11-01,
7336,101,16,IN,432,2023-01-17,
7337,192,18,IN,7,2024-02-08,
7338,141,13,IN,76,2024-05-21,
7339,298,30,IN,243,2023-11-13,
7340,215,31,IN,36,2023-03-24,
7341,169,12,OUT,163,2024-10-01,29606
7342,210,32,OUT,74,2024-12-25,13665
7343,292,1,IN,297,2023-09-21,
7344,161,4,IN,377,2023-12-01,
7345,8888,888,OUT,0,2024-09-06,888888
7346,245,29,OUT,209,2023-06-06,27335
7347,325,34,OUT,26,2024-07-11,17522
7348,257,13,OUT,246,2024-06-16,12470
7349,214,21,IN,341,2023-08-26,
7350,147,19,OUT,78,2023-05-30,6435
7351,151,21,OUT,43,2024-12-01,25541
7352,337,3,OUT,381,2024-04-27,23254
7353,246,23,OUT,337,2024-06-24,27510
7354,169,20,IN,260,2023-09-13,
7355,30,16,OUT,44,2024-07-30,16429
7356,59,32,IN,186,2024-06-26,
7357,245,28,OUT,368,2023-06-23,11466
7358,341,11,IN,450,2023-09-20,
7359,160,6,IN,325,2024-07-11,
7360,267,35,IN,68,2023-05-17,
7361,227,25,OUT,294,2023-12-23,4587
7362,107,6,IN,257,2024-12-25,
7363,48,33,OUT,5,2023-10-27,21423
7364,82,28,IN,331,2024-08-23,
7365,164,16,OUT,69,2024-06-13,13658
7366,41,18,IN,237,2023-08-13,
7367,281,7,OUT,327,2024-12-26,20498
7368,280,35,IN,153,2023-10-25,
7369,7,30,OUT,179,2024-10-18,10716
7370,60,8,IN,225,2024-04-10,
7371,269,4,IN,79,2024-10-07,
7372,295,5,IN,132,2023-07-18,
7373,357,11,IN,21,2023-12-30,
7374,253,12,IN,323,2023-08-24,
7375,273,34,IN,264,2024-02-21,
7376,286,29,IN,139,2024-09-11,
7377,130,22,OUT,473,2023-05-21,4337
7378,312,29,OUT,201,2024-02-12,27435
7379,119,9,IN,289,2024-12-05,
7380,138,6,OUT,289,2023-01-14,22118
7381,8888,888,OUT,0,2023-07-03,888888
7382,117,32,OUT,481,2024-05-11,15913
7383,42,14,OUT,153,2024-06-20,5132
7384,130,19,IN,267,2023-10-24,
7385,242,15,IN,58,2023-05-06,
7386,285,31,IN,121,2024-03-05,
7387,257,22,OUT,216,2023-12-17,8583
7388,307,22,OUT,314,2024-07-26,23534
7389,146,4,OUT,62,2024-05-10,7952
7390,272,2,OUT,322,2024-03-30,29463
7391,15,19,OUT,352,2023-09-16,13314
7392,357,24,OUT,128,2024-11-15,18009
7393,102,6,OUT,375,2023-05-23,7721
7394,309,24,OUT,309,2023-10-12,24628
7395,25,8,OUT,378,2023-09-25,15501
7396,262,26,IN,86,2024-11-01,
7397,126,6,OUT,474,2023-02-11,22489
7398,290,6,IN,233,2024-03-14,
7399,278,21,OUT,176,2024-07-13,26108
7400,32,5,OUT,15,2024-09-07,10438
7401,192,5,IN,450,2023-02-28,
7402,147,14,IN,453,2023-05-18,
7403,213,33,OUT,8,2023-08-24,8228
7404,333,12,IN,201,2023-01-09,
7405,159,19,OUT,151,2024-04-03,25043
7406,151,33,OUT,364,2024-08-06,13722
7407,354,15,IN,394,2024-04-15,
7408,252,10,OUT,358,2023-02-22,15870
7409,331,12,IN,60,2023-03-22,
7410,64,17,OUT,353,2024-04-25,24419
7411,114,21,IN,44,2024-06-25,
7412,357,26,IN,244,2023-07-11,
7413,121,29,IN,369,2024-08-17,
7414,57,30,OUT,464,2024-04-08,4952
7415,93,10,IN,189,2023-12-26,
7416,135,20,OUT,386,2024-07-02,10586
7417,26,28,IN,171,2023-02-18,
7418,38,33,IN,244,2023-01-18,
7419,163,3,OUT,1,2024-05-31,12868
7420,243,20,IN,0,2023-12-20,
7421,283,32,IN,203,2023-12-24,
7422,42,32,OUT,425,2024-08-22,19407
7423,101,27,IN,97,2024-08-04,
7424,70,29,OUT,472,2023-07-31,12228
7425,39,32,IN,188,2023-12-12,
7426,103,16,OUT,336,2023-12-07,15870
7427,208,10,IN,47,2023-08-20,
7428,81,27,OUT,17,2023-03-08,22614
7429,86,15,IN,37,2023-10-10,
7430,291,7,IN,398,2024-12-07,
7431,122,25,IN,154,2023-01-05,
7432,106,5,OUT,94,2023-06-05,19612
7433,40,16,IN,56,2024-08-10,
7434,21,4,OUT,312,2024-12-19,27985
7435,31,5,IN,368,2024-01-21,
7436,35,12,OUT,288,2023-07-27,1823
7437,294,20,IN,408,2024-09-02,
7438,36,29,OUT,250,2024-10-31,3441
7439,220,25,OUT,205,2023-04-24,29583
7440,108,3,OUT,119,2024-05-16,22409
7441,24,9,OUT,95,2023-07-19,18131
7442,8,30,IN,347,2023-05-29,
7443,146,29,OUT,142,2023-05-23,28539
7444,45,9,IN,18,2023-04-16,
7445,246,10,OUT,192,2024-05-18,25527
7446,59,30,IN,302,2023-03-05,
7447,268,2,OUT,496,2023-09-11,14785
7448,149,1,IN,250,2023-07-25,
7449,181,5,OUT,396,2024-02-27,7598
7450,289,32,OUT,42,2024-11-21,10205
7451,8,29,OUT,274,2024-04-23,65
7452,349,12,OUT,146,2023-05-06,20915
7453,124,11,OUT,153,2023-03-29,13659
7454,55,3,OUT,277,2024-04-16,22479
7455,239,34,IN,125,2024-03-15,
7456,214,32,IN,430,2024-03-21,
7457,296,10,OUT,275,2024-11-23,5183
7458,272,17,IN,495,2023-09-29,
7459,304,8,OUT,425,2024-07-02,19359
7460,316,17,OUT,20,2023-04-22,26923
7461,266,35,OUT,372,2023-08-02,10676
7462,106,18,OUT,165,2023-05-01,18580
7463,169,7,OUT,80,2024-10-01,20515
7464,332,21,IN,399,2024-11-13,
7465,291,23,OUT,46,2023-03-30,25022
7466,80,2,OUT,294,2023-10-22,21831
7467,243,8,IN,55,2023-03-03,
7468,181,22,IN,477,2024-09-03,
7469,191,10,OUT,412,2024-02-10,12563
7470,304,2,OUT,166,2024-06-03,16599
7471,277,5,IN,467,2024-07-18,
7472,51,18,IN,386,2023-09-13,
7473,23,18,IN,482,2024-04-19,
7474,58,17,OUT,376,2023-07-17,1619
7475,40,15,OUT,455,2023-01-30,20179
7476,319,26,IN,5,2023-09-10,
7477,299,18,IN,326,2023-09-17,
7478,57,27,OUT,94,2023-05-14,2030
7479,154,5,OUT,72,2023-04-22,3348
7480,244,34,OUT,442,2023-09-06,6642
7481,339,35,OUT,278,2024-06-17,13219
7482,356,21,OUT,91,2024-01-13,27298
7483,208,24,OUT,492,2024-10-16,7907
7484,309,2,IN,500,2024-05-04,
7485,64,1,OUT,78,2024-02-27,4317
7486,231,18,IN,436,2023-01-12,
7487,165,11,IN,328,2024-11-28,
7488,341,27,IN,450,2024-08-04,
7489,147,9,IN,61,2024-09-25,
7490,200,14,OUT,245,2024-03-06,12932
7491,287,34,IN,12,2024-04-21,
7492,1,21,OUT,319,2024-05-19,8632
7493,128,14,IN,134,2023-11-14,
7494,178,2,IN,316,2023-09-26,
7495,298,15,OUT,297,2023-03-09,29531
7496,74,27,OUT,259,2024-10-01,21258
7497,146,16,OUT,77,2024-11-20,1838
7498,228,3,IN,215,2024-02-14,
7499,285,33,OUT,19,2024-07-26,14484
7500,67,3,IN,230,2024-10-11,
7501,101,19,IN,18,2023-09-03,
7502,270,16,OUT,348,2023-12-19,20896
7503,180,27,IN,180,2023-07-29,
7504,350,4,IN,382,2024-03-30,
7505,129,25,IN,56,2024-05-14,
7506,335,24,OUT,232,2024-02-18,24882
7507,250,7,OUT,325,2024-03-28,21891
7508,144,10,IN,372,2024-08-27,
7509,235,26,OUT,477,2024-06-09,8698
7510,271,16,OUT,370,2024-05-09,17553
7511,324,5,OUT,225,2023-03-29,1119
7512,204,22,OUT,204,2023-06-20,27121
7513,314,33,OUT,26,2023-02-09,732
7514,78,33,OUT,203,2023-10-08,27316
7515,184,20,OUT,27,2024-09-24,11936
7516,23,26,OUT,223,2024-02-08,22235
7517,209,27,IN,77,2024-02-10,
7518,303,11,OUT,376,2024-03-11,4109
7519,340,14,IN,365,2024-05-24,
7520,81,30,OUT,160,2023-03-15,538
7521,138,31,OUT,69,2023-04-17,26485
7522,63,32,IN,238,2023-08-13,
7523,78,14,IN,36,2023-08-28,
7524,301,12,IN,96,2023-04-25,
7525,85,35,IN,402,2023-04-15,
7526,358,30,OUT,51,2024-05-05,25109
7527,215,29,OUT,404,2024-11-01,27866
7528,7,10,OUT,356,2024-09-20,15565
7529,104,13,IN,297,2024-05-21,
7530,113,26,OUT,0,2023-06-14,29524
7531,167,2,IN,294,2023-03-26,
7532,348,27,IN,241,2023-08-31,
7533,123,35,IN,229,2024-05-30,
7534,33,29,OUT,463,2024-07-17,26193
7535,109,6,IN,188,2024-11-12,
7536,60,29,IN,112,2024-11-24,
7537,8888,888,OUT,0,2023-04-16,888888
7538,321,3,IN,408,2024-10-11,
7539,318,31,IN,447,2024-01-14,
7540,235,14,IN,49,2024-10-01,
7541,310,6,OUT,378,2024-11-07,4994
7542,32,27,IN,244,2023-06-20,
7543,232,18,IN,180,2024-05-27,
7544,145,26,IN,126,2024-08-21,
7545,18,16,IN,368,2023-08-18,
7546,31,6,IN,408,2023-06-29,
7547,63,22,IN,102,2024-09-11,
7548,53,20,IN,446,2023-08-01,
7549,176,22,OUT,281,2023-06-06,26833
7550,77,17,OUT,276,2023-09-15,12279
7551,285,5,IN,322,2023-07-31,
7552,117,8,OUT,296,2024-10-08,27557
7553,82,18,IN,401,2024-03-10,
7554,155,25,OUT,421,2024-05-18,11783
7555,190,35,IN,37,2023-04-03,
7556,286,3,OUT,217,2023-11-27,25563
7557,20,13,OUT,381,2024-03-15,20449
7558,288,3,OUT,259,2024-07-13,10694
7559,87,23,IN,267,2024-02-28,
7560,175,7,IN,336,2023-01-26,
7561,336,26,OUT,465,2023-02-19,21329
7562,26,9,IN,341,2023-04-07,
7563,174,35,IN,294,2023-11-12,
7564,75,6,OUT,281,2023-11-01,27049
7565,29,23,IN,357,2023-05-27,
7566,78,18,OUT,210,2023-03-18,27668
7567,7,13,OUT,167,2024-04-04,110
7568,89,21,IN,21,2023-11-04,
7569,345,15,IN,178,2023-07-10,
7570,234,27,IN,395,2023-01-16,
7571,158,17,IN,19,2024-09-22,
7572,51,26,OUT,221,2024-11-20,25783
7573,228,10,IN,331,2023-04-05,
7574,355,21,OUT,249,2023-10-24,5605
7575,276,21,OUT,412,2023-02-16,16780
7576,235,33,IN,0,2023-04-13,
7577,33,19,IN,41,2024-11-05,
7578,142,33,OUT,131,2024-09-07,8620
7579,154,9,OUT,94,2023-03-13,7967
7580,355,12,IN,377,2024-11-11,
7581,81,28,IN,162,2023-11-11,
7582,264,12,IN,330,2023-02-02,
7583,225,32,IN,190,2023-08-26,
7584,288,32,OUT,57,2024-03-03,7805
7585,236,18,IN,148,2023-07-31,
7586,194,4,IN,7,2024-07-04,
7587,8888,888,IN,0,2023-06-01,
7588,60,12,OUT,62,2023-08-17,11690
7589,16,32,OUT,71,2024-05-18,12204
7590,254,12,IN,80,2024-01-27,
7591,24,24,OUT,29,2024-08-23,26355
7592,350,33,OUT,164,2024-09-19,26587
7593,177,29,OUT,307,2024-05-19,11170
7594,26,7,OUT,448,2023-05-13,25437
7595,214,20,IN,286,2023-07-09,
7596,86,7,IN,260,2024-04-09,
7597,243,21,OUT,200,2023-03-31,19740
7598,128,14,IN,76,2024-06-04,
7599,111,17,OUT,149,2024-09-30,27981
7600,252,31,IN,228,2023-09-14,
7601,108,33,IN,32,2024-11-24,
7602,40,33,OUT,42,2023-07-21,28935
7603,295,19,OUT,118,2024-12-24,22761
7604,289,29,IN,177,2023-12-15,
7605,119,28,IN,2,2024-04-14,
7606,254,31,OUT,442,2023-09-04,7430
7607,164,23,OUT,225,2023-04-03,7946
7608,255,28,OUT,17,2024-06-16,12451
7609,51,19,IN,311,2024-06-09,
7610,357,30,IN,267,2024-12-29,
7611,95,1,IN,55,2023-07-21,
7612,109,33,IN,263,2023-07-24,
7613,218,6,OUT,300,2023-08-11,29400
7614,144,30,OUT,348,2023-05-17,19606
7615,243,23,IN,110,2024-07-17,
7616,215,7,OUT,358,2023-06-26,9846
7617,349,2,OUT,412,2024-07-20,18126
7618,289,1,IN,448,2024-11-06,
7619,349,26,OUT,305,2024-11-14,5000
7620,297,9,IN,231,2024-09-28,
7621,344,20,IN,292,2023-07-17,
7622,54,14,IN,241,2024-01-24,
7623,352,24,IN,224,2024-02-09,
7624,286,11,OUT,98,2024-09-20,2322
7625,74,13,IN,411,2024-12-03,
7626,209,30,OUT,26,2023-03-12,25452
7627,240,2,OUT,182,2024-12-30,24236
7628,245,16,OUT,17,2023-05-01,15701
7629,263,7,OUT,262,2024-11-08,192
7630,51,26,IN,12,2023-09-28,
7631,65,20,IN,291,2024-12-04,
7632,155,11,IN,141,2024-09-06,
7633,76,4,OUT,188,2023-01-23,15025
7634,245,24,IN,11,2024-02-26,
7635,31,33,OUT,141,2024-01-03,19615
7636,38,35,IN,239,2024-08-22,
7637,304,18,IN,223,2023-01-27,
7638,8888,888,IN,0,2023-12-14,
7639,8888,888,OUT,0,2023-01-17,888888
7640,63,23,OUT,302,2024-10-22,7266
7641,10,8,IN,14,2023-02-05,
7642,294,34,OUT,74,2024-08-04,11277
7643,112,26,IN,450,2023-08-11,
7644,268,32,OUT,75,2023-03-11,10620
7645,18,32,OUT,225,2024-09-12,640
7646,358,8,OUT,146,2024-06-26,19344
7647,76,32,OUT,327,2024-07-03,12723
7648,113,9,IN,343,2023-01-07,
7649,321,31,IN,220,2024-08-03,
7650,166,24,OUT,25,2023-03-22,18238
7651,16,21,OUT,494,2024-11-28,1323
7652,350,17,IN,258,2023-11-12,
7653,57,32,IN,136,2023-11-19,
7654,353,2,IN,290,2023-10-16,
7655,98,18,OUT,230,2023-10-23,3368
7656,87,4,OUT,443,2024-09-28,21641
7657,349,26,IN,188,2023-10-10,
7658,337,21,IN,454,2024-08-07,
7659,241,31,OUT,358,2024-06-18,23290
7660,356,11,OUT,344,2023-03-22,11311
7661,171,6,OUT,1,2024-11-06,16079
7662,97,29,OUT,409,2023-05-26,20960
7663,303,14,IN,261,2024-10-22,
7664,154,30,OUT,350,2024-06-21,26514
7665,265,18,IN,149,2023-01-30,
7666,87,6,IN,253,2024-09-20,
7667,314,20,IN,233,2023-11-20,
7668,29,26,IN,245,2024-03-02,
7669,274,13,OUT,120,2024-04-05,27921
7670,115,7,IN,223,2024-01-20,
7671,7,32,OUT,339,2023-11-16,18731
7672,197,20,IN,110,2023-03-28,
7673,3,30,OUT,353,2023-11-21,19266
7674,119,25,IN,223,2023-12-02,
7675,244,29,OUT,247,2024-09-28,7481
7676,289,18,OUT,479,2023-06-23,447
7677,14,16,OUT,42,2024-12-19,29180
7678,4,6,OUT,113,2023-07-31,15488
7679,65,27,IN,196,2024-09-07,
7680,289,33,OUT,359,2023-01-11,13892
7681,231,12,IN,310,2023-03-05,
7682,149,32,OUT,131,2024-09-08,29121
7683,108,5,OUT,54,2023-07-04,3509
7684,59,3,IN,272,2024-04-04,
7685,339,2,IN,17,2023-08-22,
7686,43,32,OUT,109,2023-04-09,21978
7687,244,28,OUT,320,2024-11-19,18733
7688,251,1,IN,328,2023-12-16,
7689,22,12,IN,28,2023-07-18,
7690,153,20,IN,39,2023-09-20,
7691,123,31,OUT,120,2024-08-03,2172
7692,43,28,OUT,105,2024-10-14,18394
7693,14,35,OUT,295,2024-02-13,9473
7694,259,35,IN,9,2023-10-26,
7695,299,14,OUT,139,2024-05-29,18458
7696,351,10,IN,366,2023-08-04,
7697,63,16,OUT,292,2024-05-08,16697
7698,24,2,OUT,22,2024-04-05,26749
7699,106,22,OUT,40,2023-04-05,4324
7700,137,14,OUT,400,2023-09-21,19071
7701,18,21,IN,161,2024-08-05,
7702,348,12,IN,326,2024-11-07,
7703,21,3,OUT,372,2024-09-22,25087
7704,303,9,OUT,346,2024-06-27,14772
7705,115,19,OUT,0,2024-06-27,6158
7706,142,23,IN,469,2024-06-15,
7707,225,3,IN,346,2024-08-01,
7708,260,2,OUT,444,2024-12-19,20111
7709,45,14,OUT,227,2023-10-11,28722
7710,155,11,OUT,416,2024-07-30,24679
7711,191,1,OUT,50,2024-07-08,21880
7712,207,15,IN,245,2023-07-26,
7713,274,13,OUT,219,2024-01-14,15852
7714,8888,888,OUT,0,2024-06-21,888888
7715,306,22,IN,397,2024-02-23,
7716,358,33,IN,74,2024-08-01,
7717,267,22,OUT,139,2023-05-10,25326
7718,327,29,OUT,390,2023-07-11,22485
7719,329,21,IN,337,2024-04-01,
7720,15,4,IN,121,2024-09-04,
7721,327,31,OUT,124,2023-06-07,10338
7722,78,22,OUT,139,2023-05-19,25505
7723,168,13,OUT,98,2023-08-26,10624
7724,163,27,OUT,297,2023-08-18,29004
7725,229,30,IN,487,2023-06-26,
7726,224,18,IN,41,2024-04-21,
7727,136,5,OUT,17,2024-02-14,10819
7728,108,35,IN,485,2024-07-08,
7729,66,21,OUT,237,2024-06-10,18031
7730,128,21,IN,24,2024-05-11,
7731,242,21,IN,159,2023-01-16,
7732,187,1,OUT,438,2023-03-20,18781
7733,308,15,IN,133,2024-02-02,
7734,341,27,OUT,0,2024-07-04,9437
7735,67,11,IN,475,2024-06-02,
7736,175,28,IN,197,2023-09-06,
7737,229,6,IN,101,2024-12-13,
7738,70,31,OUT,479,2024-01-17,859
7739,103,5,IN,454,2024-12-18,
7740,76,6,OUT,163,2023-11-18,14735
7741,45,6,IN,313,2024-12-15,
7742,237,24,IN,271,2024-12-16,
7743,143,34,OUT,183,2023-01-07,19922
7744,160,6,IN,131,2024-08-26,
7745,21,26,OUT,264,2024-06-23,2041
7746,55,12,IN,311,2023-06-16,
7747,213,26,OUT,273,2024-01-01,16620
7748,188,17,OUT,359,2024-02-23,23316
7749,292,34,OUT,100,2024-06-20,8725
7750,267,26,IN,312,2023-03-23,
7751,283,29,IN,432,2024-11-16,
7752,63,17,IN,383,2023-09-14,
7753,321,8,IN,432,2024-12-08,
7754,96,26,OUT,21,2023-05-10,13969
7755,251,10,IN,345,2023-12-25,
7756,106,19,IN,243,2023-11-22,
7757,139,15,OUT,468,2024-11-09,4289
7758,33,15,OUT,361,2023-08-07,8821
7759,173,9,IN,128,2024-07-29,
7760,146,33,IN,62,2023-10-10,
7761,357,1,OUT,314,2024-12-10,12621
7762,255,17,OUT,27,2024-02-22,5474
7763,58,29,OUT,463,2023-04-21,29233
7764,304,3,OUT,490,2024-07-23,23724
7765,216,17,IN,213,2024-01-22,
7766,179,27,OUT,77,2023-05-24,15197
7767,255,11,IN,246,2024-08-18,
7768,318,9,OUT,387,2023-03-15,7890
7769,125,10,IN,103,2024-02-16,
7770,22,30,IN,383,2024-02-27,
7771,65,29,IN,211,2024-05-20,
7772,346,27,OUT,65,2024-09-16,25001
7773,308,6,OUT,252,2024-01-12,4789
7774,8888,888,IN,0,2024-12-20,
7775,41,20,OUT,487,2024-05-25,18276
7776,199,6,OUT,60,2023-03-28,23077
7777,240,22,IN,441,2024-12-04,
7778,283,19,IN,218,2024-06-20,
7779,330,1,IN,278,2024-07-29,
7780,61,13,IN,126,2024-09-06,
7781,30,5,IN,193,2023-04-08,
7782,257,2,OUT,334,2024-02-07,15504
7783,321,33,IN,4,2024-03-10,
7784,43,24,OUT,382,2023-08-02,16225
7785,270,35,IN,367,2023-11-03,
7786,8888,888,IN,0,2024-07-29,
7787,52,30,OUT,112,2023-11-06,3949
7788,266,14,OUT,128,2023-04-28,1695
7789,291,34,IN,423,2024-12-11,
7790,155,29,IN,176,2024-03-03,
7791,260,23,IN,261,2024-10-01,
7792,249,23,OUT,87,2024-12-26,18626
7793,56,25,OUT,282,2024-05-03,23692
7794,69,23,OUT,88,2024-12-30,19857
7795,324,10,OUT,334,2023-04-17,7867
7796,103,12,OUT,117,2023-02-27,5506
7797,58,27,OUT,204,2023-08-23,21770
7798,27,5,IN,215,2024-01-26,
7799,12,11,OUT,393,2024-08-21,1776
7800,199,3,OUT,396,2023-03-04,8713
7801,280,7,OUT,329,2023-07-27,29713
7802,110,18,IN,208,2023-05-11,
7803,240,30,IN,32,2024-03-31,
7804,306,32,OUT,456,2023-06-15,17452
7805,275,11,IN,345,2024-05-30,
7806,118,28,IN,0,2024-02-25,
7807,180,4,OUT,337,2023-06-07,9715
7808,81,2,OUT,403,2023-10-19,1214
7809,34,1,IN,2,2023-01-11,
7810,8,30,IN,415,2023-12-27,
7811,265,16,IN,30,2023-01-14,
7812,36,34,OUT,47,2023-06-26,1561
7813,148,31,IN,309,2024-06-11,
7814,6,2,OUT,125,2023-02-22,23373
7815,195,16,IN,252,2024-10-21,
7816,238,10,IN,439,2024-07-06,
7817,208,24,IN,0,2023-12-05,
7818,145,30,OUT,20,2024-10-06,21109
7819,142,32,IN,223,2023-10-13,
7820,175,10,OUT,340,2024-08-03,20060
7821,326,25,IN,306,2024-05-18,
7822,303,13,OUT,0,2024-10-23,18917
7823,221,23,OUT,335,2023-02-09,23178
7824,93,35,OUT,382,2024-09-27,3676
7825,232,14,OUT,443,2023-06-27,25615
7826,360,5,OUT,473,2023-04-21,9347
7827,324,9,OUT,292,2024-02-06,5350
7828,252,22,OUT,30,2023-01-26,8586
7829,249,34,IN,199,2024-08-07,
7830,358,7,OUT,171,2023-09-14,26721
7831,221,22,IN,263,2023-07-23,
7832,79,4,OUT,215,2023-12-06,5367
7833,300,16,OUT,290,2023-08-24,10652
7834,267,9,IN,221,2023-06-20,
7835,40,33,IN,262,2023-04-19,
7836,40,5,IN,342,2024-02-15,
7837,339,16,OUT,177,2023-07-18,28498
7838,81,20,OUT,434,2024-03-23,20645
7839,216,10,IN,369,2023-09-24,
7840,215,11,IN,356,2023-04-19,
7841,39,26,OUT,368,2023-03-18,14737
7842,350,5,IN,55,2024-12-17,
7843,289,26,IN,163,2023-08-15,
7844,65,4,IN,241,2024-03-10,
7845,79,10,OUT,277,2023-09-02,12397
7846,149,19,OUT,294,2023-05-19,24444
7847,160,35,IN,274,2023-04-21,
7848,242,22,IN,304,2024-12-20,
7849,8888,888,IN,0,2024-05-11,
7850,247,9,IN,0,2023-05-25,
7851,272,11,IN,138,2024-09-07,
7852,114,14,OUT,88,2023-07-25,19099
7853,337,33,IN,0,2023-02-19,
7854,190,28,IN,216,2024-10-11,
7855,202,28,OUT,301,2023-03-03,18672
7856,195,31,OUT,390,2023-12-21,24037
7857,345,30,IN,98,2023-03-12,
7858,299,21,IN,408,2024-04-30,
7859,21,12,OUT,240,2024-03-20,22378
7860,301,34,IN,427,2023-08-16,
7861,149,17,IN,430,2023-06-30,
7862,288,8,OUT,292,2024-12-08,25497
7863,348,19,OUT,224,2024-02-23,24556
7864,8888,888,IN,0,2023-11-10,
7865,262,3,OUT,498,2024-05-12,16267
7866,58,22,IN,262,2024-08-18,
7867,257,6,IN,85,2023-09-14,
7868,288,24,OUT,76,2024-09-12,6882
7869,105,21,IN,206,2024-09-25,
7870,8888,888,IN,0,2024-07-18,
7871,238,23,IN,14,2024-11-27,
7872,54,12,IN,398,2024-04-28,
7873,144,1,IN,262,2024-10-26,
7874,132,2,OUT,315,2024-10-02,26660
7875,73,8,IN,401,2024-08-28,
7876,253,6,OUT,336,2023-06-22,9854
7877,143,20,OUT,106,2024-03-03,103
7878,55,32,OUT,401,2023-12-14,29163
7879,306,5,OUT,288,2023-11-13,10460
7880,154,13,OUT,152,2024-03-20,28006
7881,59,21,OUT,447,2024-10-05,17087
7882,248,30,OUT,368,2024-02-03,22874
7883,108,22,IN,273,2024-02-14,
7884,72,4,OUT,197,2023-03-10,1261
7885,304,19,OUT,0,2024-08-22,13416
7886,208,34,OUT,360,2024-12-05,10015
7887,8888,888,IN,0,2024-07-19,
7888,354,2,OUT,279,2024-05-18,27513
7889,99,11,IN,324,2024-12-19,
7890,187,32,IN,95,2024-06-02,
7891,177,3,IN,338,2024-06-20,
7892,41,2,OUT,115,2024-09-16,26355
7893,167,18,OUT,113,2023-04-07,29079
7894,81,7,IN,344,2023-11-22,
7895,86,13,OUT,6,2023-08-21,25863
7896,218,33,IN,138,2023-12-31,
7897,305,10,IN,329,2024-06-04,
7898,175,3,IN,3,2024-04-14,
7899,209,22,IN,337,2024-09-29,
7900,135,7,IN,492,2024-06-16,
7901,332,27,OUT,407,2024-09-15,24142
7902,188,5,OUT,474,2024-12-07,19982
7903,76,14,IN,460,2024-07-07,
7904,13,16,IN,149,2024-04-29,
7905,28,35,IN,35,2024-09-26,
7906,144,4,OUT,312,2023-01-11,24116
7907,196,5,OUT,217,2023-12-08,3114
7908,20,32,IN,22,2024-08-07,
7909,38,20,OUT,292,2023-09-04,20250
7910,126,20,OUT,359,2024-05-02,26320
7911,250,14,OUT,301,2023-09-19,18334
7912,125,8,OUT,105,2023-04-10,27366
7913,347,29,IN,421,2024-06-30,
7914,268,2,IN,80,2023-10-08,
7915,68,6,OUT,430,2023-06-20,18450
7916,15,4,OUT,395,2023-09-16,18469
7917,72,5,IN,327,2023-01-14,
7918,80,22,IN,450,2023-07-20,
7919,3,27,OUT,244,2023-08-13,1804
7920,273,24,OUT,4,2023-12-29,16573
7921,356,33,IN,163,2023-02-24,
7922,97,9,OUT,201,2024-06-04,21737
7923,23,17,OUT,260,2024-08-29,25003
7924,45,25,IN,68,2024-08-24,
7925,14,7,IN,372,2023-08-10,
7926,301,15,IN,410,2024-12-20,
7927,24,33,IN,457,2023-05-17,
7928,25,11,OUT,480,2024-11-23,4729
7929,49,5,OUT,469,2023-08-10,21870
7930,191,23,OUT,223,2024-07-28,15880
7931,350,22,OUT,196,2023-09-27,21439
7932,208,12,IN,347,2024-11-03,
7933,236,29,OUT,40,2024-10-23,22888
7934,39,24,OUT,491,2024-10-21,12771
7935,118,5,OUT,7,2024-09-20,6292
7936,172,4,OUT,361,2024-04-07,20266
7937,279,10,IN,417,2024-04-12,
7938,75,5,IN,223,2023-01-20,
7939,110,23,IN,488,2024-10-10,
7940,69,2,IN,377,2023-08-09,
7941,331,23,IN,173,2023-01-28,
7942,239,14,IN,128,2023-06-22,
7943,125,4,IN,373,2024-10-31,
7944,343,4,OUT,293,2023-09-30,4305
7945,162,32,IN,39,2023-06-23,
7946,94,26,IN,325,2023-09-25,
7947,173,10,OUT,177,2024-07-10,15414
7948,290,15,IN,223,2024-09-09,
7949,8,34,IN,498,2023-06-03,
7950,238,18,IN,217,2023-03-01,
7951,194,18,OUT,398,2024-01-04,27063
7952,54,12,IN,6,2023-02-09,
7953,199,23,OUT,270,2024-06-30,27690
7954,321,19,OUT,252,2023-12-30,26619
7955,307,34,OUT,318,2024-04-22,25134
7956,292,18,OUT,342,2024-07-11,6571
7957,246,34,OUT,95,2024-03-18,13616
7958,240,20,OUT,175,2023-03-31,6796
7959,65,31,OUT,459,2024-01-11,486
7960,135,20,IN,173,2023-11-15,
7961,175,4,OUT,297,2023-04-10,2206
7962,245,14,OUT,428,2024-09-11,9194
7963,349,10,IN,45,2023-11-16,
7964,307,4,IN,322,2023-01-17,
7965,192,26,IN,206,2024-11-25,
7966,277,26,OUT,36,2023-06-08,8975
7967,249,30,OUT,19,2024-09-15,19789
7968,137,28,IN,432,2024-03-18,
7969,161,17,OUT,117,2023-04-18,21287
7970,177,12,IN,407,2023-07-15,
7971,132,1,IN,138,2024-06-26,
7972,172,15,OUT,68,2023-03-07,11801
7973,42,32,IN,238,2024-09-18,
7974,185,32,OUT,52,2023-03-01,23127
7975,359,34,OUT,252,2024-07-03,15189
7976,41,23,OUT,209,2023-10-21,18083
7977,162,30,IN,81,2024-05-11,
7978,122,24,OUT,40,2023-10-17,11729
7979,201,24,IN,100,2023-09-30,
7980,14,35,OUT,39,2023-06-09,21933
7981,119,21,OUT,121,2023-03-24,47
7982,191,18,OUT,493,2024-11-29,3620
7983,124,14,IN,0,2023-05-15,
7984,88,9,IN,335,2024-07-31,
7985,96,10,IN,312,2023-03-01,
7986,87,13,IN,149,2024-04-18,
7987,208,4,IN,346,2024-08-16,
7988,62,4,OUT,56,2023-08-13,27441
7989,55,22,OUT,369,2023-12-03,26032
7990,5,35,IN,66,2023-04-08,
7991,295,12,OUT,160,2023-03-31,24141
7992,270,34,IN,241,2023-09-04,
7993,142,9,OUT,429,2024-08-09,29305
7994,43,12,OUT,86,2024-01-19,27523
7995,290,31,OUT,235,2023-05-09,14506
7996,19,10,OUT,86,2024-10-29,7111
7997,300,10,OUT,310,2023-05-17,26552
7998,160,13,IN,397,2023-12-05,
7999,113,24,OUT,474,2023-04-16,25184
8000,330,9,IN,237,2023-10-11,
8001,91,28,IN,71,2024-04-04,
8002,253,27,OUT,134,2023-10-12,22383
8003,284,16,OUT,434,2024-12-09,1194
8004,257,11,IN,118,2023-12-12,
8005,261,29,OUT,55,2024-10-17,19654
8006,72,17,IN,313,2023-09-01,
8007,98,10,IN,192,2024-12-08,
8008,287,24,IN,110,2023-04-27,
8009,215,29,IN,222,2024-01-05,
8010,306,12,OUT,147,2023-05-23,18508
8011,322,6,IN,115,2024-03-30,
8012,229,34,OUT,398,2024-05-29,22420
8013,281,27,IN,154,2024-09-18,
8014,237,19,IN,110,2024-01-12,
8015,3,28,OUT,332,2024-01-07,22963
8016,166,4,OUT,192,2024-02-01,19134
8017,267,3,IN,199,2023-04-15,
8018,143,14,OUT,0,2024-05-03,2806
8019,295,1,IN,226,2023-12-10,
8020,64,2,OUT,305,2023-06-20,10794
8021,69,16,OUT,420,2023-11-15,1152
8022,19,30,OUT,85,2024-07-24,23045
8023,70,32,IN,252,2023-08-20,
8024,289,2,IN,467,2023-03-18,
8025,76,5,IN,344,2024-03-03,
8026,60,32,OUT,499,2023-04-30,15728
8027,272,1,IN,379,2024-01-03,
8028,229,20,OUT,229,2023-10-27,1414
8029,215,31,IN,43,2023-04-27,
8030,70,26,OUT,319,2023-06-29,7663
8031,287,2,OUT,376,2023-10-16,15085
8032,312,14,OUT,425,2023-07-13,9368
8033,305,17,IN,225,2023-08-30,
8034,248,19,OUT,273,2024-08-27,23451
8035,322,24,IN,243,2023-02-09,
8036,264,11,OUT,216,2023-08-21,16966
8037,106,12,OUT,483,2024-05-31,20763
8038,117,19,IN,186,2024-08-19,
8039,308,2,OUT,483,2023-04-21,17806
8040,58,28,OUT,420,2024-05-21,5228
8041,40,28,OUT,437,2024-02-01,12557
8042,291,17,OUT,458,2023-11-15,19063
8043,154,2,OUT,98,2024-07-06,19896
8044,277,34,OUT,16,2023-06-03,5139
8045,30,11,IN,157,2023-12-26,
8046,63,29,OUT,439,2024-11-13,17818
8047,244,19,OUT,405,2023-01-07,8021
8048,247,19,IN,33,2024-07-08,
8049,95,25,OUT,437,2024-04-09,17993
8050,71,20,IN,16,2023-10-02,
8051,274,35,IN,306,2024-07-05,
8052,8888,888,OUT,0,2024-01-22,888888
8053,63,30,IN,270,2024-08-21,
8054,335,16,OUT,112,2023-07-28,26488
8055,132,3,OUT,237,2023-04-24,29031
8056,231,31,IN,354,2024-02-20,
8057,116,10,OUT,499,2024-12-03,27701
8058,356,4,OUT,247,2024-10-07,23611
8059,263,18,OUT,48,2024-12-03,14180
8060,302,33,IN,69,2024-03-21,
8061,37,11,OUT,478,2023-12-02,21382
8062,125,24,IN,427,2024-05-10,
8063,322,4,OUT,268,2024-11-22,16447
8064,145,34,OUT,358,2023-05-03,14732
8065,198,22,IN,99,2023-01-15,
8066,334,34,OUT,101,2023-07-24,14149
8067,61,10,OUT,2,2023-06-21,16365
8068,83,29,OUT,154,2024-01-05,3661
8069,49,20,OUT,117,2024-07-09,4025
8070,114,14,OUT,381,2023-01-08,13666
8071,198,7,OUT,272,2024-06-22,3817
8072,53,7,OUT,173,2024-11-26,19868
8073,350,34,OUT,339,2024-12-06,13294
8074,129,8,IN,397,2024-10-07,
8075,282,25,IN,158,2024-04-13,
8076,246,20,OUT,282,2024-12-28,27618
8077,24,29,OUT,100,2024-10-31,7093
8078,85,18,OUT,95,2023-12-06,11608
8079,137,28,IN,365,2024-10-02,
8080,88,5,IN,488,2023-11-11,
8081,148,29,OUT,457,2024-11-17,28090
8082,258,6,OUT,316,2024-07-30,1134
8083,36,9,OUT,440,2023-09-19,28722
8084,330,34,IN,432,2023-08-26,
8085,174,25,OUT,90,2023-02-14,7685
8086,276,10,OUT,436,2024-04-21,13406
8087,254,22,IN,202,2024-09-27,
8088,123,18,OUT,133,2024-05-09,1071
8089,313,2,IN,54,2024-01-11,
8090,84,17,IN,385,2023-11-02,
8091,19,27,OUT,232,2024-08-11,1709
8092,222,3,IN,471,2023-07-15,
8093,152,23,IN,302,2023-03-24,
8094,330,18,IN,271,2024-12-05,
8095,275,14,IN,13,2024-01-05,
8096,50,31,OUT,370,2023-11-20,6515
8097,301,31,IN,447,2024-03-11,
8098,255,28,IN,334,2024-03-08,
8099,87,23,OUT,197,2024-01-16,15965
8100,232,24,OUT,272,2023-08-04,17406
8101,344,24,OUT,65,2024-04-16,3514
8102,251,17,OUT,206,2024-06-29,6187
8103,328,14,OUT,205,2023-05-26,686
8104,124,16,IN,353,2023-08-16,
8105,4,10,OUT,418,2023-10-29,10890
8106,22,21,OUT,133,2023-10-20,2984
8107,71,17,OUT,124,2023-02-14,27304
8108,32,29,IN,187,2023-12-28,
8109,117,2,OUT,272,2023-11-27,13387
8110,135,23,OUT,79,2024-10-17,5099
8111,190,8,OUT,400,2023-05-06,1196
8112,115,19,IN,67,2024-01-16,
8113,172,23,IN,50,2024-11-26,
8114,176,5,IN,258,2024-08-01,
8115,14,21,OUT,91,2024-01-28,10603
8116,174,13,IN,170,2023-11-01,
8117,210,31,IN,59,2024-07-21,
8118,232,14,OUT,224,2023-09-20,21121
8119,48,9,IN,338,2023-12-11,
8120,335,33,OUT,298,2024-02-05,18251
8121,139,11,IN,304,2024-10-25,
8122,225,23,IN,407,2023-12-20,
8123,130,21,OUT,54,2024-06-13,18287
8124,229,2,OUT,299,2023-11-13,21892
8125,337,14,OUT,44,2024-01-30,1129
8126,57,7,OUT,294,2024-10-30,20750
8127,37,24,OUT,465,2023-05-14,8620
8128,357,5,IN,420,2023-03-19,
8129,208,31,IN,25,2023-10-16,
8130,17,28,IN,477,2024-09-04,
8131,334,3,IN,213,2024-12-20,
8132,186,12,IN,267,2024-06-30,
8133,239,14,OUT,240,2024-03-31,28806
8134,125,17,OUT,171,2023-07-14,2470
8135,179,10,OUT,178,2024-10-20,25782
8136,235,23,IN,462,2024-09-06,
8137,276,11,OUT,32,2024-05-02,25285
8138,132,28,IN,425,2024-07-02,
8139,145,25,OUT,291,2023-06-14,384
8140,187,32,OUT,0,2023-02-10,14887
8141,312,19,IN,227,2024-10-12,
8142,265,1,OUT,413,2023-07-07,11648
8143,215,21,OUT,275,2024-08-07,9979
8144,232,23,IN,258,2023-02-08,
8145,157,23,IN,188,2023-02-21,
8146,143,14,IN,307,2024-12-30,
8147,8888,888,IN,0,2024-04-13,
8148,6,6,OUT,388,2023-10-16,29240
8149,296,16,OUT,45,2024-12-08,23658
8150,188,18,IN,94,2023-05-21,
8151,68,16,OUT,391,2023-05-21,24538
8152,82,4,OUT,232,2023-01-16,10772
8153,273,20,IN,314,2024-10-17,
8154,24,12,IN,102,2024-11-10,
8155,301,17,IN,329,2024-09-10,
8156,202,6,OUT,241,2023-09-18,13922
8157,80,19,OUT,157,2023-05-02,4930
8158,46,15,OUT,236,2023-01-08,29527
8159,334,26,OUT,217,2024-06-16,14516
8160,237,2,IN,164,2023-06-26,
8161,319,3,OUT,279,2024-04-10,18886
8162,210,11,IN,374,2024-11-01,
8163,355,26,IN,36,2023-09-10,
8164,4,4,IN,416,2023-10-13,
8165,98,35,OUT,67,2024-04-06,22124
8166,322,6,OUT,314,2023-11-13,606
8167,219,7,OUT,467,2023-01-08,17418
8168,45,27,OUT,382,2024-05-30,21310
8169,115,26,OUT,199,2024-03-22,322
8170,300,9,IN,87,2024-03-08,
8171,13,26,OUT,422,2024-04-26,13482
8172,74,30,OUT,273,2024-05-26,26798
8173,12,34,OUT,461,2024-09-09,29483
8174,177,11,OUT,233,2023-03-21,26144
8175,262,35,IN,123,2024-08-22,
8176,41,32,OUT,458,2023-07-31,25458
8177,163,5,OUT,130,2023-07-24,24923
8178,215,10,IN,119,2023-06-21,
8179,341,22,OUT,355,2023-09-05,16702
8180,26,35,OUT,495,2024-06-11,29092
8181,328,21,OUT,246,2024-08-23,2525
8182,12,14,OUT,434,2024-03-24,4534
8183,180,28,OUT,417,2024-02-08,12839
8184,237,12,OUT,279,2024-08-07,17038
8185,292,34,IN,266,2023-01-26,
8186,303,10,OUT,295,2024-09-27,25257
8187,168,28,OUT,111,2023-04-12,13991
8188,28,34,OUT,128,2023-07-02,11042
8189,103,6,OUT,126,2023-02-18,1721
8190,116,15,OUT,387,2024-12-30,9740
8191,305,14,OUT,280,2024-08-14,22730
8192,344,32,IN,398,2024-11-09,
8193,15,21,OUT,172,2023-08-24,22282
8194,334,14,OUT,424,2023-11-14,29768
8195,48,33,OUT,91,2023-12-03,9521
8196,347,4,OUT,245,2024-04-16,21897
8197,25,22,OUT,474,2023-08-12,24517
8198,21,33,OUT,316,2023-09-24,11611
8199,191,22,OUT,70,2024-11-15,8890
8200,227,27,IN,62,2023-08-14,
8201,316,14,OUT,265,2024-06-20,14179
8202,181,28,OUT,86,2024-03-10,710
8203,175,35,IN,116,2024-07-05,
8204,35,25,IN,317,2023-07-04,
8205,3,20,IN,44,2023-09-03,
8206,172,6,IN,372,2023-11-22,
8207,87,33,OUT,244,2024-01-16,4839
8208,302,35,OUT,65,2024-02-25,22280
8209,8888,888,OUT,0,2023-12-18,888888
8210,278,16,OUT,361,2024-10-03,19362
8211,35,8,OUT,251,2023-07-11,27339
8212,194,1,OUT,252,2023-12-15,29028
8213,293,13,OUT,86,2023-08-13,11360
8214,259,11,OUT,66,2023-03-19,17942
8215,91,16,OUT,257,2024-10-17,23762
8216,279,8,OUT,407,2024-01-19,13437
8217,283,20,IN,150,2024-12-12,
8218,28,2,OUT,233,2024-02-10,19794
8219,278,2,OUT,199,2023-08-22,15264
8220,216,16,OUT,190,2023-10-11,13122
8221,142,17,IN,490,2024-01-19,
8222,240,7,OUT,190,2024-02-16,17617
8223,240,11,OUT,318,2023-01-02,7696
8224,226,5,OUT,451,2024-12-21,14507
8225,350,4,IN,141,2024-06-16,
8226,346,4,OUT,289,2024-01-08,3698
8227,274,21,IN,296,2024-05-19,
8228,67,29,OUT,466,2023-04-30,2145
8229,25,15,IN,129,2023-04-03,
8230,188,7,IN,348,2023-09-23,
8231,16,22,IN,369,2023-01-02,
8232,106,12,IN,424,2024-03-29,
8233,12,16,IN,453,2024-08-10,
8234,86,4,IN,52,2024-09-07,
8235,193,15,OUT,136,2023-04-08,11062
8236,123,10,OUT,275,2023-08-19,9056
8237,152,32,OUT,334,2024-04-04,23710
8238,211,9,OUT,475,2024-01-13,6746
8239,59,2,OUT,384,2024-09-14,16019
8240,207,30,OUT,111,2023-04-03,12788
8241,161,34,OUT,405,2023-01-21,19025
8242,355,15,IN,101,2023-01-09,
8243,106,19,OUT,213,2023-06-24,4661
8244,64,20,OUT,432,2023-01-29,22160
8245,208,14,OUT,68,2023-01-19,25877
8246,181,13,OUT,198,2024-03-09,333
8247,66,17,OUT,106,2023-01-20,28405
8248,131,7,OUT,328,2023-06-29,8368
8249,234,7,IN,486,2023-04-19,
8250,133,9,IN,80,2023-09-20,
8251,184,3,IN,335,2024-09-01,
8252,346,35,OUT,155,2023-01-29,28825
8253,313,18,OUT,3,2023-04-02,7729
8254,347,2,IN,205,2023-10-12,
8255,329,26,IN,227,2024-05-05,
8256,357,13,OUT,462,2024-12-05,17650
8257,175,1,IN,408,2024-04-05,
8258,118,26,IN,62,2024-07-09,
8259,220,7,OUT,197,2024-06-30,15078
8260,118,12,OUT,101,2024-10-23,4639
8261,174,20,OUT,299,2024-11-29,17762
8262,125,13,OUT,498,2023-06-20,456
8263,273,4,OUT,2,2024-12-30,14765
8264,212,35,IN,71,2024-10-05,
8265,184,22,IN,65,2024-10-09,
8266,292,23,OUT,463,2023-06-20,5093
8267,343,4,OUT,324,2024-09-25,16132
8268,289,6,OUT,412,2023-04-27,25426
8269,146,6,OUT,34,2024-02-29,11861
8270,2,24,OUT,305,2024-08-11,24062
8271,222,4,IN,497,2024-09-28,
8272,26,35,OUT,40,2024-08-29,9317
8273,211,7,IN,83,2023-02-12,
8274,179,10,OUT,428,2024-06-13,16741
8275,114,5,OUT,216,2023-04-01,9403
8276,305,34,OUT,329,2024-06-21,25666
8277,199,26,IN,162,2023-02-17,
8278,105,10,OUT,226,2024-09-24,21070
8279,120,26,OUT,136,2024-06-01,9118
8280,290,22,OUT,474,2023-03-09,12050
8281,12,27,OUT,422,2023-10-02,11094
8282,19,27,OUT,450,2024-11-04,31
8283,8888,888,OUT,0,2023-01-26,888888
8284,356,2,OUT,59,2023-11-28,19926
8285,352,14,OUT,58,2023-08-19,20780
8286,242,13,OUT,134,2024-01-19,27134
8287,308,4,OUT,40,2023-06-20,13344
8288,327,24,IN,456,2024-04-11,
8289,281,35,IN,326,2024-03-04,
8290,296,17,IN,338,2023-12-08,
8291,35,28,OUT,371,2024-02-15,852
8292,154,9,OUT,420,2024-07-24,7662
8293,57,17,IN,244,2024-10-26,
8294,39,4,OUT,273,2023-06-10,8515
8295,172,28,OUT,136,2023-02-18,28420
8296,83,5,OUT,95,2023-05-11,10856
8297,343,34,IN,410,2024-12-18,
8298,39,21,IN,416,2024-09-13,
8299,114,28,OUT,201,2023-06-21,26401
8300,81,25,OUT,450,2023-01-27,28018
8301,291,29,IN,24,2023-02-14,
8302,194,10,IN,234,2023-09-25,
8303,294,4,OUT,296,2023-05-12,2007
8304,3,25,OUT,171,2023-10-25,500
8305,345,28,IN,115,2024-04-20,
8306,357,11,OUT,99,2024-10-26,11519
8307,216,22,OUT,459,2024-12-06,5095
8308,27,24,IN,399,2024-01-15,
8309,332,20,OUT,462,2024-12-17,10379
8310,53,1,IN,6,2023-03-07,
8311,5,1,OUT,334,2023-03-05,14730
8312,188,15,OUT,343,2023-09-26,3325
8313,245,30,IN,132,2023-05-28,
8314,265,4,IN,385,2023-07-10,
8315,118,25,OUT,116,2023-09-25,24180
8316,191,9,IN,394,2024-10-10,
8317,298,15,OUT,44,2024-09-17,4757
8318,228,24,IN,0,2024-01-13,
8319,75,29,OUT,276,2024-09-18,20134
8320,117,4,OUT,438,2023-05-10,20086
8321,99,3,IN,402,2024-04-07,
8322,356,23,OUT,424,2023-08-07,24901
8323,57,1,IN,295,2023-11-29,
8324,15,6,IN,245,2024-11-19,
8325,29,25,IN,185,2023-12-08,
8326,19,23,OUT,303,2024-09-29,11580
8327,338,14,OUT,238,2024-08-08,7047
8328,41,30,IN,225,2023-12-05,
8329,356,34,IN,330,2023-03-15,
8330,102,35,IN,41,2023-05-14,
8331,96,12,OUT,389,2023-08-24,24170
8332,220,14,IN,77,2023-05-15,
8333,279,2,IN,440,2024-09-07,
8334,209,1,OUT,448,2024-09-29,19457
8335,235,30,OUT,218,2023-05-29,27971
8336,53,1,IN,141,2024-08-27,
8337,151,23,OUT,204,2023-09-09,13004
8338,350,12,IN,360,2023-06-27,
8339,133,27,OUT,303,2024-05-04,11486
8340,311,17,OUT,25,2024-08-07,10427
8341,209,9,IN,47,2023-04-17,
8342,289,3,IN,432,2023-04-10,
8343,98,34,IN,171,2024-06-24,
8344,185,28,OUT,48,2024-10-09,227
8345,235,11,OUT,409,2024-05-16,28128
8346,255,12,IN,171,2023-07-11,
8347,8888,888,IN,0,2023-01-01,
8348,278,31,OUT,59,2023-02-05,222
8349,181,32,OUT,186,2023-10-15,14737
8350,267,20,IN,13,2023-08-09,
8351,3,2,IN,173,2024-02-24,
8352,284,14,IN,189,2023-08-05,
8353,47,4,OUT,275,2024-01-28,13703
8354,122,6,OUT,341,2024-12-30,8673
8355,226,10,IN,473,2023-08-29,
8356,45,26,OUT,22,2023-12-16,4027
8357,288,34,OUT,283,2024-12-26,15867
8358,306,5,OUT,245,2024-04-26,16180
8359,12,4,OUT,269,2023-03-05,13191
8360,67,8,IN,488,2024-10-03,
8361,234,2,OUT,82,2024-07-08,1380
8362,93,2,IN,33,2024-03-15,
8363,212,22,OUT,132,2023-04-26,4731
8364,223,15,IN,451,2024-05-12,
8365,44,1,OUT,481,2023-12-28,24278
8366,210,7,IN,398,2024-04-18,
8367,76,1,OUT,210,2024-08-01,29668
8368,282,31,OUT,158,2024-11-18,4555
8369,11,35,OUT,378,2023-09-26,8494
8370,290,20,OUT,224,2024-09-12,11927
8371,8888,888,IN,0,2023-10-03,
8372,306,15,IN,222,2024-12-01,
8373,341,34,OUT,198,2023-08-23,20336
8374,182,4,OUT,23,2024-06-03,25715
8375,338,10,IN,148,2023-04-21,
8376,28,20,OUT,380,2024-07-18,5218
8377,238,10,IN,269,2024-04-26,
8378,260,5,OUT,0,2024-06-25,6434
8379,332,1,OUT,230,2024-12-24,10309
8380,157,32,OUT,48,2024-10-27,20931
8381,79,30,IN,94,2024-03-24,
8382,157,18,OUT,89,2023-02-16,27577
8383,166,7,IN,117,2024-12-07,
8384,184,29,OUT,476,2024-08-01,450
8385,351,11,IN,165,2023-10-14,
8386,283,19,IN,263,2024-07-19,
8387,142,30,IN,30,2024-09-24,
8388,119,28,IN,326,2024-12-26,
8389,182,35,OUT,500,2024-06-18,1092
8390,178,29,OUT,88,2024-02-24,6174
8391,209,28,OUT,173,2023-01-16,17031
8392,257,5,OUT,499,2023-09-13,4127
8393,14,20,OUT,423,2023-01-15,8867
8394,38,16,OUT,235,2024-12-10,8174
8395,302,26,IN,31,2024-02-23,
8396,40,20,IN,388,2024-07-18,
8397,75,10,OUT,255,2023-12-06,8953
8398,221,3,IN,241,2023-05-27,
8399,276,4,IN,50,2024-04-17,
8400,5,25,OUT,401,2023-03-12,8740
8401,7,6,OUT,453,2024-02-24,20099
8402,255,1,IN,466,2024-07-31,
8403,134,35,OUT,20,2024-07-11,19064
8404,10,4,IN,423,2024-11-05,
8405,354,2,OUT,310,2023-10-15,22388
8406,274,30,OUT,463,2024-03-29,7120
8407,302,20,IN,104,2024-02-28,
8408,301,19,OUT,13,2024-11-17,817
8409,52,8,OUT,230,2024-11-19,23253
8410,356,13,OUT,404,2024-10-28,10378
8411,222,21,OUT,451,2023-06-06,3613
8412,64,18,OUT,126,2024-03-04,18468
8413,85,26,IN,231,2023-12-09,
8414,346,23,OUT,263,2024-04-01,1076
8415,109,10,IN,497,2024-07-14,
8416,195,6,OUT,198,2024-06-01,24348
8417,54,10,IN,422,2023-09-19,
8418,230,7,IN,476,2024-06-02,
8419,274,7,IN,161,2023-11-29,
8420,175,26,IN,217,2023-11-14,
8421,350,35,IN,54,2023-06-05,
8422,184,14,OUT,316,2024-05-06,26937
8423,248,9,IN,0,2023-02-06,
8424,207,9,OUT,48,2024-08-14,15687
8425,261,11,OUT,345,2024-05-09,25330
8426,43,16,IN,371,2023-03-05,
8427,247,16,OUT,342,2023-07-22,20794
8428,265,34,OUT,90,2024-08-30,10947
8429,71,14,OUT,422,2024-12-25,4630
8430,308,12,IN,127,2023-09-01,
8431,250,17,IN,332,2023-12-26,
8432,247,28,OUT,240,2023-04-26,6398
8433,215,26,IN,442,2023-10-30,
8434,13,15,IN,100,2023-01-07,
8435,351,17,IN,459,2024-12-15,
8436,178,18,OUT,464,2024-12-17,18661
8437,157,30,IN,385,2024-06-08,
8438,207,15,OUT,447,2023-03-29,14629
8439,122,22,OUT,236,2024-05-05,18593
8440,140,27,IN,82,2024-06-26,
8441,85,5,IN,132,2023-09-08,
8442,235,6,OUT,2,2024-11-06,16643
8443,43,31,OUT,446,2024-06-15,26672
8444,24,3,OUT,345,2023-06-21,7307
8445,7,16,OUT,132,2023-09-08,4164
8446,320,35,OUT,38,2023-04-13,23556
8447,83,1,IN,217,2024-05-12,
8448,292,31,OUT,477,2023-12-22,14747
8449,12,6,OUT,374,2023-07-20,25203
8450,96,16,OUT,345,2024-11-22,13105
8451,230,34,OUT,71,2024-11-04,7056
8452,33,26,OUT,247,2023-02-11,13225
8453,42,2,OUT,147,2024-10-09,12751
8454,241,27,OUT,388,2024-05-02,15432
8455,204,22,IN,370,2023-01-17,
8456,167,23,OUT,352,2023-06-02,3399
8457,210,34,OUT,494,2024-07-08,20130
8458,10,29,OUT,138,2024-12-02,25486
8459,93,3,OUT,358,2024-12-02,23581
8460,111,12,IN,347,2023-12-28,
8461,267,30,OUT,312,2024-09-09,11229
8462,248,3,OUT,97,2024-05-15,19558
8463,311,32,OUT,163,2023-02-14,14815
8464,275,20,OUT,287,2024-01-21,10290
8465,21,13,OUT,170,2024-12-12,18250
8466,256,24,OUT,190,2024-03-15,26221
8467,166,16,IN,190,2023-02-06,
8468,19,13,OUT,0,2024-10-11,25278
8469,331,32,OUT,225,2023-05-10,5405
8470,300,15,IN,393,2023-05-09,
8471,336,26,OUT,161,2023-05-27,11420
8472,158,26,IN,249,2023-09-01,
8473,299,22,OUT,132,2023-01-17,2363
8474,90,31,OUT,255,2024-05-31,26447
8475,317,6,OUT,74,2024-05-22,14955
8476,166,6,OUT,106,2024-07-28,16812
8477,223,22,IN,341,2023-07-30,
8478,316,32,OUT,392,2024-08-15,15739
8479,40,8,IN,191,2024-03-27,
8480,133,9,IN,461,2024-06-24,
8481,267,35,OUT,270,2023-07-09,12939
8482,109,5,IN,86,2024-12-26,
8483,59,26,OUT,25,2023-11-23,24555
8484,84,20,IN,367,2024-03-08,
8485,174,20,OUT,490,2023-03-20,9167
8486,8888,888,OUT,0,2024-02-07,888888
8487,140,11,OUT,349,2023-12-30,1248
8488,307,31,OUT,112,2024-09-01,11573
8489,88,35,OUT,332,2024-10-06,16133
8490,311,12,OUT,262,2024-01-12,21002
8491,335,34,OUT,210,2024-01-20,3222
8492,353,2,OUT,251,2023-10-24,5326
8493,168,27,IN,360,2023-07-30,
8494,120,12,OUT,104,2024-05-20,6262
8495,63,3,OUT,168,2024-08-09,23174
8496,62,4,IN,91,2023-10-05,
8497,258,22,OUT,198,2024-02-25,14338
8498,322,22,IN,266,2023-11-24,
8499,8888,888,IN,0,2023-07-17,
8500,144,27,IN,161,2023-02-22,
8501,329,10,OUT,50,2023-07-31,28741
8502,220,9,IN,44,2024-10-11,
8503,18,18,OUT,388,2023-03-23,5660
8504,225,22,IN,331,2024-12-16,
8505,156,14,OUT,309,2023-07-02,8056
8506,273,25,OUT,368,2023-03-13,18455
8507,65,10,OUT,12,2023-05-09,27682
8508,91,5,OUT,47,2024-07-16,7835
8509,225,31,IN,273,2024-12-08,
8510,93,29,OUT,493,2023-12-07,7682
8511,303,24,IN,147,2024-05-23,
8512,211,23,OUT,414,2024-06-28,25823
8513,50,20,IN,199,2023-02-20,
8514,236,31,OUT,491,2024-02-26,27657
8515,268,11,OUT,479,2024-07-24,26902
8516,336,26,IN,274,2024-07-05,
8517,248,6,IN,356,2024-03-11,
8518,330,11,OUT,136,2024-12-07,5493
8519,6,30,IN,223,2024-12-02,
8520,52,5,OUT,346,2023-11-14,8005
8521,47,25,OUT,269,2023-03-18,13013
8522,268,11,IN,211,2023-05-04,
8523,286,31,IN,311,2024-10-20,
8524,18,9,OUT,135,2024-10-28,27209
8525,102,26,OUT,113,2023-07-22,21099
8526,8888,888,IN,0,2024-08-13,
8527,29,6,IN,169,2024-03-04,
8528,87,30,OUT,299,2023-03-26,25631
8529,91,13,IN,448,2024-08-17,
8530,354,28,OUT,259,2024-09-17,8457
8531,111,17,OUT,126,2023-07-22,4114
8532,204,33,IN,318,2023-07-27,
8533,205,27,OUT,183,2024-08-07,9611
8534,273,1,OUT,482,2024-08-27,21710
8535,133,20,OUT,71,2024-11-13,16398
8536,315,1,IN,383,2024-02-04,
8537,330,27,OUT,404,2024-07-02,863
8538,150,31,IN,130,2024-07-12,
8539,126,33,IN,168,2024-11-22,
8540,242,6,OUT,254,2024-12-03,24384
8541,82,16,OUT,465,2023-08-12,1935
8542,117,21,IN,71,2023-01-23,
8543,240,8,IN,458,2024-06-22,
8544,10,32,OUT,476,2024-10-12,13518
8545,267,20,IN,378,2023-08-22,
8546,327,15,OUT,243,2024-05-20,17326
8547,285,2,OUT,73,2023-03-03,13751
8548,74,1,OUT,476,2023-02-03,10076
8549,325,25,IN,140,2023-05-21,
8550,200,5,IN,88,2024-07-22,
8551,350,10,OUT,121,2023-03-13,16675
8552,71,32,OUT,412,2023-04-03,23743
8553,12,18,OUT,447,2024-09-29,14420
8554,223,24,IN,230,2023-07-26,
8555,322,21,IN,263,2024-12-15,
8556,67,21,OUT,490,2024-02-26,6897
8557,239,19,IN,423,2023-04-01,
8558,337,21,OUT,372,2024-07-05,21498
8559,94,8,IN,28,2024-09-17,
8560,29,30,OUT,107,2023-11-08,19478
8561,325,21,OUT,79,2024-04-29,9689
8562,146,9,OUT,360,2024-06-25,29279
8563,145,12,IN,124,2024-04-11,
8564,297,14,IN,145,2024-02-03,
8565,10,15,OUT,195,2023-04-05,4948
8566,233,34,OUT,320,2023-10-12,28485
8567,339,12,OUT,316,2023-03-18,8445
8568,8888,888,OUT,0,2023-04-01,888888
8569,116,27,OUT,469,2023-01-12,6800
8570,41,21,OUT,331,2024-10-02,14340
8571,230,31,IN,247,2024-02-20,
8572,104,34,IN,0,2023-09-29,
8573,46,29,IN,183,2023-12-16,
8574,279,2,OUT,142,2023-02-09,18285
8575,11,2,OUT,342,2023-09-04,12928
8576,27,2,OUT,179,2024-02-08,18317
8577,25,15,OUT,81,2024-05-16,5315
8578,192,11,OUT,444,2023-08-07,10337
8579,211,16,OUT,228,2023-01-01,17482
8580,274,25,OUT,226,2023-05-03,24923
8581,47,35,OUT,249,2024-02-17,18866
8582,38,5,IN,258,2024-07-28,
8583,224,5,IN,90,2023-09-04,
8584,239,14,IN,388,2024-10-05,
8585,131,12,IN,379,2023-09-20,
8586,227,15,IN,113,2024-10-25,
8587,141,21,OUT,179,2023-07-24,14204
8588,284,5,IN,103,2023-07-08,
8589,192,29,IN,445,2023-11-11,
8590,247,31,OUT,131,2023-07-19,13271
8591,348,18,IN,228,2023-05-24,
8592,141,11,OUT,150,2023-12-30,24789
8593,72,30,OUT,500,2023-12-24,22064
8594,154,31,OUT,283,2024-01-10,4114
8595,187,17,IN,170,2024-04-26,
8596,102,8,IN,372,2023-07-17,
8597,8888,888,OUT,0,2023-04-14,888888
8598,26,16,IN,442,2023-07-26,
8599,320,13,IN,3,2024-01-31,
8600,113,9,OUT,190,2024-07-27,17665
8601,85,10,OUT,127,2024-01-23,6990
8602,252,8,OUT,234,2024-08-03,12246
8603,157,19,OUT,281,2024-01-25,9425
8604,195,7,IN,427,2023-03-03,
8605,155,12,IN,170,2023-10-23,
8606,337,18,IN,338,2023-10-27,
8607,238,29,OUT,218,2024-11-11,10010
8608,184,12,OUT,215,2023-08-25,14346
8609,201,28,IN,182,2023-06-30,
8610,185,19,IN,466,2023-11-27,
8611,335,23,IN,290,2024-10-08,
8612,274,10,OUT,382,2023-01-04,22132
8613,8888,888,OUT,0,2023-09-17,888888
8614,225,16,IN,379,2024-10-23,
8615,168,3,OUT,45,2023-12-03,17181
8616,192,8,OUT,457,2023-10-21,14174
8617,101,14,OUT,44,2024-06-29,8419
8618,168,27,IN,25,2023-01-24,
8619,54,15,OUT,16,2023-06-17,10622
8620,148,4,IN,102,2023-11-11,
8621,27,24,OUT,169,2024-01-25,3337
8622,254,35,OUT,363,2024-04-11,9072
8623,272,34,OUT,469,2023-09-26,10574
8624,165,10,IN,177,2024-05-12,
8625,169,35,OUT,199,2023-01-07,18190
8626,358,16,OUT,233,2024-01-04,11131
8627,299,23,OUT,426,2023-02-18,28531
8628,276,8,IN,440,2024-11-14,
8629,301,17,OUT,45,2023-09-07,11018
8630,67,9,OUT,181,2023-12-06,2451
8631,1,11,IN,19,2023-09-21,
8632,197,20,OUT,144,2024-01-26,13679
8633,17,8,IN,108,2024-09-02,
8634,306,5,IN,139,2023-08-04,
8635,304,18,IN,285,2023-11-14,
8636,72,32,IN,293,2023-08-31,
8637,140,15,IN,60,2024-01-16,
8638,58,20,IN,328,2023-04-14,
8639,236,9,OUT,295,2024-07-09,11460
8640,298,11,IN,347,2024-01-04,
8641,84,34,OUT,495,2024-12-12,24557
8642,56,35,IN,287,2023-02-21,
8643,181,12,OUT,418,2024-06-13,4114
8644,346,7,IN,334,2024-05-05,
8645,209,3,OUT,319,2024-04-19,25654
8646,24,22,IN,70,2024-06-14,
8647,125,22,OUT,141,2024-06-26,29605
8648,97,13,OUT,461,2024-05-27,28458
8649,8888,888,OUT,0,2023-07-02,888888
8650,297,8,IN,168,2023-01-07,
8651,329,2,IN,147,2023-01-04,
8652,316,16,OUT,145,2024-06-15,15589
8653,285,20,IN,145,2024-06-07,
8654,13,15,IN,223,2023-04-11,
8655,199,2,OUT,358,2024-05-02,18730
8656,211,11,OUT,72,2024-05-14,27800
8657,8888,888,OUT,0,2024-05-20,888888
8658,9,2,IN,239,2024-08-08,
8659,317,17,IN,128,2023-12-03,
8660,347,9,OUT,231,2023-02-06,7653
8661,257,18,OUT,60,2024-03-26,18530
8662,98,30,OUT,281,2023-08-17,22511
8663,227,16,IN,377,2024-04-25,
8664,120,26,IN,203,2023-03-15,
8665,315,34,OUT,185,2023-12-15,9712
8666,109,22,OUT,364,2024-04-09,19450
8667,276,6,OUT,9,2023-08-22,22309
8668,71,16,IN,357,2024-09-09,
8669,141,23,OUT,231,2024-11-30,22646
8670,326,24,OUT,202,2023-04-19,210
8671,122,24,IN,251,2024-08-05,
8672,86,5,IN,213,2024-06-02,
8673,99,25,OUT,190,2023-12-03,24502
8674,40,35,OUT,176,2024-02-21,29384
8675,77,1,OUT,325,2024-05-12,2672
8676,66,10,OUT,171,2024-12-19,27308
8677,247,20,IN,116,2023-06-07,
8678,289,25,IN,121,2023-10-28,
8679,327,23,OUT,260,2024-03-13,11540
8680,100,4,IN,337,2023-10-31,
8681,123,32,IN,297,2024-11-07,
8682,65,5,IN,23,2023-06-28,
8683,357,6,OUT,146,2023-05-20,9584
8684,240,29,IN,324,2023-09-17,
8685,21,9,OUT,382,2024-09-13,6652
8686,239,35,OUT,321,2024-07-02,22583
8687,177,22,OUT,477,2023-02-13,21480
8688,45,9,OUT,214,2024-01-14,9364
8689,155,9,OUT,494,2024-11-06,16990
8690,157,7,OUT,321,2023-01-30,5353
8691,8,6,IN,305,2024-11-19,
8692,106,26,OUT,344,2024-09-13,13235
8693,282,7,OUT,59,2023-07-09,26758
8694,89,28,OUT,243,2024-01-25,29548
8695,154,31,OUT,381,2024-03-28,21817
8696,67,33,IN,235,2024-01-21,
8697,68,4,IN,20,2023-02-16,
8698,136,6,IN,198,2024-01-19,
8699,222,3,OUT,151,2023-01-14,2522
8700,152,7,OUT,179,2023-08-22,2820
8701,240,25,OUT,249,2023-01-15,9739
8702,127,2,IN,373,2024-08-27,
8703,10,3,IN,310,2023-08-15,
8704,187,25,OUT,45,2024-05-03,5443
8705,171,26,OUT,197,2023-03-10,8561
8706,8888,888,IN,0,2023-05-27,
8707,38,4,OUT,24,2024-01-13,8560
8708,84,18,OUT,249,2024-01-05,511
8709,255,16,OUT,487,2024-03-26,22776
8710,215,21,OUT,174,2024-11-26,15756
8711,17,9,OUT,475,2023-03-25,19409
8712,69,32,OUT,97,2024-01-10,14538
8713,48,9,IN,140,2023-09-27,
8714,24,32,OUT,197,2024-10-07,23163
8715,314,20,IN,39,2023-03-28,
8716,287,3,OUT,164,2024-04-02,7787
8717,82,8,OUT,217,2024-06-05,24046
8718,256,31,OUT,421,2023-04-05,20141
8719,252,6,IN,357,2024-04-27,
8720,182,4,IN,142,2023-03-07,
8721,289,29,IN,37,2024-05-13,
8722,186,35,OUT,452,2023-04-08,28576
8723,39,29,OUT,229,2024-11-18,15851
8724,229,32,IN,420,2024-08-22,
8725,263,9,IN,12,2024-10-05,
8726,185,7,OUT,210,2023-10-19,4861
8727,259,4,OUT,112,2023-10-18,7560
8728,115,8,OUT,232,2023-12-31,5459
8729,100,4,IN,470,2023-12-02,
8730,174,16,OUT,496,2023-07-27,2627
8731,106,3,OUT,275,2023-09-17,5893
8732,319,21,OUT,243,2024-07-19,2750
8733,116,7,OUT,442,2024-08-29,21374
8734,233,22,OUT,283,2023-04-14,4666
8735,143,28,IN,484,2023-08-16,
8736,128,15,IN,108,2023-03-04,
8737,204,20,IN,91,2024-11-29,
8738,315,35,OUT,159,2024-09-30,8322
8739,44,33,OUT,39,2024-02-19,10504
8740,28,12,IN,95,2023-02-13,
8741,195,32,OUT,248,2024-02-19,15704
8742,301,32,OUT,349,2024-12-30,15073
8743,31,12,OUT,45,2023-10-03,23371
8744,34,27,OUT,275,2024-06-24,7518
8745,310,26,OUT,346,2023-01-29,4280
8746,288,2,IN,335,2024-03-27,
8747,315,11,OUT,340,2024-09-24,13222
8748,323,20,IN,338,2024-03-26,
8749,277,35,IN,151,2024-07-06,
8750,254,31,IN,226,2023-05-11,
8751,9,24,OUT,472,2023-01-12,226
8752,102,9,OUT,434,2024-05-20,16303
8753,208,8,IN,123,2024-01-26,
8754,154,1,OUT,34,2024-01-02,7859
8755,40,22,IN,281,2024-11-29,
8756,139,4,IN,332,2023-06-25,
8757,154,18,OUT,21,2024-08-21,8606
8758,58,18,OUT,248,2023-04-08,24383
8759,88,27,OUT,281,2024-11-25,11938
8760,191,29,IN,400,2023-02-10,
8761,325,20,IN,269,2023-06-12,
8762,187,27,IN,216,2024-09-11,
8763,211,7,IN,23,2024-12-01,
8764,136,17,IN,355,2023-10-05,
8765,8888,888,IN,0,2023-09-14,
8766,169,2,OUT,229,2024-05-09,23975
8767,341,18,OUT,366,2023-06-28,14829
8768,119,2,IN,334,2024-09-23,
8769,47,15,IN,233,2023-01-01,
8770,24,3,IN,140,2024-08-29,
8771,4,18,OUT,116,2023-09-19,8597
8772,237,30,OUT,380,2023-08-10,192
8773,123,15,IN,270,2024-03-28,
8774,6,11,OUT,99,2024-04-17,20468
8775,345,3,IN,203,2023-08-31,
8776,218,16,IN,110,2023-12-01,
8777,44,33,IN,139,2023-05-06,
8778,323,34,IN,469,2024-11-09,
8779,155,13,OUT,272,2023-10-24,6074
8780,329,18,IN,28,2023-02-17,
8781,9,23,OUT,392,2024-05-10,28006
8782,326,15,OUT,0,2023-04-14,13873
8783,284,19,IN,302,2024-08-28,
8784,79,13,IN,13,2023-04-22,
8785,1,32,IN,410,2023-04-28,
8786,270,1,IN,467,2024-07-23,
8787,211,24,IN,454,2023-08-28,
8788,236,10,OUT,91,2024-08-24,29150
8789,272,14,IN,265,2024-03-28,
8790,251,26,OUT,394,2024-06-30,137
8791,45,12,IN,285,2023-09-14,
8792,282,24,IN,171,2023-07-11,
8793,136,29,IN,303,2023-05-28,
8794,52,31,OUT,308,2023-12-06,1179
8795,182,23,OUT,42,2024-11-20,8281
8796,208,16,IN,45,2024-02-13,
8797,258,25,IN,444,2023-01-25,
8798,210,20,IN,262,2024-10-19,
8799,19,5,OUT,203,2023-10-13,23700
8800,349,33,OUT,389,2024-09-04,4361
8801,201,24,OUT,115,2023-06-19,12495
8802,312,6,OUT,95,2023-01-18,16706
8803,136,6,IN,350,2024-09-23,
8804,43,18,IN,242,2023-10-18,
8805,88,7,OUT,86,2023-03-28,14435
8806,282,35,IN,266,2023-12-20,
8807,90,4,IN,362,2024-05-25,
8808,143,30,OUT,451,2023-02-18,10333
8809,324,23,IN,366,2023-05-20,
8810,103,20,OUT,499,2024-09-09,26764
8811,186,31,OUT,93,2023-10-07,2170
8812,287,5,OUT,333,2024-10-07,28532
8813,21,11,OUT,499,2023-05-26,22708
8814,160,2,IN,460,2024-03-02,
8815,338,2,OUT,238,2024-02-18,22232
8816,229,28,OUT,466,2024-12-14,14905
8817,166,24,OUT,211,2023-11-17,19942
8818,243,28,OUT,96,2024-11-04,23038
8819,238,31,OUT,186,2024-08-08,11537
8820,279,14,IN,313,2023-01-16,
8821,45,13,OUT,114,2023-06-16,5692
8822,68,32,OUT,93,2024-04-30,17051
8823,268,22,IN,0,2024-05-13,
8824,137,25,OUT,151,2024-05-19,25032
8825,335,8,OUT,21,2023-12-29,3080
8826,354,1,IN,470,2023-05-21,
8827,296,12,IN,406,2024-12-31,
8828,279,9,IN,208,2023-11-28,
8829,93,1,IN,324,2023-07-02,
8830,152,29,OUT,73,2024-07-05,23860
8831,112,26,OUT,440,2024-09-29,15637
8832,227,32,OUT,173,2024-07-23,27154
8833,108,15,IN,449,2023-11-28,
8834,81,17,OUT,286,2024-07-07,5716
8835,110,26,OUT,174,2024-07-27,6615
8836,8888,888,OUT,0,2023-11-19,888888
8837,92,35,OUT,86,2024-02-01,18477
8838,216,26,OUT,393,2023-08-14,11963
8839,208,34,OUT,490,2024-10-01,8314
8840,269,29,IN,148,2023-06-03,
8841,277,18,OUT,120,2024-03-01,15771
8842,279,27,OUT,67,2024-09-30,28703
8843,157,28,IN,455,2024-09-12,
8844,8888,888,IN,0,2023-05-11,
8845,250,27,OUT,255,2023-11-26,23929
8846,175,27,OUT,149,2024-04-04,6983
8847,138,35,OUT,164,2024-06-16,26171
8848,101,29,OUT,429,2024-10-04,18352
8849,5,10,OUT,87,2023-09-21,28757
8850,253,30,OUT,70,2024-01-18,974
8851,132,21,OUT,271,2024-10-14,25310
8852,203,32,IN,390,2023-03-12,
8853,152,27,OUT,284,2024-10-10,21224
8854,111,18,IN,444,2024-05-31,
8855,322,12,OUT,89,2024-02-22,17826
8856,28,10,OUT,119,2024-05-30,309
8857,37,29,IN,208,2023-04-28,
8858,179,31,OUT,430,2023-05-10,19436
8859,321,14,OUT,294,2023-08-13,20788
8860,252,21,OUT,452,2023-01-20,16956
8861,276,18,IN,77,2023-11-02,
8862,24,3,IN,150,2024-01-29,
8863,78,12,OUT,410,2024-09-02,9380
8864,55,6,IN,367,2023-03-08,
8865,203,4,OUT,306,2023-08-31,2062
8866,295,31,IN,269,2023-12-05,
8867,289,34,OUT,7,2024-08-08,19550
8868,157,23,IN,369,2023-08-27,
8869,197,6,OUT,253,2023-09-13,18564
8870,190,31,IN,364,2023-12-11,
8871,309,6,OUT,444,2023-09-06,6754
8872,33,22,OUT,386,2023-08-09,13632
8873,135,9,OUT,183,2024-01-06,14798
8874,64,2,OUT,24,2023-10-19,11477
8875,279,18,IN,42,2023-11-19,
8876,299,35,OUT,100,2024-07-11,1446
8877,231,32,OUT,65,2023-09-30,17569
8878,106,19,IN,148,2023-02-09,
8879,2,6,OUT,121,2024-04-21,17312
8880,100,6,OUT,358,2023-11-12,3894
8881,225,11,IN,95,2023-02-28,
8882,254,16,IN,206,2024-08-27,
8883,150,9,OUT,463,2023-01-26,24921
8884,47,3,OUT,83,2024-03-17,11194
8885,284,15,OUT,480,2023-03-04,9813
8886,265,1,IN,247,2024-06-01,
8887,8888,888,OUT,0,2024-09-18,888888
8888,140,6,IN,37,2024-11-25,
8889,32,24,IN,206,2024-08-02,
8890,49,24,IN,360,2024-03-26,
8891,75,3,OUT,395,2024-01-26,2563
8892,32,18,OUT,74,2023-10-25,26936
8893,160,33,OUT,72,2023-02-26,3226
8894,128,10,OUT,284,2023-09-11,19539
8895,38,29,IN,287,2023-12-28,
8896,103,9,OUT,83,2023-04-18,2616
8897,159,19,IN,282,2024-10-22,
8898,348,7,IN,22,2023-09-09,
8899,250,34,OUT,492,2023-04-19,6695
8900,244,24,OUT,282,2024-04-26,7278
8901,68,25,OUT,167,2024-12-11,6405
8902,351,5,OUT,269,2024-05-03,692
8903,252,11,IN,5,2024-08-27,
8904,122,26,IN,78,2023-08-28,
8905,282,2,OUT,125,2023-02-06,10682
8906,275,21,IN,478,2024-11-04,
8907,56,27,OUT,128,2024-03-16,12338
8908,290,2,IN,185,2024-10-07,
8909,293,24,IN,416,2023-03-24,
8910,268,33,OUT,45,2024-10-26,1117
8911,333,20,OUT,407,2024-06-24,8704
8912,29,4,OUT,103,2024-04-29,18838
8913,5,25,OUT,86,2023-12-12,7371
8914,313,7,OUT,324,2023-06-21,7611
8915,26,26,OUT,125,2024-10-05,26159
8916,4,35,OUT,371,2024-02-18,16498
8917,41,5,IN,445,2023-06-11,
8918,89,2,IN,254,2023-10-26,
8919,263,1,IN,0,2024-11-02,
8920,58,34,IN,51,2023-03-21,
8921,126,2,OUT,8,2023-10-02,16409
8922,190,9,OUT,462,2024-05-22,26924
8923,200,23,IN,116,2023-07-06,
8924,11,31,OUT,494,2024-02-03,19528
8925,338,28,OUT,440,2024-12-19,29465
8926,357,15,OUT,31,2023-05-16,28424
8927,188,28,IN,428,2024-08-12,
8928,248,26,IN,151,2023-05-18,
8929,205,12,OUT,328,2024-10-20,23082
8930,202,8,OUT,58,2024-04-19,8755
8931,117,17,OUT,458,2024-04-03,4064
8932,285,7,OUT,101,2023-08-18,29565
8933,289,27,OUT,145,2024-03-09,3515
8934,322,13,OUT,139,2023-05-07,2859
8935,301,20,OUT,131,2023-01-12,21170
8936,5,31,OUT,69,2024-06-11,29083
8937,299,12,OUT,33,2023-12-01,5553
8938,176,18,OUT,199,2023-12-21,5075
8939,30,29,IN,115,2024-08-04,
8940,202,31,OUT,474,2023-11-28,27123
8941,114,29,OUT,5,2024-01-06,5067
8942,288,5,IN,3,2024-03-14,
8943,293,13,OUT,106,2024-05-31,22451
8944,124,25,OUT,263,2023-06-13,4172
8945,272,3,OUT,288,2024-06-10,24855
8946,355,9,OUT,149,2024-11-19,7073
8947,196,5,OUT,284,2023-05-10,26411
8948,113,3,OUT,302,2024-04-03,24965
8949,179,30,OUT,419,2024-08-11,4758
8950,131,5,OUT,376,2023-06-20,21602
8951,45,29,OUT,61,2024-03-15,1739
8952,315,10,OUT,300,2024-08-04,3934
8953,354,5,IN,450,2023-07-10,
8954,337,2,IN,262,2023-07-15,
8955,85,33,IN,170,2023-06-18,
8956,110,9,OUT,206,2024-01-30,25662
8957,8888,888,OUT,0,2023-10-05,888888
8958,195,32,OUT,145,2024-10-25,6992
8959,83,6,OUT,254,2023-02-18,12851
8960,1,8,OUT,106,2023-11-24,14937
8961,79,1,OUT,10,2024-07-05,17715
8962,354,28,IN,470,2024-10-23,
8963,312,20,OUT,35,2024-04-27,11500
8964,246,29,IN,149,2023-12-24,
8965,192,29,IN,212,2024-01-16,
8966,307,7,IN,241,2024-07-23,
8967,184,5,OUT,72,2023-01-29,28174
8968,62,2,OUT,151,2024-12-30,1352
8969,244,20,IN,416,2024-02-05,
8970,26,24,OUT,340,2023-05-24,29425
8971,209,7,IN,335,2024-05-01,
8972,168,9,OUT,249,2024-09-29,6831
8973,280,20,IN,33,2024-08-09,
8974,160,3,IN,321,2023-01-18,
8975,75,11,IN,286,2024-06-21,
8976,182,27,OUT,304,2024-01-21,27081
8977,256,34,OUT,103,2024-05-05,11398
8978,308,33,OUT,71,2024-10-14,9789
8979,53,1,OUT,116,2023-10-07,5940
8980,61,15,OUT,258,2024-11-12,12658
8981,258,30,IN,177,2023-12-19,
8982,8888,888,IN,0,2024-01-31,
8983,99,19,IN,468,2024-08-10,
8984,129,22,OUT,258,2024-05-12,26187
8985,325,30,IN,11,2024-05-02,
8986,253,20,IN,403,2023-05-07,
8987,182,18,OUT,354,2023-09-25,8196
8988,100,26,IN,251,2024-12-05,
8989,85,18,OUT,315,2024-07-31,18669
8990,64,25,OUT,379,2024-07-14,3379
8991,194,5,OUT,130,2024-01-25,20567
8992,319,16,OUT,301,2024-03-14,13120
8993,228,1,IN,405,2024-04-24,
8994,59,6,OUT,52,2024-01-12,19592
8995,150,20,OUT,268,2023-10-02,6199
8996,245,9,IN,66,2024-05-22,
8997,157,6,IN,2,2024-03-15,
8998,275,15,IN,94,2024-06-12,
8999,252,5,OUT,357,2023-08-03,8473
9000,223,15,OUT,109,2024-11-20,15192
9001,283,30,IN,181,2023-02-03,
9002,240,21,OUT,122,2024-12-30,20211
9003,189,29,OUT,496,2024-09-08,10003
9004,72,29,OUT,76,2024-01-01,21734
9005,239,30,IN,347,2024-06-23,
9006,226,28,OUT,306,2023-06-01,20674
9007,163,17,IN,2,2023-01-28,
9008,154,14,OUT,456,2024-04-09,24890
9009,323,13,OUT,332,2023-11-06,22833
9010,80,28,IN,259,2024-07-30,
9011,41,7,IN,187,2023-09-13,
9012,279,23,IN,421,2024-03-14,
9013,297,31,OUT,140,2024-04-22,25659
9014,341,18,IN,305,2024-08-28,
9015,8888,888,OUT,0,2023-06-17,888888
9016,109,14,IN,268,2024-08-08,
9017,143,17,OUT,427,2023-11-24,18670
9018,325,3,IN,179,2024-05-17,
9019,224,1,IN,141,2024-09-25,
9020,305,5,OUT,450,2024-05-15,22598
9021,41,32,OUT,95,2023-12-17,11412
9022,350,8,OUT,445,2023-02-27,25469
9023,80,19,IN,432,2024-08-03,
9024,323,27,OUT,414,2023-11-24,9038
9025,72,18,OUT,229,2023-07-09,28920
9026,260,11,IN,206,2024-05-20,
9027,6,7,IN,431,2024-06-16,
9028,136,4,OUT,286,2024-07-16,17722
9029,67,21,IN,49,2024-05-05,
9030,180,6,OUT,488,2023-03-23,27328
9031,237,23,OUT,317,2023-05-06,1663
9032,213,9,IN,124,2024-05-11,
9033,137,17,OUT,150,2023-01-11,26641
9034,256,20,IN,116,2024-07-09,
9035,83,33,IN,475,2024-09-21,
9036,63,13,IN,159,2023-08-06,
9037,63,30,IN,324,2024-06-28,
9038,109,14,OUT,59,2024-01-12,23416
9039,240,23,IN,119,2024-06-07,
9040,323,27,IN,143,2024-01-31,
9041,183,27,IN,38,2024-02-27,
9042,259,24,IN,277,2023-09-11,
9043,297,3,OUT,159,2023-07-11,9108
9044,52,26,IN,54,2024-08-17,
9045,282,2,OUT,372,2023-10-09,4331
9046,274,22,OUT,148,2024-02-04,9068
9047,298,3,IN,229,2024-06-15,
9048,37,3,OUT,238,2023-01-13,15944
9049,180,34,IN,45,2024-04-11,
9050,325,27,IN,260,2023-12-19,
9051,360,20,IN,294,2023-05-31,
9052,271,35,IN,80,2024-05-29,
9053,97,19,OUT,256,2023-09-05,15757
9054,164,13,IN,72,2024-06-11,
9055,257,20,OUT,5,2024-12-13,8185
9056,54,20,OUT,49,2024-01-26,22885
9057,12,4,IN,372,2023-02-08,
9058,214,24,OUT,308,2023-12-20,27747
9059,14,22,IN,61,2023-06-27,
9060,92,34,OUT,4,2023-11-12,2689
9061,199,9,IN,81,2023-10-27,
9062,284,30,OUT,83,2023-03-23,5172
9063,218,13,OUT,176,2024-04-02,11470
9064,204,30,OUT,428,2023-04-11,25135
9065,236,3,OUT,103,2024-12-13,20194
9066,240,29,IN,382,2024-10-17,
9067,343,3,IN,374,2024-03-09,
9068,250,30,IN,452,2023-03-30,
9069,8888,888,OUT,0,2023-06-13,888888
9070,51,19,IN,318,2023-05-02,
9071,74,23,OUT,151,2023-11-21,27854
9072,259,31,IN,229,2023-09-18,
9073,278,26,IN,276,2023-07-03,
9074,231,29,OUT,405,2023-09-22,11778
9075,197,7,OUT,446,2024-11-07,20430
9076,245,26,OUT,269,2024-12-21,19089
9077,46,21,OUT,73,2023-01-02,52
9078,124,29,OUT,295,2023-10-16,8941
9079,19,5,IN,435,2023-06-28,
9080,130,30,OUT,239,2023-03-08,12904
9081,84,7,OUT,461,2024-10-10,20739
9082,262,32,OUT,15,2024-12-14,12828
9083,326,25,IN,327,2024-07-06,
9084,8888,888,OUT,0,2024-03-16,888888
9085,178,31,IN,118,2023-05-05,
9086,248,18,OUT,92,2024-02-07,3718
9087,135,10,OUT,246,2023-04-05,13123
9088,294,1,IN,125,2023-10-17,
9089,20,26,OUT,55,2023-07-30,7526
9090,285,16,OUT,161,2023-10-05,23412
9091,358,23,OUT,52,2023-12-20,23460
9092,226,1,IN,133,2023-05-06,
9093,99,12,IN,18,2023-01-26,
9094,54,22,IN,304,2023-12-04,
9095,134,28,OUT,382,2023-04-16,2886
9096,291,21,IN,66,2023-12-20,
9097,352,8,OUT,98,2023-09-23,22647
9098,23,14,OUT,44,2023-03-10,13056
9099,74,2,OUT,406,2023-09-28,29880
9100,205,34,OUT,294,2023-12-16,22719
9101,40,25,IN,297,2023-12-02,
9102,169,2,IN,337,2023-04-17,
9103,316,35,IN,293,2024-02-05,
9104,220,33,IN,158,2024-04-29,
9105,260,16,OUT,0,2023-10-31,7953
9106,235,2,OUT,388,2024-02-11,29945
9107,333,11,OUT,34,2023-10-10,7928
9108,224,33,OUT,118,2023-05-23,29193
9109,165,11,OUT,201,2023-05-29,12267
9110,217,19,OUT,94,2024-05-20,4
9111,264,32,OUT,172,2024-08-04,17184
9112,334,4,IN,33,2024-08-26,
9113,189,21,IN,414,2024-08-21,
9114,328,7,OUT,421,2023-02-13,23577
9115,216,3,OUT,310,2023-07-08,2526
9116,347,24,IN,401,2024-12-26,
9117,310,30,IN,225,2024-01-03,
9118,287,34,IN,288,2024-04-24,
9119,182,3,IN,276,2023-10-26,
9120,313,16,OUT,208,2023-09-17,21283
9121,226,20,IN,53,2023-03-07,
9122,195,1,IN,56,2023-11-25,
9123,156,20,OUT,255,2024-06-11,13606
9124,71,16,IN,396,2023-11-03,
9125,132,35,OUT,82,2024-10-16,8167
9126,356,26,IN,136,2023-06-05,
9127,64,11,OUT,80,2023-08-27,3575
9128,185,19,IN,94,2024-06-13,
9129,57,35,IN,182,2023-03-23,
9130,106,18,OUT,219,2023-11-12,21437
9131,242,31,IN,81,2024-02-27,
9132,144,7,IN,115,2023-09-17,
9133,211,3,IN,105,2024-11-02,
9134,26,33,OUT,417,2023-09-22,9935
9135,207,28,OUT,2,2024-09-02,4598
9136,320,19,IN,433,2023-04-01,
9137,192,4,OUT,18,2023-09-04,13479
9138,191,4,IN,293,2024-11-22,
9139,347,23,OUT,2,2023-05-11,14301
9140,5,35,IN,330,2024-11-05,
9141,344,31,OUT,100,2023-03-21,9568
9142,162,18,OUT,113,2023-02-08,6970
9143,8888,888,OUT,0,2024-06-04,888888
9144,260,16,OUT,353,2024-12-04,12147
9145,311,16,IN,288,2023-01-23,
9146,177,12,IN,14,2024-01-17,
9147,354,30,IN,54,2024-10-11,
9148,260,7,OUT,342,2023-11-08,9649
9149,291,11,IN,167,2024-10-20,
9150,132,11,IN,86,2023-12-28,
9151,227,20,OUT,172,2023-12-10,28397
9152,206,30,IN,232,2024-08-02,
9153,69,19,OUT,320,2023-04-08,24325
9154,136,29,OUT,460,2024-12-21,23670
9155,77,28,OUT,263,2023-09-05,899
9156,262,5,OUT,134,2023-06-30,6537
9157,313,3,IN,344,2024-03-23,
9158,142,8,OUT,225,2023-06-13,19834
9159,115,29,OUT,163,2023-04-11,9294
9160,246,17,OUT,407,2023-11-23,29771
9161,227,7,IN,324,2024-02-29,
9162,3,25,OUT,140,2023-11-03,25676
9163,306,3,OUT,409,2024-12-09,26866
9164,281,28,OUT,93,2023-10-25,22990
9165,307,3,OUT,219,2023-02-15,1165
9166,185,21,OUT,133,2023-11-29,20232
9167,138,20,OUT,353,2023-05-28,6024
9168,68,27,IN,495,2023-07-15,
9169,209,26,OUT,362,2024-04-12,20511
9170,61,11,IN,66,2024-10-28,
9171,158,17,OUT,214,2024-12-15,22573
9172,135,30,OUT,311,2023-05-24,19565
9173,253,7,IN,480,2023-09-23,
9174,334,13,OUT,313,2023-04-18,2687
9175,213,14,OUT,106,2023-03-25,129
9176,245,34,IN,423,2023-11-19,
9177,93,18,OUT,423,2023-10-04,9341
9178,174,3,IN,70,2023-03-01,
9179,345,33,OUT,373,2023-05-08,27672
9180,98,15,IN,349,2024-03-03,
9181,166,22,IN,221,2024-06-27,
9182,357,10,IN,140,2024-05-30,
9183,260,17,OUT,113,2023-12-18,19776
9184,189,11,OUT,69,2024-04-13,5409
9185,322,14,OUT,251,2023-12-22,15847
9186,108,10,OUT,233,2023-07-18,21521
9187,118,4,OUT,423,2024-02-13,13403
9188,121,8,OUT,341,2024-09-03,21732
9189,320,32,OUT,14,2024-05-08,3563
9190,194,23,OUT,90,2023-07-05,23621
9191,101,27,OUT,226,2023-12-21,11873
9192,47,33,IN,308,2024-09-14,
9193,160,34,IN,200,2023-04-30,
9194,196,15,OUT,441,2024-12-13,24100
9195,38,9,OUT,231,2024-09-15,3865
9196,157,23,IN,129,2024-09-25,
9197,1,9,IN,498,2024-10-23,
9198,315,32,OUT,418,2023-07-06,16634
9199,286,12,OUT,392,2024-08-04,17058
9200,66,28,IN,479,2024-01-19,
9201,168,34,OUT,34,2023-06-21,4803
9202,90,19,IN,258,2023-03-10,
9203,161,16,IN,271,2024-04-21,
9204,132,25,IN,487,2023-01-12,
9205,122,22,IN,266,2023-04-15,
9206,316,2,OUT,114,2024-12-01,22600
9207,277,16,OUT,329,2023-12-19,16055
9208,144,32,OUT,73,2023-09-16,25270
9209,8888,888,OUT,0,2023-02-07,888888
9210,125,26,IN,192,2023-08-31,
9211,8888,888,IN,0,2023-11-28,
9212,239,3,OUT,50,2024-04-11,14696
9213,309,28,IN,463,2023-05-26,
9214,40,16,IN,325,2023-06-02,
9215,274,7,OUT,76,2023-01-10,12514
9216,319,30,IN,411,2023-10-08,
9217,252,6,IN,297,2024-11-15,
9218,1,26,OUT,35,2023-04-25,20740
9219,270,22,IN,111,2024-08-17,
9220,37,20,IN,36,2023-03-29,
9221,107,6,OUT,481,2023-07-05,13052
9222,61,11,OUT,59,2024-11-01,22187
9223,271,26,IN,97,2023-08-05,
9224,2,31,IN,191,2023-12-26,
9225,68,17,IN,451,2023-06-23,
9226,142,17,OUT,201,2024-08-27,14459
9227,284,8,IN,331,2024-12-21,
9228,293,27,OUT,95,2023-07-01,8739
9229,165,13,IN,260,2023-11-19,
9230,86,21,IN,372,2023-01-15,
9231,1,7,IN,107,2023-02-28,
9232,273,5,IN,440,2023-01-15,
9233,127,12,OUT,493,2024-11-02,25710
9234,74,34,OUT,400,2024-01-12,17975
9235,258,24,OUT,412,2024-11-15,25867
9236,259,29,OUT,19,2024-06-12,21161
9237,148,33,OUT,48,2023-07-30,875
9238,165,9,IN,3,2024-09-23,
9239,340,24,OUT,371,2023-06-08,20439
9240,335,4,OUT,417,2023-11-23,25648
9241,148,9,OUT,45,2024-06-19,12752
9242,338,17,OUT,172,2023-01-11,16807
9243,87,10,IN,246,2023-08-01,
9244,228,3,IN,102,2024-02-02,
9245,139,30,OUT,133,2024-03-19,28130
9246,248,12,OUT,235,2023-11-15,29710
9247,161,17,OUT,235,2023-03-16,20753
9248,91,29,OUT,164,2023-08-31,18867
9249,316,31,IN,184,2023-12-24,
9250,105,30,OUT,95,2024-11-18,24869
9251,173,12,IN,470,2023-08-07,
9252,141,6,OUT,19,2024-06-07,7791
9253,346,24,IN,134,2024-12-03,
9254,155,31,OUT,24,2024-10-21,10558
9255,181,9,OUT,138,2023-12-25,14314
9256,57,5,OUT,255,2024-10-24,1764
9257,45,7,IN,284,2024-12-04,
9258,127,13,OUT,460,2024-12-18,14203
9259,358,3,IN,401,2024-10-28,
9260,159,5,OUT,453,2024-03-22,6158
9261,274,7,OUT,342,2024-06-18,897
9262,146,30,IN,302,2023-12-01,
9263,337,16,IN,163,2023-09-29,
9264,331,6,OUT,0,2024-12-15,3509
9265,261,34,IN,195,2024-11-09,
9266,243,21,OUT,284,2024-01-10,14659
9267,111,27,OUT,4,2024-11-25,5190
9268,355,10,IN,396,2023-12-14,
9269,101,7,IN,117,2024-08-02,
9270,24,17,OUT,97,2023-12-04,18895
9271,349,2,OUT,249,2024-02-01,25746
9272,303,25,OUT,300,2024-11-24,11447
9273,40,33,IN,189,2023-04-17,
9274,271,8,OUT,196,2023-06-28,22986
9275,282,33,IN,315,2023-12-04,
9276,184,13,IN,385,2023-05-02,
9277,285,9,IN,16,2024-04-19,
9278,102,31,OUT,485,2023-12-26,5778
9279,291,25,OUT,283,2024-03-27,3954
9280,86,13,IN,216,2023-12-31,
9281,232,2,OUT,388,2023-09-19,23344
9282,338,32,OUT,106,2023-11-03,16380
9283,351,32,OUT,372,2024-09-28,14920
9284,72,20,IN,17,2023-06-08,
9285,8888,888,OUT,0,2023-05-16,888888
9286,97,12,OUT,351,2024-05-10,24221
9287,252,31,OUT,66,2024-06-09,29065
9288,203,3,IN,325,2023-09-16,
9289,197,35,IN,144,2023-08-24,
9290,314,27,IN,186,2023-01-05,
9291,52,5,OUT,109,2023-08-10,1124
9292,208,27,IN,373,2024-10-11,
9293,101,30,OUT,48,2024-02-11,11200
9294,78,30,OUT,0,2024-09-07,20486
9295,38,32,OUT,297,2024-11-11,7666
9296,320,31,OUT,446,2023-02-03,9723
9297,347,26,IN,337,2023-03-19,
9298,263,27,IN,372,2023-09-18,
9299,211,26,IN,231,2023-10-19,
9300,101,19,IN,103,2024-08-02,
9301,346,30,OUT,376,2023-09-04,15175
9302,38,26,IN,449,2023-06-05,
9303,8888,888,IN,0,2024-12-31,
9304,74,11,OUT,61,2023-01-04,14022
9305,190,33,IN,364,2024-09-28,
9306,177,35,IN,7,2023-09-09,
9307,231,27,OUT,149,2023-11-15,16286
9308,98,30,OUT,383,2024-10-30,13109
9309,228,14,OUT,150,2024-01-28,4608
9310,4,30,OUT,262,2024-07-18,4670
9311,219,29,IN,487,2023-05-17,
9312,6,2,OUT,399,2023-07-31,28958
9313,215,3,IN,195,2023-03-08,
9314,8888,888,OUT,0,2023-01-16,888888
9315,281,12,IN,158,2024-05-06,
9316,339,5,IN,163,2024-03-10,
9317,38,29,OUT,440,2023-12-25,19251
9318,78,11,IN,24,2024-06-29,
9319,357,13,OUT,393,2023-12-29,12258
9320,116,32,OUT,422,2023-11-24,7061
9321,13,27,OUT,164,2023-04-05,18539
9322,335,3,OUT,136,2024-04-04,19778
9323,212,34,IN,264,2024-09-24,
9324,215,2,IN,79,2024-05-27,
9325,84,29,OUT,273,2023-04-14,19518
9326,350,13,IN,385,2024-03-17,
9327,8888,888,OUT,0,2023-08-07,888888
9328,240,28,IN,409,2023-03-15,
9329,93,10,IN,176,2023-08-11,
9330,109,27,OUT,40,2023-10-31,14207
9331,290,19,IN,459,2023-04-08,
9332,138,17,OUT,196,2024-08-09,10697
9333,114,32,OUT,162,2024-08-17,5653
9334,217,28,OUT,57,2024-11-20,13547
9335,183,7,OUT,246,2024-05-13,9136
9336,176,24,OUT,169,2023-10-12,6868
9337,65,14,IN,321,2023-08-13,
9338,130,20,OUT,245,2024-03-06,29089
9339,239,10,OUT,26,2024-04-17,18702
9340,326,20,IN,500,2024-04-19,
9341,358,35,OUT,310,2023-06-04,17051
9342,156,31,IN,220,2023-08-06,
9343,321,7,OUT,170,2024-01-02,12873
9344,292,8,OUT,103,2024-02-01,11755
9345,95,7,OUT,443,2024-12-28,25888
9346,11,16,IN,141,2024-04-04,
9347,255,27,IN,420,2024-09-27,
9348,36,26,IN,199,2024-03-31,
9349,357,22,OUT,363,2023-10-10,8000
9350,349,28,OUT,94,2024-11-03,24316
9351,92,1,OUT,339,2023-09-18,13901
9352,240,22,IN,379,2023-01-28,
9353,289,31,IN,135,2023-08-10,
9354,186,31,OUT,384,2024-07-19,23755
9355,237,5,IN,65,2023-08-11,
9356,113,32,OUT,345,2024-05-19,25564
9357,255,4,OUT,81,2024-09-01,12702
9358,110,21,OUT,364,2024-10-26,4855
9359,145,22,OUT,53,2024-11-03,22318
9360,128,30,IN,291,2024-10-20,
9361,166,10,OUT,255,2023-06-12,18373
9362,96,28,OUT,105,2023-04-06,9274
9363,8,31,IN,38,2024-03-21,
9364,237,34,IN,348,2023-10-15,
9365,94,5,OUT,413,2024-03-31,10854
9366,289,17,IN,101,2023-05-14,
9367,350,31,OUT,473,2023-01-22,22141
9368,128,21,OUT,414,2024-02-14,2145
9369,156,22,OUT,410,2023-01-17,4664
9370,228,32,IN,435,2023-02-13,
9371,307,25,IN,209,2023-06-24,
9372,192,11,OUT,95,2023-12-09,4236
9373,251,16,OUT,23,2024-02-01,2480
9374,22,16,OUT,475,2023-05-09,25601
9375,254,20,IN,55,2024-10-01,
9376,255,17,IN,72,2023-02-28,
9377,218,29,IN,446,2023-12-04,
9378,45,34,OUT,467,2024-12-04,22867
9379,108,13,IN,47,2024-12-10,
9380,142,1,IN,298,2023-08-14,
9381,139,12,IN,53,2023-03-12,
9382,186,11,IN,500,2023-11-06,
9383,197,21,OUT,265,2024-11-13,9103
9384,312,25,OUT,411,2023-11-17,1126
9385,215,17,IN,456,2024-04-11,
9386,224,20,OUT,145,2023-11-29,22375
9387,277,26,OUT,484,2023-01-08,10548
9388,33,11,IN,125,2024-02-24,
9389,57,10,OUT,29,2024-06-15,20124
9390,93,18,IN,43,2024-04-29,
9391,60,4,OUT,61,2024-02-28,12440
9392,340,2,OUT,378,2024-02-24,20886
9393,247,23,IN,102,2024-11-02,
9394,116,1,OUT,409,2024-11-06,20287
9395,111,9,OUT,481,2024-03-24,17985
9396,130,35,OUT,350,2023-04-26,23817
9397,318,35,OUT,442,2024-12-21,6704
9398,333,25,IN,150,2023-07-16,
9399,107,25,OUT,90,2024-09-21,12470
9400,253,25,OUT,51,2023-12-20,20615
9401,53,10,OUT,125,2023-12-17,196
9402,72,21,OUT,370,2023-11-11,12068
9403,94,4,OUT,314,2024-02-26,5371
9404,347,35,IN,450,2023-02-25,
9405,230,31,OUT,50,2024-01-06,13210
9406,62,13,OUT,322,2024-06-17,1312
9407,46,11,OUT,209,2023-07-04,29731
9408,121,29,OUT,345,2024-06-23,13239
9409,34,26,OUT,301,2024-11-13,21003
9410,14,14,OUT,434,2024-03-10,13468
9411,81,12,OUT,26,2023-11-19,3728
9412,301,22,IN,251,2023-02-24,
9413,130,24,IN,118,2024-08-13,
9414,287,29,OUT,230,2023-02-18,16337
9415,67,11,IN,303,2023-04-14,
9416,319,24,IN,153,2024-12-03,
9417,24,12,IN,307,2023-12-29,
9418,8888,888,IN,0,2023-08-11,
9419,10,7,OUT,195,2024-09-10,29384
9420,98,4,OUT,152,2023-02-03,25973
9421,27,17,OUT,337,2023-08-10,10230
9422,243,4,IN,495,2023-10-13,
9423,139,24,IN,477,2023-06-14,
9424,278,25,OUT,244,2024-07-04,17311
9425,178,7,IN,358,2023-03-15,
9426,348,24,OUT,212,2023-12-04,8189
9427,149,23,IN,279,2024-02-17,
9428,8888,888,OUT,0,2023-12-17,888888
9429,222,26,OUT,271,2024-11-15,27620
9430,3,28,OUT,416,2024-03-15,10287
9431,29,35,OUT,394,2024-08-16,4077
9432,318,21,IN,432,2024-05-02,
9433,161,5,OUT,474,2024-09-08,374
9434,289,1,OUT,420,2024-06-14,2449
9435,332,33,IN,387,2023-09-29,
9436,179,22,OUT,101,2024-11-06,4542
9437,35,10,IN,419,2023-12-08,
9438,298,4,IN,183,2024-06-20,
9439,254,17,OUT,244,2023-09-01,29661
9440,319,21,OUT,99,2024-01-17,17734
9441,201,31,IN,24,2023-11-29,
9442,183,24,OUT,407,2023-07-20,20961
9443,175,25,IN,327,2024-03-23,
9444,81,22,IN,425,2023-08-14,
9445,303,35,IN,169,2023-10-11,
9446,114,2,OUT,347,2023-01-20,28952
9447,285,1,OUT,300,2023-10-29,28780
9448,160,14,IN,255,2023-12-07,
9449,294,6,IN,83,2023-08-21,
9450,339,10,IN,39,2023-12-20,
9451,8888,888,OUT,0,2023-03-19,888888
9452,227,15,IN,289,2024-04-17,
9453,110,3,OUT,342,2023-04-05,25970
9454,2,1,OUT,468,2023-05-15,12636
9455,5,1,IN,179,2023-12-07,
9456,356,8,OUT,161,2023-09-09,17334
9457,199,22,IN,346,2024-12-12,
9458,313,1,IN,32,2024-03-18,
9459,89,29,OUT,461,2023-02-25,11640
9460,19,29,OUT,181,2023-07-08,28711
9461,283,31,OUT,192,2024-05-27,23025
9462,109,2,OUT,431,2023-01-30,26887
9463,236,14,OUT,13,2024-03-22,19574
9464,33,11,IN,212,2023-10-23,
9465,302,8,IN,297,2024-05-17,
9466,324,22,IN,366,2023-08-15,
9467,121,11,OUT,364,2024-05-29,17574
9468,114,1,OUT,479,2023-07-06,19743
9469,197,25,OUT,49,2024-01-17,23968
9470,141,13,IN,34,2023-11-29,
9471,22,15,IN,359,2023-02-01,
9472,184,28,IN,413,2023-08-08,
9473,311,18,OUT,500,2024-10-24,14252
9474,150,9,IN,283,2024-11-14,
9475,26,2,OUT,208,2024-10-12,22296
9476,226,34,IN,183,2023-11-26,
9477,186,10,IN,102,2024-05-24,
9478,295,29,OUT,56,2024-04-10,5815
9479,341,8,OUT,228,2023-04-05,20569
9480,305,7,IN,64,2023-08-06,
9481,8,18,OUT,500,2023-04-17,29480
9482,122,6,IN,248,2024-12-24,
9483,292,3,IN,313,2023-01-18,
9484,112,35,OUT,251,2024-04-03,19683
9485,222,12,OUT,21,2024-12-20,8060
9486,58,18,IN,250,2024-03-09,
9487,303,23,IN,45,2023-08-30,
9488,331,24,OUT,473,2024-12-29,17396
9489,190,31,OUT,229,2023-04-21,28350
9490,193,29,IN,250,2024-02-18,
9491,70,21,IN,53,2024-10-10,
9492,234,19,OUT,13,2024-04-06,14573
9493,166,22,OUT,177,2023-04-29,20384
9494,8888,888,OUT,0,2024-09-30,888888
9495,236,24,IN,419,2023-12-25,
9496,350,1,OUT,304,2024-10-20,7613
9497,17,27,OUT,180,2024-03-16,7078
9498,191,33,IN,387,2023-06-20,
9499,327,11,IN,379,2024-01-04,
9500,323,3,IN,264,2024-12-21,
9501,178,30,OUT,285,2024-07-07,12577
9502,315,30,IN,313,2023-10-20,
9503,333,2,OUT,5,2024-08-05,28532
9504,299,1,OUT,213,2024-08-08,13809
9505,264,15,OUT,498,2023-12-03,16089
9506,191,13,OUT,487,2024-11-24,4333
9507,140,17,OUT,106,2023-10-17,24309
9508,326,4,OUT,405,2023-03-02,29871
9509,148,20,OUT,447,2023-04-15,11178
9510,158,8,OUT,342,2023-04-02,13907
9511,226,2,IN,482,2023-10-23,
9512,228,26,OUT,184,2024-05-02,26770
9513,316,33,IN,262,2024-05-23,
9514,343,2,IN,338,2023-12-22,
9515,203,34,OUT,262,2024-08-10,2150
9516,252,33,IN,304,2024-09-11,
9517,284,7,IN,65,2023-11-26,
9518,346,6,OUT,117,2024-09-14,17552
9519,184,12,OUT,61,2023-12-07,16107
9520,165,10,OUT,146,2023-12-02,19309
9521,269,18,OUT,210,2024-06-28,28114
9522,320,16,OUT,75,2024-01-26,26573
9523,28,16,OUT,363,2023-08-11,26447
9524,50,33,IN,485,2023-05-28,
9525,251,25,OUT,67,2023-06-01,11659
9526,161,29,OUT,383,2023-12-14,27958
9527,286,5,OUT,144,2024-10-03,6734
9528,133,1,IN,489,2023-02-25,
9529,319,35,OUT,201,2023-08-19,28208
9530,8888,888,OUT,0,2024-08-02,888888
9531,300,5,OUT,153,2023-04-12,29240
9532,132,24,IN,419,2023-06-16,
9533,91,28,OUT,233,2023-05-12,28888
9534,105,30,IN,0,2024-08-18,
9535,6,12,IN,169,2023-03-18,
9536,342,13,OUT,195,2023-02-23,4452
9537,121,16,OUT,437,2024-04-12,28829
9538,233,9,IN,457,2024-01-17,
9539,23,9,IN,422,2023-01-04,
9540,128,5,IN,26,2024-05-25,
9541,32,9,OUT,266,2024-01-12,20937
9542,28,9,OUT,212,2024-04-22,454
9543,294,19,OUT,140,2023-05-24,9542
9544,82,9,OUT,279,2023-10-01,9583
9545,62,3,IN,99,2024-08-19,
9546,187,15,OUT,131,2023-11-24,21209
9547,249,10,IN,88,2023-07-24,
9548,69,33,OUT,59,2023-08-09,1278
9549,35,9,OUT,74,2024-01-31,20096
9550,283,25,IN,157,2023-11-18,
9551,193,22,OUT,417,2023-08-11,13666
9552,61,18,IN,144,2024-01-22,
9553,218,6,IN,98,2023-09-26,
9554,251,2,IN,136,2023-09-06,
9555,262,28,OUT,440,2024-09-23,16844
9556,34,21,OUT,362,2024-02-17,28445
9557,6,19,OUT,468,2024-07-03,28212
9558,116,23,IN,236,2023-06-07,
9559,287,5,IN,220,2023-07-09,
9560,144,33,IN,277,2024-11-07,
9561,88,16,OUT,368,2023-05-25,9370
9562,75,28,OUT,32,2023-06-12,4143
9563,228,12,IN,385,2023-08-14,
9564,273,13,IN,39,2023-09-26,
9565,169,4,OUT,301,2023-10-12,25159
9566,174,24,IN,177,2023-11-08,
9567,215,6,OUT,473,2023-04-14,10465
9568,274,3,IN,449,2023-04-23,
9569,10,22,OUT,0,2023-10-29,28054
9570,129,3,IN,387,2024-04-05,
9571,11,27,OUT,453,2023-07-29,5978
9572,273,5,OUT,445,2024-09-03,15158
9573,25,9,IN,159,2023-12-30,
9574,81,23,IN,262,2024-08-05,
9575,166,18,IN,286,2024-04-28,
9576,236,9,IN,101,2024-01-18,
9577,334,4,OUT,183,2023-01-20,14147
9578,218,10,IN,19,2023-08-19,
9579,204,9,IN,0,2023-01-21,
9580,205,14,IN,189,2023-05-25,
9581,179,24,OUT,68,2024-08-05,18078
9582,159,10,OUT,132,2024-04-05,15931
9583,83,12,OUT,150,2023-07-04,10299
9584,122,26,IN,104,2023-09-29,
9585,147,26,OUT,261,2023-05-26,14956
9586,67,26,OUT,87,2024-10-19,1138
9587,319,28,IN,281,2023-03-25,
9588,274,31,OUT,234,2024-07-10,22369
9589,105,26,OUT,469,2023-07-27,13447
9590,336,25,IN,329,2023-01-09,
9591,251,20,OUT,371,2024-02-06,29605
9592,286,5,OUT,40,2023-02-02,12793
9593,249,14,OUT,288,2023-06-30,6193
9594,8888,888,OUT,0,2023-07-29,888888
9595,152,4,OUT,66,2024-04-25,14405
9596,228,24,OUT,416,2024-10-05,10799
9597,46,13,IN,463,2023-10-26,
9598,22,11,IN,219,2023-09-14,
9599,285,34,IN,257,2024-11-26,
9600,289,17,OUT,359,2024-04-06,3710
9601,263,18,IN,383,2024-03-02,
9602,192,8,OUT,365,2023-04-01,24308
9603,60,16,IN,463,2024-12-14,
9604,37,17,IN,409,2024-02-03,
9605,11,7,IN,0,2023-08-30,
9606,196,20,OUT,141,2023-08-30,21133
9607,74,34,OUT,66,2024-03-07,7536
9608,316,13,OUT,315,2024-03-03,26225
9609,186,13,IN,401,2023-07-23,
9610,3,15,IN,146,2023-07-24,
9611,275,1,IN,428,2023-02-25,
9612,29,10,OUT,54,2024-09-24,12653
9613,144,8,OUT,408,2024-11-28,8149
9614,163,29,IN,50,2024-11-30,
9615,160,4,IN,441,2023-01-15,
9616,54,2,OUT,36,2024-11-26,1754
9617,171,1,IN,115,2023-04-13,
9618,99,30,IN,353,2023-03-25,
9619,224,18,OUT,143,2023-07-21,21869
9620,8888,888,OUT,0,2024-09-01,888888
9621,292,9,OUT,355,2024-04-19,10397
9622,135,27,IN,497,2023-12-24,
9623,3,29,IN,379,2024-01-03,
9624,301,11,IN,480,2023-11-19,
9625,301,20,IN,122,2023-08-05,
9626,159,19,IN,402,2023-09-21,
9627,246,26,OUT,305,2024-09-13,6596
9628,356,17,IN,260,2023-03-26,
9629,172,2,IN,305,2023-05-08,
9630,119,33,IN,415,2024-05-10,
9631,106,6,IN,488,2023-08-02,
9632,85,24,OUT,370,2023-07-16,26174
9633,42,8,OUT,148,2024-10-08,681
9634,182,18,OUT,198,2024-07-24,18078
9635,314,27,OUT,441,2024-01-03,7471
9636,209,17,IN,233,2024-11-23,
9637,228,21,IN,161,2024-08-08,
9638,220,34,IN,8,2024-10-26,
9639,151,9,IN,145,2024-06-01,
9640,322,5,IN,115,2023-04-19,
9641,310,4,OUT,177,2024-08-29,6863
9642,110,27,IN,338,2023-12-20,
9643,148,14,OUT,237,2024-10-18,15396
9644,147,30,IN,214,2024-10-30,
9645,67,12,OUT,211,2023-03-07,25505
9646,290,14,IN,76,2023-07-28,
9647,160,1,IN,189,2023-03-07,
9648,202,12,IN,450,2023-05-20,
9649,84,7,IN,262,2023-08-31,
9650,69,11,OUT,232,2023-08-13,12832
9651,345,7,OUT,18,2024-12-17,28044
9652,2,10,OUT,472,2023-01-26,530
9653,269,34,IN,149,2023-05-07,
9654,221,11,OUT,216,2024-08-24,13549
9655,314,25,IN,333,2023-03-26,
9656,15,10,OUT,188,2023-05-17,16736
9657,301,27,OUT,280,2024-05-20,13034
9658,146,18,IN,180,2023-09-12,
9659,209,19,OUT,63,2024-04-03,7988
9660,328,1,OUT,106,2023-08-22,5887
9661,138,4,IN,403,2024-04-04,
9662,248,33,OUT,119,2024-10-10,10745
9663,156,21,OUT,321,2024-05-21,22969
9664,233,19,OUT,497,2024-07-26,5878
9665,129,34,IN,138,2023-05-27,
9666,52,30,IN,416,2024-03-07,
9667,42,21,OUT,290,2024-05-24,7947
9668,196,15,IN,497,2023-10-04,
9669,254,12,IN,455,2023-12-11,
9670,75,27,IN,342,2024-10-28,
9671,104,26,IN,328,2023-09-06,
9672,227,5,IN,57,2024-03-30,
9673,251,28,IN,49,2024-10-09,
9674,228,4,OUT,397,2023-09-11,16247
9675,251,12,OUT,323,2023-06-24,28040
9676,212,32,IN,265,2023-10-26,
9677,266,33,OUT,399,2024-08-26,967
9678,124,28,OUT,435,2023-06-30,23405
9679,55,33,OUT,150,2024-12-01,14469
9680,76,30,IN,42,2023-05-18,
9681,54,34,OUT,121,2023-01-21,20976
9682,12,24,IN,184,2024-10-24,
9683,218,26,OUT,10,2023-12-31,13459
9684,40,19,OUT,261,2024-04-20,24964
9685,66,32,IN,166,2024-05-05,
9686,240,7,IN,23,2023-06-23,
9687,299,8,OUT,10,2024-07-18,3099
9688,206,26,IN,85,2024-11-09,
9689,287,22,OUT,367,2023-11-11,29580
9690,179,27,OUT,394,2023-02-20,22252
9691,142,26,IN,392,2024-05-26,
9692,94,9,OUT,248,2024-03-01,1492
9693,63,4,OUT,225,2023-01-11,20274
9694,106,11,OUT,433,2023-06-06,456
9695,327,1,IN,280,2023-05-28,
9696,178,5,IN,271,2023-10-24,
9697,52,8,OUT,212,2023-08-03,7984
9698,291,22,IN,434,2023-06-14,
9699,22,5,OUT,219,2023-12-07,6946
9700,353,3,OUT,125,2024-06-12,26048
9701,81,3,IN,367,2024-01-17,
9702,18,30,OUT,197,2024-12-29,22642
9703,265,2,OUT,366,2024-12-12,294
9704,125,20,OUT,287,2023-05-15,29263
9705,121,22,OUT,472,2023-01-02,6432
9706,335,22,OUT,437,2024-09-11,21559
9707,51,31,OUT,167,2024-04-04,65
9708,85,25,IN,346,2024-12-04,
9709,239,20,OUT,69,2023-03-01,11918
9710,230,9,OUT,302,2023-10-01,10086
9711,176,18,IN,406,2023-11-02,
9712,222,7,OUT,3,2024-06-16,8514
9713,138,20,OUT,492,2023-09-26,12251
9714,264,10,OUT,315,2024-04-18,29956
9715,138,6,OUT,198,2023-06-15,23195
9716,12,25,IN,356,2024-09-22,
9717,221,13,OUT,11,2023-06-18,26373
9718,44,19,OUT,375,2023-01-02,17863
9719,114,33,IN,454,2024-05-01,
9720,349,16,IN,445,2023-12-15,
9721,265,35,IN,102,2023-10-12,
9722,235,17,OUT,340,2024-06-09,26609
9723,263,17,OUT,280,2023-04-05,26259
9724,182,31,OUT,328,2023-09-11,22113
9725,38,20,IN,481,2023-08-23,
9726,354,27,OUT,130,2023-12-29,26351
9727,31,4,OUT,130,2023-01-07,4543
9728,344,5,OUT,80,2024-07-20,13380
9729,173,27,OUT,336,2024-12-06,272
9730,74,26,OUT,162,2024-11-01,10979
9731,12,24,OUT,78,2023-12-16,7056
9732,82,22,IN,259,2023-11-14,
9733,129,16,OUT,498,2024-01-22,7999
9734,75,33,IN,417,2024-07-17,
9735,168,1,IN,85,2024-07-31,
9736,48,16,IN,263,2024-10-28,
9737,86,7,IN,166,2024-01-06,
9738,39,33,OUT,154,2024-06-12,16027
9739,176,12,IN,249,2023-05-20,
9740,241,5,IN,373,2023-02-04,
9741,316,10,OUT,394,2024-04-27,20023
9742,41,1,OUT,159,2024-04-13,13657
9743,17,23,IN,358,2024-04-18,
9744,262,5,OUT,474,2024-08-19,9150
9745,98,18,IN,414,2024-09-12,
9746,212,8,IN,187,2024-02-02,
9747,197,6,OUT,191,2023-03-25,18310
9748,109,10,IN,375,2024-05-13,
9749,282,28,OUT,89,2023-06-09,20303
9750,60,34,OUT,300,2024-12-25,17574
9751,171,3,IN,306,2023-02-06,
9752,300,8,OUT,169,2024-04-13,29816
9753,207,33,OUT,293,2023-05-20,5050
9754,356,21,OUT,331,2023-07-18,27586
9755,61,2,IN,400,2023-03-25,
9756,216,3,OUT,390,2023-02-21,2414
9757,251,3,IN,465,2024-05-25,
9758,328,12,IN,268,2024-09-11,
9759,33,35,OUT,211,2024-08-05,16770
9760,228,29,IN,382,2023-06-30,
9761,14,26,IN,82,2024-05-18,
9762,63,1,IN,495,2023-05-28,
9763,84,27,OUT,133,2023-10-17,16543
9764,111,10,OUT,142,2023-08-29,23112
9765,115,26,OUT,328,2024-11-09,23099
9766,230,14,OUT,18,2024-04-03,27757
9767,277,23,IN,167,2024-02-01,
9768,348,35,IN,33,2024-11-18,
9769,67,8,IN,110,2024-03-24,
9770,8888,888,IN,0,2023-02-13,
9771,161,7,IN,287,2023-12-16,
9772,255,18,OUT,481,2024-05-11,13961
9773,356,20,OUT,461,2024-03-13,13128
9774,100,1,OUT,15,2023-09-23,14539
9775,311,31,OUT,312,2023-03-16,3114
9776,290,5,IN,352,2024-06-01,
9777,269,1,IN,235,2023-07-06,
9778,101,17,IN,447,2023-12-17,
9779,131,35,OUT,469,2023-02-24,16168
9780,60,34,OUT,497,2023-05-22,5652
9781,202,28,IN,274,2024-05-22,
9782,249,22,IN,403,2024-06-20,
9783,154,12,OUT,153,2024-10-28,6322
9784,63,34,IN,250,2023-08-25,
9785,346,4,OUT,119,2024-02-14,20470
9786,272,29,OUT,95,2024-07-12,15580
9787,126,4,OUT,188,2023-03-24,3633
9788,58,22,OUT,386,2024-12-05,6030
9789,158,30,OUT,44,2023-02-22,18146
9790,285,31,OUT,40,2024-01-30,14261
9791,8888,888,OUT,0,2023-11-18,888888
9792,262,6,IN,287,2024-11-22,
9793,202,9,OUT,274,2023-01-05,27688
9794,218,23,IN,261,2023-03-03,
9795,89,13,IN,7,2024-03-27,
9796,126,34,IN,53,2023-09-07,
9797,26,7,OUT,334,2024-11-28,12498
9798,285,24,OUT,304,2024-07-07,959
9799,310,1,OUT,209,2024-07-29,23308
9800,320,11,IN,250,2023-01-12,
9801,198,30,OUT,129,2024-03-08,3273
9802,320,21,IN,254,2024-10-08,
9803,16,9,OUT,462,2024-04-11,2061
9804,100,30,IN,289,2023-06-16,
9805,285,21,OUT,427,2023-10-19,5835
9806,213,11,OUT,428,2023-05-25,27633
9807,198,23,OUT,285,2024-11-21,3489
9808,257,3,OUT,30,2024-07-13,18233
9809,45,29,OUT,280,2023-02-05,7248
9810,114,8,IN,351,2024-07-21,
9811,326,23,OUT,220,2023-08-17,12121
9812,266,2,IN,30,2023-06-14,
9813,143,31,OUT,296,2024-06-08,24051
9814,281,10,OUT,90,2023-04-26,5676
9815,335,16,IN,163,2024-12-29,
9816,231,12,OUT,416,2023-11-22,27327
9817,26,24,OUT,233,2023-08-31,10901
9818,72,12,OUT,267,2023-07-11,1942
9819,180,35,OUT,178,2023-09-21,3027
9820,335,35,IN,0,2023-07-15,
9821,273,18,OUT,188,2023-03-24,3550
9822,104,33,OUT,183,2023-08-01,7855
9823,55,3,OUT,454,2023-10-01,23289
9824,100,25,IN,248,2024-12-01,
9825,125,30,OUT,478,2024-12-03,28240
9826,182,1,IN,128,2023-04-01,
9827,148,11,IN,288,2024-07-05,
9828,175,25,IN,67,2024-03-23,
9829,8888,888,OUT,0,2023-07-22,888888
9830,235,5,IN,114,2024-06-06,
9831,123,2,OUT,435,2024-06-04,3355
9832,346,10,IN,242,2023-05-07,
9833,108,8,OUT,12,2023-11-28,10860
9834,196,10,OUT,245,2024-08-09,29631
9835,83,4,OUT,269,2023-11-09,6542
9836,205,26,IN,339,2024-02-08,
9837,275,31,OUT,152,2024-06-22,28615
9838,266,7,IN,169,2024-08-24,
9839,205,33,OUT,145,2024-08-10,17720
9840,148,12,IN,312,2024-11-14,
9841,140,2,IN,43,2023-04-08,
9842,73,1,IN,292,2024-11-04,
9843,316,3,IN,177,2023-03-16,
9844,150,19,IN,284,2024-09-09,
9845,13,10,OUT,427,2023-05-25,3230
9846,359,32,IN,217,2024-06-14,
9847,170,12,IN,251,2024-07-19,
9848,53,26,IN,473,2023-12-19,
9849,281,14,IN,259,2024-05-27,
9850,25,30,OUT,239,2023-10-30,2073
9851,91,24,OUT,371,2023-12-26,28356
9852,183,4,OUT,127,2023-05-20,25754
9853,223,17,IN,237,2023-02-23,
9854,242,10,IN,54,2024-02-06,
9855,315,26,IN,153,2024-05-24,
9856,159,17,IN,66,2024-02-24,
9857,347,13,OUT,15,2023-10-24,26403
9858,355,3,IN,306,2023-07-13,
9859,121,34,OUT,453,2023-02-24,18873
9860,16,13,IN,65,2024-05-06,
9861,85,21,OUT,377,2023-07-24,23487
9862,98,27,IN,30,2023-06-30,
9863,210,10,OUT,33,2024-03-04,28963
9864,189,9,OUT,25,2023-04-29,2694
9865,8888,888,IN,0,2023-09-30,
9866,250,10,IN,498,2024-06-09,
9867,27,4,OUT,315,2023-03-29,7751
9868,55,1,IN,273,2023-04-24,
9869,343,1,IN,356,2023-01-29,
9870,248,24,IN,432,2023-04-20,
9871,27,6,OUT,75,2024-10-21,20411
9872,314,20,OUT,155,2023-07-15,26037
9873,123,4,IN,102,2023-05-22,
9874,344,12,OUT,425,2024-10-22,13829
9875,321,29,OUT,446,2024-07-27,1649
9876,61,22,OUT,278,2024-02-25,880
9877,141,11,IN,234,2024-08-30,
9878,159,2,OUT,407,2023-04-05,19965
9879,116,1,OUT,393,2024-12-15,1184
9880,111,5,IN,189,2024-03-17,
9881,94,20,OUT,439,2024-01-08,5513
9882,249,4,OUT,152,2023-07-11,24307
9883,301,24,IN,273,2024-06-12,
9884,135,13,OUT,118,2023-04-19,15316
9885,335,4,OUT,42,2024-08-17,24853
9886,213,29,OUT,356,2023-03-14,23278
9887,115,30,OUT,234,2023-12-27,18812
9888,37,17,OUT,229,2024-05-29,5428
9889,186,30,OUT,384,2024-01-04,13657
9890,34,2,OUT,96,2024-06-24,21698
9891,279,8,IN,438,2024-05-29,
9892,192,20,IN,477,2023-05-22,
9893,123,12,IN,326,2024-08-10,
9894,85,5,IN,387,2024-02-15,
9895,168,7,OUT,248,2023-11-08,7986
9896,280,21,OUT,370,2023-12-26,3499
9897,262,6,OUT,107,2024-06-08,27232
9898,309,6,OUT,256,2024-08-31,3924
9899,61,14,OUT,284,2023-03-11,23688
9900,143,3,OUT,417,2023-05-26,7245
9901,39,19,OUT,322,2024-02-16,14847
9902,137,4,IN,479,2024-07-08,
9903,254,24,OUT,29,2024-10-22,2353
9904,106,8,OUT,383,2024-12-05,28584
9905,81,12,OUT,157,2024-07-10,24639
9906,24,19,OUT,276,2023-01-13,16995
9907,308,35,OUT,122,2024-04-21,18584
9908,265,23,OUT,350,2024-11-12,5506
9909,346,5,IN,438,2024-08-04,
9910,277,33,IN,247,2024-04-13,
9911,24,10,IN,230,2023-10-31,
9912,138,10,IN,432,2024-07-03,
9913,37,1,IN,455,2023-11-05,
9914,193,25,OUT,428,2024-05-20,25752
9915,312,27,OUT,151,2023-08-10,22434
9916,242,15,OUT,110,2024-01-18,1551
9917,168,32,OUT,143,2023-08-05,3776
9918,160,32,IN,416,2024-07-18,
9919,331,18,IN,55,2024-12-15,
9920,69,14,OUT,72,2024-03-16,3107
9921,200,13,OUT,82,2024-12-28,19736
9922,341,10,IN,67,2023-08-27,
9923,85,28,OUT,359,2024-01-17,15378
9924,170,22,OUT,325,2024-10-18,28065
9925,126,31,IN,486,2024-07-04,
9926,48,23,OUT,335,2024-01-10,16704
9927,135,11,OUT,294,2023-08-29,12183
9928,150,22,IN,77,2024-09-14,
9929,352,35,IN,315,2024-05-28,
9930,236,23,OUT,399,2024-05-03,24476
9931,273,35,IN,388,2024-02-07,
9932,150,1,OUT,161,2023-12-03,23134
9933,76,14,OUT,135,2023-07-29,6043
9934,19,32,OUT,374,2024-06-09,7708
9935,141,8,IN,71,2024-09-24,
9936,113,12,OUT,337,2023-11-06,2591
9937,68,11,OUT,314,2024-02-27,8564
9938,111,14,OUT,477,2023-03-29,15167
9939,255,22,OUT,0,2023-09-21,4746
9940,125,15,OUT,172,2023-03-04,14011
9941,291,20,IN,39,2024-09-14,
9942,44,20,OUT,214,2023-05-29,29804
9943,53,15,OUT,367,2024-01-26,22283
9944,278,2,OUT,128,2023-03-14,20963
9945,159,2,IN,187,2024-03-17,
9946,104,18,OUT,398,2024-03-02,17875
9947,8888,888,IN,0,2023-03-06,
9948,289,30,IN,133,2024-08-20,
9949,219,23,OUT,323,2024-04-15,28509
9950,316,33,OUT,478,2024-11-27,9826
9951,24,33,OUT,272,2023-07-07,27924
9952,184,9,IN,136,2023-01-19,
9953,257,15,OUT,300,2023-08-25,24042
9954,218,14,OUT,303,2023-01-29,24124
9955,67,6,OUT,342,2024-04-17,10149
9956,270,25,OUT,449,2024-01-29,12687
9957,242,34,OUT,335,2024-11-16,22821
9958,27,19,IN,208,2024-09-25,
9959,18,1,OUT,61,2024-05-05,7284
9960,178,25,OUT,279,2023-07-29,26942
9961,273,30,IN,355,2024-04-28,
9962,65,9,OUT,490,2024-12-19,13188
9963,321,7,OUT,200,2024-03-04,10082
9964,190,9,OUT,94,2023-08-07,10283
9965,221,3,IN,187,2024-04-17,
9966,261,18,OUT,270,2023-12-07,5996
9967,78,5,OUT,53,2024-12-02,29190
9968,31,12,OUT,439,2024-10-11,27116
9969,210,28,IN,424,2023-03-21,
9970,114,17,IN,86,2024-02-19,
9971,352,15,OUT,268,2024-07-13,18628
9972,217,9,IN,175,2024-11-26,
9973,183,30,OUT,227,2023-07-13,22105
9974,52,35,OUT,336,2024-04-26,26217
9975,325,9,OUT,243,2023-02-07,7025
9976,229,10,OUT,241,2023-02-26,29261
9977,247,1,IN,476,2024-04-07,
9978,236,32,OUT,25,2024-12-17,8552
9979,179,25,IN,206,2024-12-31,
9980,360,31,OUT,58,2023-08-08,13125
9981,314,8,OUT,422,2024-07-28,10788
9982,223,6,OUT,152,2024-11-01,21779
9983,102,5,IN,256,2023-01-17,
9984,272,25,OUT,177,2024-08-08,12110
9985,204,19,OUT,463,2024-02-26,15016
9986,159,34,OUT,304,2024-12-25,3824
9987,239,18,IN,491,2024-11-20,
9988,338,6,OUT,1,2024-03-30,21836
9989,353,17,IN,299,2024-01-16,
9990,293,29,OUT,47,2023-09-13,10761
9991,327,21,IN,209,2024-11-05,
9992,221,23,OUT,194,2023-01-20,2751
9993,329,34,OUT,237,2023-06-13,16217
9994,35,4,OUT,56,2023-03-20,5247
9995,39,20,IN,244,2023-01-21,
9996,243,32,OUT,63,2023-01-04,28816
9997,234,32,IN,313,2023-05-09,
9998,152,9,OUT,234,2023-10-30,21871
9999,8888,888,IN,0,2023-12-03,
10000,206,28,IN,137,2023-04-20,
10001,126,21,OUT,221,2024-10-26,8132
10002,40,32,IN,19,2023-05-03,
10003,170,25,IN,106,2023-08-16,
10004,332,30,OUT,285,2024-07-04,6862
10005,333,3,OUT,257,2023-10-29,10952
10006,121,11,IN,415,2023-01-09,
10007,209,24,IN,221,2023-11-22,
10008,259,3,OUT,49,2024-06-21,24683
10009,297,8,OUT,311,2023-06-07,9219
10010,217,15,OUT,262,2024-12-01,10090
10011,350,5,OUT,390,2023-04-28,20896
10012,154,4,IN,113,2023-06-16,
10013,102,18,OUT,272,2023-01-12,8317
10014,114,7,OUT,390,2024-07-28,13973
10015,127,9,IN,224,2024-01-27,
10016,217,34,IN,442,2024-05-09,
10017,256,26,IN,427,2023-05-20,
10018,177,4,OUT,11,2023-04-28,23011
10019,101,26,OUT,229,2024-06-30,10322
10020,34,32,OUT,344,2024-10-29,2340
10021,151,8,IN,218,2024-11-12,
10022,335,30,OUT,499,2024-08-18,11011
10023,352,3,OUT,177,2024-11-07,23696
10024,222,10,IN,265,2023-06-27,
10025,43,16,OUT,109,2024-12-27,11869
10026,284,31,OUT,154,2024-08-11,15779
10027,349,27,OUT,56,2023-12-16,15495
10028,32,34,IN,313,2023-01-15,
10029,352,16,OUT,194,2023-07-23,22548
10030,214,34,OUT,63,2024-06-21,29494
10031,322,15,IN,282,2023-09-14,
10032,217,4,IN,316,2024-07-23,
10033,141,18,IN,57,2024-03-05,
10034,140,7,OUT,418,2023-09-22,21502
10035,188,33,OUT,295,2024-08-09,14727
10036,92,29,IN,244,2024-03-09,
10037,356,26,IN,378,2024-11-28,
10038,232,25,OUT,275,2024-04-17,18646
10039,328,31,IN,415,2023-07-22,
10040,258,17,OUT,289,2024-01-08,20535
10041,144,1,IN,386,2024-11-25,
10042,317,9,IN,440,2023-11-30,
10043,89,6,OUT,127,2023-05-13,6197
10044,36,29,OUT,0,2023-10-09,13474
10045,225,26,IN,285,2023-09-03,
10046,288,3,OUT,475,2024-11-12,19758
10047,69,1,IN,394,2023-01-24,
10048,264,22,IN,301,2023-05-31,
10049,223,5,OUT,498,2024-04-06,18687
10050,111,7,IN,192,2023-03-27,
10051,45,33,OUT,365,2024-10-31,11305
10052,16,8,IN,97,2024-10-08,
10053,178,2,IN,161,2024-03-02,
10054,78,2,IN,338,2023-04-05,
10055,220,35,OUT,162,2024-10-24,8068
10056,84,19,OUT,410,2024-04-22,3516
10057,276,10,IN,292,2023-11-14,
10058,264,19,IN,360,2023-10-28,
10059,275,18,OUT,71,2024-12-30,17822
10060,354,22,OUT,63,2024-12-23,5932
10061,350,2,IN,230,2024-06-06,
10062,340,21,OUT,240,2023-03-18,11989
10063,127,10,OUT,370,2024-04-18,1325
10064,61,8,IN,356,2024-05-22,
10065,149,6,OUT,97,2023-07-27,7479
10066,145,30,IN,204,2024-12-16,
10067,82,35,OUT,145,2023-07-01,9853
10068,326,10,IN,477,2024-07-24,
10069,76,33,OUT,431,2024-04-07,2433
10070,203,8,IN,301,2023-05-04,
10071,109,30,OUT,132,2024-06-22,17730
10072,257,31,OUT,98,2024-06-24,12750
10073,72,6,IN,439,2024-07-02,
10074,58,28,IN,23,2023-10-26,
10075,8888,888,IN,0,2023-07-22,
10076,322,19,OUT,13,2024-09-11,20675
10077,304,33,IN,155,2023-03-03,
10078,82,32,OUT,278,2024-08-25,20797
10079,148,29,OUT,273,2023-06-25,4763
10080,36,32,OUT,262,2024-03-09,2791
10081,155,16,OUT,228,2024-06-13,3880
10082,168,22,OUT,188,2024-05-05,20508
10083,96,18,IN,492,2023-08-16,
10084,203,25,IN,169,2023-05-12,
10085,143,3,IN,453,2024-01-04,
10086,158,33,OUT,2,2023-06-30,17739
10087,319,14,OUT,462,2023-06-16,7740
10088,54,14,IN,490,2023-02-20,
10089,160,12,OUT,160,2024-11-19,25933
10090,243,11,IN,205,2024-10-12,
10091,106,12,OUT,372,2023-02-13,20366
10092,72,5,OUT,273,2024-06-07,178
10093,80,5,IN,323,2023-08-26,
10094,58,2,OUT,27,2024-01-30,7468
10095,298,20,IN,494,2024-06-25,
10096,332,8,OUT,129,2023-05-04,11995
10097,5,27,IN,108,2024-01-31,
10098,247,27,OUT,420,2024-06-10,26491
10099,165,10,IN,345,2023-09-17,
10100,215,13,OUT,286,2024-06-24,73
10101,342,30,IN,60,2023-01-30,
10102,228,22,OUT,233,2024-05-01,6949
10103,120,19,OUT,481,2024-03-09,18772
10104,281,20,OUT,269,2023-05-06,28806
10105,172,29,OUT,240,2024-07-25,2360
10106,262,12,OUT,350,2024-04-06,28046
10107,166,20,OUT,170,2023-05-15,54
10108,346,22,OUT,259,2024-11-21,7554
10109,80,31,IN,159,2024-01-22,
10110,239,3,IN,356,2024-03-19,
10111,198,1,OUT,250,2023-10-09,21885
10112,13,7,IN,86,2024-02-15,
10113,163,31,OUT,119,2024-06-17,17188
10114,345,2,IN,423,2023-08-24,
10115,275,10,IN,65,2023-08-21,
10116,347,6,IN,29,2024-06-28,
10117,158,30,OUT,447,2023-02-24,14565
10118,181,1,IN,379,2023-12-23,
10119,328,17,IN,287,2024-02-09,
10120,207,33,OUT,27,2023-08-01,21886
10121,78,4,OUT,314,2023-08-17,27874
10122,158,9,IN,0,2023-08-24,
10123,139,7,IN,154,2024-01-10,
10124,191,9,OUT,243,2023-04-16,2316
10125,6,25,OUT,450,2023-01-06,12837
10126,300,35,IN,29,2024-02-04,
10127,229,21,IN,76,2024-01-23,
10128,285,21,IN,310,2024-06-12,
10129,339,34,IN,288,2024-06-02,
10130,159,32,OUT,468,2023-09-23,25707
10131,56,31,OUT,345,2023-07-10,16070
10132,290,25,IN,87,2024-03-26,
10133,83,10,IN,138,2023-06-14,
10134,78,30,IN,188,2023-01-24,
10135,18,11,OUT,206,2024-10-08,10507
10136,26,17,IN,158,2024-10-29,
10137,192,8,OUT,419,2023-09-11,17365
10138,47,16,OUT,13,2023-12-02,14510
10139,259,10,IN,433,2023-07-31,
10140,5,15,IN,484,2024-08-05,
10141,2,35,OUT,359,2023-12-19,15064
10142,262,11,OUT,367,2024-08-03,29957
10143,131,2,OUT,178,2023-05-22,7847
10144,320,12,IN,474,2023-11-25,
10145,74,23,IN,465,2023-01-13,
10146,148,31,IN,130,2023-08-19,
10147,112,30,OUT,67,2023-11-04,9561
10148,262,16,OUT,316,2024-12-30,8371
10149,328,34,OUT,260,2024-11-17,1725
10150,111,11,OUT,440,2024-01-03,17743
10151,312,8,IN,149,2024-01-28,
10152,166,28,OUT,357,2024-09-03,11780
10153,218,2,OUT,83,2023-10-17,21539
10154,323,22,OUT,421,2024-01-11,23349
10155,248,33,OUT,320,2023-02-28,28748
10156,70,19,OUT,175,2024-09-17,12566
10157,41,2,OUT,87,2024-05-09,23471
10158,55,31,OUT,385,2023-12-21,8444
10159,12,11,OUT,262,2023-01-18,1548
10160,100,9,OUT,226,2024-05-16,5645
10161,229,34,OUT,9,2024-11-06,23798
10162,3,35,IN,315,2024-08-06,
10163,255,23,IN,483,2024-06-05,
10164,149,13,OUT,230,2023-10-22,10654
10165,157,27,IN,341,2023-11-16,
10166,8888,888,IN,0,2023-12-02,
10167,340,33,IN,489,2024-09-15,
10168,221,13,IN,117,2024-08-16,
10169,172,13,IN,338,2024-02-04,
10170,338,14,IN,271,2024-06-01,
10171,358,31,IN,284,2023-07-19,
10172,322,24,OUT,318,2023-08-06,29247
10173,11,7,OUT,243,2024-09-19,4835
10174,199,23,IN,500,2024-10-27,
10175,284,8,IN,342,2024-07-10,
10176,310,11,OUT,375,2023-11-03,12978
10177,316,12,OUT,83,2023-09-25,22035
10178,344,31,OUT,159,2023-05-04,6039
10179,268,23,OUT,179,2023-05-22,12778
10180,248,32,IN,26,2023-02-15,
10181,53,14,IN,304,2024-11-18,
10182,111,21,IN,149,2023-09-28,
10183,76,26,IN,322,2024-12-26,
10184,187,32,IN,299,2024-06-11,
10185,140,4,OUT,231,2023-02-02,11716
10186,233,3,OUT,318,2023-05-20,13758
10187,12,34,OUT,243,2023-11-21,17856
10188,249,11,OUT,230,2024-04-23,14687
10189,197,6,IN,215,2023-09-12,
10190,232,6,IN,341,2023-05-05,
10191,95,14,IN,478,2024-01-05,
10192,43,29,OUT,472,2023-08-01,11796
10193,279,11,OUT,490,2024-09-12,9100
10194,48,21,OUT,396,2024-06-22,7030
10195,194,23,OUT,136,2023-02-02,14584
10196,64,4,IN,356,2024-11-23,
10197,213,21,OUT,397,2024-10-02,3544
10198,298,16,OUT,59,2023-10-04,2913
10199,13,11,OUT,445,2024-08-31,16774
10200,192,27,OUT,161,2024-06-29,20276
10201,44,18,OUT,373,2024-09-18,29038
10202,158,33,OUT,141,2023-11-26,13371
10203,34,7,IN,450,2024-01-14,
10204,149,18,IN,457,2023-07-08,
10205,71,12,IN,337,2024-12-10,
10206,115,20,IN,2,2023-03-05,
10207,55,24,OUT,317,2024-09-07,13375
10208,84,8,OUT,207,2023-05-28,15885
10209,118,23,OUT,462,2024-01-20,1857
10210,52,33,IN,389,2023-11-06,
10211,45,8,IN,325,2024-10-19,
10212,37,30,IN,214,2023-06-20,
10213,120,14,OUT,386,2023-09-13,14612
10214,284,14,OUT,98,2024-06-08,24974
10215,85,18,OUT,441,2023-04-18,23634
10216,278,1,OUT,313,2023-12-28,14777
10217,102,35,OUT,196,2023-05-20,10412
10218,267,25,IN,15,2024-09-09,
10219,41,35,OUT,37,2024-12-25,16061
10220,304,29,OUT,174,2024-03-04,6764
10221,66,22,OUT,43,2024-02-14,8976
10222,28,9,OUT,102,2024-10-02,12494
10223,186,19,IN,388,2023-06-15,
10224,85,25,IN,438,2024-05-21,
10225,100,16,IN,297,2024-01-05,
10226,104,19,IN,428,2023-06-06,
10227,95,28,IN,270,2024-04-29,
10228,196,1,OUT,494,2024-08-10,20570
10229,214,16,OUT,163,2023-03-28,20793
10230,112,23,OUT,470,2024-11-10,25335
10231,41,12,IN,22,2024-08-16,
10232,238,23,IN,246,2023-03-20,
10233,205,27,OUT,100,2024-08-27,9021
10234,179,11,OUT,367,2024-06-16,11982
10235,79,17,IN,252,2023-02-22,
10236,157,34,OUT,290,2024-11-25,19256
10237,100,31,IN,42,2023-11-28,
10238,297,11,OUT,82,2024-09-02,11595
10239,6,35,IN,301,2024-08-24,
10240,1,11,IN,26,2024-11-19,
10241,54,13,OUT,16,2023-03-20,20108
10242,145,7,OUT,118,2024-10-21,9706
10243,8888,888,OUT,0,2024-02-06,888888
10244,31,26,IN,247,2024-01-21,
10245,67,31,OUT,389,2023-02-04,26184
10246,115,28,OUT,379,2023-08-02,3849
10247,4,4,IN,351,2024-10-03,
10248,161,6,OUT,406,2024-07-11,6120
10249,168,30,OUT,102,2023-11-30,5268
10250,96,21,OUT,237,2023-03-28,14656
10251,108,1,OUT,163,2024-03-04,27685
10252,4,18,OUT,236,2023-11-25,22769
10253,77,32,OUT,160,2023-07-19,15313
10254,106,5,OUT,461,2024-01-08,7441
10255,206,6,IN,398,2024-12-08,
10256,215,4,OUT,429,2023-11-07,11384
10257,27,11,OUT,301,2023-03-11,13873
10258,146,22,IN,266,2023-04-04,
10259,162,25,OUT,225,2023-04-15,10154
10260,75,17,IN,80,2023-02-06,
10261,232,31,IN,270,2023-11-03,
10262,18,13,OUT,27,2024-10-10,21549
10263,21,23,OUT,405,2023-05-30,3038
10264,267,1,OUT,109,2024-01-22,24043
10265,108,16,IN,347,2023-09-20,
10266,293,22,OUT,437,2023-11-08,3700
10267,187,20,OUT,289,2023-09-25,520
10268,183,31,OUT,67,2024-08-06,16169
10269,106,17,OUT,292,2023-03-06,22559
10270,314,14,OUT,165,2024-11-16,190
10271,120,35,IN,231,2024-06-07,
10272,230,27,OUT,318,2023-05-12,25204
10273,167,31,IN,411,2024-05-29,
10274,77,29,OUT,357,2023-08-07,11696
10275,114,35,OUT,367,2024-06-17,10864
10276,260,32,OUT,359,2023-07-31,5280
10277,259,8,OUT,178,2023-12-16,11995
10278,221,31,IN,358,2023-04-05,
10279,321,12,IN,83,2023-06-26,
10280,279,15,IN,109,2024-02-29,
10281,228,26,IN,225,2024-07-20,
10282,198,15,OUT,312,2023-01-02,12231
10283,52,21,IN,347,2024-08-29,
10284,195,10,OUT,231,2024-03-09,11851
10285,6,14,OUT,343,2023-06-01,3780
10286,164,7,IN,362,2024-03-27,
10287,347,3,OUT,235,2023-10-25,26355
10288,8,5,IN,226,2023-05-09,
10289,355,33,IN,285,2024-06-03,
10290,233,3,OUT,242,2023-08-23,24306
10291,305,32,IN,439,2023-04-13,
10292,355,35,OUT,108,2024-06-19,25448
10293,65,19,IN,247,2024-05-10,
10294,2,22,OUT,434,2023-02-04,28007
10295,298,31,OUT,288,2023-04-30,511
10296,179,14,IN,236,2023-11-23,
10297,193,26,OUT,200,2023-06-08,2797
10298,251,3,OUT,244,2024-01-20,13151
10299,331,8,OUT,197,2023-02-19,13196
10300,198,6,IN,200,2024-05-06,
10301,107,26,OUT,68,2023-01-19,19182
10302,40,16,IN,462,2023-01-15,
10303,189,35,IN,100,2024-05-01,
10304,155,15,OUT,246,2023-07-21,9310
10305,258,7,OUT,48,2024-09-23,9320
10306,205,8,OUT,339,2024-04-28,2991
10307,287,32,IN,176,2024-12-26,
10308,116,23,OUT,358,2023-01-05,7401
10309,166,12,OUT,48,2023-09-14,10744
10310,211,8,OUT,460,2023-07-03,7157
10311,8888,888,IN,0,2024-10-08,
10312,11,21,OUT,365,2024-12-11,24302
10313,143,8,OUT,460,2024-01-22,11045
10314,250,20,OUT,151,2024-06-08,24597
10315,267,28,OUT,460,2023-10-29,28507
10316,209,6,OUT,216,2024-11-13,4146
10317,328,21,IN,191,2023-05-06,
10318,310,1,OUT,314,2023-05-15,25486
10319,221,1,IN,46,2023-07-15,
10320,90,24,OUT,225,2024-02-19,14403
10321,291,29,OUT,226,2024-12-25,5136
10322,250,17,OUT,209,2023-07-14,15005
10323,111,3,OUT,375,2023-11-18,348
10324,242,34,IN,332,2023-08-07,
10325,182,27,IN,307,2024-12-08,
10326,214,6,IN,215,2023-05-12,
10327,353,7,IN,29,2024-03-21,
10328,236,23,OUT,167,2024-10-04,5801
10329,304,19,OUT,63,2024-05-17,1289
10330,243,1,IN,416,2024-02-14,
10331,318,2,OUT,143,2023-12-03,900
10332,48,31,IN,247,2024-09-25,
10333,128,16,OUT,377,2024-02-20,3211
10334,173,1,OUT,89,2024-06-01,19952
10335,8888,888,IN,0,2023-11-20,
10336,155,20,IN,55,2023-07-07,
10337,57,17,IN,60,2023-08-07,
10338,67,27,IN,130,2024-06-27,
10339,8888,888,IN,0,2024-02-25,
10340,223,21,IN,31,2023-04-11,
10341,152,10,OUT,454,2023-08-29,6318
10342,82,13,OUT,340,2023-12-02,2270
10343,222,31,IN,303,2023-05-21,
10344,56,29,IN,44,2023-06-07,
10345,128,19,IN,460,2024-01-30,
10346,16,15,OUT,335,2023-12-18,13086
10347,355,31,OUT,292,2024-03-06,16813
10348,113,23,OUT,400,2024-01-24,7911
10349,346,12,OUT,223,2023-10-19,16142
10350,33,9,IN,27,2023-07-27,
10351,215,1,IN,80,2023-01-20,
10352,336,1,OUT,33,2024-04-12,23912
10353,321,4,OUT,371,2024-10-13,2683
10354,327,3,IN,467,2024-06-07,
10355,306,34,IN,291,2024-06-30,
10356,169,3,OUT,19,2024-02-28,4139
10357,315,5,OUT,81,2023-07-01,24498
10358,221,2,OUT,70,2023-04-21,15929
10359,290,7,IN,25,2024-09-18,
10360,269,28,OUT,224,2023-01-18,27247
10361,92,28,OUT,53,2024-12-18,23920
10362,123,19,OUT,13,2024-06-29,3623
10363,207,22,IN,72,2023-06-29,
10364,265,18,OUT,199,2024-11-16,21902
10365,299,30,OUT,314,2023-10-05,6345
10366,248,16,OUT,446,2023-01-16,10846
10367,279,33,OUT,105,2023-01-25,27658
10368,356,19,IN,294,2023-04-28,
10369,107,17,IN,316,2023-08-09,
10370,335,7,OUT,55,2023-09-14,27685
10371,21,21,IN,62,2023-04-22,
10372,347,28,OUT,441,2024-06-19,4089
10373,116,35,OUT,246,2024-01-08,5356
10374,2,19,IN,277,2024-07-22,
10375,26,2,IN,304,2023-05-04,
10376,68,28,OUT,466,2023-05-31,7810
10377,211,31,IN,68,2023-12-22,
10378,149,15,OUT,115,2023-01-11,18826
10379,150,9,IN,256,2024-10-10,
10380,41,2,IN,109,2023-09-07,
10381,233,29,OUT,163,2023-05-15,16727
10382,248,15,OUT,322,2024-02-03,22174
10383,103,33,IN,467,2023-12-16,
10384,195,9,OUT,474,2023-05-17,14489
10385,298,7,OUT,29,2024-01-31,9757
10386,8,35,OUT,79,2023-12-30,9539
10387,213,17,OUT,0,2023-01-20,26925
10388,307,20,OUT,467,2023-08-23,19521
10389,124,18,OUT,328,2024-03-26,7891
10390,94,32,OUT,251,2023-01-11,2512
10391,342,14,IN,444,2024-11-22,
10392,50,7,IN,62,2023-10-01,
10393,196,25,OUT,310,2024-05-17,8428
10394,209,13,OUT,480,2024-03-03,1491
10395,51,33,OUT,437,2024-05-08,18655
10396,136,35,OUT,447,2024-11-13,2095
10397,3,31,OUT,212,2023-11-11,6454
10398,128,2,OUT,421,2024-04-14,15249
10399,50,14,IN,401,2024-02-02,
10400,276,32,OUT,77,2023-01-12,28982
10401,1,18,IN,356,2023-07-04,
10402,66,1,OUT,326,2023-03-19,28563
10403,245,2,IN,491,2023-08-06,
10404,287,10,OUT,60,2024-08-16,8100
10405,8888,888,IN,0,2023-02-04,
10406,181,28,IN,457,2024-09-28,
10407,34,16,IN,282,2024-09-19,
10408,31,18,IN,374,2023-05-27,
10409,353,3,OUT,223,2024-08-17,18740
10410,78,16,IN,202,2024-06-04,
10411,321,23,OUT,372,2024-10-23,24584
10412,167,8,IN,382,2024-03-20,
10413,176,18,OUT,397,2024-04-04,23
10414,134,9,IN,65,2023-04-22,
10415,283,10,OUT,148,2023-05-22,8801
10416,256,15,IN,176,2023-07-18,
10417,308,12,OUT,342,2023-02-08,1627
10418,232,20,OUT,495,2023-11-19,7443
10419,226,23,OUT,450,2023-03-10,2412
10420,302,32,OUT,54,2024-11-18,11828
10421,329,30,OUT,338,2023-03-07,29926
10422,198,28,IN,493,2023-01-20,
10423,8888,888,IN,0,2024-05-02,
10424,62,27,IN,123,2024-03-06,
10425,198,14,OUT,459,2024-01-15,2642
10426,313,30,OUT,12,2024-10-24,10361
10427,141,35,IN,276,2024-03-06,
10428,202,35,IN,113,2024-08-19,
10429,254,10,IN,378,2023-11-26,
10430,219,7,OUT,480,2024-08-12,5704
10431,267,5,OUT,295,2024-10-24,5894
10432,72,20,OUT,360,2024-12-09,3544
10433,34,19,OUT,412,2024-01-13,16728
10434,155,34,IN,462,2023-08-11,
10435,210,29,IN,218,2024-08-18,
10436,224,17,OUT,447,2023-02-06,1923
10437,263,22,OUT,50,2023-01-09,2801
10438,8888,888,OUT,0,2024-01-24,888888
10439,247,18,IN,187,2023-03-23,
10440,263,20,OUT,0,2024-03-29,1193
10441,299,31,IN,41,2024-07-23,
10442,306,8,IN,360,2023-05-13,
10443,65,12,IN,304,2024-12-15,
10444,268,13,OUT,190,2023-07-16,11175
10445,208,23,IN,179,2023-01-28,
10446,155,27,IN,60,2023-11-04,
10447,69,25,IN,485,2024-03-01,
10448,27,23,OUT,321,2024-09-04,14321
10449,67,20,IN,458,2023-02-12,
10450,206,22,OUT,136,2024-01-09,25853
10451,299,1,IN,328,2023-07-13,
10452,84,9,OUT,144,2024-10-24,13930
10453,226,6,IN,158,2024-06-18,
10454,23,19,IN,177,2023-05-23,
10455,80,6,IN,354,2024-08-16,
10456,89,13,OUT,248,2024-12-12,3954
10457,1,35,OUT,412,2024-09-24,11954
10458,349,27,OUT,292,2024-08-10,26195
10459,153,8,IN,337,2023-04-18,
10460,291,31,IN,432,2023-03-21,
10461,128,22,OUT,64,2023-09-08,17436
10462,263,6,OUT,453,2023-09-29,29769
10463,38,8,OUT,131,2023-08-16,28096
10464,109,6,OUT,434,2024-04-05,25730
10465,331,26,OUT,317,2024-01-15,29986
10466,325,2,OUT,274,2024-12-15,26897
10467,123,29,IN,329,2024-01-09,
10468,74,18,IN,76,2023-11-28,
10469,25,22,OUT,172,2024-11-26,16174
10470,121,31,OUT,155,2023-09-10,27562
10471,273,14,IN,497,2023-08-05,
10472,294,3,OUT,204,2024-04-06,25390
10473,48,8,IN,465,2023-03-31,
10474,310,14,IN,35,2024-03-16,
10475,354,31,OUT,332,2024-09-04,18162
10476,154,10,OUT,489,2024-12-04,15205
10477,8888,888,OUT,0,2024-09-04,888888
10478,277,30,OUT,161,2024-10-18,2673
10479,311,32,IN,99,2024-11-20,
10480,129,19,IN,158,2023-02-08,
10481,96,26,OUT,299,2023-07-23,1768
10482,60,16,IN,199,2024-01-30,
10483,241,7,IN,77,2023-10-11,
10484,55,30,OUT,51,2024-09-04,26656
10485,77,34,OUT,45,2024-10-17,18138
10486,358,12,OUT,106,2023-10-31,27284
10487,276,34,IN,492,2023-10-04,
10488,277,33,OUT,254,2024-09-11,27131
10489,324,13,IN,196,2024-12-08,
10490,8888,888,OUT,0,2024-05-04,888888
10491,336,20,IN,333,2023-11-02,
10492,217,33,IN,337,2024-03-31,
10493,305,19,OUT,457,2023-03-02,14354
10494,212,15,OUT,271,2023-05-08,4849
10495,203,22,IN,114,2024-03-20,
10496,77,20,OUT,444,2024-05-21,28285
10497,186,12,IN,480,2023-07-21,
10498,80,7,OUT,330,2023-09-22,12168
10499,259,6,OUT,254,2024-08-28,29990
10500,74,31,IN,40,2024-11-06,
10501,74,23,OUT,338,2024-12-15,3770
10502,243,18,OUT,442,2024-04-16,23942
10503,203,28,IN,85,2023-11-18,
10504,151,11,OUT,137,2023-10-20,21117
10505,218,20,OUT,335,2023-10-27,9259
10506,120,8,IN,309,2023-08-21,
10507,35,27,IN,421,2024-04-19,
10508,303,23,IN,31,2023-01-23,
10509,157,33,OUT,373,2024-06-27,1053
10510,69,26,OUT,159,2024-11-10,13214
10511,356,23,OUT,10,2023-12-27,719
10512,128,17,OUT,180,2023-01-09,5510
10513,300,13,OUT,234,2024-04-20,6284
10514,314,29,OUT,493,2023-10-31,11593
10515,60,22,IN,76,2024-08-13,
10516,329,28,OUT,391,2024-04-29,28787
10517,73,16,IN,372,2023-01-25,
10518,110,21,OUT,389,2023-12-21,28374
10519,349,23,OUT,169,2024-12-22,3058
10520,268,9,OUT,461,2023-10-30,22587
10521,141,21,IN,296,2023-01-01,
10522,103,21,IN,489,2024-03-18,
10523,326,10,OUT,280,2023-09-25,4438
10524,113,23,IN,194,2024-08-21,
10525,8888,888,OUT,0,2023-07-16,888888
10526,339,4,IN,179,2024-06-29,
10527,27,28,OUT,77,2023-01-16,22265
10528,6,26,OUT,83,2024-12-17,15021
10529,8888,888,OUT,0,2024-05-21,888888
10530,324,29,OUT,131,2024-09-04,16450
10531,116,16,IN,37,2023-06-15,
10532,108,6,IN,56,2024-12-02,
10533,112,13,OUT,363,2023-02-22,3812
10534,91,11,OUT,198,2023-05-22,22340
10535,238,13,IN,381,2023-03-25,
10536,171,6,IN,285,2024-11-03,
10537,194,5,OUT,237,2024-07-31,8531
10538,37,27,IN,305,2023-05-22,
10539,162,6,OUT,228,2024-01-05,14998
10540,257,2,IN,70,2023-06-18,
10541,180,5,OUT,189,2024-02-14,20118
10542,12,24,OUT,227,2023-06-04,8655
10543,223,20,IN,448,2024-04-21,
10544,4,35,OUT,163,2024-05-20,1906
10545,224,8,IN,302,2024-05-26,
10546,157,22,OUT,11,2024-02-28,28412
10547,302,6,OUT,66,2023-09-07,4382
10548,70,5,IN,15,2024-11-18,
10549,85,31,OUT,86,2024-10-18,20109
10550,165,30,IN,179,2023-11-12,
10551,226,22,OUT,63,2023-03-22,26683
10552,296,19,OUT,296,2023-02-06,21927
10553,223,3,OUT,33,2024-07-21,10441
10554,56,9,IN,479,2023-09-16,
10555,357,24,IN,140,2023-08-14,
10556,302,2,IN,106,2023-04-01,
10557,5,10,OUT,167,2023-01-04,13220
10558,269,18,IN,334,2024-10-02,
10559,233,9,OUT,28,2024-01-03,4000
10560,344,14,IN,465,2023-01-22,
10561,182,34,OUT,247,2023-01-21,27971
10562,32,29,IN,336,2023-04-11,
10563,12,26,OUT,122,2024-05-22,7215
10564,261,32,OUT,431,2023-05-29,5868
10565,233,33,OUT,343,2024-02-12,25524
10566,220,13,IN,259,2024-10-14,
10567,10,8,OUT,74,2024-03-03,5624
10568,301,8,IN,112,2023-09-26,
10569,22,21,OUT,52,2023-04-29,28938
10570,27,1,IN,216,2024-03-05,
10571,40,28,OUT,179,2024-12-18,28369
10572,105,33,IN,224,2023-03-14,
10573,338,18,IN,45,2024-03-17,
10574,213,32,OUT,334,2024-03-02,14152
10575,105,12,OUT,153,2023-01-02,22298
10576,138,2,IN,41,2023-08-21,
10577,239,30,IN,343,2024-12-24,
10578,211,8,OUT,404,2024-01-17,3001
10579,200,20,IN,442,2023-11-21,
10580,173,6,IN,382,2024-08-25,
10581,53,31,OUT,455,2024-05-27,21920
10582,107,6,IN,76,2024-08-02,
10583,84,28,IN,163,2023-01-01,
10584,178,25,OUT,417,2024-01-02,19381
10585,234,22,OUT,246,2024-01-28,25871
10586,98,19,OUT,482,2023-11-17,24892
10587,15,7,IN,132,2023-02-11,
10588,212,2,IN,157,2023-02-26,
10589,85,19,OUT,335,2023-11-25,25592
10590,306,15,IN,93,2023-01-11,
10591,245,18,OUT,24,2024-07-30,20515
10592,340,31,OUT,31,2024-03-26,25669
10593,225,17,OUT,457,2024-06-06,253
10594,119,14,OUT,156,2023-01-04,9787
10595,19,14,OUT,343,2023-06-12,24595
10596,331,13,IN,374,2023-01-05,
10597,157,14,OUT,71,2023-11-04,16817
10598,356,32,IN,480,2024-08-19,
10599,121,34,OUT,397,2024-04-19,9848
10600,6,13,OUT,200,2023-11-18,20987
10601,75,33,OUT,174,2023-04-16,21070
10602,96,6,OUT,184,2024-12-13,353
10603,3,10,IN,192,2024-05-22,
10604,233,6,OUT,166,2024-05-31,21363
10605,8888,888,OUT,0,2023-05-29,888888
10606,84,4,OUT,155,2024-04-04,9834
10607,216,23,IN,386,2024-11-11,
10608,234,31,OUT,73,2024-03-29,662
10609,284,27,IN,356,2024-10-10,
10610,345,31,OUT,482,2024-06-27,23752
10611,219,4,IN,298,2024-06-22,
10612,76,4,OUT,47,2024-08-14,26334
10613,173,33,OUT,204,2023-09-29,3993
10614,151,24,OUT,451,2024-10-10,20750
10615,30,34,OUT,225,2023-05-26,28076
10616,281,12,IN,486,2024-07-06,
10617,182,7,OUT,447,2024-02-27,2771
10618,346,23,OUT,441,2023-11-15,1275
10619,235,4,OUT,155,2023-11-17,8130
10620,224,11,OUT,118,2023-06-10,26846
10621,93,22,IN,435,2023-09-10,
10622,3,33,IN,165,2024-10-15,
10623,273,15,IN,277,2023-06-05,
10624,131,10,OUT,433,2024-08-11,18757
10625,229,11,OUT,59,2024-10-22,4475
10626,251,2,IN,201,2024-07-13,
10627,204,28,IN,99,2023-06-24,
10628,306,33,OUT,474,2023-01-06,9088
10629,300,5,IN,214,2024-02-01,
10630,108,13,IN,158,2024-08-22,
10631,55,19,IN,221,2023-04-08,
10632,222,24,IN,434,2023-06-07,
10633,300,11,IN,449,2023-01-12,
10634,268,16,IN,31,2023-08-01,
10635,318,1,OUT,203,2023-02-24,9412
10636,333,17,OUT,167,2024-07-17,23533
10637,359,19,OUT,150,2023-12-14,8982
10638,28,13,IN,322,2024-10-22,
10639,244,35,OUT,358,2023-12-10,17150
10640,68,24,OUT,387,2024-06-08,11926
10641,354,27,IN,451,2024-01-07,
10642,340,20,IN,370,2023-06-28,
10643,105,19,IN,190,2024-04-15,
10644,117,34,IN,129,2023-03-08,
10645,317,32,OUT,298,2024-04-15,13275
10646,28,33,OUT,425,2024-04-27,15979
10647,222,5,OUT,286,2024-08-27,1724
10648,252,4,OUT,282,2024-12-31,28290
10649,209,29,OUT,197,2024-03-01,10898
10650,351,27,IN,114,2023-07-12,
10651,114,25,OUT,29,2023-12-08,6274
10652,307,19,IN,142,2024-06-19,
10653,196,31,OUT,425,2023-07-23,2039
10654,233,7,IN,157,2024-05-07,
10655,95,33,IN,60,2023-03-17,
10656,206,5,OUT,239,2023-12-02,8784
10657,181,17,IN,322,2023-11-06,
10658,21,18,OUT,419,2024-12-15,23583
10659,347,4,IN,204,2023-12-04,
10660,109,20,IN,178,2023-08-10,
10661,9,18,OUT,306,2024-11-07,1459
10662,122,5,OUT,357,2024-06-25,18283
10663,80,28,IN,440,2024-02-28,
10664,108,29,IN,391,2023-05-11,
10665,197,2,OUT,75,2024-05-23,11570
10666,33,1,OUT,389,2023-10-18,28116
10667,156,24,OUT,440,2024-04-06,8877
10668,309,5,IN,394,2024-02-26,
10669,30,27,IN,450,2024-12-03,
10670,101,32,OUT,446,2024-09-13,25689
10671,179,9,OUT,253,2024-01-04,11525
10672,176,12,IN,278,2023-06-24,
10673,72,16,OUT,49,2024-03-05,17642
10674,151,13,OUT,447,2023-10-17,26735
10675,110,16,IN,211,2023-07-02,
10676,325,13,IN,3,2023-03-26,
10677,154,10,IN,348,2024-07-05,
10678,241,19,OUT,108,2024-01-06,18227
10679,304,32,OUT,448,2024-08-14,10736
10680,336,14,IN,183,2023-01-21,
10681,199,20,OUT,117,2023-01-10,2824
10682,35,19,IN,138,2024-07-23,
10683,224,19,IN,275,2023-10-08,
10684,79,16,IN,325,2024-02-29,
10685,217,22,OUT,465,2023-08-12,17491
10686,178,5,OUT,412,2023-03-09,1973
10687,5,16,IN,312,2023-04-03,
10688,187,13,OUT,371,2024-04-16,24851
10689,357,19,OUT,293,2023-06-21,10611
10690,111,1,IN,53,2024-12-23,
10691,14,16,OUT,427,2023-05-31,22414
10692,342,30,IN,397,2023-09-16,
10693,133,20,OUT,299,2024-12-31,14767
10694,84,10,IN,293,2024-11-18,
10695,177,32,IN,373,2024-09-04,
10696,323,24,OUT,182,2023-06-29,23835
10697,246,6,IN,343,2023-12-13,
10698,221,34,IN,218,2024-11-23,
10699,278,34,IN,232,2024-09-11,
10700,30,31,OUT,78,2024-12-24,23745
10701,30,30,OUT,195,2024-10-25,6743
10702,198,8,IN,324,2024-09-22,
10703,137,6,IN,314,2024-12-04,
10704,22,9,OUT,280,2023-07-21,17864
10705,292,4,IN,220,2024-07-01,
10706,99,9,OUT,177,2024-10-19,25463
10707,186,18,IN,440,2024-10-28,
10708,86,2,IN,247,2024-07-14,
10709,226,29,OUT,476,2024-01-30,1462
10710,197,5,OUT,46,2023-03-23,10060
10711,155,4,IN,247,2023-05-13,
10712,23,28,IN,386,2023-10-13,
10713,346,29,IN,301,2024-09-17,
10714,146,15,IN,356,2023-07-17,
10715,324,10,IN,107,2024-11-28,
10716,133,13,OUT,125,2023-02-20,27460
10717,58,6,IN,191,2023-04-07,
10718,110,17,IN,90,2024-10-07,
10719,267,29,IN,290,2023-08-31,
10720,82,22,OUT,11,2023-11-13,24580
10721,8888,888,OUT,0,2024-04-05,888888
10722,280,29,IN,283,2024-06-07,
10723,315,29,OUT,459,2023-02-11,16068
10724,258,13,IN,128,2023-12-13,
10725,110,6,OUT,469,2023-01-02,2414
10726,59,24,OUT,339,2024-08-22,2884
10727,297,12,OUT,175,2024-07-26,14585
10728,281,20,OUT,248,2023-10-22,3707
10729,217,26,IN,370,2024-12-09,
10730,78,33,OUT,273,2024-06-18,12316
10731,9,9,IN,453,2024-06-27,
10732,259,17,IN,367,2023-06-06,
10733,195,21,IN,8,2023-11-30,
10734,51,15,OUT,424,2024-09-20,17145
10735,215,4,OUT,85,2023-09-11,11115
10736,95,25,IN,463,2023-07-04,
10737,211,7,IN,90,2023-10-02,
10738,227,33,OUT,295,2024-05-01,20218
10739,169,20,OUT,208,2023-02-04,19840
10740,240,29,OUT,293,2024-06-04,9973
10741,45,19,IN,460,2023-08-03,
10742,202,29,OUT,91,2023-01-22,27338
10743,104,16,OUT,53,2023-08-07,8764
10744,99,23,OUT,408,2024-04-03,23835
10745,45,8,OUT,399,2024-07-20,8775
10746,243,34,OUT,158,2024-10-04,23684
10747,200,26,IN,472,2024-03-24,
10748,205,15,IN,29,2023-07-23,
10749,223,3,OUT,228,2024-07-17,11764
10750,354,13,IN,234,2024-03-06,
10751,264,20,IN,305,2024-12-29,
10752,264,34,IN,425,2023-02-09,
10753,311,10,OUT,41,2024-05-30,7612
10754,347,10,OUT,46,2023-06-24,13832
10755,197,1,OUT,339,2024-07-08,29312
10756,96,19,OUT,155,2024-11-29,15113
10757,84,16,OUT,332,2023-11-29,15498
10758,234,21,IN,436,2024-11-01,
10759,243,15,OUT,405,2023-01-30,28411
10760,339,15,IN,318,2024-01-17,
10761,127,23,OUT,331,2023-10-03,898
10762,318,3,OUT,414,2023-03-03,2548
10763,206,35,OUT,468,2024-06-13,19847
10764,98,9,OUT,336,2024-11-26,4669
10765,223,13,OUT,293,2023-12-28,17265
10766,164,24,OUT,36,2024-04-12,10766
10767,346,26,IN,184,2023-02-28,
10768,17,13,OUT,271,2024-05-10,3443
10769,132,17,IN,150,2023-09-11,
10770,197,34,OUT,217,2024-01-15,15088
10771,49,22,IN,9,2023-10-18,
10772,152,20,IN,461,2023-12-21,
10773,76,20,IN,137,2024-02-03,
10774,237,9,IN,399,2024-03-30,
10775,39,24,OUT,155,2024-12-30,21686
10776,306,17,IN,4,2024-04-10,
10777,135,2,IN,8,2023-07-14,
10778,54,8,OUT,60,2023-11-06,14562
10779,109,5,IN,434,2024-01-05,
10780,148,6,OUT,296,2023-01-09,4346
10781,5,13,OUT,112,2023-06-06,22304
10782,172,5,OUT,256,2024-01-11,19462
10783,282,26,OUT,182,2023-09-03,16326
10784,138,25,IN,355,2023-01-15,
10785,250,21,IN,252,2024-06-05,
10786,38,33,OUT,375,2024-06-09,25436
10787,261,12,OUT,460,2023-04-19,5982
10788,8888,888,OUT,0,2023-09-05,888888
10789,233,33,IN,286,2023-08-23,
10790,78,26,OUT,250,2023-01-11,22369
10791,236,20,IN,454,2024-03-08,
10792,8888,888,OUT,0,2023-11-20,888888
10793,283,9,IN,33,2024-09-05,
10794,8888,888,IN,0,2024-04-13,
10795,84,25,IN,98,2024-07-03,
10796,294,15,IN,425,2024-02-29,
10797,168,16,IN,340,2024-05-18,
10798,325,5,OUT,168,2023-09-23,16755
10799,287,25,OUT,206,2023-04-25,10456
10800,214,19,OUT,446,2023-05-10,8190
10801,186,33,OUT,491,2024-02-22,21800
10802,55,26,IN,253,2023-10-18,
10803,95,33,OUT,327,2023-02-07,21637
10804,261,20,IN,482,2024-07-12,
10805,299,32,OUT,394,2023-10-22,11984
10806,61,22,OUT,275,2024-04-29,12766
10807,332,5,OUT,146,2023-04-18,15336
10808,21,10,IN,453,2023-06-03,
10809,254,22,OUT,149,2024-10-10,1534
10810,172,12,OUT,344,2024-04-04,9917
10811,327,22,OUT,28,2023-04-18,9608
10812,33,13,OUT,7,2024-11-16,25414
10813,8888,888,IN,0,2024-10-25,
10814,158,19,OUT,141,2024-07-13,15573
10815,323,32,OUT,332,2023-10-17,3188
10816,120,18,IN,233,2023-07-13,
10817,79,6,IN,111,2023-09-01,
10818,121,9,IN,133,2023-09-16,
10819,8,6,OUT,242,2024-03-22,23593
10820,126,23,OUT,95,2024-01-03,13391
10821,42,17,OUT,466,2024-03-18,6451
10822,183,19,OUT,86,2023-01-05,13507
10823,177,27,OUT,105,2023-05-03,4486
10824,253,1,IN,203,2024-05-31,
10825,235,16,OUT,128,2023-04-19,8480
10826,103,12,OUT,189,2023-12-27,29137
10827,95,35,IN,286,2023-04-16,
10828,301,3,OUT,406,2024-12-01,20097
10829,281,1,IN,310,2024-09-23,
10830,15,17,OUT,495,2024-06-29,29794
10831,69,24,OUT,0,2023-10-26,18585
10832,147,16,IN,141,2024-03-25,
10833,36,34,IN,163,2024-05-26,
10834,109,11,OUT,113,2024-03-29,25001
10835,81,14,OUT,418,2024-05-08,24558
10836,341,32,OUT,152,2023-10-25,9697
10837,314,19,OUT,59,2024-02-18,20567
10838,175,22,IN,69,2023-01-12,
10839,147,32,OUT,223,2024-06-21,10111
10840,8888,888,OUT,0,2024-03-31,888888
10841,233,34,IN,65,2024-03-19,
10842,299,22,IN,0,2024-06-01,
10843,92,34,OUT,173,2023-01-31,9478
10844,130,30,IN,112,2023-08-03,
10845,289,16,IN,228,2023-01-04,
10846,82,7,IN,204,2024-06-19,
10847,18,19,IN,399,2023-07-26,
10848,134,32,IN,221,2024-12-11,
10849,82,1,OUT,310,2023-03-14,17285
10850,258,5,IN,366,2024-09-12,
10851,13,1,OUT,397,2024-05-31,18421
10852,160,30,IN,384,2023-07-10,
10853,328,19,IN,172,2023-09-19,
10854,359,4,IN,448,2024-08-30,
10855,71,16,OUT,500,2024-08-05,25733
10856,153,11,IN,254,2024-12-26,
10857,119,4,OUT,12,2023-07-01,13024
10858,171,17,OUT,201,2024-04-19,27269
10859,203,21,OUT,454,2024-10-22,6295
10860,303,14,IN,270,2023-07-12,
10861,209,12,OUT,181,2023-11-14,10545
10862,252,21,OUT,293,2024-09-04,5860
10863,348,11,IN,227,2023-09-10,
10864,8888,888,IN,0,2024-08-31,
10865,303,31,IN,224,2024-10-03,
10866,316,2,IN,4,2023-05-18,
10867,234,30,OUT,401,2024-03-30,23768
10868,60,2,IN,447,2024-05-09,
10869,313,26,IN,407,2024-02-11,
10870,300,17,IN,354,2024-09-29,
10871,225,15,IN,232,2023-01-04,
10872,296,12,IN,459,2023-01-12,
10873,14,7,OUT,379,2023-04-28,6777
10874,261,29,IN,120,2023-06-23,
10875,207,6,IN,4,2023-11-15,
10876,27,35,OUT,298,2024-01-09,14883
10877,317,35,OUT,156,2023-10-30,29366
10878,197,2,IN,293,2023-09-29,
10879,161,15,OUT,411,2023-12-25,29247
10880,94,7,OUT,203,2023-09-25,5625
10881,281,31,OUT,223,2024-06-30,11096
10882,266,19,OUT,139,2024-10-08,18733
10883,59,7,IN,186,2024-05-10,
10884,240,17,IN,229,2024-06-26,
10885,80,29,OUT,127,2023-06-11,3616
10886,304,26,IN,191,2024-01-05,
10887,343,29,OUT,406,2023-06-13,19124
10888,108,19,OUT,207,2024-03-12,26017
10889,150,18,IN,478,2024-01-20,
10890,198,27,IN,388,2023-06-13,
10891,19,31,OUT,261,2023-06-26,1566
10892,318,7,IN,207,2023-03-25,
10893,113,28,IN,272,2024-08-18,
10894,211,8,OUT,172,2024-08-10,26126
10895,76,11,IN,106,2023-10-28,
10896,251,26,OUT,417,2023-12-28,16682
10897,306,20,OUT,135,2023-03-20,15188
10898,193,8,OUT,249,2023-06-06,23360
10899,273,34,OUT,64,2023-05-07,28787
10900,184,3,IN,0,2024-06-01,
10901,200,1,IN,269,2023-10-13,
10902,59,16,IN,236,2024-10-24,
10903,24,30,OUT,338,2023-08-09,8459
10904,74,23,OUT,38,2023-02-06,18225
10905,216,3,OUT,465,2023-02-18,22438
10906,269,20,OUT,61,2024-03-25,17987
10907,279,24,IN,244,2023-08-04,
10908,7,22,OUT,154,2023-11-15,24634
10909,87,27,IN,491,2024-10-12,
10910,15,3,OUT,426,2024-12-19,10705
10911,68,20,OUT,333,2023-07-05,3200
10912,243,18,OUT,434,2023-09-04,28757
10913,113,34,OUT,301,2024-02-17,9631
10914,183,16,IN,336,2024-01-24,
10915,277,11,IN,184,2023-05-20,
10916,264,32,OUT,149,2023-06-25,6369
10917,339,27,OUT,17,2024-07-24,6503
10918,143,27,OUT,338,2023-06-25,7089
10919,48,14,IN,264,2023-07-29,
10920,148,20,OUT,44,2024-07-11,25807
10921,248,13,OUT,149,2023-11-27,4418
10922,278,21,OUT,368,2023-04-02,5229
10923,8888,888,OUT,0,2023-08-27,888888
10924,138,19,IN,17,2023-10-16,
10925,159,17,OUT,313,2023-01-04,27091
10926,230,32,OUT,308,2024-02-22,17696
10927,223,29,OUT,267,2023-09-05,13954
10928,301,7,OUT,72,2024-07-05,7831
10929,116,35,IN,398,2023-01-17,
10930,305,33,OUT,210,2024-11-21,5456
10931,342,23,OUT,89,2023-04-09,23164
10932,173,31,IN,330,2023-05-23,
10933,177,18,IN,168,2023-09-12,
10934,239,34,IN,342,2023-12-06,
10935,296,33,IN,186,2023-07-02,
10936,87,1,OUT,192,2024-12-23,15328
10937,315,20,OUT,417,2023-01-20,22172
10938,6,1,OUT,299,2024-11-01,13480
10939,140,33,OUT,358,2023-12-05,9326
10940,39,5,OUT,171,2024-02-10,21589
10941,339,26,IN,401,2023-06-20,
10942,145,12,IN,7,2023-01-08,
10943,327,26,IN,57,2023-01-21,
10944,118,12,OUT,151,2023-03-06,14570
10945,24,16,OUT,252,2024-04-12,17620
10946,318,32,OUT,307,2023-09-18,25858
10947,43,4,OUT,472,2024-08-17,452
10948,114,30,OUT,64,2024-03-28,12253
10949,101,29,OUT,306,2024-06-07,20546
10950,204,26,IN,329,2023-07-07,
10951,80,10,IN,278,2023-09-11,
10952,47,34,OUT,295,2024-03-06,456
10953,197,17,IN,451,2023-08-05,
10954,8888,888,IN,0,2024-04-18,
10955,332,18,IN,38,2023-03-08,
10956,68,13,IN,442,2024-06-05,
10957,82,7,OUT,358,2023-03-11,1046
10958,333,31,OUT,295,2024-02-04,19676
10959,333,20,IN,219,2024-12-13,
10960,8888,888,IN,0,2023-08-27,
10961,12,28,IN,267,2024-03-05,
10962,265,35,OUT,243,2024-01-10,588
10963,340,31,IN,186,2023-11-28,
10964,149,31,OUT,438,2024-06-02,1691
10965,271,19,OUT,159,2024-11-24,19084
10966,285,27,OUT,366,2024-05-26,17831
10967,118,3,IN,89,2024-12-19,
10968,130,8,IN,462,2024-07-09,
10969,2,12,OUT,206,2024-04-27,16896
10970,6,19,IN,233,2024-11-22,
10971,348,30,IN,326,2024-02-29,
10972,289,16,IN,123,2024-02-16,
10973,14,29,OUT,8,2024-11-05,16965
10974,100,22,OUT,29,2024-07-27,21574
10975,332,23,OUT,317,2024-09-25,17503
10976,255,31,OUT,314,2024-01-17,27004
10977,111,17,OUT,366,2024-04-11,17518
10978,322,19,OUT,4,2023-12-11,8162
10979,230,8,IN,306,2024-12-03,
10980,287,16,OUT,465,2023-06-21,22201
10981,10,21,OUT,233,2024-04-12,18987
10982,319,23,OUT,485,2024-04-25,21516
10983,324,24,IN,438,2023-08-31,
10984,52,3,IN,190,2023-03-29,
10985,176,25,OUT,53,2024-01-14,11471
10986,177,5,OUT,421,2024-09-13,21414
10987,247,14,OUT,1,2023-03-14,11009
10988,303,1,OUT,341,2023-09-30,28673
10989,41,24,OUT,289,2024-10-14,23076
10990,212,6,IN,82,2024-07-23,
10991,146,31,IN,443,2024-01-18,
10992,215,35,OUT,178,2024-01-03,27046
10993,225,34,OUT,157,2024-11-28,27579
10994,3,35,OUT,339,2024-10-02,25352
10995,311,31,OUT,480,2024-06-05,12628
10996,326,13,OUT,248,2024-01-30,14380
10997,43,1,IN,472,2024-01-24,
10998,27,28,IN,15,2023-04-06,
10999,242,9,OUT,370,2024-03-07,8624
11000,49,32,OUT,155,2023-08-13,19758
11001,124,23,OUT,285,2023-12-16,15815
11002,338,7,IN,224,2023-12-16,
11003,118,20,OUT,391,2023-11-27,11708
11004,302,32,IN,134,2023-10-28,
11005,347,22,OUT,319,2024-05-02,26073
11006,343,35,IN,408,2023-01-25,
11007,39,1,OUT,220,2024-05-02,7983
11008,283,30,OUT,108,2023-11-15,11549
11009,265,10,IN,161,2023-12-27,
11010,359,5,OUT,56,2023-04-13,29730
11011,74,34,IN,221,2024-10-04,
11012,43,2,OUT,427,2023-09-14,29944
11013,236,19,IN,414,2024-04-13,
11014,102,14,IN,48,2023-02-22,
11015,201,12,IN,55,2024-09-14,
11016,313,35,IN,491,2023-08-05,
11017,232,23,IN,456,2024-02-10,
11018,256,9,OUT,41,2024-08-21,3803
11019,80,2,IN,1,2023-03-11,
11020,263,35,OUT,238,2024-03-17,22249
11021,290,2,OUT,238,2024-07-09,20359
11022,85,28,IN,454,2023-02-23,
11023,24,3,IN,130,2024-05-02,
11024,6,2,IN,30,2024-03-22,
11025,92,34,OUT,154,2023-09-14,14211
11026,185,33,OUT,387,2023-10-12,8565
11027,191,2,IN,112,2023-02-21,
11028,346,3,IN,398,2023-05-04,
11029,100,12,IN,196,2023-11-15,
11030,189,19,OUT,263,2024-08-14,4402
11031,275,28,IN,409,2024-03-02,
11032,348,21,OUT,307,2024-10-08,11688
11033,268,6,OUT,25,2024-10-30,19020
11034,189,17,IN,70,2024-10-17,
11035,215,25,IN,272,2023-01-29,
11036,283,32,OUT,149,2024-04-02,29216
11037,3,31,IN,433,2024-09-26,
11038,53,3,OUT,142,2024-12-19,13746
11039,134,12,OUT,368,2024-12-12,27679
11040,102,14,OUT,28,2023-11-08,17095
11041,262,8,IN,123,2023-07-22,
11042,247,15,OUT,31,2023-09-24,4792
11043,226,34,OUT,46,2024-09-28,23385
11044,80,33,IN,85,2023-03-05,
11045,347,12,IN,153,2023-07-08,
11046,31,31,IN,270,2023-08-15,
11047,52,16,OUT,288,2023-03-01,9128
11048,211,29,OUT,0,2024-11-21,29464
11049,244,28,OUT,458,2024-01-20,9327
11050,302,18,OUT,237,2023-07-27,18605
11051,333,14,OUT,195,2023-09-13,26936
11052,45,15,OUT,454,2024-10-02,22428
11053,295,23,OUT,396,2023-11-02,614
11054,77,24,OUT,348,2024-02-16,29515
11055,160,23,IN,385,2023-08-01,
11056,254,35,OUT,449,2023-08-18,16348
11057,185,25,OUT,272,2024-10-27,13105
11058,318,23,IN,351,2023-08-13,
11059,171,25,IN,204,2024-07-10,
11060,214,34,OUT,461,2023-01-08,5204
11061,261,2,IN,59,2024-01-04,
11062,29,17,IN,279,2023-06-07,
11063,92,11,IN,347,2024-11-15,
11064,258,8,IN,259,2024-08-10,
11065,98,25,OUT,81,2023-04-30,5784
11066,209,1,IN,225,2024-06-19,
11067,163,17,OUT,404,2024-07-17,24154
11068,235,6,IN,197,2023-08-08,
11069,22,8,OUT,366,2024-03-19,2704
11070,243,21,OUT,64,2023-08-26,16171
11071,19,19,IN,172,2023-12-06,
11072,34,33,IN,235,2023-12-24,
11073,200,14,OUT,264,2024-05-13,21509
11074,239,24,IN,405,2024-12-11,
11075,349,25,OUT,62,2023-09-01,12113
11076,166,10,IN,451,2023-09-14,
11077,284,18,OUT,492,2023-08-12,21218
11078,325,11,OUT,346,2024-08-27,2032
11079,195,9,IN,11,2023-11-04,
11080,199,1,OUT,481,2023-11-19,12231
11081,207,20,OUT,9,2023-03-11,7492
11082,315,13,IN,444,2023-03-13,
11083,37,19,OUT,63,2024-05-29,7276
11084,303,25,IN,376,2024-09-04,
11085,144,33,IN,483,2023-05-10,
11086,266,29,OUT,223,2023-06-20,16823
11087,96,1,OUT,158,2023-11-23,8416
11088,177,5,OUT,343,2024-02-05,2966
11089,293,14,IN,421,2023-02-03,
11090,169,27,OUT,409,2023-02-14,13134
11091,245,27,IN,59,2023-01-23,
11092,277,2,OUT,206,2023-11-18,14292
11093,164,19,IN,31,2024-03-09,
11094,193,20,OUT,125,2024-05-29,18792
11095,95,32,IN,158,2023-06-02,
11096,285,10,OUT,303,2023-10-14,14310
11097,71,35,OUT,133,2023-10-16,7760
11098,67,9,IN,455,2024-03-10,
11099,137,35,IN,160,2024-12-27,
11100,60,16,IN,336,2023-09-01,
11101,159,9,OUT,326,2023-07-14,4247
11102,169,5,IN,207,2024-10-28,
11103,3,32,IN,290,2024-11-12,
11104,245,11,OUT,229,2023-11-24,10138
11105,28,13,OUT,27,2023-01-01,9094
11106,203,28,IN,275,2023-06-03,
11107,60,32,OUT,18,2024-01-29,26807
11108,246,8,OUT,271,2023-06-22,21443
11109,50,3,OUT,365,2023-02-17,15467
11110,81,29,IN,105,2024-10-23,
11111,88,30,OUT,202,2023-04-07,3621
11112,106,32,IN,43,2023-05-08,
11113,334,11,OUT,105,2023-01-08,6185
11114,219,3,IN,90,2024-11-07,
11115,258,19,OUT,323,2024-05-08,23551
11116,237,12,OUT,361,2023-12-03,23586
11117,22,14,OUT,157,2024-07-02,29968
11118,187,19,OUT,337,2023-10-03,13390
11119,98,21,OUT,224,2023-04-27,7154
11120,81,11,OUT,465,2023-12-22,14106
11121,314,26,IN,267,2024-08-31,
11122,206,14,IN,123,2023-02-04,
11123,269,23,OUT,147,2024-11-16,23526
11124,21,29,OUT,445,2023-10-07,14983
11125,233,30,OUT,33,2023-08-29,10945
11126,350,11,IN,219,2024-09-10,
11127,151,5,OUT,405,2024-03-30,7288
11128,325,14,OUT,386,2024-09-12,21617
11129,259,28,OUT,118,2023-03-27,14142
11130,164,20,IN,138,2024-10-05,
11131,281,18,OUT,256,2024-07-14,9364
11132,20,22,IN,119,2024-03-05,
11133,42,21,IN,373,2024-04-12,
11134,63,15,IN,77,2023-10-01,
11135,179,5,OUT,144,2023-06-04,22091
11136,143,6,OUT,0,2023-11-28,15760
11137,72,33,IN,151,2023-03-09,
11138,320,24,IN,95,2023-08-26,
11139,302,21,OUT,404,2023-01-25,27870
11140,324,22,OUT,370,2024-07-03,26344
11141,351,17,OUT,449,2023-04-26,19641
11142,197,29,IN,245,2023-03-12,
11143,254,24,IN,436,2024-12-09,
11144,275,1,OUT,37,2023-02-14,12561
11145,311,16,IN,393,2023-08-30,
11146,278,22,IN,279,2024-03-08,
11147,228,26,IN,443,2023-08-11,
11148,280,28,OUT,261,2023-05-30,29523
11149,60,1,OUT,286,2024-11-09,28128
11150,115,30,IN,46,2024-09-24,
11151,49,26,IN,253,2024-11-08,
11152,230,18,IN,172,2023-08-06,
11153,239,30,OUT,239,2023-03-20,22211
11154,246,5,OUT,167,2024-11-24,23207
11155,346,3,OUT,163,2023-12-04,5313
11156,230,24,OUT,287,2024-03-20,27156
11157,347,35,IN,417,2023-01-22,
11158,104,17,IN,362,2023-11-02,
11159,86,31,IN,426,2023-02-01,
11160,148,12,OUT,205,2023-10-29,1953
11161,226,20,OUT,90,2024-10-20,21781
11162,77,23,OUT,0,2023-03-14,18000
11163,204,22,IN,44,2024-06-27,
11164,22,12,IN,451,2023-04-20,
11165,276,20,IN,252,2024-11-19,
11166,225,18,IN,71,2023-02-06,
11167,63,19,OUT,250,2023-08-12,18982
11168,121,25,IN,218,2024-05-22,
11169,149,19,OUT,219,2024-01-20,7945
11170,247,22,OUT,45,2024-05-01,9054
11171,342,25,OUT,177,2023-03-10,18042
11172,180,13,OUT,9,2023-08-25,16498
11173,338,28,OUT,49,2023-09-23,5296
11174,78,25,OUT,434,2023-03-15,6788
11175,64,1,IN,405,2024-07-11,
11176,36,9,OUT,364,2024-04-08,15370
11177,8888,888,OUT,0,2023-11-19,888888
11178,25,32,IN,458,2023-07-15,
11179,82,25,IN,196,2024-01-02,
11180,8888,888,IN,0,2024-10-28,
11181,35,25,OUT,153,2024-05-07,5980
11182,26,12,OUT,165,2023-04-06,7585
11183,58,3,OUT,410,2023-02-02,1905
11184,291,13,OUT,119,2024-12-21,9642
11185,260,33,OUT,162,2024-11-11,5083
11186,2,28,OUT,2,2024-04-09,17914
11187,360,15,IN,424,2023-11-07,
11188,267,9,IN,226,2024-12-19,
11189,180,12,IN,231,2024-11-30,
11190,8888,888,OUT,0,2023-03-28,888888
11191,323,14,IN,131,2024-12-11,
11192,255,8,OUT,55,2023-06-02,6915
11193,169,15,OUT,270,2024-11-02,24744
11194,306,25,OUT,104,2023-06-18,14053
11195,258,27,IN,169,2023-05-28,
11196,88,22,IN,177,2024-08-10,
11197,228,26,IN,351,2023-04-16,
11198,280,31,IN,141,2024-12-21,
11199,13,31,OUT,61,2024-04-22,10196
11200,91,8,IN,208,2024-08-02,
11201,202,15,OUT,399,2023-06-05,28201
11202,54,1,OUT,43,2024-05-08,26153
11203,157,23,OUT,207,2023-04-06,17361
11204,67,25,IN,354,2024-10-04,
11205,15,25,OUT,339,2023-03-15,4775
11206,26,31,IN,115,2024-12-15,
11207,266,25,OUT,486,2023-11-21,16691
11208,78,6,OUT,207,2024-12-18,14319
11209,181,10,IN,173,2023-09-10,
11210,197,35,IN,193,2023-02-06,
11211,177,14,OUT,484,2024-04-16,9790
11212,107,6,IN,480,2023-05-03,
11213,352,34,OUT,86,2023-10-27,15576
11214,139,23,OUT,0,2023-04-27,23017
11215,85,33,IN,36,2023-01-14,
11216,162,9,IN,92,2024-02-08,
11217,285,8,OUT,458,2023-09-22,522
11218,151,21,IN,260,2023-05-01,
11219,175,31,IN,189,2024-05-24,
11220,206,12,OUT,254,2024-08-24,16240
11221,74,20,IN,44,2024-09-23,
11222,210,16,IN,188,2023-08-07,
11223,22,25,OUT,154,2023-06-27,10655
11224,44,5,IN,81,2023-06-10,
11225,156,34,IN,426,2023-07-11,
11226,49,14,IN,383,2024-06-27,
11227,39,3,OUT,161,2024-06-01,125
11228,37,21,IN,123,2024-09-29,
11229,250,20,OUT,309,2024-08-15,17434
11230,251,6,IN,338,2024-03-28,
11231,318,30,IN,328,2023-07-27,
11232,53,8,IN,95,2024-02-12,
11233,10,15,IN,58,2024-09-20,
11234,169,24,IN,49,2024-05-29,
11235,333,25,OUT,57,2024-08-14,21861
11236,358,7,IN,448,2023-12-20,
11237,356,16,OUT,354,2023-09-06,26015
11238,353,7,OUT,182,2024-03-01,14792
11239,66,9,OUT,1,2024-07-10,27705
11240,335,26,OUT,387,2024-09-22,22735
11241,8888,888,OUT,0,2023-01-18,888888
11242,328,24,IN,163,2024-05-06,
11243,88,5,IN,91,2023-09-04,
11244,308,11,OUT,144,2023-06-16,27689
11245,69,9,OUT,158,2023-04-22,9845
11246,175,24,OUT,193,2023-06-18,11967
11247,329,10,OUT,266,2023-03-24,20848
11248,222,15,IN,291,2024-03-17,
11249,68,24,OUT,0,2024-05-04,5778
11250,50,8,IN,232,2023-05-09,
11251,40,21,IN,301,2024-07-01,
11252,338,32,OUT,152,2023-08-26,15992
11253,42,19,OUT,269,2023-09-27,807
11254,70,10,OUT,322,2023-07-13,12138
11255,240,35,IN,79,2024-02-03,
11256,60,4,IN,129,2023-09-14,
11257,11,5,OUT,260,2024-12-12,14662
11258,167,9,OUT,406,2024-03-31,28440
11259,37,25,IN,36,2024-11-23,
11260,15,21,IN,260,2023-11-03,
11261,7,11,IN,463,2023-01-16,
11262,30,27,OUT,86,2024-10-04,17394
11263,283,35,OUT,242,2024-01-27,25767
11264,350,24,IN,224,2023-02-24,
11265,61,35,IN,483,2024-04-08,
11266,284,14,OUT,74,2023-07-01,23686
11267,292,19,OUT,411,2023-11-09,25084
11268,11,29,IN,295,2024-10-06,
11269,181,8,OUT,471,2023-01-25,1742
11270,220,30,IN,288,2023-07-15,
11271,88,29,OUT,120,2024-08-02,6334
11272,103,6,OUT,226,2023-11-09,9331
11273,273,31,IN,304,2024-08-11,
11274,261,17,IN,293,2023-04-20,
11275,225,24,IN,241,2024-04-16,
11276,220,20,IN,330,2023-03-26,
11277,219,10,OUT,4,2024-08-19,25867
11278,160,6,IN,286,2024-09-30,
11279,55,3,IN,395,2024-04-23,
11280,30,24,OUT,232,2023-04-09,27244
11281,335,1,OUT,89,2024-02-28,22952
11282,202,10,OUT,499,2023-04-20,12283
11283,280,18,IN,469,2024-01-31,
11284,318,1,IN,395,2023-03-23,
11285,117,29,OUT,97,2024-10-06,13093
11286,78,22,OUT,94,2024-11-22,23611
11287,183,30,OUT,109,2024-12-09,260
11288,217,31,OUT,457,2023-05-25,3044
11289,271,10,OUT,37,2024-05-05,7294
11290,194,13,OUT,363,2024-04-02,11899
11291,224,13,OUT,324,2023-09-06,7976
11292,256,8,IN,317,2024-03-01,
11293,124,22,IN,176,2024-05-31,
11294,211,18,IN,277,2024-03-27,
11295,318,16,IN,384,2024-01-24,
11296,318,17,IN,154,2024-09-09,
11297,35,28,OUT,176,2024-10-16,29233
11298,245,21,IN,419,2023-09-30,
11299,231,19,OUT,287,2023-07-28,997
11300,237,10,OUT,146,2023-09-24,2120
11301,284,17,OUT,439,2024-04-26,17967
11302,337,30,OUT,85,2023-09-29,27423
11303,57,30,IN,171,2023-10-12,
11304,309,3,OUT,439,2024-06-19,29089
11305,115,25,OUT,462,2024-11-26,7103
11306,201,14,IN,131,2024-05-12,
11307,330,12,OUT,472,2023-12-05,29126
11308,72,21,OUT,93,2023-05-26,24545
11309,123,15,OUT,155,2024-10-31,29725
11310,262,15,OUT,305,2024-09-06,25441
11311,170,17,OUT,470,2024-11-26,13750
11312,7,32,IN,86,2023-01-20,
11313,127,13,IN,33,2023-06-24,
11314,119,32,OUT,31,2024-04-14,16251
11315,310,14,OUT,115,2023-04-01,12465
11316,2,10,OUT,315,2023-12-12,716
11317,277,28,IN,462,2023-08-21,
11318,8888,888,OUT,0,2023-06-07,888888
11319,108,29,OUT,254,2024-12-21,7872
11320,77,4,IN,131,2023-01-26,
11321,311,14,OUT,11,2023-02-19,9261
11322,210,15,IN,460,2023-05-07,
11323,108,5,IN,303,2024-04-11,
11324,51,28,OUT,247,2023-09-08,15754
11325,11,16,OUT,410,2023-07-25,4731
11326,196,25,IN,71,2023-04-02,
11327,320,3,OUT,93,2024-05-07,3173
11328,139,16,IN,137,2024-08-15,
11329,46,11,IN,139,2024-06-05,
11330,87,34,IN,368,2024-01-19,
11331,350,24,IN,467,2024-04-27,
11332,268,1,IN,398,2023-10-12,
11333,79,17,OUT,432,2024-09-29,2397
11334,8888,888,IN,0,2024-11-15,
11335,111,29,OUT,316,2024-07-11,13911
11336,63,15,IN,85,2023-12-22,
11337,224,10,OUT,137,2023-04-06,4242
11338,77,21,IN,97,2023-11-29,
11339,93,31,OUT,372,2023-05-23,27737
11340,322,4,OUT,432,2023-01-09,24790
11341,12,10,OUT,238,2023-12-18,23339
11342,111,1,OUT,428,2024-09-21,29539
11343,99,4,IN,62,2023-04-17,
11344,118,26,OUT,486,2023-04-11,8666
11345,302,7,OUT,295,2023-06-18,20039
11346,117,21,OUT,411,2024-03-22,5482
11347,141,29,IN,102,2024-05-29,
11348,122,8,OUT,193,2023-02-03,20231
11349,268,32,OUT,34,2024-08-15,23450
11350,322,34,OUT,213,2023-06-19,2842
11351,144,8,OUT,218,2023-01-02,11605
11352,72,35,IN,349,2024-11-09,
11353,207,9,IN,69,2024-01-23,
11354,24,28,OUT,416,2024-08-20,12405
11355,339,35,IN,10,2024-01-06,
11356,214,35,IN,338,2023-11-24,
11357,343,25,OUT,248,2024-08-06,20014
11358,106,1,IN,335,2023-07-27,
11359,249,28,OUT,18,2024-06-29,13589
11360,227,23,OUT,294,2024-12-01,22021
11361,239,4,IN,158,2024-09-19,
11362,219,31,OUT,27,2023-02-04,4631
11363,321,20,OUT,0,2023-12-17,8700
11364,74,31,IN,164,2023-02-20,
11365,212,5,IN,479,2024-05-05,
11366,119,26,IN,232,2023-05-16,
11367,251,12,IN,56,2024-05-10,
11368,110,12,OUT,207,2023-06-22,27750
11369,6,3,OUT,456,2024-04-03,3544
11370,196,7,OUT,418,2024-04-19,16886
11371,67,13,IN,99,2024-04-26,
11372,69,33,OUT,65,2024-06-22,4248
11373,65,6,IN,167,2024-11-29,
11374,168,10,OUT,418,2023-03-08,1455
11375,8888,888,OUT,0,2023-11-16,888888
11376,231,26,OUT,410,2024-07-04,5674
11377,223,5,OUT,396,2024-11-29,4409
11378,192,11,IN,396,2023-11-22,
11379,260,30,OUT,60,2024-09-02,8085
11380,259,15,IN,23,2023-10-20,
11381,89,29,OUT,117,2024-07-09,11421
11382,47,3,OUT,402,2023-02-08,16690
11383,42,32,OUT,343,2024-11-23,12346
11384,83,26,OUT,385,2024-01-31,15465
11385,259,31,IN,406,2024-08-26,
11386,321,30,IN,445,2023-06-20,
11387,31,19,OUT,118,2024-11-07,22559
11388,179,34,IN,162,2023-11-20,
11389,212,19,IN,431,2024-01-17,
11390,118,21,OUT,308,2024-04-30,14956
11391,255,11,OUT,249,2023-02-22,13859
11392,276,34,OUT,403,2023-07-20,5686
11393,121,24,OUT,332,2023-03-13,768
11394,109,19,IN,249,2024-04-25,
11395,8888,888,OUT,0,2023-03-22,888888
11396,250,27,OUT,197,2023-11-02,13046
11397,353,21,IN,378,2024-02-04,
11398,115,8,OUT,490,2024-10-22,16111
11399,212,9,IN,296,2023-06-27,
11400,200,22,IN,456,2024-02-20,
11401,256,1,OUT,6,2024-10-28,20610
11402,344,24,OUT,316,2023-10-12,22424
11403,106,32,IN,425,2023-12-08,
11404,231,3,OUT,38,2024-05-17,27973
11405,72,1,OUT,440,2024-09-20,10894
11406,212,35,IN,403,2023-11-19,
11407,88,17,OUT,200,2023-09-19,7769
11408,165,27,OUT,185,2024-01-23,8419
11409,292,4,OUT,240,2023-12-16,20515
11410,113,26,OUT,454,2024-06-19,16887
11411,334,3,OUT,308,2024-05-21,17387
11412,241,16,IN,158,2024-05-14,
11413,188,6,OUT,25,2024-05-19,15459
11414,264,15,OUT,297,2024-06-09,21862
11415,77,28,OUT,58,2023-07-30,17656
11416,217,26,IN,466,2023-11-27,
11417,211,19,IN,373,2023-01-03,
11418,347,26,OUT,461,2024-02-23,3805
11419,56,33,OUT,93,2024-08-30,29991
11420,3,25,OUT,309,2023-09-11,8947
11421,185,1,OUT,145,2023-11-24,10590
11422,92,6,OUT,26,2024-12-02,6158
11423,273,8,OUT,435,2024-11-18,13043
11424,180,16,OUT,26,2023-12-02,22120
11425,97,29,OUT,6,2024-08-16,16928
11426,136,12,IN,441,2023-11-09,
11427,299,23,OUT,416,2024-08-02,5274
11428,101,32,IN,192,2024-11-27,
11429,323,32,OUT,74,2023-04-10,743
11430,15,31,OUT,372,2023-01-24,13343
11431,193,24,OUT,297,2024-02-06,24699
11432,137,13,OUT,449,2024-02-27,1823
11433,158,29,OUT,306,2024-12-10,14957
11434,27,34,OUT,60,2024-03-12,5437
11435,313,9,IN,446,2024-05-06,
11436,244,28,IN,134,2023-07-22,
11437,359,13,OUT,484,2023-08-06,21011
11438,115,4,OUT,270,2023-03-21,18430
11439,335,19,OUT,84,2024-09-21,7082
11440,223,18,IN,4,2024-06-26,
11441,120,13,OUT,94,2024-07-24,26926
11442,42,35,OUT,418,2023-05-01,20990
11443,297,30,OUT,312,2024-01-02,17922
11444,205,20,IN,308,2024-01-02,
11445,140,5,IN,234,2024-12-16,
11446,233,30,OUT,476,2023-03-15,21515
11447,27,32,OUT,100,2024-07-24,16722
11448,179,3,IN,500,2023-08-11,
11449,180,8,IN,170,2023-10-11,
11450,34,2,IN,103,2024-03-21,
11451,353,20,OUT,339,2024-03-16,21462
11452,90,15,OUT,107,2023-11-21,15818
11453,158,14,IN,439,2023-01-10,
11454,344,13,IN,183,2023-09-27,
11455,71,15,OUT,266,2024-05-19,11174
11456,169,6,OUT,238,2024-02-16,2182
11457,254,31,IN,461,2024-07-05,
11458,319,28,OUT,115,2024-01-20,22057
11459,131,6,OUT,440,2024-12-28,25102
11460,304,33,OUT,112,2023-06-04,12540
11461,78,15,OUT,80,2024-05-13,16492
11462,135,17,OUT,46,2024-07-03,20509
11463,238,28,IN,347,2024-12-14,
11464,288,31,OUT,206,2023-08-13,19087
11465,154,23,OUT,147,2024-06-27,14834
11466,241,34,IN,35,2023-09-17,
11467,337,20,IN,255,2023-02-20,
11468,309,19,OUT,144,2024-09-15,29606
11469,213,10,IN,77,2023-02-25,
11470,110,35,IN,20,2024-08-31,
11471,109,33,OUT,479,2024-05-10,7525
11472,8888,888,IN,0,2024-07-30,
11473,348,20,OUT,35,2023-09-16,17416
11474,325,24,OUT,189,2023-12-22,12392
11475,299,30,IN,495,2024-04-18,
11476,24,33,OUT,379,2024-01-09,8580
11477,99,6,OUT,304,2023-08-18,20045
11478,93,10,IN,443,2023-12-20,
11479,159,11,IN,80,2023-05-22,
11480,59,20,IN,399,2023-12-21,
11481,143,13,OUT,69,2023-07-05,3347
11482,225,1,OUT,167,2023-09-27,23271
11483,236,13,OUT,66,2024-10-01,15540
11484,47,27,OUT,449,2023-01-16,27115
11485,338,25,OUT,358,2023-05-09,29842
11486,53,30,OUT,169,2024-02-26,5970
11487,212,34,OUT,237,2023-08-19,28328
11488,310,16,IN,294,2024-06-05,
11489,224,9,IN,411,2023-11-30,
11490,222,12,OUT,155,2024-02-10,29824
11491,216,32,IN,388,2024-11-25,
11492,271,2,OUT,158,2023-11-27,9646
11493,150,18,IN,454,2023-10-23,
11494,102,28,OUT,49,2024-04-15,18019
11495,56,13,IN,343,2023-10-01,
11496,84,17,IN,275,2024-10-26,
11497,19,20,OUT,254,2023-09-09,3516
11498,197,15,OUT,444,2024-05-28,16480
11499,32,15,OUT,276,2023-01-07,22042
11500,65,16,OUT,436,2024-04-30,20790
11501,116,8,OUT,240,2023-02-17,2493
11502,318,31,OUT,212,2023-12-03,18837
11503,104,12,OUT,387,2023-01-17,13052
11504,212,35,IN,97,2023-08-05,
11505,92,29,IN,329,2024-04-26,
11506,233,18,OUT,302,2024-08-20,11117
11507,319,33,OUT,319,2023-08-13,7193
11508,173,28,IN,457,2023-01-18,
11509,45,29,IN,130,2024-06-05,
11510,30,9,OUT,313,2023-04-23,18717
11511,55,28,OUT,37,2024-09-20,15485
11512,201,19,IN,381,2023-01-17,
11513,188,3,OUT,317,2024-04-06,13684
11514,258,28,IN,153,2024-02-12,
11515,165,6,OUT,12,2023-10-08,22884
11516,345,7,IN,93,2023-06-28,
11517,238,7,OUT,24,2023-08-31,8990
11518,179,16,OUT,246,2024-03-03,25025
11519,55,7,IN,450,2024-03-29,
11520,45,6,OUT,494,2023-04-26,21698
11521,183,14,IN,497,2024-06-04,
11522,285,2,IN,106,2024-12-04,
11523,73,13,OUT,146,2024-09-10,11887
11524,8888,888,OUT,0,2024-08-09,888888
11525,239,5,IN,116,2023-03-13,
11526,286,21,IN,252,2023-07-05,
11527,234,6,IN,423,2023-08-21,
11528,152,32,OUT,201,2023-09-25,306
11529,273,12,IN,326,2023-04-14,
11530,138,35,OUT,209,2023-10-14,16344
11531,354,16,IN,406,2023-10-03,
11532,166,19,OUT,142,2024-09-09,16365
11533,249,26,IN,314,2024-02-12,
11534,29,14,OUT,484,2023-02-19,21437
11535,286,17,IN,298,2024-01-24,
11536,342,6,OUT,490,2023-12-08,27430
11537,194,29,IN,312,2023-02-05,
11538,65,9,IN,305,2023-04-02,
11539,154,6,IN,125,2024-01-08,
11540,341,28,OUT,112,2023-08-05,5949
11541,114,5,OUT,114,2024-12-24,21672
11542,42,31,OUT,467,2023-08-16,719
11543,235,19,OUT,218,2024-12-23,7001
11544,297,32,OUT,481,2023-12-27,19579
11545,139,7,OUT,66,2024-01-26,29262
11546,173,25,IN,431,2024-01-09,
11547,110,22,IN,339,2023-05-11,
11548,234,20,IN,265,2023-11-06,
11549,340,8,IN,105,2023-06-24,
11550,186,2,OUT,423,2024-07-03,2405
11551,63,12,IN,292,2024-09-29,
11552,85,32,IN,2,2023-08-26,
11553,303,19,OUT,285,2024-07-24,29378
11554,270,5,IN,249,2023-11-21,
11555,318,16,IN,418,2024-11-21,
11556,325,3,IN,179,2024-07-25,
11557,286,6,IN,383,2024-06-24,
11558,168,26,IN,297,2024-11-15,
11559,289,3,OUT,62,2024-02-18,22074
11560,148,34,OUT,0,2023-02-24,838
11561,150,7,IN,108,2024-07-12,
11562,135,6,IN,447,2023-03-02,
11563,181,4,OUT,433,2024-06-06,29272
11564,222,20,IN,266,2024-10-14,
11565,291,35,OUT,297,2024-09-08,12847
11566,12,28,IN,436,2024-09-09,
11567,319,18,IN,413,2023-01-15,
11568,271,7,IN,278,2024-04-20,
11569,349,15,IN,390,2024-01-03,
11570,19,35,OUT,203,2024-07-12,18994
11571,101,30,OUT,57,2024-08-29,8266
11572,226,31,OUT,120,2023-05-23,29712
11573,35,16,OUT,182,2024-01-18,29856
11574,57,27,OUT,0,2023-11-07,24911
11575,39,12,OUT,235,2024-02-29,303
11576,264,34,OUT,160,2024-07-29,7839
11577,222,12,IN,327,2024-09-16,
11578,349,21,OUT,490,2023-09-30,5738
11579,117,5,IN,258,2023-06-07,
11580,26,28,OUT,233,2023-11-15,18464
11581,270,19,OUT,499,2023-10-12,3997
11582,85,35,IN,232,2023-07-12,
11583,297,8,OUT,76,2023-06-30,12427
11584,198,4,IN,306,2023-11-17,
11585,206,1,IN,11,2024-12-24,
11586,196,2,IN,180,2023-12-23,
11587,18,23,OUT,226,2024-05-03,13013
11588,80,19,IN,125,2023-12-06,
11589,283,10,OUT,234,2023-07-13,22017
11590,41,30,OUT,142,2024-06-23,11904
11591,109,32,IN,134,2023-01-31,
11592,156,21,IN,457,2024-12-23,
11593,147,8,OUT,288,2024-06-09,22564
11594,39,4,OUT,376,2024-03-18,1438
11595,293,10,OUT,150,2023-05-21,19295
11596,8888,888,IN,0,2023-04-17,
11597,27,31,OUT,386,2024-03-07,7342
11598,173,28,IN,184,2023-11-08,
11599,45,25,OUT,80,2024-05-19,20787
11600,319,22,OUT,18,2023-10-28,7017
11601,157,28,OUT,72,2023-09-12,10827
11602,114,25,OUT,50,2024-11-01,10596
11603,225,18,OUT,354,2024-07-22,7910
11604,270,26,OUT,132,2024-08-24,29684
11605,7,9,IN,358,2023-05-05,
11606,184,26,OUT,101,2023-02-01,16781
11607,242,12,IN,269,2023-11-07,
11608,275,32,OUT,442,2023-10-06,25631
11609,221,34,IN,289,2024-04-07,
11610,84,18,OUT,265,2023-07-20,26124
11611,325,24,IN,307,2024-07-11,
11612,120,24,OUT,278,2024-05-20,9579
11613,326,31,OUT,183,2024-09-28,14457
11614,194,8,OUT,299,2023-03-08,6193
11615,245,2,IN,78,2023-05-08,
11616,35,10,OUT,270,2023-06-09,15577
11617,307,28,OUT,445,2023-06-01,1186
11618,42,24,OUT,117,2023-09-28,22337
11619,304,22,OUT,166,2023-08-11,29644
11620,8888,888,IN,0,2023-09-20,
11621,199,21,IN,264,2023-05-10,
11622,284,22,IN,210,2024-12-21,
11623,44,2,OUT,259,2023-07-09,5763
11624,233,33,IN,471,2023-11-14,
11625,112,5,IN,482,2024-11-03,
11626,320,27,OUT,400,2024-12-13,1791
11627,276,20,OUT,8,2024-05-03,18701
11628,354,32,OUT,350,2024-04-22,14770
11629,16,32,OUT,156,2023-05-08,26567
11630,224,23,IN,161,2023-06-18,
11631,287,5,IN,58,2024-09-22,
11632,95,33,OUT,252,2023-07-05,19492
11633,181,14,IN,229,2023-09-13,
11634,168,1,OUT,90,2023-06-04,6940
11635,119,22,OUT,441,2023-01-14,13212
11636,171,14,OUT,173,2024-08-03,12988
11637,41,23,OUT,378,2024-05-15,7941
11638,103,15,OUT,412,2024-06-12,773
11639,212,4,IN,229,2024-09-09,
11640,214,16,OUT,382,2023-03-30,24365
11641,251,15,IN,210,2023-08-19,
11642,166,14,IN,413,2024-12-12,
11643,317,24,IN,293,2023-05-26,
11644,91,11,OUT,330,2024-04-16,17460
11645,183,8,OUT,180,2024-10-05,4785
11646,144,20,OUT,159,2023-10-12,9988
11647,148,8,IN,220,2024-07-02,
11648,74,29,IN,423,2024-08-29,
11649,291,2,OUT,335,2024-12-25,2813
11650,72,13,OUT,217,2024-04-05,10127
11651,154,11,IN,467,2023-07-15,
11652,275,6,OUT,260,2024-10-30,6591
11653,135,33,OUT,307,2024-07-16,13731
11654,60,31,IN,348,2024-03-10,
11655,352,8,OUT,245,2024-12-11,3845
11656,8888,888,OUT,0,2024-10-21,888888
11657,254,2,IN,72,2024-11-28,
11658,26,25,IN,224,2023-12-14,
11659,8,9,IN,156,2024-02-25,
11660,131,16,IN,346,2024-03-29,
11661,323,5,OUT,42,2023-08-07,15574
11662,256,2,OUT,489,2024-07-25,11451
11663,114,12,IN,352,2023-10-22,
11664,73,24,OUT,466,2024-12-23,28999
11665,341,26,IN,4,2023-05-24,
11666,211,14,OUT,94,2024-11-02,25318
11667,138,15,OUT,304,2023-12-19,25984
11668,216,31,IN,137,2024-02-20,
11669,55,28,OUT,13,2023-03-19,14095
11670,76,17,IN,27,2023-03-28,
11671,320,1,OUT,6,2023-01-25,14651
11672,28,25,IN,331,2023-07-26,
11673,249,20,IN,306,2024-12-07,
11674,25,35,IN,481,2023-05-10,
11675,267,15,OUT,136,2023-09-20,29818
11676,152,5,IN,258,2024-03-18,
11677,312,5,OUT,431,2023-10-25,2214
11678,112,21,IN,78,2023-02-14,
11679,191,16,OUT,454,2023-01-26,22662
11680,134,22,IN,100,2024-11-08,
11681,138,22,IN,468,2023-02-04,
11682,11,8,IN,57,2023-10-11,
11683,296,30,OUT,394,2023-01-09,23783
11684,211,26,OUT,387,2023-11-22,7285
11685,320,15,OUT,199,2023-12-17,23465
11686,39,8,OUT,93,2023-06-26,27938
11687,192,18,IN,346,2024-08-05,
11688,133,1,OUT,236,2023-09-06,29483
11689,124,35,OUT,42,2023-08-16,24824
11690,123,7,OUT,283,2024-06-26,2221
11691,174,16,IN,308,2024-11-26,
11692,7,2,OUT,24,2023-10-27,8596
11693,122,30,OUT,135,2023-07-06,29229
11694,276,25,OUT,324,2023-05-31,29422
11695,101,18,OUT,370,2023-09-04,15261
11696,112,21,OUT,226,2023-05-03,13214
11697,322,32,IN,371,2024-05-03,
11698,332,10,OUT,498,2024-08-29,16384
11699,322,5,OUT,259,2023-11-17,11740
11700,159,20,OUT,490,2024-04-01,16253
11701,230,9,IN,342,2024-01-03,
11702,235,5,OUT,267,2024-04-16,5289
11703,268,13,OUT,0,2024-02-20,977
11704,324,32,OUT,374,2023-12-12,29283
11705,101,7,IN,285,2023-09-11,
11706,74,20,OUT,276,2023-01-31,8059
11707,240,20,IN,306,2023-04-18,
11708,153,13,IN,491,2023-04-09,
11709,187,33,OUT,203,2024-07-04,7502
11710,109,16,OUT,242,2023-03-16,25691
11711,28,28,OUT,82,2024-04-04,26428
11712,336,24,OUT,444,2024-04-15,22502
11713,28,32,OUT,69,2023-07-30,22627
11714,140,30,OUT,47,2024-12-20,26447
11715,337,8,IN,217,2024-02-17,
11716,125,31,OUT,63,2024-10-16,23983
11717,224,3,OUT,468,2024-01-31,3575
11718,15,7,OUT,227,2023-05-18,24742
11719,155,8,IN,332,2023-09-22,
11720,173,4,OUT,500,2023-06-24,388
11721,18,12,OUT,273,2023-07-25,20432
11722,228,10,OUT,364,2023-08-22,2191
11723,148,27,OUT,496,2023-04-07,10468
11724,274,5,IN,231,2023-06-25,
11725,154,27,OUT,321,2023-02-11,23347
11726,93,14,OUT,384,2024-07-13,19088
11727,8888,888,OUT,0,2023-03-16,888888
11728,214,2,OUT,366,2024-02-01,1489
11729,358,10,OUT,67,2023-01-07,22753
11730,139,3,IN,270,2023-10-09,
11731,354,7,IN,266,2024-11-05,
11732,55,26,IN,442,2023-03-01,
11733,103,22,OUT,178,2024-10-29,12381
11734,237,17,OUT,271,2024-09-25,27099
11735,19,28,OUT,313,2023-10-14,656
11736,189,31,IN,329,2023-03-31,
11737,297,31,OUT,450,2023-10-27,11904
11738,91,32,IN,345,2023-12-27,
11739,142,29,IN,225,2023-06-21,
11740,238,14,OUT,34,2023-04-04,27744
11741,136,10,IN,6,2023-01-14,
11742,71,30,OUT,480,2024-05-23,1597
11743,92,7,OUT,31,2023-05-28,14490
11744,15,33,IN,278,2023-12-15,
11745,235,1,IN,196,2023-03-19,
11746,280,35,OUT,481,2023-09-23,15154
11747,313,25,OUT,24,2024-11-24,22741
11748,322,35,OUT,436,2023-08-20,25147
11749,327,25,IN,451,2023-07-11,
11750,214,21,IN,414,2024-07-16,
11751,105,10,OUT,20,2023-05-17,21060
11752,238,11,OUT,201,2023-07-26,20902
11753,104,9,OUT,240,2023-08-01,27144
11754,103,28,OUT,51,2023-08-23,3605
11755,287,32,OUT,416,2023-03-01,18216
11756,350,31,IN,302,2023-10-03,
11757,72,35,IN,490,2023-12-17,
11758,8888,888,OUT,0,2023-09-30,888888
11759,221,30,IN,440,2023-04-02,
11760,48,25,OUT,471,2024-03-23,576
11761,165,19,OUT,167,2024-12-04,2532
11762,243,7,OUT,439,2023-07-12,10886
11763,32,1,OUT,114,2024-09-03,2196
11764,156,15,IN,0,2024-03-11,
11765,277,12,OUT,499,2023-05-13,12846
11766,17,28,OUT,310,2023-04-13,9413
11767,242,11,IN,88,2024-11-04,
11768,20,20,OUT,229,2023-12-26,14951
11769,163,22,OUT,37,2023-07-29,28786
11770,196,1,OUT,412,2024-05-11,9872
11771,310,23,IN,365,2023-07-04,
11772,312,26,OUT,283,2024-03-08,5854
11773,36,3,IN,36,2023-03-05,
11774,25,23,IN,353,2023-06-29,
11775,94,2,OUT,27,2023-09-05,10708
11776,87,33,OUT,493,2024-03-24,16465
11777,112,23,OUT,313,2024-01-07,3114
11778,128,30,OUT,40,2023-08-21,4624
11779,68,15,OUT,9,2023-02-18,1662
11780,290,21,IN,231,2023-08-26,
11781,136,2,IN,364,2023-04-11,
11782,210,2,IN,466,2023-05-22,
11783,66,5,IN,169,2023-08-10,
11784,289,9,IN,471,2024-12-19,
11785,204,4,OUT,346,2024-03-11,17025
11786,57,27,OUT,112,2023-12-20,12227
11787,300,25,OUT,400,2024-04-24,14811
11788,217,8,OUT,87,2023-07-03,19002
11789,330,28,OUT,253,2023-02-25,2294
11790,113,20,OUT,412,2024-12-29,13620
11791,244,3,OUT,104,2023-12-19,19996
11792,147,8,OUT,10,2023-08-06,1950
11793,224,16,OUT,53,2024-11-01,19654
11794,129,1,IN,277,2024-07-12,
11795,211,23,OUT,313,2023-12-08,25429
11796,56,11,OUT,13,2023-09-13,4414
11797,195,2,OUT,217,2024-03-12,288
11798,248,14,IN,274,2023-01-20,
11799,77,27,OUT,384,2024-12-24,5154
11800,200,14,OUT,82,2024-07-19,21826
11801,238,27,OUT,119,2023-05-29,22073
11802,246,33,OUT,104,2024-08-19,14224
11803,60,10,OUT,20,2023-04-26,7593
11804,155,11,OUT,161,2023-06-08,20703
11805,8888,888,IN,0,2024-09-17,
11806,116,18,IN,235,2024-08-18,
11807,262,21,OUT,349,2023-05-01,845
11808,312,31,OUT,107,2023-02-23,26501
11809,248,20,OUT,475,2023-08-15,10423
11810,192,5,IN,380,2023-01-05,
11811,130,15,OUT,155,2024-07-11,13187
11812,6,34,IN,297,2024-08-27,
11813,342,4,IN,212,2023-10-28,
11814,169,30,OUT,435,2024-10-01,8569
11815,98,34,OUT,269,2023-08-28,27877
11816,36,8,OUT,444,2024-10-31,17350
11817,305,8,OUT,150,2023-03-25,14449
11818,297,10,OUT,259,2024-11-18,10409
11819,126,22,IN,182,2023-10-25,
11820,357,27,OUT,84,2023-12-07,12540
11821,254,35,OUT,125,2023-11-12,28807
11822,227,29,IN,227,2024-11-20,
11823,142,13,IN,191,2023-06-03,
11824,84,28,OUT,41,2023-12-19,9390
11825,200,7,OUT,86,2024-03-21,15267
11826,183,15,OUT,110,2023-09-13,12568
11827,97,27,OUT,343,2024-03-25,8444
11828,351,24,IN,392,2023-01-26,
11829,345,16,OUT,385,2024-08-06,13408
11830,38,33,IN,112,2023-11-08,
11831,331,13,IN,304,2023-07-09,
11832,125,33,OUT,311,2024-09-13,29009
11833,251,25,IN,61,2023-06-23,
11834,241,13,OUT,115,2023-04-09,17817
11835,163,18,OUT,178,2023-03-26,29525
11836,285,29,OUT,420,2023-05-05,15671
11837,152,10,OUT,425,2024-10-20,27540
11838,141,35,IN,239,2024-12-22,
11839,68,11,OUT,54,2024-11-25,27819
11840,133,3,OUT,255,2024-03-04,26819
11841,145,20,IN,135,2023-04-09,
11842,205,6,OUT,353,2023-05-23,408
11843,250,18,IN,121,2024-08-28,
11844,214,18,OUT,321,2024-03-20,15105
11845,124,29,OUT,290,2023-01-07,12981
11846,38,9,IN,92,2024-10-25,
11847,226,10,OUT,498,2023-05-24,22165
11848,52,7,OUT,344,2024-04-30,6674
11849,328,1,OUT,287,2024-12-29,2087
11850,345,24,IN,184,2024-07-27,
11851,67,21,IN,348,2024-10-27,
11852,8888,888,IN,0,2023-10-09,
11853,89,33,IN,387,2024-10-10,
11854,354,11,OUT,190,2023-09-26,14889
11855,300,16,OUT,396,2023-03-16,17283
11856,19,7,IN,463,2024-10-26,
11857,84,11,IN,470,2023-07-17,
11858,140,20,OUT,36,2023-10-16,1178
11859,50,8,IN,216,2023-09-04,
11860,312,17,OUT,152,2024-10-03,11323
11861,38,32,OUT,452,2024-05-28,2937
11862,159,4,IN,135,2023-03-01,
11863,236,15,IN,67,2023-06-27,
11864,338,4,OUT,269,2023-02-18,11177
11865,52,33,OUT,294,2024-05-16,23427
11866,303,8,OUT,498,2024-03-08,5898
11867,105,6,IN,166,2023-03-06,
11868,53,15,OUT,319,2023-05-10,22958
11869,135,18,IN,317,2024-04-03,
11870,94,6,OUT,253,2024-05-06,8779
11871,146,32,OUT,252,2023-01-14,8933
11872,103,5,OUT,262,2023-09-04,4486
11873,208,28,OUT,125,2023-06-22,9201
11874,8,27,IN,381,2023-11-18,
11875,181,23,OUT,179,2024-03-29,8216
11876,43,11,OUT,360,2023-06-10,12020
11877,48,15,OUT,483,2024-05-10,7600
11878,37,11,OUT,12,2023-12-10,25600
11879,244,18,IN,476,2024-04-16,
11880,308,23,OUT,233,2023-09-24,24305
11881,30,26,IN,248,2024-10-20,
11882,76,15,OUT,155,2024-06-22,7592
11883,239,17,IN,342,2024-12-16,
11884,8888,888,OUT,0,2023-04-30,888888
11885,302,4,IN,280,2023-12-19,
11886,99,35,IN,242,2023-08-21,
11887,254,32,OUT,477,2023-08-04,14383
11888,354,5,OUT,144,2023-10-15,26503
11889,109,8,OUT,434,2023-11-20,1827
11890,62,17,IN,433,2023-02-07,
11891,196,3,OUT,391,2024-10-12,14280
11892,242,21,OUT,0,2023-01-02,12473
11893,310,30,OUT,266,2024-05-19,1350
11894,188,24,OUT,188,2024-12-14,12347
11895,36,7,OUT,187,2024-09-26,4481
11896,67,19,OUT,265,2024-02-20,14155
11897,327,14,IN,43,2023-06-05,
11898,347,11,OUT,352,2024-10-26,18165
11899,194,23,IN,8,2023-03-19,
11900,296,22,OUT,419,2023-08-23,19481
11901,127,11,OUT,16,2023-11-06,15144
11902,75,30,IN,12,2024-06-12,
11903,12,17,IN,439,2024-11-17,
11904,227,9,IN,194,2024-03-22,
11905,186,24,IN,477,2024-10-17,
11906,225,6,IN,45,2023-07-21,
11907,185,29,OUT,353,2023-02-02,23205
11908,129,7,OUT,179,2023-12-21,24188
11909,17,11,OUT,121,2024-10-09,3920
11910,25,1,IN,476,2023-11-27,
11911,58,25,OUT,343,2024-02-09,21536
11912,315,24,OUT,205,2023-12-25,29327
11913,163,24,OUT,199,2024-08-05,27144
11914,332,15,OUT,316,2024-10-06,25075
11915,183,10,IN,33,2023-07-06,
11916,221,9,OUT,458,2023-12-06,7859
11917,28,34,OUT,226,2023-03-07,13397
11918,36,23,OUT,305,2023-06-21,19870
11919,93,9,OUT,380,2023-09-14,14649
11920,245,27,IN,417,2024-04-10,
11921,346,25,OUT,478,2023-01-06,24888
11922,244,19,OUT,100,2024-05-08,12164
11923,224,25,IN,301,2023-04-08,
11924,46,19,OUT,358,2023-08-04,17303
11925,8888,888,OUT,0,2024-10-23,888888
11926,92,10,OUT,54,2024-05-13,35
11927,306,22,IN,47,2023-06-19,
11928,19,2,OUT,1,2024-06-29,17263
11929,8,22,IN,71,2024-02-14,
11930,286,4,OUT,185,2023-03-30,23780
11931,268,28,IN,121,2023-02-22,
11932,233,19,OUT,271,2023-06-15,25131
11933,154,31,IN,202,2023-12-24,
11934,16,5,OUT,278,2023-03-10,14388
11935,66,27,IN,491,2023-07-08,
11936,241,13,IN,222,2023-10-02,
11937,8888,888,OUT,0,2024-05-02,888888
11938,349,24,IN,101,2024-10-12,
11939,320,23,OUT,3,2024-10-06,17850
11940,25,6,IN,131,2023-08-06,
11941,329,31,IN,29,2023-11-29,
11942,72,23,IN,18,2023-05-20,
11943,133,11,OUT,338,2024-12-14,12338
11944,308,22,IN,322,2023-06-04,
11945,249,1,OUT,204,2023-09-17,19245
11946,87,8,IN,362,2024-07-15,
11947,8888,888,OUT,0,2024-03-30,888888
11948,105,4,IN,30,2024-12-16,
11949,114,2,OUT,7,2023-08-30,16361
11950,152,2,OUT,22,2023-07-18,22255
11951,235,3,OUT,126,2023-07-06,10117
11952,325,22,OUT,477,2024-07-28,1971
11953,91,13,OUT,66,2023-09-30,18577
11954,8888,888,IN,0,2023-10-30,
11955,193,2,IN,291,2024-12-13,
11956,267,27,OUT,190,2023-11-12,11508
11957,356,19,OUT,33,2024-03-08,17144
11958,8888,888,OUT,0,2023-02-01,888888
11959,271,2,IN,38,2023-11-14,
11960,247,30,IN,157,2024-06-08,
11961,142,15,OUT,126,2023-12-04,22828
11962,28,13,OUT,106,2023-02-23,20899
11963,304,23,IN,39,2024-04-20,
11964,100,31,IN,484,2024-01-12,
11965,248,16,IN,87,2024-11-03,
11966,36,26,IN,182,2023-10-11,
11967,2,10,OUT,202,2024-12-18,14963
11968,344,28,OUT,45,2024-09-04,28713
11969,142,26,OUT,164,2024-11-04,19378
11970,151,27,IN,123,2024-05-27,
11971,37,34,OUT,348,2024-07-03,22931
11972,163,8,OUT,94,2024-03-04,7226
11973,231,35,IN,200,2023-07-15,
11974,71,1,OUT,29,2023-12-01,13199
11975,77,2,IN,251,2023-03-30,
11976,190,15,OUT,210,2024-11-03,809
11977,151,23,OUT,133,2024-11-19,18568
11978,8,10,IN,347,2024-12-17,
11979,346,2,OUT,303,2023-01-01,9402
11980,62,32,IN,37,2023-10-03,
11981,289,4,IN,436,2024-02-08,
11982,92,3,OUT,372,2023-12-14,14545
11983,3,8,IN,282,2024-12-01,
11984,253,6,IN,373,2024-11-27,
11985,355,27,IN,133,2024-10-07,
11986,22,7,IN,90,2023-02-14,
11987,150,33,IN,28,2024-10-21,
11988,21,3,IN,463,2023-04-24,
11989,346,20,OUT,271,2024-10-06,11068
11990,340,20,IN,456,2024-03-07,
11991,123,3,IN,392,2024-10-10,
11992,320,1,OUT,50,2024-02-19,15916
11993,287,26,IN,261,2024-12-25,
11994,133,17,IN,208,2024-05-27,
11995,8888,888,OUT,0,2024-03-10,888888
11996,161,3,OUT,401,2024-04-25,8397
11997,274,14,IN,459,2023-03-07,
11998,342,32,IN,330,2024-06-08,
11999,10,24,IN,67,2024-06-07,
12000,8888,888,OUT,0,2023-07-01,888888
12001,214,16,IN,265,2024-10-01,
12002,304,1,OUT,397,2024-07-18,13944
12003,67,4,IN,371,2023-09-22,
12004,237,34,OUT,32,2023-02-11,5278
12005,326,24,OUT,364,2023-12-14,6038
12006,220,25,OUT,286,2023-06-29,17428
12007,29,34,IN,492,2023-04-03,
12008,278,13,OUT,161,2023-09-15,14357
12009,30,3,OUT,105,2023-08-14,21367
12010,360,17,OUT,274,2023-08-05,2588
12011,242,6,OUT,118,2024-01-30,15690
12012,208,1,OUT,337,2024-06-03,14893
12013,246,27,IN,354,2023-12-22,
12014,75,6,OUT,50,2023-01-26,3641
12015,232,18,IN,140,2024-12-30,
12016,189,33,OUT,433,2024-09-19,25035
12017,261,22,OUT,364,2023-12-10,2747
12018,163,3,OUT,265,2023-09-15,22903
12019,17,19,OUT,477,2024-12-23,6907
12020,105,15,IN,303,2023-03-02,
12021,206,29,IN,204,2023-04-17,
12022,79,24,OUT,358,2024-10-07,6807
12023,81,34,OUT,32,2024-04-15,11823
12024,13,28,OUT,240,2024-09-20,16454
12025,85,1,OUT,443,2024-03-20,15378
12026,147,27,IN,380,2024-03-08,
12027,30,17,IN,426,2023-06-12,
12028,28,19,OUT,125,2024-10-06,26615
12029,280,26,OUT,230,2023-12-22,4999
12030,4,32,OUT,106,2024-12-26,4601
12031,63,34,OUT,297,2024-01-17,9266
12032,219,28,OUT,132,2024-03-20,5801
12033,334,3,IN,189,2023-04-01,
12034,257,3,OUT,433,2023-01-09,26342
12035,166,31,IN,184,2024-11-16,
12036,320,7,IN,487,2024-12-12,
12037,211,34,IN,242,2023-12-19,
12038,226,5,IN,291,2024-11-22,
12039,347,15,IN,152,2024-08-05,
12040,252,2,IN,301,2023-11-23,
12041,10,30,OUT,431,2023-09-29,26256
12042,188,6,OUT,185,2024-10-03,1584
12043,295,29,OUT,233,2023-09-16,17408
12044,85,23,IN,226,2024-05-30,
12045,178,10,IN,162,2023-02-26,
12046,267,34,OUT,123,2024-03-13,28941
12047,142,17,OUT,25,2024-10-02,23830
12048,13,15,IN,497,2024-12-07,
12049,242,4,OUT,104,2023-03-13,20244
12050,279,34,OUT,125,2023-04-21,14881
12051,249,25,IN,388,2024-06-05,
12052,179,11,OUT,417,2024-01-17,19841
12053,252,30,IN,274,2024-07-24,
12054,176,21,OUT,490,2023-12-09,3567
12055,8888,888,OUT,0,2024-06-25,888888
12056,316,3,OUT,9,2023-04-14,16110
12057,307,22,IN,285,2023-11-23,
12058,283,17,OUT,292,2024-02-05,23986
12059,335,3,OUT,53,2023-03-06,16694
12060,10,33,OUT,444,2023-10-21,29911
12061,217,9,OUT,98,2024-11-10,24253
12062,85,11,OUT,459,2024-04-18,19977
12063,317,25,OUT,159,2023-08-11,25956
12064,211,27,IN,157,2024-05-12,
12065,106,16,OUT,327,2023-04-06,27225
12066,99,29,OUT,125,2023-10-06,11167
12067,95,23,IN,408,2024-07-28,
12068,281,27,IN,382,2023-02-28,
12069,99,13,OUT,389,2023-11-04,20515
12070,58,17,IN,333,2023-09-19,
12071,309,6,IN,500,2024-01-29,
12072,44,22,OUT,149,2023-04-07,15988
12073,355,27,IN,396,2024-05-22,
12074,107,13,IN,159,2023-04-12,
12075,340,19,OUT,311,2023-11-18,17973
12076,184,14,OUT,179,2023-03-07,27662
12077,113,19,IN,16,2024-07-19,
12078,252,12,IN,226,2024-05-15,
12079,15,24,IN,207,2024-08-08,
12080,346,20,IN,279,2024-09-22,
12081,16,33,OUT,11,2024-12-31,21054
12082,260,1,IN,277,2024-10-10,
12083,348,19,OUT,378,2023-09-04,7863
12084,231,28,OUT,330,2024-08-12,21643
12085,205,19,IN,310,2023-04-14,
12086,290,28,OUT,73,2024-08-03,17854
12087,319,27,IN,147,2024-05-18,
12088,353,5,IN,405,2024-09-11,
12089,248,14,IN,413,2024-03-04,
12090,228,8,IN,297,2023-03-30,
12091,11,21,OUT,134,2024-07-22,15261
12092,203,13,OUT,67,2024-10-02,13849
12093,111,27,IN,484,2023-05-10,
12094,120,32,OUT,241,2024-03-01,7733
12095,293,19,OUT,79,2023-03-26,5365
12096,56,34,IN,267,2024-03-16,
12097,286,12,IN,157,2024-10-24,
12098,249,23,IN,413,2024-05-22,
12099,314,28,IN,63,2024-09-06,
12100,60,8,OUT,52,2024-06-06,28100
12101,144,7,IN,402,2023-05-18,
12102,112,20,OUT,133,2023-07-27,6046
12103,53,27,OUT,255,2023-05-21,29375
12104,329,16,OUT,178,2023-05-04,12088
12105,194,33,OUT,46,2024-02-24,17407
12106,77,6,IN,454,2023-12-04,
12107,242,32,IN,440,2023-01-15,
12108,59,12,OUT,164,2023-04-17,18665
12109,338,34,IN,457,2024-07-17,
12110,303,17,OUT,486,2024-05-31,12230
12111,313,3,OUT,369,2023-03-30,19975
12112,347,19,IN,105,2023-11-12,
12113,281,1,OUT,91,2024-03-28,12702
12114,19,21,OUT,262,2023-12-22,22544
12115,164,24,IN,308,2023-10-05,
12116,94,10,OUT,430,2023-02-10,21090
12117,299,3,OUT,192,2023-11-01,3500
12118,235,12,OUT,183,2023-10-21,4692
12119,255,13,OUT,406,2023-09-24,23474
12120,202,3,IN,166,2023-09-11,
12121,336,32,IN,470,2023-02-01,
12122,200,32,IN,102,2023-06-22,
12123,249,23,IN,202,2023-09-24,
12124,65,26,IN,126,2023-07-17,
12125,269,20,IN,112,2023-02-13,
12126,214,34,OUT,4,2023-07-31,8495
12127,243,12,OUT,14,2023-01-07,20335
12128,223,16,IN,264,2023-04-01,
12129,308,14,IN,305,2024-04-10,
12130,87,33,IN,462,2023-07-11,
12131,356,30,IN,200,2023-12-16,
12132,136,10,IN,253,2024-07-31,
12133,118,26,IN,110,2024-06-17,
12134,311,33,IN,342,2024-06-18,
12135,144,18,IN,155,2024-03-01,
12136,360,24,IN,488,2024-10-29,
12137,357,23,IN,86,2024-11-08,
12138,171,6,OUT,263,2024-11-28,13396
12139,96,2,IN,376,2023-07-14,
12140,47,13,IN,373,2023-07-27,
12141,61,27,OUT,490,2024-06-16,11101
12142,356,28,IN,86,2023-06-09,
12143,3,22,OUT,331,2024-04-29,22955
12144,238,17,IN,129,2024-06-17,
12145,153,28,OUT,380,2023-10-29,11494
12146,24,1,OUT,134,2024-01-29,1576
12147,253,16,IN,74,2024-05-02,
12148,40,6,IN,173,2023-04-30,
12149,234,34,OUT,337,2023-07-18,16954
12150,126,22,OUT,33,2024-12-09,25723
12151,8888,888,IN,0,2023-06-17,
12152,318,9,OUT,361,2024-11-05,1873
12153,66,25,OUT,111,2023-10-08,4812
12154,206,7,IN,56,2024-12-23,
12155,161,11,OUT,452,2023-05-05,18076
12156,95,31,OUT,484,2024-11-08,24880
12157,265,27,OUT,443,2023-12-15,5731
12158,234,26,OUT,347,2023-05-21,6545
12159,79,35,OUT,436,2023-08-27,18524
12160,29,25,OUT,268,2023-04-29,16850
12161,102,29,IN,215,2024-11-04,
12162,120,33,OUT,456,2023-12-28,3357
12163,357,32,OUT,428,2024-06-26,15337
12164,185,13,IN,96,2023-07-17,
12165,302,13,IN,173,2023-11-01,
12166,236,7,IN,365,2024-01-31,
12167,174,20,OUT,325,2023-07-23,8358
12168,237,11,OUT,449,2023-08-12,5193
12169,130,23,OUT,488,2023-09-03,3492
12170,287,23,IN,126,2023-02-28,
12171,78,16,OUT,317,2024-05-04,6212
12172,219,33,OUT,118,2024-06-28,3956
12173,96,31,IN,95,2023-05-23,
12174,357,35,IN,337,2024-06-08,
12175,81,10,OUT,371,2024-10-13,17621
12176,169,6,IN,461,2023-01-03,
12177,293,25,OUT,315,2024-07-22,13671
12178,114,28,OUT,249,2024-03-02,14503
12179,229,7,OUT,400,2024-01-22,15222
12180,97,25,IN,59,2024-10-18,
12181,72,8,IN,170,2024-01-13,
12182,314,17,IN,397,2024-04-10,
12183,224,7,IN,239,2024-12-25,
12184,84,28,OUT,420,2024-12-07,20592
12185,191,32,IN,438,2023-07-20,
12186,41,34,OUT,363,2023-12-18,18951
12187,205,20,OUT,127,2024-09-04,18610
12188,299,18,IN,213,2023-06-12,
12189,92,13,IN,338,2023-07-02,
12190,324,34,OUT,491,2024-05-20,25088
12191,305,33,IN,8,2024-05-24,
12192,222,22,IN,429,2024-11-03,
12193,14,14,OUT,224,2024-02-08,16883
12194,357,16,IN,18,2023-12-27,
12195,291,10,OUT,221,2024-01-24,3339
12196,299,25,IN,294,2024-01-20,
12197,316,8,OUT,396,2024-10-07,23413
12198,30,34,IN,245,2024-02-09,
12199,186,4,OUT,170,2023-09-23,19336
12200,197,7,IN,216,2023-10-28,
12201,257,5,IN,144,2024-07-18,
12202,130,17,OUT,201,2023-08-05,10836
12203,293,1,OUT,320,2023-01-27,14947
12204,229,2,IN,259,2024-07-02,
12205,259,8,IN,292,2024-04-06,
12206,72,19,OUT,155,2023-06-01,5051
12207,153,1,OUT,155,2024-06-01,11207
12208,35,20,OUT,182,2024-12-04,11740
12209,198,20,OUT,128,2023-11-23,13723
12210,49,1,OUT,405,2023-03-30,6665
12211,85,19,OUT,243,2023-07-01,17733
12212,7,31,OUT,414,2023-01-13,8276
12213,272,27,IN,251,2023-07-16,
12214,8888,888,OUT,0,2024-04-29,888888
12215,105,5,OUT,294,2023-04-18,2731
12216,79,32,IN,218,2024-06-17,
12217,113,19,IN,270,2024-04-18,
12218,48,15,OUT,147,2024-08-19,15947
12219,220,16,IN,67,2024-12-08,
12220,29,26,IN,164,2024-07-01,
12221,240,18,IN,0,2023-07-10,
12222,37,17,OUT,495,2024-08-04,14504
12223,218,31,OUT,353,2023-11-05,775
12224,202,24,OUT,376,2024-11-17,20098
12225,87,6,OUT,119,2023-07-19,12921
12226,174,14,OUT,274,2023-08-25,22905
12227,304,9,OUT,217,2023-05-31,16598
12228,23,13,OUT,476,2023-10-29,7966
12229,28,30,IN,360,2023-07-18,
12230,8888,888,IN,0,2024-04-15,
12231,31,9,OUT,432,2024-02-03,6872
12232,291,18,IN,332,2024-09-13,
12233,38,34,IN,56,2024-06-20,
12234,141,14,OUT,12,2023-02-09,19064
12235,9,31,OUT,7,2023-04-08,25995
12236,152,30,IN,119,2023-01-06,
12237,30,19,IN,476,2024-01-22,
12238,140,13,OUT,304,2023-06-16,25519
12239,254,30,OUT,439,2023-06-14,1783
12240,229,4,IN,392,2023-07-18,
12241,215,22,IN,289,2024-06-27,
12242,83,19,OUT,455,2024-10-24,8944
12243,173,14,IN,144,2023-03-27,
12244,106,32,IN,177,2024-11-27,
12245,338,13,IN,179,2023-07-05,
12246,226,8,IN,57,2024-03-21,
12247,358,10,OUT,4,2023-01-28,25480
12248,13,24,OUT,119,2023-09-18,10687
12249,290,18,IN,218,2024-06-20,
12250,71,18,OUT,0,2023-03-17,20300
12251,238,20,IN,336,2023-01-26,
12252,21,19,OUT,55,2023-10-17,25738
12253,26,6,IN,376,2023-10-16,
12254,334,30,OUT,419,2024-09-17,8030
12255,173,32,IN,59,2024-09-25,
12256,285,20,OUT,358,2024-07-01,16517
12257,258,11,IN,458,2023-12-25,
12258,159,23,OUT,192,2024-12-14,12415
12259,102,19,IN,145,2024-01-20,
12260,84,23,OUT,188,2023-03-13,21376
12261,33,18,IN,206,2024-06-03,
12262,119,18,OUT,49,2023-12-28,27901
12263,327,26,IN,166,2023-04-08,
12264,343,33,OUT,356,2023-08-28,18079
12265,92,8,OUT,141,2024-04-04,12198
12266,95,33,OUT,215,2023-01-19,18369
12267,215,24,IN,189,2024-06-06,
12268,276,20,OUT,238,2023-05-15,25243
12269,11,16,OUT,257,2024-03-14,16832
12270,37,27,OUT,498,2024-06-02,24528
12271,55,35,OUT,327,2023-12-21,1424
12272,254,14,OUT,328,2023-04-09,7231
12273,302,23,OUT,88,2023-08-01,5466
12274,30,7,IN,172,2023-12-17,
12275,204,13,OUT,401,2023-06-27,22716
12276,222,12,IN,487,2024-08-20,
12277,296,28,OUT,444,2024-11-07,24683
12278,101,23,OUT,10,2024-01-13,28173
12279,321,5,IN,190,2023-05-20,
12280,104,30,OUT,272,2024-09-13,21981
12281,8888,888,OUT,0,2023-03-03,888888
12282,197,9,OUT,396,2023-03-25,14910
12283,160,18,IN,345,2024-01-11,
12284,117,13,OUT,391,2023-05-12,13568
12285,32,2,IN,237,2024-05-06,
12286,254,23,OUT,186,2024-10-09,29435
12287,297,12,OUT,56,2024-04-11,904
12288,35,15,IN,356,2023-06-27,
12289,226,2,IN,320,2023-02-07,
12290,20,35,OUT,251,2023-07-01,24831
12291,33,17,OUT,333,2023-07-12,323
12292,31,14,OUT,452,2024-07-01,2800
12293,285,9,IN,229,2023-10-17,
12294,157,23,IN,480,2023-05-07,
12295,198,18,IN,315,2024-05-23,
12296,353,28,OUT,155,2023-08-17,18673
12297,255,24,IN,463,2024-07-08,
12298,260,35,IN,250,2024-12-05,
12299,257,7,OUT,377,2023-07-11,16850
12300,195,11,IN,26,2023-10-12,
12301,339,11,IN,54,2024-10-23,
12302,203,13,OUT,130,2024-04-08,3290
12303,250,28,OUT,208,2023-05-12,10858
12304,192,13,IN,164,2024-03-31,
12305,77,8,IN,143,2023-10-09,
12306,300,32,OUT,46,2023-04-27,19708
12307,72,9,IN,211,2024-09-12,
12308,62,30,OUT,294,2023-11-23,26691
12309,83,12,OUT,425,2024-01-23,2596
12310,236,23,OUT,172,2023-07-17,9056
12311,82,2,OUT,22,2023-09-16,29163
12312,197,7,IN,329,2024-08-24,
12313,152,11,OUT,294,2023-04-08,28650
12314,72,6,IN,15,2023-06-25,
12315,343,10,OUT,28,2024-04-08,26844
12316,185,23,OUT,49,2024-02-13,6427
12317,229,13,OUT,314,2024-03-17,20443
12318,218,17,IN,343,2023-02-17,
12319,2,24,IN,58,2023-02-22,
12320,355,19,IN,26,2024-01-11,
12321,167,5,OUT,66,2023-07-22,10482
12322,74,23,IN,36,2023-03-25,
12323,40,25,IN,161,2024-07-18,
12324,88,27,IN,409,2024-05-02,
12325,174,5,OUT,212,2024-09-10,13906
12326,240,12,OUT,450,2024-04-01,19951
12327,116,12,IN,452,2023-06-30,
12328,165,16,IN,375,2024-09-05,
12329,335,3,OUT,389,2024-12-04,28956
12330,291,21,IN,295,2024-07-20,
12331,284,14,IN,360,2023-02-13,
12332,355,1,OUT,247,2024-12-11,5587
12333,354,24,IN,411,2023-12-28,
12334,50,30,IN,93,2023-05-24,
12335,8888,888,IN,0,2024-01-29,
12336,81,9,IN,500,2024-01-08,
12337,123,26,OUT,227,2023-09-20,24779
12338,207,4,OUT,36,2023-02-14,2057
12339,47,34,OUT,206,2024-03-05,11616
12340,301,28,IN,416,2023-01-04,
12341,238,6,IN,311,2023-11-03,
12342,35,31,IN,318,2024-02-21,
12343,226,14,IN,160,2023-04-01,
12344,32,25,OUT,190,2024-12-10,27251
12345,98,26,IN,24,2024-09-14,
12346,306,4,OUT,340,2024-08-13,29768
12347,4,5,OUT,487,2023-10-12,1120
12348,123,9,IN,453,2023-11-16,
12349,349,1,IN,425,2023-11-06,
12350,86,2,IN,500,2023-09-12,
12351,278,20,IN,392,2023-07-31,
12352,239,27,IN,282,2024-07-29,
12353,75,15,IN,251,2024-04-02,
12354,285,23,OUT,330,2023-06-28,17663
12355,265,25,OUT,390,2023-03-18,17677
12356,354,27,IN,367,2023-01-24,
12357,76,4,OUT,422,2024-06-09,15825
12358,30,32,OUT,318,2023-03-11,11997
12359,181,16,IN,450,2024-07-01,
12360,251,25,OUT,405,2024-10-06,2273
12361,150,30,OUT,313,2023-10-27,20897
12362,43,3,IN,212,2023-10-01,
12363,270,9,OUT,112,2023-10-23,14954
12364,86,15,IN,191,2024-12-11,
12365,319,28,IN,2,2024-11-17,
12366,9,8,OUT,249,2023-03-03,13790
12367,33,19,OUT,303,2023-01-05,6340
12368,326,35,IN,333,2023-12-21,
12369,201,30,OUT,471,2024-07-09,5589
12370,101,12,OUT,479,2023-03-22,18894
12371,100,11,OUT,341,2024-02-01,807
12372,136,14,OUT,4,2023-09-18,422
12373,135,7,OUT,143,2023-09-19,28991
12374,350,15,OUT,217,2024-10-01,23031
12375,249,23,IN,0,2023-11-07,
12376,70,9,OUT,70,2023-04-06,2186
12377,225,12,IN,214,2023-01-28,
12378,352,10,OUT,350,2023-12-24,6287
12379,50,35,IN,302,2024-03-15,
12380,50,10,OUT,118,2024-09-15,13232
12381,259,27,OUT,147,2023-09-12,19732
12382,225,16,OUT,209,2023-04-24,6448
12383,99,1,OUT,441,2024-01-02,24968
12384,224,16,OUT,67,2024-06-08,1293
12385,121,15,OUT,78,2023-05-27,24262
12386,305,12,OUT,5,2023-01-12,18714
12387,340,35,OUT,280,2024-01-28,25509
12388,212,16,IN,375,2023-06-05,
12389,52,14,IN,149,2023-10-09,
12390,323,34,OUT,212,2023-09-27,13369
12391,82,23,OUT,34,2023-06-01,1146
12392,286,28,OUT,129,2024-08-07,3913
12393,178,18,IN,54,2024-05-06,
12394,87,2,OUT,352,2023-03-27,9504
12395,146,12,OUT,279,2024-04-22,3670
12396,347,3,OUT,250,2024-04-02,3109
12397,60,22,OUT,295,2023-10-11,23770
12398,270,11,IN,99,2024-12-30,
12399,202,28,IN,98,2023-11-03,
12400,185,4,OUT,209,2023-10-05,17517
12401,235,23,OUT,499,2023-04-27,17494
12402,338,14,IN,189,2024-06-09,
12403,12,25,IN,274,2024-04-04,
12404,223,26,IN,85,2023-06-08,
12405,154,3,IN,426,2023-12-10,
12406,8888,888,OUT,0,2023-05-22,888888
12407,149,11,OUT,167,2023-09-10,16304
12408,282,34,IN,362,2023-01-18,
12409,78,23,OUT,191,2024-11-23,25463
12410,302,24,OUT,42,2023-12-08,12753
12411,344,25,IN,345,2023-08-15,
12412,176,32,IN,29,2023-02-20,
12413,175,20,IN,426,2023-09-20,
12414,22,21,OUT,116,2024-02-12,26659
12415,202,4,IN,460,2024-02-22,
12416,264,2,IN,333,2023-08-13,
12417,210,22,IN,0,2023-08-28,
12418,287,19,IN,276,2023-11-22,
12419,349,34,OUT,53,2024-01-21,275
12420,218,12,OUT,275,2024-01-18,24976
12421,206,18,OUT,173,2023-10-16,28674
12422,245,1,OUT,373,2024-05-07,16641
12423,144,8,IN,496,2023-06-02,
12424,355,19,OUT,180,2023-08-14,19075
12425,149,20,IN,143,2023-01-04,
12426,157,7,OUT,189,2024-09-25,4384
12427,263,29,OUT,16,2023-10-24,18690
12428,140,1,OUT,495,2023-09-19,24086
12429,61,4,OUT,438,2023-10-14,28612
12430,302,30,OUT,439,2023-01-23,10192
12431,257,25,OUT,162,2023-02-26,20548
12432,166,2,OUT,166,2023-06-17,94
12433,318,21,IN,260,2023-06-06,
12434,263,25,IN,177,2024-12-17,
12435,339,26,OUT,376,2023-02-17,15205
12436,54,18,IN,406,2023-02-08,
12437,236,6,IN,461,2023-10-18,
12438,150,25,IN,166,2023-09-26,
12439,92,20,OUT,244,2024-04-10,24845
12440,313,3,IN,263,2023-03-06,
12441,99,2,OUT,112,2024-07-12,20825
12442,332,15,IN,440,2023-03-17,
12443,83,33,OUT,157,2023-08-29,11420
12444,322,19,IN,332,2023-11-25,
12445,128,34,OUT,420,2023-10-12,15737
12446,62,23,IN,310,2023-04-07,
12447,249,26,IN,396,2023-02-11,
12448,305,16,IN,228,2023-12-14,
12449,8888,888,OUT,0,2024-01-30,888888
12450,295,14,IN,99,2023-11-25,
12451,271,33,OUT,442,2024-01-26,1084
12452,129,13,IN,76,2023-10-02,
12453,8888,888,OUT,0,2024-07-31,888888
12454,86,7,OUT,32,2024-01-25,16540
12455,234,8,IN,407,2024-05-30,
12456,288,13,OUT,140,2023-05-12,5263
12457,263,33,OUT,227,2024-08-05,11711
12458,346,29,OUT,333,2023-08-30,16447
12459,91,19,OUT,374,2023-11-30,29212
12460,19,16,OUT,165,2024-08-02,11737
12461,46,11,IN,257,2024-10-03,
12462,221,5,OUT,16,2024-01-01,12174
12463,303,23,OUT,355,2023-01-02,23101
12464,166,26,OUT,242,2024-08-26,12046
12465,308,23,OUT,417,2023-12-09,10649
12466,137,32,OUT,22,2023-05-10,20947
12467,169,21,IN,243,2023-11-29,
12468,237,1,OUT,248,2024-10-03,2901
12469,96,25,OUT,352,2024-09-18,29161
12470,8888,888,OUT,0,2023-03-27,888888
12471,275,18,IN,409,2024-09-03,
12472,342,2,IN,115,2024-11-08,
12473,279,26,IN,473,2023-10-10,
12474,355,28,IN,430,2023-02-09,
12475,246,21,IN,118,2024-12-01,
12476,8,9,OUT,343,2024-11-07,25508
12477,228,4,IN,380,2023-10-05,
12478,125,6,OUT,21,2023-11-22,2364
12479,215,22,OUT,337,2023-03-29,10326
12480,262,20,OUT,293,2023-07-09,16996
12481,167,17,OUT,77,2023-10-22,12572
12482,184,28,IN,276,2024-05-02,
12483,232,14,IN,84,2024-09-12,
12484,171,3,IN,253,2023-05-19,
12485,357,33,IN,270,2024-09-19,
12486,295,11,OUT,14,2024-09-23,26475
12487,333,8,OUT,45,2024-11-11,15434
12488,12,30,IN,304,2023-10-14,
12489,262,23,OUT,168,2024-09-14,4143
12490,67,12,IN,307,2024-09-28,
12491,248,3,OUT,253,2023-10-24,5207
12492,218,23,OUT,166,2024-01-28,12554
12493,49,17,IN,235,2024-03-28,
12494,230,16,OUT,215,2023-07-22,18944
12495,54,32,OUT,229,2023-08-05,25412
12496,333,2,OUT,46,2024-06-21,8538
12497,294,11,OUT,124,2023-12-14,21914
12498,317,5,OUT,470,2024-06-17,4480
12499,181,9,OUT,309,2023-04-16,3226
12500,265,17,IN,267,2024-07-26,
12501,109,33,OUT,315,2024-10-29,5898
12502,35,16,OUT,119,2023-09-19,1205
12503,240,30,OUT,8,2023-12-18,19758
12504,8888,888,OUT,0,2024-09-07,888888
12505,357,34,OUT,27,2023-04-11,3316
12506,310,21,OUT,268,2024-11-12,15394
12507,324,11,IN,198,2024-11-12,
12508,138,5,IN,417,2024-03-21,
12509,86,16,IN,496,2024-04-10,
12510,189,35,OUT,181,2023-03-28,28786
12511,288,5,IN,313,2023-02-25,
12512,292,10,OUT,33,2024-10-23,23920
12513,209,35,OUT,454,2024-07-02,3945
12514,234,5,OUT,267,2023-11-07,27762
12515,131,7,OUT,397,2024-02-26,4958
12516,252,6,IN,203,2024-12-23,
12517,236,4,OUT,335,2024-05-04,29396
12518,123,17,IN,82,2023-03-18,
12519,349,20,OUT,330,2024-12-26,14692
12520,315,35,OUT,330,2024-12-01,8658
12521,350,13,IN,404,2024-09-24,
12522,325,21,OUT,133,2023-05-09,26213
12523,27,5,OUT,63,2023-09-29,7249
12524,119,12,IN,291,2024-01-28,
12525,134,30,IN,374,2024-01-15,
12526,192,34,IN,124,2023-06-18,
12527,182,14,IN,188,2024-12-26,
12528,132,15,OUT,263,2024-11-22,10685
12529,176,10,IN,376,2023-04-17,
12530,51,6,IN,443,2023-04-18,
12531,186,4,IN,331,2023-01-09,
12532,39,25,OUT,340,2024-02-01,3782
12533,79,13,IN,354,2024-08-22,
12534,205,31,IN,475,2023-06-19,
12535,8888,888,OUT,0,2023-01-24,888888
12536,348,8,IN,248,2023-08-17,
12537,70,13,IN,307,2023-04-17,
12538,186,23,IN,342,2024-12-25,
12539,48,31,IN,372,2024-12-10,
12540,306,9,IN,107,2023-03-06,
12541,21,25,OUT,145,2023-01-02,22582
12542,131,34,OUT,272,2024-09-22,18468
12543,78,14,OUT,347,2024-07-01,27145
12544,21,11,OUT,39,2024-02-08,28013
12545,283,23,IN,86,2024-04-03,
12546,247,35,IN,454,2023-09-23,
12547,299,13,IN,278,2023-07-31,
12548,200,7,OUT,75,2023-04-24,22387
12549,359,11,OUT,66,2024-06-20,1359
12550,185,35,OUT,185,2024-03-24,26785
12551,288,31,OUT,443,2024-09-14,29970
12552,284,8,IN,45,2024-06-19,
12553,179,1,OUT,256,2023-10-31,23146
12554,352,15,IN,70,2024-09-27,
12555,214,7,IN,481,2024-08-17,
12556,211,32,OUT,169,2023-02-03,26840
12557,216,2,IN,147,2023-01-20,
12558,58,32,IN,500,2023-01-11,
12559,319,20,OUT,443,2023-09-16,7639
12560,41,6,OUT,263,2023-11-25,28081
12561,273,22,IN,189,2024-07-02,
12562,164,23,IN,248,2023-05-18,
12563,158,20,OUT,316,2024-05-10,7549
12564,244,32,OUT,378,2024-05-13,20107
12565,173,28,IN,193,2024-08-13,
12566,132,5,IN,367,2023-05-16,
12567,179,35,OUT,496,2023-02-23,26903
12568,166,32,OUT,324,2023-03-23,15347
12569,298,21,IN,39,2024-10-25,
12570,330,31,OUT,70,2024-08-27,19023
12571,42,13,OUT,170,2023-03-09,15135
12572,247,26,IN,67,2023-06-20,
12573,91,33,IN,445,2024-01-26,
12574,323,9,IN,129,2023-04-09,
12575,182,35,IN,221,2023-07-13,
12576,264,24,OUT,26,2024-07-04,28403
12577,131,7,IN,214,2023-02-22,
12578,321,28,IN,448,2024-11-10,
12579,294,9,IN,2,2024-09-24,
12580,125,14,IN,32,2023-03-11,
12581,74,11,IN,171,2023-03-06,
12582,159,11,OUT,142,2023-05-21,8023
12583,193,25,IN,286,2023-02-07,
12584,14,17,IN,391,2024-04-07,
12585,296,1,OUT,305,2023-06-02,20709
12586,8888,888,OUT,0,2023-06-27,888888
12587,234,8,OUT,356,2023-08-20,1694
12588,288,35,IN,186,2023-02-19,
12589,33,35,IN,31,2024-07-15,
12590,239,11,IN,20,2023-01-12,
12591,334,32,OUT,163,2024-02-15,374
12592,233,23,OUT,158,2024-01-15,19179
12593,11,21,IN,355,2024-04-07,
12594,298,9,IN,373,2024-01-15,
12595,150,18,OUT,71,2024-06-17,9390
12596,199,25,IN,462,2024-10-22,
12597,215,16,OUT,113,2023-01-23,14489
12598,266,2,IN,170,2023-01-15,
12599,270,22,OUT,460,2023-01-21,4505
12600,277,14,IN,397,2024-07-13,
12601,42,2,OUT,287,2024-10-22,3964
12602,321,6,IN,323,2024-03-21,
12603,202,23,OUT,226,2024-03-03,5572
12604,77,18,IN,83,2024-03-12,
12605,308,11,OUT,462,2023-11-18,9542
12606,62,3,IN,2,2024-03-07,
12607,262,29,OUT,156,2023-03-10,3740
12608,25,28,OUT,235,2024-12-20,9063
12609,137,28,OUT,271,2023-08-04,7187
12610,201,9,OUT,55,2024-10-10,11879
12611,182,3,IN,33,2023-08-30,
12612,262,34,OUT,0,2023-03-01,4358
12613,280,18,IN,484,2024-11-21,
12614,281,18,OUT,311,2024-09-22,29141
12615,71,33,OUT,31,2023-04-03,1755
12616,61,8,IN,0,2024-12-21,
12617,202,31,OUT,338,2024-08-05,21524
12618,142,28,IN,73,2023-09-09,
12619,179,16,OUT,215,2024-02-26,7009
12620,58,14,OUT,335,2023-06-18,2400
12621,221,13,OUT,122,2023-04-14,28527
12622,288,26,IN,268,2023-03-27,
12623,339,17,OUT,62,2023-11-16,7546
12624,28,20,OUT,378,2023-11-06,10914
12625,339,1,OUT,453,2023-12-26,2434
12626,246,23,IN,248,2023-03-03,
12627,182,9,OUT,83,2024-07-06,27989
12628,159,2,IN,256,2024-07-11,
12629,72,29,IN,131,2023-09-01,
12630,118,3,OUT,170,2023-04-26,15564
12631,31,12,IN,378,2023-01-03,
12632,101,29,IN,172,2023-05-07,
12633,90,7,IN,287,2023-11-05,
12634,46,22,IN,334,2023-02-24,
12635,303,10,IN,346,2024-07-06,
12636,145,4,OUT,311,2023-08-21,15152
12637,8,15,IN,252,2023-08-28,
12638,191,7,OUT,237,2024-01-26,23165
12639,211,21,OUT,71,2023-01-07,22197
12640,300,17,OUT,309,2024-09-11,16693
12641,96,17,OUT,415,2024-09-13,26111
12642,244,17,IN,473,2024-12-01,
12643,72,28,IN,232,2023-07-19,
12644,11,20,OUT,230,2023-07-12,19463
12645,277,27,OUT,78,2023-11-08,28014
12646,165,3,IN,488,2023-04-05,
12647,79,32,OUT,160,2024-04-08,20554
12648,78,34,OUT,113,2024-07-31,25359
12649,247,14,OUT,75,2023-08-02,7304
12650,78,27,OUT,197,2024-05-17,17518
12651,50,32,OUT,462,2023-02-01,18569
12652,310,28,OUT,413,2024-07-17,20743
12653,284,16,IN,188,2024-10-29,
12654,282,34,OUT,288,2024-05-02,20182
12655,293,33,OUT,496,2024-01-28,11630
12656,106,30,IN,45,2023-04-01,
12657,159,10,OUT,488,2024-01-14,13151
12658,8888,888,OUT,0,2023-12-11,888888
12659,205,19,OUT,193,2024-08-28,9041
12660,345,34,OUT,477,2023-10-01,11937
12661,193,33,IN,147,2023-06-07,
12662,84,24,IN,420,2023-03-15,
12663,271,3,IN,65,2023-02-05,
12664,66,35,OUT,420,2024-09-17,16057
12665,264,19,IN,61,2023-04-16,
12666,105,20,IN,50,2023-07-22,
12667,70,9,OUT,498,2023-02-10,1075
12668,76,4,OUT,479,2023-04-24,3711
12669,229,21,OUT,174,2023-12-05,13966
12670,8888,888,IN,0,2023-09-29,
12671,241,32,IN,370,2024-07-10,
12672,59,10,IN,469,2023-02-10,
12673,291,25,IN,330,2023-04-01,
12674,47,21,OUT,303,2024-10-17,24402
12675,45,2,OUT,407,2024-07-05,24430
12676,260,1,OUT,156,2023-07-26,26807
12677,299,15,OUT,462,2024-07-02,25566
12678,164,13,IN,265,2023-08-18,
12679,75,35,OUT,471,2024-09-06,3563
12680,64,6,IN,17,2024-11-03,
12681,223,33,IN,359,2023-07-10,
12682,64,26,IN,118,2023-01-02,
12683,31,11,OUT,99,2024-08-24,16196
12684,162,28,IN,406,2023-12-09,
12685,92,4,IN,478,2023-01-09,
12686,308,6,IN,106,2023-07-04,
12687,23,12,OUT,156,2023-01-09,26434
12688,151,7,OUT,333,2023-03-19,7010
12689,160,20,OUT,377,2024-02-28,25779
12690,291,27,IN,178,2024-12-11,
12691,63,3,IN,251,2023-03-28,
12692,202,20,IN,266,2023-03-30,
12693,40,26,IN,210,2024-12-18,
12694,67,1,IN,42,2024-12-05,
12695,234,4,OUT,463,2024-05-22,15560
12696,143,2,IN,34,2023-11-28,
12697,82,3,OUT,272,2024-11-07,26892
12698,113,5,OUT,271,2023-06-17,24981
12699,70,20,OUT,200,2023-01-24,15596
12700,280,9,OUT,248,2024-10-07,7776
12701,289,2,IN,247,2023-05-23,
12702,133,9,IN,242,2024-07-29,
12703,273,35,OUT,99,2023-11-15,17514
12704,180,5,OUT,130,2024-10-05,27444
12705,247,5,OUT,131,2023-09-02,21045
12706,13,35,IN,479,2024-06-02,
12707,353,25,OUT,321,2023-07-01,5365
12708,358,4,IN,478,2023-08-11,
12709,291,14,OUT,234,2024-09-21,28861
12710,203,27,OUT,386,2024-03-21,14538
12711,151,25,OUT,201,2023-03-23,20192
12712,333,35,OUT,21,2024-09-26,3600
12713,100,1,IN,429,2024-10-26,
12714,292,13,IN,115,2023-02-04,
12715,129,31,OUT,138,2024-05-24,24240
12716,308,5,OUT,120,2024-11-02,23426
12717,18,27,IN,494,2024-04-20,
12718,100,29,OUT,248,2024-03-15,9174
12719,96,27,OUT,227,2023-10-04,7592
12720,82,24,OUT,91,2024-08-28,7889
12721,334,5,OUT,70,2024-08-11,3356
12722,331,15,IN,154,2023-09-08,
12723,158,4,OUT,12,2023-10-02,25001
12724,335,19,IN,404,2023-03-01,
12725,278,28,OUT,64,2023-12-29,17887
12726,209,4,OUT,108,2023-05-25,82
12727,29,11,IN,479,2023-09-04,
12728,221,15,OUT,360,2023-01-11,9395
12729,163,35,IN,119,2023-09-09,
12730,66,23,IN,215,2023-08-06,
12731,206,20,OUT,190,2024-05-06,25731
12732,57,7,OUT,447,2023-08-23,15909
12733,269,2,OUT,220,2024-06-15,2297
12734,313,32,OUT,145,2024-05-18,17876
12735,294,33,OUT,66,2024-11-26,20480
12736,215,32,IN,410,2023-09-23,
12737,59,17,OUT,189,2024-03-14,29754
12738,52,17,OUT,278,2023-12-01,11666
12739,69,2,IN,227,2024-02-08,
12740,291,33,OUT,126,2024-09-03,3113
12741,93,33,OUT,405,2023-07-31,24271
12742,192,14,OUT,436,2023-03-10,7023
12743,113,32,OUT,467,2023-09-25,8913
12744,235,15,IN,31,2023-05-02,
12745,295,7,IN,47,2024-08-26,
12746,280,9,IN,319,2024-08-06,
12747,358,3,IN,126,2023-11-30,
12748,265,19,OUT,427,2023-06-01,8824
12749,8888,888,OUT,0,2023-11-06,888888
12750,319,26,IN,78,2023-02-14,
12751,14,27,OUT,366,2023-08-13,764
12752,140,10,OUT,158,2024-01-20,8034
12753,129,23,OUT,383,2023-12-03,16353
12754,217,3,IN,37,2023-07-22,
12755,225,34,OUT,358,2024-03-26,11657
12756,14,8,IN,39,2024-12-06,
12757,50,35,IN,152,2023-08-06,
12758,150,4,IN,123,2023-01-13,
12759,186,18,IN,325,2024-04-06,
12760,199,28,OUT,150,2024-12-16,11552
12761,8888,888,OUT,0,2023-12-08,888888
12762,155,21,IN,175,2024-07-14,
12763,8888,888,IN,0,2023-08-30,
12764,59,20,OUT,316,2023-12-15,8018
12765,113,24,OUT,132,2024-09-01,7003
12766,343,26,IN,11,2023-08-01,
12767,72,29,OUT,250,2024-07-22,20495
12768,347,8,IN,16,2023-01-04,
12769,125,33,IN,391,2023-01-30,
12770,96,20,OUT,242,2024-04-20,19983
12771,128,23,IN,402,2024-01-16,
12772,197,14,IN,314,2023-12-07,
12773,280,31,IN,493,2023-01-30,
12774,177,26,OUT,418,2023-02-23,22569
12775,267,14,IN,335,2024-02-15,
12776,116,33,OUT,472,2024-04-13,3563
12777,143,7,IN,479,2024-11-14,
12778,89,3,OUT,483,2023-09-14,19416
12779,288,6,IN,287,2024-10-09,
12780,335,32,OUT,89,2023-11-19,12966
12781,141,21,OUT,264,2023-02-21,25434
12782,309,18,IN,307,2024-08-02,
12783,166,28,OUT,419,2023-11-19,12113
12784,100,19,OUT,406,2023-09-01,27852
12785,337,25,OUT,23,2023-04-19,479
12786,339,21,OUT,63,2023-06-27,29040
12787,309,21,IN,37,2024-12-31,
12788,72,18,OUT,56,2023-11-27,12127
12789,220,1,OUT,425,2023-07-05,19397
12790,24,19,OUT,214,2023-10-24,4661
12791,305,22,IN,16,2024-03-10,
12792,143,10,OUT,469,2024-03-27,5797
12793,130,28,OUT,482,2023-12-15,20900
12794,16,33,OUT,116,2023-04-01,19348
12795,322,25,IN,379,2023-03-18,
12796,174,11,IN,391,2024-06-29,
12797,150,34,IN,334,2023-03-19,
12798,37,2,OUT,29,2023-07-14,5934
12799,337,8,IN,497,2023-04-08,
12800,296,27,IN,91,2024-11-06,
12801,355,24,OUT,92,2024-09-20,28907
12802,126,16,OUT,21,2024-09-15,10232
12803,253,22,IN,219,2024-12-09,
12804,45,3,IN,431,2023-04-11,
12805,146,26,OUT,247,2024-06-24,27539
12806,359,3,IN,306,2024-11-23,
12807,44,23,IN,354,2024-02-16,
12808,286,14,IN,471,2024-11-13,
12809,310,25,IN,136,2024-01-18,
12810,144,20,IN,496,2024-07-25,
12811,307,34,IN,203,2024-05-10,
12812,8,17,OUT,337,2024-10-15,16976
12813,159,4,OUT,280,2023-08-24,20441
12814,292,18,IN,465,2023-09-02,
12815,135,26,IN,155,2024-05-28,
12816,112,17,IN,423,2024-08-11,
12817,355,15,IN,19,2024-01-24,
12818,314,27,OUT,60,2023-07-11,15267
12819,86,27,OUT,373,2023-02-17,10902
12820,206,11,OUT,359,2023-07-13,5694
12821,186,27,OUT,272,2023-10-02,23308
12822,17,33,OUT,239,2023-09-09,15016
12823,265,17,OUT,5,2024-08-30,15154
12824,266,1,IN,432,2024-05-05,
12825,253,31,IN,304,2024-06-27,
12826,324,8,OUT,354,2024-10-26,2814
12827,90,3,OUT,50,2023-08-05,12815
12828,228,31,IN,315,2023-05-11,
12829,57,20,IN,379,2023-05-10,
12830,215,23,OUT,375,2024-12-18,7650
12831,72,7,IN,497,2024-05-24,
12832,327,32,OUT,77,2024-07-29,2602
12833,44,18,IN,168,2023-12-13,
12834,118,21,OUT,283,2024-04-06,168
12835,11,23,OUT,414,2023-11-22,739
12836,28,7,IN,127,2023-04-20,
12837,167,17,OUT,106,2023-05-05,11813
12838,246,12,IN,440,2024-09-07,
12839,200,3,IN,462,2024-03-06,
12840,303,11,OUT,469,2024-03-14,12965
12841,141,21,IN,234,2024-04-01,
12842,239,30,OUT,61,2023-04-17,17463
12843,202,1,OUT,125,2024-08-13,15174
12844,350,19,OUT,71,2024-09-09,8347
12845,348,9,IN,80,2023-01-24,
12846,172,28,OUT,142,2024-07-22,7592
12847,239,6,OUT,331,2024-02-18,17748
12848,166,35,IN,353,2024-03-02,
12849,237,31,IN,495,2023-06-05,
12850,312,16,IN,457,2023-03-07,
12851,230,24,IN,479,2023-10-01,
12852,121,31,IN,67,2024-06-14,
12853,111,22,IN,298,2023-11-29,
12854,272,1,IN,245,2023-02-25,
12855,142,35,OUT,498,2024-08-28,12801
12856,141,1,OUT,206,2023-11-14,2814
12857,279,6,IN,299,2024-03-07,
12858,150,27,OUT,73,2024-09-21,23674
12859,286,7,OUT,134,2023-07-19,8732
12860,154,24,OUT,51,2024-09-16,10576
12861,181,14,IN,20,2024-01-23,
12862,182,8,OUT,405,2024-09-09,3859
12863,83,34,OUT,70,2023-07-12,21385
12864,20,1,IN,237,2024-10-23,
12865,161,8,OUT,240,2024-02-15,28266
12866,136,11,IN,427,2023-04-13,
12867,68,29,OUT,242,2024-10-14,24823
12868,203,33,OUT,37,2024-05-20,13166
12869,8888,888,OUT,0,2023-03-16,888888
12870,185,23,IN,100,2024-03-05,
12871,328,28,IN,387,2023-05-04,
12872,309,27,OUT,51,2024-11-16,11473
12873,236,11,OUT,399,2023-01-27,29543
12874,91,20,IN,189,2024-01-04,
12875,318,12,OUT,442,2023-01-13,29151
12876,325,22,IN,5,2024-09-29,
12877,289,12,IN,165,2024-04-21,
12878,226,4,IN,461,2023-06-29,
12879,38,33,OUT,485,2024-02-09,18453
12880,196,28,IN,356,2023-05-23,
12881,170,14,OUT,100,2024-11-08,8714
12882,46,3,OUT,33,2023-10-15,16519
12883,352,9,IN,463,2023-08-04,
12884,257,29,OUT,360,2024-02-06,9146
12885,334,34,OUT,127,2023-03-03,2938
12886,306,14,OUT,149,2023-12-19,9256
12887,306,33,OUT,448,2024-06-28,16026
12888,152,28,OUT,195,2023-03-14,22032
12889,298,14,OUT,436,2024-09-25,16358
12890,316,34,IN,139,2023-06-27,
12891,125,14,OUT,54,2023-04-02,9362
12892,59,27,IN,307,2024-07-30,
12893,68,25,IN,395,2023-02-06,
12894,62,10,IN,94,2023-06-15,
12895,146,18,OUT,304,2024-10-02,21928
12896,65,31,OUT,491,2023-07-21,20554
12897,145,4,OUT,316,2024-12-18,8686
12898,124,19,OUT,183,2023-01-24,169
12899,8888,888,OUT,0,2023-08-09,888888
12900,98,17,OUT,416,2024-12-31,29453
12901,105,28,IN,276,2024-11-10,
12902,248,13,OUT,116,2023-02-03,24664
12903,129,4,IN,346,2023-06-08,
12904,205,16,IN,102,2023-07-06,
12905,30,17,OUT,248,2024-03-04,23062
12906,355,24,IN,95,2023-05-06,
12907,176,18,OUT,152,2023-10-28,14706
12908,144,11,IN,285,2024-12-19,
12909,317,12,IN,140,2023-03-24,
12910,2,11,IN,22,2023-11-05,
12911,225,2,OUT,118,2023-04-30,3683
12912,94,16,IN,170,2023-02-02,
12913,136,4,IN,438,2024-12-24,
12914,325,31,IN,469,2023-01-17,
12915,345,19,IN,54,2023-02-12,
12916,345,26,OUT,27,2024-11-28,20540
12917,264,10,OUT,325,2024-11-19,27440
12918,175,20,IN,52,2023-12-09,
12919,314,35,OUT,345,2023-11-25,18423
12920,274,2,IN,146,2023-08-19,
12921,67,21,IN,115,2024-04-02,
12922,294,24,OUT,465,2024-09-10,3699
12923,292,18,OUT,424,2023-07-25,12727
12924,1,7,OUT,162,2023-04-11,13521
12925,150,27,OUT,67,2024-11-06,2225
12926,221,19,IN,100,2023-11-27,
12927,190,21,IN,272,2024-05-16,
12928,8,7,OUT,73,2024-06-12,20984
12929,123,34,OUT,357,2024-03-22,29538
12930,241,19,OUT,432,2023-01-14,3479
12931,48,18,OUT,336,2024-03-25,22854
12932,319,29,OUT,211,2024-04-02,16626
12933,6,16,OUT,6,2024-09-05,28422
12934,230,8,IN,85,2024-06-24,
12935,173,26,OUT,45,2023-08-17,6640
12936,184,22,IN,334,2023-03-25,
12937,308,26,IN,46,2023-02-23,
12938,107,33,OUT,290,2024-05-25,24665
12939,192,23,IN,338,2024-03-27,
12940,179,30,IN,353,2023-11-07,
12941,181,7,IN,112,2024-01-15,
12942,246,14,IN,64,2024-04-08,
12943,309,5,IN,245,2023-03-30,
12944,291,28,OUT,167,2024-05-10,18770
12945,208,7,OUT,61,2024-07-28,9032
12946,270,29,IN,1,2024-09-30,
12947,284,19,OUT,46,2024-09-29,26834
12948,185,33,OUT,325,2023-04-09,18409
12949,311,17,OUT,199,2023-01-27,11803
12950,292,6,IN,498,2024-02-17,
12951,153,12,OUT,6,2023-01-23,6762
12952,46,2,OUT,455,2024-06-09,13729
12953,12,19,OUT,494,2023-08-10,23939
12954,5,10,OUT,409,2023-11-02,14707
12955,25,7,IN,443,2024-01-10,
12956,194,2,IN,139,2024-11-12,
12957,245,34,IN,470,2024-07-22,
12958,120,6,IN,123,2024-02-08,
12959,139,28,IN,165,2024-06-27,
12960,60,32,IN,358,2024-01-01,
12961,306,12,OUT,239,2024-07-26,1087
12962,8888,888,OUT,0,2024-04-26,888888
12963,255,5,OUT,425,2023-12-13,16565
12964,327,21,IN,292,2024-11-24,
12965,328,28,IN,409,2023-07-16,
12966,352,17,OUT,262,2023-07-18,21464
12967,74,1,IN,37,2023-05-26,
12968,134,6,IN,149,2023-08-16,
12969,264,30,OUT,465,2024-05-15,4958
12970,243,1,OUT,221,2024-08-12,7621
12971,319,25,OUT,184,2024-03-17,6013
12972,98,15,OUT,279,2024-05-17,18721
12973,316,16,IN,138,2023-02-13,
12974,105,10,OUT,142,2024-09-21,14531
12975,33,7,OUT,148,2024-07-27,14964
12976,341,25,OUT,231,2024-07-06,6810
12977,271,28,IN,378,2023-01-26,
12978,67,16,OUT,250,2023-11-12,26733
12979,126,30,OUT,449,2023-08-15,27463
12980,214,27,OUT,256,2024-03-02,19859
12981,342,23,IN,466,2023-03-01,
12982,300,32,IN,394,2024-06-27,
12983,69,30,OUT,405,2023-09-03,23848
12984,24,35,OUT,133,2024-05-26,8075
12985,36,22,IN,385,2023-01-29,
12986,133,32,OUT,414,2024-11-08,27253
12987,149,7,OUT,425,2024-02-17,20247
12988,105,21,OUT,341,2024-02-05,10544
12989,8,27,IN,344,2023-05-06,
12990,326,28,OUT,486,2023-03-07,2110
12991,334,9,OUT,129,2023-08-29,3818
12992,179,26,OUT,10,2023-07-20,12326
12993,274,2,OUT,117,2023-03-23,14020
12994,175,22,OUT,275,2024-04-21,8099
12995,168,3,OUT,66,2024-08-23,23733
12996,326,16,IN,499,2024-04-09,
12997,120,33,IN,186,2024-11-19,
12998,264,13,IN,249,2023-01-12,
12999,108,31,OUT,130,2023-10-24,9372
13000,268,27,OUT,418,2024-03-14,16832
13001,227,27,OUT,408,2023-11-01,13413
13002,318,32,IN,65,2023-08-06,
13003,50,19,OUT,88,2023-06-10,18614
13004,230,11,OUT,476,2023-09-01,19396
13005,216,18,OUT,405,2024-11-18,18650
13006,15,23,OUT,377,2024-12-23,28248
13007,282,32,OUT,303,2023-04-16,1043
13008,40,29,IN,293,2023-05-20,
13009,322,17,OUT,84,2023-02-08,1934
13010,168,15,IN,266,2023-03-25,
13011,257,29,IN,191,2024-02-24,
13012,304,18,OUT,267,2024-03-04,17611
13013,157,3,IN,336,2023-12-19,
13014,326,9,IN,225,2024-09-25,
13015,88,13,OUT,403,2024-04-10,29442
13016,87,20,OUT,139,2023-12-05,15236
13017,55,20,OUT,92,2024-04-22,21985
13018,201,13,IN,246,2023-10-20,
13019,339,2,OUT,250,2024-08-02,8801
13020,82,34,OUT,426,2023-05-07,27532
13021,56,4,OUT,201,2024-12-19,17646
13022,139,17,IN,352,2024-06-10,
13023,161,1,IN,337,2024-05-17,
13024,239,11,OUT,266,2023-09-26,7855
13025,360,5,OUT,376,2023-10-03,8182
13026,68,15,OUT,449,2023-08-03,10301
13027,217,8,IN,219,2024-06-03,
13028,191,28,IN,99,2023-03-25,
13029,20,13,OUT,55,2024-12-23,19562
13030,182,7,OUT,484,2024-08-24,26818
13031,134,14,OUT,441,2024-07-29,22974
13032,5,21,OUT,315,2024-12-10,23691
13033,290,20,IN,311,2023-06-26,
13034,89,17,OUT,307,2023-01-16,26584
13035,183,20,OUT,285,2024-05-06,24929
13036,23,13,IN,114,2024-09-26,
13037,11,15,IN,271,2024-09-13,
13038,352,35,OUT,201,2024-09-03,29417
13039,146,23,OUT,118,2024-03-01,6064
13040,154,20,OUT,466,2023-08-04,15524
13041,170,26,IN,341,2024-03-29,
13042,314,16,OUT,356,2023-04-05,17526
13043,71,29,IN,367,2024-09-26,
13044,195,7,IN,328,2023-11-12,
13045,152,31,OUT,236,2024-02-09,8841
13046,221,32,OUT,76,2023-07-08,9789
13047,320,3,OUT,58,2023-01-04,4461
13048,295,26,IN,21,2024-03-07,
13049,336,7,IN,106,2024-03-27,
13050,141,5,IN,457,2024-02-19,
13051,71,19,OUT,441,2023-05-08,14928
13052,196,21,OUT,316,2023-08-21,16309
13053,8888,888,IN,0,2023-04-25,
13054,231,28,OUT,470,2024-06-15,10795
13055,343,14,OUT,24,2023-08-06,10412
13056,245,15,OUT,38,2024-05-25,14360
13057,216,26,OUT,166,2024-04-06,8409
13058,346,30,IN,402,2024-11-11,
13059,236,15,OUT,146,2023-09-18,17152
13060,120,2,IN,356,2023-07-28,
13061,300,28,OUT,457,2023-12-06,6357
13062,208,12,OUT,47,2024-02-14,7514
13063,117,6,IN,198,2024-10-11,
13064,144,10,IN,403,2023-12-17,
13065,9,4,IN,484,2024-12-28,
13066,84,33,IN,348,2024-01-02,
13067,234,2,IN,343,2024-06-02,
13068,71,16,IN,388,2024-12-19,
13069,116,6,OUT,368,2024-03-01,996
13070,81,13,IN,295,2024-03-07,
13071,302,27,OUT,305,2024-10-06,23271
13072,203,30,OUT,329,2023-03-19,13392
13073,282,11,OUT,75,2023-12-22,20144
13074,45,29,OUT,467,2024-04-23,8201
13075,8888,888,IN,0,2024-06-26,
13076,58,10,IN,216,2024-06-07,
13077,50,32,OUT,17,2024-07-16,14540
13078,201,7,OUT,20,2023-12-17,7152
13079,103,11,OUT,393,2023-01-16,18144
13080,63,3,OUT,0,2023-01-21,118
13081,169,14,IN,321,2024-08-08,
13082,353,17,OUT,339,2024-01-02,17816
13083,102,24,OUT,81,2024-10-28,18892
13084,302,22,IN,46,2024-05-31,
13085,51,31,OUT,331,2023-06-30,5471
13086,330,20,OUT,66,2023-10-16,2851
13087,15,15,IN,368,2024-07-23,
13088,82,19,OUT,25,2023-07-04,12532
13089,19,28,OUT,345,2023-03-19,8452
13090,208,31,OUT,369,2023-01-17,7019
13091,133,32,IN,204,2024-01-18,
13092,14,32,OUT,442,2023-04-20,14170
13093,344,26,IN,409,2024-04-02,
13094,91,8,IN,284,2024-04-29,
13095,336,2,IN,427,2023-12-01,
13096,241,9,OUT,198,2023-06-26,19973
13097,85,17,IN,266,2023-12-22,
13098,113,35,OUT,215,2023-02-02,20224
13099,113,27,IN,155,2023-04-14,
13100,55,2,OUT,245,2024-05-15,20233
13101,8888,888,IN,0,2024-10-25,
13102,17,24,OUT,183,2023-05-22,10477
13103,219,22,OUT,380,2024-06-04,5251
13104,195,20,OUT,251,2023-06-24,28937
13105,56,6,OUT,496,2024-12-11,14474
13106,355,1,IN,192,2024-02-20,
13107,298,24,OUT,141,2023-03-21,3452
13108,99,9,OUT,400,2024-02-29,6095
13109,157,30,IN,125,2024-07-30,
13110,143,30,OUT,156,2024-05-03,1870
13111,121,31,OUT,385,2024-11-16,9306
13112,318,16,OUT,0,2023-02-26,23435
13113,319,13,IN,252,2023-02-18,
13114,195,29,OUT,38,2023-08-17,4281
13115,256,11,OUT,163,2023-05-28,5441
13116,137,20,OUT,151,2023-07-12,19296
13117,353,9,IN,301,2023-02-22,
13118,241,17,IN,126,2024-04-01,
13119,27,16,OUT,408,2023-07-05,15521
13120,36,31,IN,357,2024-08-31,
13121,317,18,OUT,227,2023-12-11,21686
13122,265,24,OUT,262,2023-12-23,26781
13123,38,12,IN,92,2023-11-01,
13124,52,20,OUT,256,2024-11-26,7970
13125,66,23,IN,15,2024-03-28,
13126,20,23,IN,193,2023-08-12,
13127,66,31,IN,348,2023-12-31,
13128,42,23,OUT,114,2023-11-22,8391
13129,301,20,OUT,4,2023-03-17,17128
13130,6,35,IN,185,2024-08-21,
13131,317,27,OUT,499,2024-10-26,19422
13132,242,30,OUT,490,2023-12-06,503
13133,84,33,IN,371,2023-10-17,
13134,51,23,IN,143,2024-10-22,
13135,14,22,OUT,320,2023-06-17,14274
13136,330,1,IN,154,2023-09-29,
13137,331,18,IN,268,2023-06-12,
13138,182,21,OUT,127,2024-08-06,18411
13139,94,33,IN,39,2023-06-01,
13140,154,25,OUT,58,2023-03-22,7835
13141,341,11,IN,490,2023-11-13,
13142,8888,888,OUT,0,2023-09-16,888888
13143,91,22,OUT,290,2024-06-24,29978
13144,214,32,IN,376,2024-09-21,
13145,153,7,IN,279,2024-09-03,
13146,315,34,OUT,479,2023-01-05,26733
13147,232,23,OUT,328,2023-09-19,12971
13148,8888,888,IN,0,2024-03-21,
13149,217,24,IN,437,2024-05-10,
13150,351,6,OUT,9,2024-05-23,20124
13151,216,9,OUT,89,2024-11-02,2945
13152,171,27,OUT,161,2024-07-25,10828
13153,223,5,IN,388,2023-05-04,
13154,322,19,OUT,175,2023-12-20,20756
13155,211,21,OUT,391,2023-05-27,1035
13156,353,4,IN,429,2023-09-15,
13157,333,8,IN,229,2024-02-18,
13158,85,26,OUT,108,2023-03-03,16661
13159,137,21,OUT,41,2023-04-09,16052
13160,202,20,OUT,68,2024-12-02,27897
13161,56,28,IN,448,2023-10-18,
13162,89,6,IN,43,2023-05-12,
13163,108,13,IN,295,2023-02-05,
13164,23,19,IN,63,2024-03-10,
13165,29,4,OUT,431,2024-10-23,16817
13166,300,30,IN,473,2024-10-04,
13167,329,13,OUT,194,2023-08-28,1941
13168,154,2,OUT,119,2024-02-10,17861
13169,339,8,OUT,54,2023-01-31,25451
13170,184,25,OUT,139,2024-12-27,20504
13171,21,7,IN,327,2023-12-22,
13172,291,27,IN,353,2024-02-24,
13173,262,28,OUT,249,2024-01-19,24449
13174,127,6,OUT,447,2024-04-25,21584
13175,8888,888,OUT,0,2024-11-11,888888
13176,201,20,OUT,129,2024-06-01,23276
13177,356,11,OUT,370,2023-03-17,7413
13178,133,9,IN,433,2023-09-05,
13179,59,35,IN,439,2023-04-07,
13180,62,6,IN,399,2024-08-06,
13181,241,27,IN,359,2024-03-09,
13182,87,7,IN,305,2023-06-02,
13183,18,11,OUT,298,2023-12-10,5995
13184,203,10,IN,127,2024-11-13,
13185,215,28,OUT,392,2023-08-19,27527
13186,167,11,IN,394,2023-09-23,
13187,70,17,IN,128,2023-09-16,
13188,114,1,OUT,161,2023-02-14,18560
13189,210,6,OUT,0,2024-10-22,20322
13190,272,33,IN,35,2023-09-15,
13191,219,16,OUT,360,2023-04-07,10136
13192,83,2,IN,341,2023-12-26,
13193,54,22,IN,26,2023-09-23,
13194,261,32,IN,306,2024-08-07,
13195,73,35,IN,141,2024-03-10,
13196,309,7,IN,236,2023-05-15,
13197,217,25,IN,6,2024-05-30,
13198,207,23,OUT,448,2024-01-28,16185
13199,8888,888,OUT,0,2024-11-29,888888
13200,162,35,IN,379,2024-04-09,
13201,322,23,OUT,146,2023-11-16,5181
13202,301,28,IN,69,2024-06-20,
13203,313,32,IN,454,2023-04-21,
13204,263,7,OUT,7,2024-08-18,24000
13205,166,16,OUT,284,2023-09-04,3192
13206,165,6,OUT,275,2024-06-22,29800
13207,48,11,IN,110,2023-10-20,
13208,147,7,IN,18,2023-10-17,
13209,265,31,OUT,263,2024-03-03,3611
13210,345,18,OUT,388,2024-08-27,5406
13211,109,34,IN,353,2024-08-15,
13212,28,28,IN,265,2024-02-24,
13213,299,17,IN,379,2023-04-14,
13214,150,7,OUT,388,2024-06-11,27240
13215,51,7,OUT,53,2024-06-11,28619
13216,14,32,IN,15,2023-11-12,
13217,51,33,OUT,59,2023-02-27,3985
13218,232,3,OUT,301,2024-05-01,12103
13219,209,27,OUT,80,2023-08-22,6490
13220,66,1,IN,26,2023-02-05,
13221,279,16,IN,285,2023-08-07,
13222,301,8,OUT,171,2024-08-30,22208
13223,74,3,OUT,59,2024-03-11,2209
13224,197,35,IN,340,2023-06-28,
13225,212,21,IN,47,2024-04-23,
13226,89,26,IN,294,2023-01-16,
13227,8888,888,OUT,0,2024-07-26,888888
13228,257,26,IN,315,2023-09-18,
13229,225,5,OUT,0,2023-10-04,11821
13230,17,20,IN,403,2023-11-04,
13231,118,5,IN,383,2023-03-02,
13232,317,5,OUT,212,2023-04-13,24915
13233,43,32,OUT,185,2024-04-07,13557
13234,279,25,IN,425,2023-12-23,
13235,222,14,OUT,421,2023-12-21,22473
13236,278,12,IN,235,2024-08-20,
13237,298,17,OUT,136,2023-05-16,4551
13238,304,6,OUT,201,2023-11-16,15647
13239,313,33,OUT,27,2024-07-26,23682
13240,17,15,IN,218,2023-04-15,
13241,81,28,OUT,59,2023-02-04,24899
13242,33,16,IN,241,2024-11-18,
13243,222,10,IN,353,2023-03-28,
13244,129,31,OUT,61,2023-11-14,25168
13245,8888,888,IN,0,2024-11-04,
13246,147,25,IN,313,2023-08-20,
13247,234,18,OUT,66,2023-08-06,11137
13248,332,10,OUT,416,2024-11-28,29562
13249,289,1,IN,223,2023-09-01,
13250,202,9,IN,364,2023-05-19,
13251,249,31,IN,120,2024-12-04,
13252,111,14,OUT,24,2024-02-04,1942
13253,19,5,OUT,485,2024-04-02,2238
13254,60,5,OUT,452,2023-12-27,18543
13255,145,21,OUT,198,2023-11-27,28017
13256,345,8,OUT,368,2024-04-04,26635
13257,262,7,IN,22,2023-06-19,
13258,146,19,OUT,404,2023-02-17,12633
13259,89,18,IN,130,2024-02-09,
13260,343,32,OUT,227,2023-12-01,24822
13261,133,1,OUT,373,2023-02-16,24775
13262,80,13,OUT,406,2024-05-04,10188
13263,239,9,OUT,464,2024-04-05,20411
13264,235,28,IN,466,2023-03-14,
13265,287,35,IN,293,2024-05-02,
13266,294,4,OUT,44,2023-11-25,2878
13267,33,18,OUT,371,2023-02-17,14537
13268,17,21,OUT,447,2023-10-13,10153
13269,55,20,OUT,499,2023-02-07,25717
13270,31,19,IN,402,2023-03-07,
13271,229,35,OUT,355,2023-08-21,26315
13272,113,17,IN,0,2023-05-29,
13273,194,23,OUT,358,2023-02-06,13280
13274,112,33,OUT,388,2023-08-28,4034
13275,52,35,OUT,351,2023-10-21,19915
13276,21,15,IN,133,2024-09-04,
13277,72,9,OUT,164,2023-12-04,10381
13278,162,19,OUT,143,2023-08-12,27142
13279,260,28,OUT,15,2023-06-06,12870
13280,120,19,IN,54,2023-11-09,
13281,228,20,IN,22,2024-05-19,
13282,352,32,IN,438,2024-11-30,
13283,354,23,IN,53,2023-07-12,
13284,132,33,OUT,311,2024-10-03,27578
13285,66,5,OUT,115,2024-10-10,20509
13286,294,31,OUT,208,2024-05-06,19614
13287,90,19,IN,192,2024-11-01,
13288,150,18,OUT,152,2023-04-13,25770
13289,55,33,IN,393,2024-08-03,
13290,199,15,IN,193,2024-03-26,
13291,319,6,IN,217,2024-10-06,
13292,22,1,OUT,194,2024-01-02,18541
13293,14,13,OUT,228,2024-07-18,24443
13294,344,35,IN,140,2024-01-05,
13295,301,32,IN,365,2024-10-17,
13296,28,14,IN,321,2023-05-07,
13297,156,35,OUT,432,2023-09-24,1411
13298,128,2,OUT,0,2024-02-10,6019
13299,284,14,OUT,105,2023-10-02,26739
13300,280,9,IN,148,2023-03-15,
13301,243,12,OUT,205,2024-06-05,4920
13302,355,2,OUT,382,2023-09-04,5197
13303,351,11,IN,29,2024-06-12,
13304,137,15,OUT,144,2023-05-28,19310
13305,8,5,IN,263,2023-03-23,
13306,140,23,OUT,262,2023-04-26,17523
13307,209,34,IN,201,2023-07-15,
13308,256,5,OUT,319,2023-03-02,25108
13309,196,18,IN,278,2023-01-02,
13310,27,35,OUT,24,2023-12-17,22186
13311,275,31,IN,345,2023-07-24,
13312,264,32,OUT,14,2024-08-11,25421
13313,94,1,IN,232,2024-02-05,
13314,69,31,IN,213,2024-09-26,
13315,352,11,OUT,92,2023-11-10,19343
13316,25,33,OUT,218,2024-08-19,5681
13317,149,27,OUT,459,2024-01-21,2083
13318,98,14,OUT,370,2024-08-01,11954
13319,197,13,IN,188,2024-12-27,
13320,278,25,OUT,350,2023-12-30,3876
13321,195,11,IN,37,2023-02-11,
13322,94,7,IN,71,2023-03-03,
13323,21,6,OUT,12,2023-07-17,11710
13324,141,23,OUT,295,2023-07-26,25797
13325,100,33,OUT,285,2024-01-21,13492
13326,155,11,OUT,120,2023-12-25,14961
13327,124,33,OUT,101,2023-08-04,5112
13328,355,8,IN,277,2024-04-20,
13329,8888,888,OUT,0,2023-04-06,888888
13330,56,26,OUT,432,2023-01-13,17689
13331,170,21,OUT,213,2023-07-20,25567
13332,64,28,IN,129,2024-02-02,
13333,218,28,OUT,154,2023-07-02,26242
13334,149,18,OUT,385,2023-08-05,4998
13335,77,22,IN,144,2023-06-12,
13336,326,27,OUT,361,2024-05-01,21636
13337,220,24,OUT,140,2024-09-07,25233
13338,322,34,OUT,167,2023-05-23,20211
13339,71,17,IN,37,2023-10-21,
13340,192,15,OUT,407,2024-09-13,18493
13341,323,24,IN,452,2024-02-22,
13342,266,17,IN,313,2023-12-01,
13343,59,23,IN,385,2023-01-23,
13344,240,11,IN,267,2024-04-08,
13345,337,6,IN,160,2023-02-03,
13346,202,13,OUT,318,2023-07-02,11122
13347,16,17,IN,277,2024-07-01,
13348,239,29,IN,320,2023-09-11,
13349,282,7,IN,14,2024-05-06,
13350,253,12,OUT,436,2023-06-13,29480
13351,133,10,IN,452,2023-02-18,
13352,333,32,OUT,298,2023-08-09,22489
13353,109,12,IN,50,2023-07-06,
13354,134,11,IN,162,2023-09-08,
13355,240,7,OUT,37,2023-12-04,838
13356,355,14,OUT,462,2023-08-30,5604
13357,77,8,IN,239,2024-09-16,
13358,189,3,IN,262,2023-02-16,
13359,324,18,IN,110,2024-02-08,
13360,60,13,OUT,310,2023-06-21,9583
13361,62,21,OUT,40,2023-01-29,29989
13362,27,24,IN,472,2024-10-19,
13363,121,33,IN,260,2023-07-16,
13364,155,5,IN,141,2023-04-11,
13365,147,5,IN,368,2023-05-21,
13366,132,15,IN,489,2023-03-05,
13367,283,32,IN,87,2023-02-23,
13368,44,30,IN,318,2024-04-06,
13369,167,19,IN,379,2024-07-15,
13370,214,14,OUT,315,2023-05-25,10800
13371,104,35,IN,286,2024-01-21,
13372,151,24,OUT,116,2023-06-18,26393
13373,215,20,OUT,177,2024-04-13,20499
13374,194,27,OUT,112,2024-02-28,22901
13375,175,31,OUT,67,2024-05-18,29907
13376,302,26,IN,19,2023-07-13,
13377,101,28,IN,425,2023-04-28,
13378,159,13,OUT,437,2024-05-28,20262
13379,205,6,IN,101,2023-05-08,
13380,282,29,IN,220,2023-02-12,
13381,61,28,OUT,63,2023-01-17,17414
13382,295,18,OUT,398,2024-04-01,23640
13383,186,13,OUT,172,2024-05-01,10346
13384,142,19,IN,62,2023-04-30,
13385,112,3,IN,218,2023-09-27,
13386,125,9,OUT,218,2023-07-27,1903
13387,5,29,IN,403,2023-12-28,
13388,83,23,OUT,287,2023-02-11,15422
13389,335,7,OUT,190,2023-08-04,7008
13390,199,20,IN,244,2024-05-12,
13391,317,8,OUT,143,2024-10-09,5811
13392,267,17,OUT,204,2023-04-19,10041
13393,40,30,OUT,193,2024-02-22,13069
13394,247,2,IN,452,2024-11-20,
13395,349,23,IN,281,2024-06-30,
13396,264,30,IN,74,2024-03-27,
13397,38,35,IN,317,2024-01-05,
13398,279,25,OUT,114,2024-09-22,13532
13399,238,24,OUT,435,2024-03-12,3115
13400,135,33,IN,395,2023-12-02,
13401,310,21,IN,81,2023-04-17,
13402,150,10,IN,147,2024-05-12,
13403,169,35,IN,33,2024-10-07,
13404,291,18,OUT,7,2024-10-11,14697
13405,7,35,IN,297,2023-08-01,
13406,313,9,IN,65,2024-06-27,
13407,27,1,OUT,94,2023-10-30,11223
13408,82,12,OUT,92,2024-01-25,18322
13409,324,28,OUT,410,2024-09-23,17232
13410,305,16,IN,347,2024-12-23,
13411,296,13,IN,335,2023-05-05,
13412,106,16,OUT,452,2023-09-19,9727
13413,204,10,IN,42,2024-07-25,
13414,6,32,IN,441,2024-11-26,
13415,169,2,OUT,391,2024-05-20,2255
13416,275,10,OUT,71,2024-04-01,20921
13417,138,23,OUT,251,2024-09-25,5414
13418,85,6,OUT,394,2024-12-28,18382
13419,318,17,IN,45,2023-10-04,
13420,160,21,IN,153,2023-09-01,
13421,154,6,OUT,349,2023-02-07,6660
13422,105,27,IN,48,2024-02-25,
13423,296,32,OUT,80,2024-12-23,28285
13424,74,17,OUT,195,2023-08-17,5249
13425,339,17,OUT,338,2023-03-14,2347
13426,352,14,IN,118,2023-03-11,
13427,349,15,OUT,161,2023-05-01,5909
13428,336,3,IN,77,2024-07-05,
13429,82,28,OUT,235,2023-08-12,27547
13430,246,10,OUT,328,2023-11-09,10269
13431,356,33,OUT,449,2023-08-04,739
13432,40,4,IN,382,2024-09-28,
13433,163,20,IN,230,2024-10-18,
13434,8888,888,IN,0,2024-09-21,
13435,114,10,OUT,50,2024-05-12,20108
13436,241,31,OUT,376,2023-07-09,21004
13437,5,27,OUT,205,2024-01-27,21734
13438,14,22,OUT,315,2024-07-20,17741
13439,144,35,OUT,130,2023-09-18,29358
13440,301,30,OUT,490,2023-01-15,8425
13441,260,7,IN,404,2024-07-27,
13442,221,26,IN,24,2024-02-01,
13443,298,35,OUT,106,2024-02-27,28051
13444,61,10,OUT,300,2023-01-17,3226
13445,94,9,OUT,495,2023-10-05,18519
13446,168,28,OUT,486,2023-09-01,23626
13447,71,6,OUT,64,2023-09-01,21440
13448,331,5,OUT,64,2024-02-08,1467
13449,86,7,IN,58,2024-02-17,
13450,117,4,IN,439,2023-07-14,
13451,203,26,IN,229,2023-06-09,
13452,83,11,OUT,77,2023-03-26,29235
13453,268,23,IN,205,2023-02-15,
13454,147,35,IN,48,2024-02-15,
13455,118,5,OUT,94,2024-01-19,8116
13456,160,22,OUT,55,2023-12-26,28493
13457,27,9,OUT,112,2023-10-16,26815
13458,153,3,IN,59,2024-04-28,
13459,332,21,OUT,257,2023-06-12,10352
13460,229,26,IN,327,2024-03-19,
13461,67,17,OUT,434,2023-10-04,14298
13462,289,35,IN,336,2023-09-29,
13463,359,12,IN,263,2024-09-15,
13464,238,8,OUT,154,2023-06-25,16629
13465,14,4,IN,0,2023-09-19,
13466,302,25,IN,457,2023-10-21,
13467,36,8,IN,195,2024-08-29,
13468,210,12,OUT,360,2023-03-31,24694
13469,115,33,IN,105,2024-01-03,
13470,315,2,IN,79,2024-10-17,
13471,171,9,OUT,136,2023-01-25,3985
13472,296,34,IN,15,2024-01-03,
13473,282,31,OUT,442,2024-08-09,28990
13474,71,7,OUT,0,2024-06-20,23957
13475,168,9,IN,309,2024-10-15,
13476,345,27,OUT,130,2024-02-26,27652
13477,289,10,OUT,209,2023-07-27,29293
13478,313,32,OUT,221,2024-07-19,18716
13479,33,29,OUT,286,2023-01-31,27243
13480,123,21,OUT,299,2024-03-04,17959
13481,176,35,OUT,397,2024-04-12,11284
13482,292,33,IN,219,2023-09-27,
13483,315,17,IN,292,2024-02-17,
13484,338,20,IN,338,2023-02-08,
13485,116,17,IN,72,2023-04-22,
13486,129,34,OUT,139,2023-06-25,20035
13487,246,15,OUT,153,2023-02-05,2815
13488,252,20,OUT,155,2023-11-10,1939
13489,62,32,IN,240,2023-04-12,
13490,289,35,OUT,430,2024-07-21,23543
13491,327,2,OUT,482,2024-05-09,12490
13492,287,9,IN,443,2024-10-18,
13493,192,11,OUT,494,2023-03-13,27840
13494,278,22,IN,58,2024-09-11,
13495,8888,888,OUT,0,2024-10-22,888888
13496,15,9,OUT,239,2024-05-21,26493
13497,184,34,OUT,19,2023-06-24,4738
13498,37,22,OUT,275,2024-04-23,21657
13499,29,21,IN,85,2023-07-07,
13500,6,22,IN,420,2024-10-23,
13501,59,33,OUT,304,2023-02-12,17506
13502,215,34,IN,86,2023-12-18,
13503,254,21,OUT,491,2024-05-02,27923
13504,89,1,OUT,347,2023-08-15,10786
13505,211,26,OUT,366,2024-08-04,14202
13506,159,10,IN,11,2023-12-15,
13507,325,4,IN,216,2023-02-11,
13508,253,35,OUT,258,2023-02-21,261
13509,294,22,IN,158,2024-12-21,
13510,230,8,OUT,329,2024-02-15,24877
13511,225,21,IN,255,2024-10-22,
13512,35,18,OUT,57,2024-03-23,8697
13513,229,5,IN,487,2023-06-30,
13514,52,35,IN,180,2024-10-16,
13515,253,11,OUT,222,2023-08-26,12264
13516,138,7,IN,275,2024-06-01,
13517,318,20,IN,445,2024-09-30,
13518,316,24,OUT,315,2024-10-27,13859
13519,40,8,IN,103,2024-03-03,
13520,52,18,OUT,178,2024-05-13,3890
13521,247,2,IN,406,2024-08-24,
13522,36,34,OUT,81,2024-07-12,11332
13523,97,32,IN,35,2023-12-23,
13524,139,3,OUT,116,2023-01-03,11179
13525,316,4,IN,422,2023-06-24,
13526,54,33,OUT,413,2023-10-27,25815
13527,163,19,IN,119,2024-08-06,
13528,197,7,IN,112,2024-10-25,
13529,313,15,OUT,104,2023-06-02,18708
13530,310,15,OUT,239,2023-01-19,445
13531,226,27,OUT,277,2023-01-05,29052
13532,55,4,OUT,113,2024-10-26,13117
13533,153,33,IN,250,2023-03-03,
13534,184,26,OUT,252,2023-12-04,3531
13535,209,26,OUT,342,2024-03-06,14246
13536,157,29,OUT,39,2024-05-02,23176
13537,338,19,OUT,272,2023-11-02,2455
13538,14,2,IN,33,2023-12-15,
13539,246,8,IN,232,2023-01-08,
13540,8888,888,IN,0,2023-03-30,
13541,339,5,IN,101,2024-10-10,
13542,318,12,OUT,39,2023-05-09,19790
13543,190,33,OUT,232,2023-04-10,13608
13544,220,18,OUT,151,2024-07-31,4036
13545,118,22,OUT,249,2024-04-02,25869
13546,208,18,OUT,477,2023-05-08,16340
13547,57,32,IN,473,2024-12-23,
13548,34,13,IN,447,2024-01-21,
13549,180,33,IN,237,2024-03-13,
13550,313,12,OUT,206,2023-10-10,24419
13551,251,31,OUT,448,2024-01-02,1168
13552,10,3,IN,366,2024-05-10,
13553,317,23,IN,432,2024-10-30,
13554,76,24,IN,293,2023-11-15,
13555,112,23,OUT,60,2024-03-21,20080
13556,349,32,OUT,90,2024-04-27,9004
13557,111,20,OUT,168,2023-07-27,18945
13558,157,27,OUT,79,2023-08-17,14446
13559,280,2,OUT,250,2023-08-12,15687
13560,15,26,OUT,272,2023-12-07,9986
13561,349,34,OUT,346,2023-12-08,28674
13562,168,22,IN,282,2023-02-21,
13563,242,28,OUT,445,2024-06-21,13329
13564,117,11,OUT,55,2024-03-09,25053
13565,323,14,OUT,25,2023-07-13,27124
13566,52,18,OUT,97,2023-10-27,16981
13567,37,13,IN,52,2023-06-25,
13568,177,17,OUT,123,2024-02-17,24060
13569,227,32,OUT,352,2024-06-04,17647
13570,5,34,IN,125,2024-05-20,
13571,149,30,OUT,111,2023-08-10,14322
13572,137,28,IN,340,2023-07-15,
13573,162,22,IN,429,2023-09-23,
13574,281,26,IN,204,2023-10-17,
13575,85,21,OUT,352,2024-06-08,24915
13576,270,1,OUT,369,2024-02-28,27945
13577,278,9,IN,202,2024-10-19,
13578,254,18,OUT,216,2024-10-06,15442
13579,47,8,IN,234,2024-07-10,
13580,41,10,OUT,145,2023-08-31,5467
13581,102,21,IN,229,2024-07-07,
13582,27,25,OUT,369,2024-12-11,21483
13583,55,6,OUT,361,2024-01-02,8482
13584,94,5,IN,0,2024-05-18,
13585,306,12,IN,322,2023-06-06,
13586,92,24,OUT,440,2024-03-29,2624
13587,352,6,IN,100,2024-11-12,
13588,293,13,IN,22,2024-10-06,
13589,105,5,IN,450,2023-06-28,
13590,128,18,IN,369,2024-11-17,
13591,216,18,OUT,0,2024-09-16,14146
13592,196,17,IN,268,2023-10-20,
13593,317,5,OUT,77,2023-07-16,3722
13594,169,1,OUT,121,2023-10-09,8917
13595,118,29,IN,240,2023-02-15,
13596,263,25,OUT,171,2024-01-29,8776
13597,175,31,IN,192,2024-05-24,
13598,334,35,IN,211,2024-01-09,
13599,89,32,IN,248,2023-08-18,
13600,169,4,IN,130,2023-10-14,
13601,159,10,OUT,273,2024-10-20,29251
13602,8888,888,OUT,0,2023-01-10,888888
13603,65,9,OUT,200,2024-03-02,15808
13604,270,25,IN,214,2023-04-16,
13605,347,14,IN,136,2024-03-17,
13606,213,26,OUT,52,2023-09-23,9939
13607,89,8,IN,283,2023-01-21,
13608,240,13,OUT,171,2023-02-25,19880
13609,164,21,IN,453,2023-09-23,
13610,263,18,OUT,447,2023-09-24,17286
13611,251,28,IN,479,2023-10-15,
13612,8888,888,IN,0,2023-04-18,
13613,91,15,IN,87,2024-01-15,
13614,291,31,OUT,31,2023-08-30,10928
13615,8888,888,IN,0,2023-04-29,
13616,326,8,IN,348,2023-12-01,
13617,219,33,IN,227,2024-09-26,
13618,137,21,OUT,182,2024-07-14,21173
13619,202,25,IN,361,2024-03-26,
13620,331,6,IN,54,2023-11-11,
13621,168,26,OUT,43,2024-09-05,10215
13622,8888,888,IN,0,2023-07-28,
13623,196,33,OUT,7,2023-02-02,15019
13624,344,33,OUT,121,2023-08-25,6222
13625,316,6,IN,343,2023-08-31,
13626,142,10,OUT,103,2024-06-26,3767
13627,41,30,OUT,209,2024-10-31,12847
13628,360,27,IN,418,2024-06-21,
13629,143,23,OUT,415,2023-09-21,18869
13630,19,11,OUT,494,2024-02-03,17376
13631,294,35,OUT,329,2024-08-20,25059
13632,36,14,OUT,430,2023-01-12,22263
13633,216,17,IN,483,2024-06-01,
13634,236,34,OUT,0,2023-01-05,11224
13635,191,24,IN,184,2024-08-27,
13636,288,19,IN,333,2024-07-16,
13637,8888,888,IN,0,2024-04-30,
13638,189,8,IN,13,2024-05-16,
13639,340,23,IN,251,2023-12-02,
13640,316,34,OUT,339,2024-05-03,19989
13641,8,18,IN,148,2023-03-09,
13642,228,3,OUT,261,2023-10-24,3549
13643,66,35,OUT,48,2023-11-03,21745
13644,276,8,OUT,481,2023-03-03,7971
13645,36,34,OUT,295,2023-11-21,1787
13646,217,21,IN,460,2024-03-15,
13647,51,31,IN,291,2024-08-01,
13648,232,34,OUT,295,2023-07-30,5418
13649,47,2,IN,145,2023-12-01,
13650,78,22,IN,387,2024-10-28,
13651,152,17,OUT,87,2024-09-01,26236
13652,283,7,IN,313,2023-06-27,
13653,185,7,IN,323,2024-10-11,
13654,210,15,OUT,447,2024-06-13,19896
13655,333,11,OUT,307,2024-05-26,6900
13656,23,5,OUT,188,2024-07-31,13050
13657,252,34,IN,103,2023-08-20,
13658,236,1,OUT,210,2023-03-28,18418
13659,217,14,IN,354,2023-04-11,
13660,201,34,OUT,37,2023-08-25,26500
13661,238,23,OUT,305,2023-12-25,19270
13662,76,29,OUT,250,2024-03-11,18364
13663,6,9,IN,303,2024-11-13,
13664,6,16,IN,155,2023-06-04,
13665,353,26,IN,274,2023-08-14,
13666,75,22,IN,151,2023-05-08,
13667,101,27,OUT,224,2023-08-04,27501
13668,145,12,OUT,457,2023-02-08,16180
13669,269,35,IN,388,2024-11-13,
13670,192,6,IN,440,2024-02-25,
13671,224,20,IN,447,2023-05-26,
13672,132,23,IN,312,2023-04-14,
13673,76,14,IN,269,2023-03-25,
13674,221,15,OUT,338,2024-09-21,3949
13675,87,18,IN,360,2024-09-27,
13676,332,31,IN,312,2023-11-16,
13677,142,19,OUT,115,2023-06-01,23920
13678,174,12,OUT,374,2023-01-11,20361
13679,182,1,IN,200,2023-05-08,
13680,301,15,IN,195,2023-09-12,
13681,258,19,OUT,430,2023-10-14,15632
13682,228,34,IN,36,2023-11-11,
13683,251,2,IN,462,2024-08-22,
13684,8,28,OUT,275,2024-10-31,29630
13685,83,10,OUT,350,2023-01-02,28086
13686,158,29,OUT,175,2023-11-24,12758
13687,303,15,IN,0,2023-02-14,
13688,355,29,OUT,123,2024-02-20,6850
13689,26,25,OUT,328,2024-01-07,29527
13690,1,27,IN,311,2023-06-16,
13691,296,2,OUT,200,2024-05-16,19761
13692,133,30,OUT,197,2023-11-24,1663
13693,34,9,OUT,452,2023-11-12,142
13694,172,4,IN,23,2024-09-21,
13695,67,17,OUT,367,2023-09-05,23661
13696,324,13,OUT,452,2023-11-06,678
13697,214,10,IN,144,2023-03-24,
13698,15,20,OUT,283,2023-08-27,5812
13699,151,20,OUT,128,2024-07-18,1351
13700,245,11,OUT,192,2024-04-17,28937
13701,130,23,IN,196,2024-11-29,
13702,360,7,OUT,171,2024-09-12,25858
13703,296,29,OUT,469,2024-02-29,1781
13704,321,19,IN,386,2023-01-28,
13705,183,28,IN,160,2024-05-28,
13706,17,23,OUT,357,2023-09-28,24348
13707,185,22,OUT,264,2023-05-10,3833
13708,28,12,OUT,290,2023-04-09,14796
13709,115,25,OUT,34,2023-05-12,23412
13710,272,19,OUT,259,2023-05-30,14038
13711,39,6,IN,432,2024-08-13,
13712,325,30,IN,119,2023-09-24,
13713,357,19,IN,204,2023-01-15,
13714,148,13,IN,382,2023-07-11,
13715,242,12,IN,471,2023-01-03,
13716,257,9,IN,146,2024-12-26,
13717,20,27,IN,90,2023-04-28,
13718,90,28,IN,161,2023-03-05,
13719,261,17,OUT,92,2023-12-13,2777
13720,329,6,IN,152,2024-02-09,
13721,122,19,OUT,126,2023-10-14,9098
13722,311,26,IN,181,2023-08-15,
13723,256,18,OUT,29,2024-02-05,27985
13724,162,35,IN,52,2024-04-20,
13725,137,31,IN,37,2024-04-04,
13726,123,32,OUT,92,2023-10-18,26497
13727,37,12,IN,250,2023-11-29,
13728,310,11,OUT,65,2024-02-16,10250
13729,286,29,OUT,341,2023-04-01,882
13730,359,4,IN,94,2024-02-05,
13731,215,14,IN,71,2024-08-29,
13732,44,14,IN,277,2023-05-15,
13733,291,5,OUT,262,2024-07-12,10879
13734,176,14,OUT,370,2023-05-18,24763
13735,352,19,OUT,165,2024-11-22,28186
13736,199,32,IN,450,2024-04-02,
13737,47,33,OUT,123,2023-05-27,7347
13738,126,27,OUT,347,2023-05-24,18029
13739,91,24,OUT,282,2024-07-19,19152
13740,311,31,OUT,116,2024-06-17,18859
13741,95,3,OUT,229,2024-05-18,13277
13742,8888,888,IN,0,2024-04-13,
13743,343,11,IN,127,2024-08-31,
13744,166,29,IN,6,2024-09-11,
13745,90,24,IN,196,2023-12-20,
13746,308,10,IN,42,2024-12-10,
13747,330,6,OUT,495,2023-02-20,1393
13748,166,19,OUT,342,2024-10-17,18490
13749,98,21,OUT,134,2023-10-21,8412
13750,124,35,OUT,183,2024-06-27,5049
13751,97,22,OUT,470,2024-07-08,7373
13752,143,8,OUT,277,2024-06-18,16878
13753,136,19,OUT,261,2024-08-23,11916
13754,179,14,OUT,340,2024-12-01,12262
13755,212,22,OUT,382,2023-10-10,8398
13756,285,17,IN,405,2023-01-22,
13757,130,17,OUT,34,2024-11-03,9754
13758,153,25,OUT,500,2023-12-21,10299
13759,10,27,IN,500,2023-10-05,
13760,275,29,OUT,213,2024-03-09,27482
13761,236,31,IN,422,2024-11-15,
13762,313,14,OUT,110,2024-01-28,11512
13763,74,29,IN,219,2024-08-17,
13764,129,11,OUT,386,2024-12-10,25338
13765,234,11,OUT,458,2024-05-17,19621
13766,272,1,OUT,186,2023-07-09,27835
13767,287,1,IN,411,2024-02-02,
13768,82,8,IN,219,2024-01-23,
13769,335,21,IN,377,2023-09-08,
13770,239,2,OUT,271,2024-12-16,28205
13771,299,14,OUT,205,2024-09-14,19923
13772,239,3,OUT,14,2024-01-10,7472
13773,253,15,IN,443,2023-10-10,
13774,113,35,IN,377,2024-07-03,
13775,196,1,OUT,258,2023-04-08,6882
13776,107,18,OUT,450,2023-07-22,5471
13777,33,29,IN,456,2024-01-27,
13778,352,6,OUT,242,2024-12-11,10823
13779,150,21,IN,250,2023-03-27,
13780,49,19,OUT,364,2024-03-13,9014
13781,212,20,IN,0,2024-03-31,
13782,328,22,IN,244,2024-04-20,
13783,232,22,OUT,159,2024-05-17,21696
13784,71,3,IN,236,2024-07-10,
13785,282,21,OUT,11,2024-08-11,12136
13786,13,2,OUT,131,2024-09-24,21790
13787,212,21,IN,440,2023-05-08,
13788,4,12,IN,192,2023-11-07,
13789,240,27,IN,57,2024-08-18,
13790,133,32,OUT,18,2024-07-07,14133
13791,141,3,IN,201,2024-09-05,
13792,340,1,OUT,77,2023-12-19,3284
13793,25,23,OUT,92,2023-10-18,22561
13794,285,8,OUT,355,2023-08-14,15547
13795,29,27,OUT,403,2024-09-16,482
13796,360,13,OUT,171,2023-03-24,15256
13797,78,28,OUT,227,2024-03-17,17635
13798,95,2,IN,9,2024-11-20,
13799,75,21,IN,144,2024-09-16,
13800,225,35,IN,0,2023-11-20,
13801,23,2,OUT,467,2023-11-11,25897
13802,218,22,OUT,344,2023-06-28,5452
13803,170,9,OUT,347,2023-08-03,1424
13804,6,18,OUT,398,2024-12-28,5969
13805,226,13,IN,44,2024-09-28,
13806,84,27,OUT,297,2024-04-14,22139
13807,242,1,IN,407,2024-11-15,
13808,161,34,IN,146,2023-02-07,
13809,184,23,OUT,429,2024-06-29,12730
13810,131,4,OUT,70,2023-12-16,21265
13811,169,18,IN,292,2023-10-04,
13812,98,31,IN,106,2024-11-22,
13813,55,13,OUT,20,2023-07-04,7357
13814,144,11,OUT,410,2024-10-04,14786
13815,338,20,OUT,289,2024-05-03,539
13816,175,12,IN,13,2023-01-27,
13817,127,26,IN,0,2023-03-11,
13818,262,26,OUT,415,2023-11-01,12666
13819,112,11,IN,397,2024-09-11,
13820,150,31,OUT,455,2024-08-06,18709
13821,227,30,IN,51,2023-11-27,
13822,216,20,OUT,438,2024-06-07,14284
13823,180,22,OUT,84,2024-01-07,26053
13824,349,2,OUT,387,2024-06-26,22214
13825,219,6,IN,225,2023-09-04,
13826,301,17,OUT,317,2023-06-03,1573
13827,199,6,IN,376,2024-07-15,
13828,78,35,IN,275,2023-05-06,
13829,167,18,IN,0,2023-12-29,
13830,131,15,IN,431,2023-04-02,
13831,354,20,OUT,227,2024-11-02,19720
13832,55,22,IN,202,2024-05-07,
13833,16,31,OUT,78,2024-05-15,2098
13834,190,10,IN,51,2024-01-30,
13835,201,24,IN,0,2024-07-14,
13836,92,23,OUT,38,2024-03-24,19615
13837,124,34,IN,20,2024-04-20,
13838,28,30,IN,496,2023-02-06,
13839,279,11,OUT,110,2024-03-20,6609
13840,223,16,IN,252,2023-09-07,
13841,9,3,OUT,413,2024-01-04,21690
13842,249,24,OUT,269,2024-06-09,21330
13843,215,27,IN,159,2024-09-29,
13844,203,13,OUT,165,2023-09-12,22766
13845,296,8,OUT,3,2023-08-09,17785
13846,193,26,OUT,92,2024-08-09,1292
13847,227,15,OUT,219,2024-08-12,7311
13848,297,25,OUT,123,2024-03-09,5527
13849,175,17,OUT,6,2024-01-01,23496
13850,271,16,OUT,36,2024-05-29,15055
13851,36,11,IN,126,2024-05-20,
13852,1,29,OUT,50,2023-02-01,25034
13853,290,4,IN,299,2023-02-01,
13854,326,18,OUT,102,2024-03-19,27285
13855,338,11,IN,176,2024-08-15,
13856,206,9,OUT,468,2024-09-24,4852
13857,182,30,OUT,451,2023-12-30,3715
13858,349,4,OUT,347,2024-07-25,26956
13859,342,6,OUT,76,2023-05-27,6450
13860,222,18,OUT,422,2023-06-10,24741
13861,4,31,OUT,452,2024-11-14,15452
13862,58,23,IN,488,2023-06-13,
13863,351,30,IN,339,2023-07-18,
13864,84,33,IN,235,2024-08-29,
13865,119,20,OUT,481,2023-08-25,20856
13866,173,26,OUT,381,2024-07-01,19132
13867,213,12,IN,77,2024-07-17,
13868,288,34,OUT,197,2023-04-14,24651
13869,66,25,IN,382,2024-01-04,
13870,129,15,OUT,457,2024-01-18,4273
13871,352,27,IN,297,2024-01-23,
13872,103,12,IN,290,2023-07-03,
13873,60,24,OUT,382,2023-11-14,24784
13874,299,9,IN,117,2024-01-06,
13875,126,25,OUT,299,2023-12-14,19852
13876,36,32,IN,36,2024-11-16,
13877,94,8,IN,239,2023-04-15,
13878,117,8,OUT,352,2023-04-17,7545
13879,59,27,OUT,263,2023-11-20,2251
13880,42,23,OUT,331,2023-06-22,19904
13881,160,6,OUT,102,2024-03-13,25803
13882,209,21,OUT,391,2023-02-08,13445
13883,193,26,OUT,105,2024-09-06,24216
13884,340,25,IN,413,2024-09-19,
13885,294,6,IN,41,2024-03-13,
13886,179,17,IN,100,2024-08-15,
13887,216,31,IN,186,2024-01-15,
13888,266,32,OUT,454,2023-06-01,27015
13889,287,11,IN,5,2023-07-11,
13890,356,7,IN,29,2024-01-11,
13891,134,26,OUT,329,2024-12-04,2778
13892,216,19,IN,246,2024-02-16,
13893,127,26,OUT,57,2024-03-27,15287
13894,303,17,IN,70,2023-06-21,
13895,176,8,OUT,202,2023-10-11,9553
13896,298,19,OUT,29,2023-01-27,28821
13897,136,18,IN,46,2024-06-10,
13898,301,7,OUT,240,2023-12-18,24421
13899,178,30,IN,89,2024-07-04,
13900,315,14,OUT,177,2024-12-21,7262
13901,213,35,OUT,103,2023-02-27,21338
13902,21,11,OUT,10,2024-11-13,5177
13903,355,16,IN,284,2024-08-16,
13904,135,34,IN,152,2023-08-16,
13905,42,19,IN,366,2023-05-26,
13906,118,22,IN,278,2024-02-18,
13907,303,8,IN,246,2023-01-20,
13908,143,35,OUT,450,2024-09-23,419
13909,283,18,IN,197,2023-12-15,
13910,203,5,IN,377,2024-10-04,
13911,224,25,IN,125,2023-11-01,
13912,132,32,IN,35,2024-10-06,
13913,200,3,OUT,34,2023-11-10,12005
13914,211,26,OUT,339,2023-06-20,28968
13915,6,31,OUT,381,2023-04-19,12527
13916,177,17,OUT,336,2024-09-13,4919
13917,246,29,OUT,264,2024-10-16,2709
13918,122,16,IN,212,2024-01-29,
13919,132,22,IN,353,2023-06-23,
13920,182,19,IN,18,2023-04-21,
13921,28,4,OUT,132,2023-09-29,11560
13922,65,16,IN,168,2023-04-20,
13923,203,32,OUT,349,2023-02-17,6771
13924,21,12,IN,312,2024-05-20,
13925,205,7,OUT,359,2024-02-14,18418
13926,300,31,OUT,241,2023-08-30,3221
13927,177,5,OUT,127,2024-08-16,13414
13928,185,8,IN,466,2024-03-23,
13929,111,17,IN,358,2023-01-14,
13930,37,4,IN,282,2024-02-03,
13931,204,32,OUT,170,2023-08-20,27432
13932,340,20,OUT,364,2024-11-22,27006
13933,277,35,OUT,213,2023-08-23,470
13934,64,23,IN,360,2023-04-29,
13935,250,14,OUT,222,2024-06-28,12454
13936,124,28,IN,266,2023-01-09,
13937,149,1,IN,143,2023-05-26,
13938,27,20,IN,448,2024-10-17,
13939,285,16,IN,434,2023-03-31,
13940,161,16,IN,21,2023-01-29,
13941,24,13,OUT,417,2023-02-06,1663
13942,341,24,OUT,137,2023-03-11,23343
13943,39,26,IN,277,2024-10-17,
13944,186,30,OUT,455,2024-09-23,7961
13945,177,28,OUT,453,2023-06-13,2666
13946,225,10,IN,474,2023-07-30,
13947,24,35,IN,135,2023-05-19,
13948,156,23,OUT,388,2023-11-15,21906
13949,201,20,IN,136,2023-09-19,
13950,65,13,IN,248,2023-03-27,
13951,158,3,OUT,254,2024-08-14,13649
13952,202,32,IN,128,2024-11-17,
13953,189,21,IN,423,2023-05-18,
13954,119,10,IN,115,2023-01-27,
13955,289,33,OUT,422,2023-05-06,24877
13956,17,29,OUT,466,2024-07-23,25988
13957,311,4,OUT,183,2024-10-18,9464
13958,251,15,OUT,328,2024-09-07,18829
13959,310,30,OUT,196,2023-02-25,12595
13960,354,2,IN,26,2024-08-10,
13961,51,29,IN,382,2023-12-24,
13962,314,35,OUT,352,2024-10-02,7241
13963,71,11,IN,456,2024-03-07,
13964,240,17,IN,182,2024-08-03,
13965,32,5,OUT,320,2023-02-02,24993
13966,204,8,IN,199,2023-09-26,
13967,280,3,IN,307,2024-05-11,
13968,112,16,OUT,175,2024-05-20,8848
13969,331,7,IN,360,2023-06-04,
13970,60,21,IN,346,2023-04-22,
13971,356,4,IN,107,2023-10-22,
13972,41,11,IN,196,2024-12-23,
13973,231,15,OUT,230,2023-01-02,13633
13974,177,32,OUT,20,2024-05-11,16520
13975,93,18,IN,83,2023-06-22,
13976,82,4,IN,184,2023-07-14,
13977,350,5,OUT,95,2024-09-09,13853
13978,36,26,OUT,480,2024-06-21,198
13979,218,6,IN,7,2023-06-12,
13980,129,27,IN,62,2023-10-17,
13981,107,6,IN,1,2023-02-11,
13982,41,24,OUT,357,2023-02-27,4421
13983,182,34,OUT,112,2024-12-09,17722
13984,319,34,IN,269,2023-01-15,
13985,8888,888,OUT,0,2023-08-31,888888
13986,158,33,IN,445,2023-10-27,
13987,22,9,OUT,266,2024-05-26,16583
13988,151,17,IN,112,2023-02-15,
13989,216,16,IN,318,2023-10-17,
13990,260,7,IN,0,2024-08-28,
13991,202,32,OUT,171,2024-02-14,24125
13992,138,7,IN,143,2023-05-19,
13993,110,2,OUT,63,2023-01-12,4150
13994,39,20,IN,409,2023-10-03,
13995,167,21,IN,443,2023-11-06,
13996,149,17,IN,135,2024-03-28,
13997,149,34,OUT,210,2023-03-17,29790
13998,133,7,OUT,285,2024-09-05,23559
13999,228,21,IN,417,2023-05-24,
14000,55,14,IN,193,2024-10-09,
14001,207,23,IN,292,2023-03-02,
14002,266,2,OUT,311,2023-08-12,13195
14003,298,21,IN,134,2024-02-05,
14004,194,18,OUT,82,2023-11-08,3241
14005,129,25,OUT,6,2023-02-16,5606
14006,294,14,OUT,151,2023-07-02,21617
14007,183,28,IN,104,2023-03-16,
14008,279,26,IN,216,2023-08-10,
14009,77,17,IN,277,2024-10-16,
14010,233,33,OUT,149,2024-09-14,20103
14011,118,11,IN,447,2024-12-06,
14012,14,5,IN,0,2024-02-08,
14013,177,31,OUT,9,2023-07-22,24631
14014,78,6,IN,12,2024-11-02,
14015,61,16,IN,58,2023-10-12,
14016,262,12,IN,78,2023-04-02,
14017,130,26,IN,130,2023-09-06,
14018,326,14,IN,159,2023-09-25,
14019,341,15,IN,275,2024-12-03,
14020,262,33,OUT,175,2023-09-28,13720
14021,112,5,IN,476,2024-09-17,
14022,119,20,OUT,460,2023-06-09,2275
14023,218,20,IN,220,2023-03-02,
14024,298,4,OUT,362,2024-12-06,192
14025,47,28,OUT,454,2023-06-19,7113
14026,325,30,IN,132,2023-06-24,
14027,91,15,OUT,270,2024-04-26,27806
14028,102,13,OUT,271,2023-06-07,13774
14029,107,25,OUT,126,2023-06-28,6050
14030,354,16,OUT,105,2023-07-04,7475
14031,199,3,OUT,375,2024-05-27,23243
14032,172,14,OUT,149,2024-03-26,27890
14033,2,33,OUT,449,2024-03-30,5707
14034,53,26,IN,470,2023-09-26,
14035,285,5,IN,55,2024-09-02,
14036,347,3,OUT,483,2024-05-08,8627
14037,275,16,OUT,227,2023-12-19,25818
14038,344,34,OUT,483,2023-07-18,29743
14039,133,28,IN,64,2024-06-25,
14040,151,11,OUT,472,2023-05-18,21865
14041,25,32,OUT,461,2024-04-27,13375
14042,91,11,IN,348,2024-09-24,
14043,235,18,OUT,195,2023-12-21,15364
14044,111,11,OUT,357,2023-08-28,18284
14045,141,11,OUT,378,2024-11-10,22044
14046,224,5,OUT,110,2023-06-03,4026
14047,229,19,IN,301,2023-09-25,
14048,232,22,OUT,338,2023-08-07,8888
14049,336,9,IN,455,2024-07-17,
14050,217,28,IN,480,2024-01-25,
14051,232,27,OUT,290,2023-04-07,15862
14052,315,32,OUT,49,2024-10-11,29715
14053,290,33,OUT,242,2024-12-28,17489
14054,169,15,IN,444,2023-02-22,
14055,240,6,OUT,440,2023-07-10,11777
14056,147,7,OUT,333,2024-05-25,29539
14057,243,15,IN,11,2024-10-20,
14058,149,9,OUT,138,2023-01-27,4717
14059,82,2,IN,180,2023-04-19,
14060,184,26,OUT,14,2023-10-30,24811
14061,1,28,OUT,61,2023-08-06,20890
14062,49,10,IN,243,2024-05-06,
14063,192,21,OUT,83,2024-01-21,2732
14064,191,33,OUT,248,2024-08-11,7443
14065,12,10,OUT,449,2023-08-07,17673
14066,76,19,OUT,329,2024-02-16,15939
14067,106,22,OUT,89,2023-11-25,9830
14068,327,24,OUT,239,2023-10-28,6325
14069,264,7,IN,57,2023-01-12,
14070,173,29,IN,11,2024-07-13,
14071,74,24,OUT,43,2023-05-05,29751
14072,227,24,OUT,470,2024-09-18,25796
14073,49,35,IN,487,2023-10-19,
14074,354,19,IN,142,2023-06-17,
14075,305,16,OUT,471,2023-05-30,29504
14076,122,10,IN,488,2023-04-20,
14077,5,20,IN,32,2023-09-11,
14078,350,9,OUT,381,2023-01-04,21121
14079,101,7,OUT,6,2023-07-10,21021
14080,5,16,IN,62,2023-09-10,
14081,33,26,OUT,227,2024-05-14,921
14082,305,31,OUT,240,2024-10-09,18568
14083,134,22,OUT,154,2023-09-30,20124
14084,340,11,IN,128,2024-06-25,
14085,89,9,IN,212,2024-11-26,
14086,110,6,IN,419,2024-04-25,
14087,289,27,OUT,399,2024-11-02,28284
14088,92,17,IN,362,2024-08-11,
14089,317,19,IN,164,2023-01-05,
14090,351,23,IN,28,2023-08-12,
14091,156,12,OUT,478,2024-12-09,25780
14092,124,20,OUT,456,2023-10-28,13677
14093,75,14,OUT,406,2023-04-13,2220
14094,112,33,IN,470,2023-03-18,
14095,144,21,IN,217,2024-12-21,
14096,20,25,OUT,91,2024-07-14,9596
14097,125,4,OUT,296,2023-03-10,13513
14098,16,11,IN,375,2024-01-14,
14099,118,20,IN,266,2023-09-02,
14100,39,29,IN,483,2024-11-08,
14101,49,28,OUT,153,2024-08-30,1178
14102,141,33,IN,21,2024-03-21,
14103,25,30,IN,495,2024-10-11,
14104,328,8,IN,340,2024-12-13,
14105,18,26,IN,252,2023-01-13,
14106,227,5,OUT,450,2023-10-04,10849
14107,342,6,OUT,83,2024-09-20,26937
14108,45,21,IN,92,2024-02-20,
14109,6,8,OUT,216,2023-12-23,26293
14110,55,28,OUT,470,2023-01-24,7874
14111,307,5,IN,476,2024-02-16,
14112,3,8,IN,91,2024-09-13,
14113,337,7,IN,171,2023-04-04,
14114,215,12,OUT,468,2024-11-09,21203
14115,188,33,OUT,96,2024-02-23,14147
14116,55,34,OUT,154,2024-06-14,26495
14117,98,2,OUT,308,2024-08-09,20568
14118,322,32,IN,463,2023-07-12,
14119,45,34,OUT,295,2023-01-21,25979
14120,185,16,IN,36,2023-01-24,
14121,209,7,OUT,448,2024-05-24,20152
14122,204,4,IN,240,2023-02-04,
14123,71,19,IN,178,2024-05-23,
14124,184,7,IN,342,2023-09-15,
14125,151,34,IN,43,2023-10-09,
14126,7,11,OUT,275,2024-10-06,21929
14127,284,27,OUT,479,2023-03-07,23486
14128,109,1,OUT,407,2023-07-28,10969
14129,169,29,OUT,224,2024-01-19,27108
14130,210,26,IN,245,2024-04-16,
14131,240,1,IN,114,2023-07-17,
14132,144,28,OUT,104,2023-04-15,25657
14133,123,6,IN,422,2024-06-08,
14134,29,5,IN,117,2024-06-07,
14135,228,28,IN,127,2023-11-04,
14136,2,28,OUT,150,2023-08-11,10128
14137,125,26,OUT,127,2023-12-08,3855
14138,27,15,OUT,30,2024-01-01,11076
14139,310,20,OUT,299,2024-12-29,17490
14140,50,14,IN,128,2023-05-19,
14141,19,32,OUT,425,2024-08-07,9800
14142,265,7,OUT,267,2023-04-06,5570
14143,151,17,IN,429,2023-01-31,
14144,261,30,OUT,185,2024-03-22,4519
14145,110,17,OUT,464,2024-05-11,22057
14146,340,10,IN,435,2023-05-25,
14147,116,1,OUT,215,2023-04-06,18379
14148,259,10,OUT,155,2023-10-11,1351
14149,4,8,OUT,318,2024-01-10,7452
14150,82,25,OUT,345,2023-12-09,14585
14151,267,19,IN,166,2024-03-09,
14152,195,13,OUT,397,2023-10-25,15834
14153,104,10,IN,354,2023-04-03,
14154,128,24,OUT,377,2023-06-20,20790
14155,328,1,OUT,301,2024-05-07,22468
14156,270,9,IN,438,2024-09-01,
14157,230,24,OUT,134,2023-07-23,23237
14158,311,2,OUT,325,2023-08-02,9560
14159,277,14,OUT,195,2024-09-23,17845
14160,139,20,OUT,497,2024-11-02,15186
14161,272,26,OUT,350,2023-07-03,16173
14162,163,2,IN,19,2024-03-21,
14163,308,30,OUT,248,2023-09-12,12841
14164,324,34,IN,72,2024-01-22,
14165,288,14,IN,212,2024-12-29,
14166,223,11,IN,220,2024-03-11,
14167,114,6,IN,29,2024-04-27,
14168,185,29,IN,378,2024-07-25,
14169,134,22,IN,311,2024-12-11,
14170,91,23,OUT,51,2023-05-12,7570
14171,25,16,IN,399,2024-09-20,
14172,344,20,OUT,128,2023-06-12,12262
14173,53,30,OUT,90,2024-01-09,5468
14174,3,32,OUT,325,2024-08-30,6741
14175,201,29,OUT,282,2023-07-18,8358
14176,29,35,IN,136,2024-05-20,
14177,251,30,OUT,0,2023-04-06,28345
14178,156,10,OUT,33,2023-03-23,12521
14179,326,22,IN,467,2024-07-24,
14180,23,10,IN,171,2023-04-19,
14181,8888,888,IN,0,2023-07-03,
14182,118,25,IN,364,2024-08-08,
14183,327,21,OUT,182,2024-01-12,14948
14184,57,2,IN,363,2023-06-13,
14185,184,27,IN,244,2023-05-19,
14186,146,16,OUT,102,2024-06-25,20815
14187,200,30,IN,409,2024-09-18,
14188,350,29,IN,361,2024-05-09,
14189,98,11,IN,418,2023-06-13,
14190,337,13,IN,83,2023-05-16,
14191,260,13,OUT,410,2023-11-21,21845
14192,67,6,OUT,500,2024-10-24,15713
14193,203,28,OUT,260,2023-10-05,18327
14194,251,10,IN,287,2024-08-08,
14195,95,5,IN,106,2024-07-20,
14196,105,34,OUT,145,2024-03-12,6821
14197,135,31,OUT,439,2024-08-11,10547
14198,96,14,IN,52,2023-07-30,
14199,313,6,OUT,7,2024-10-11,15857
14200,143,11,OUT,341,2024-10-23,24791
14201,196,33,OUT,490,2023-07-28,19334
14202,231,12,OUT,104,2023-05-06,24437
14203,107,10,OUT,451,2023-06-12,21995
14204,301,7,OUT,432,2024-01-09,2104
14205,82,7,OUT,253,2024-06-19,11051
14206,253,13,OUT,405,2024-02-28,29239
14207,242,32,OUT,388,2023-06-11,12218
14208,166,34,OUT,309,2024-11-15,25346
14209,164,11,IN,208,2024-12-22,
14210,6,32,OUT,406,2024-05-15,28870
14211,259,29,IN,90,2023-11-16,
14212,335,9,IN,456,2023-12-19,
14213,94,2,IN,399,2023-06-25,
14214,183,14,OUT,137,2023-05-18,11673
14215,135,13,IN,51,2024-12-11,
14216,281,14,OUT,253,2023-07-12,17486
14217,202,16,OUT,333,2023-09-29,602
14218,215,22,OUT,488,2023-03-11,22919
14219,79,30,IN,227,2024-02-22,
14220,312,1,OUT,426,2023-09-12,74
14221,9,17,OUT,36,2024-11-08,22108
14222,15,24,OUT,396,2023-04-09,27423
14223,174,1,IN,367,2023-01-17,
14224,49,3,OUT,192,2024-05-25,6201
14225,41,5,OUT,325,2023-09-12,12056
14226,299,31,OUT,311,2024-08-17,15431
14227,286,6,OUT,233,2024-06-29,20730
14228,178,10,OUT,98,2024-09-01,22005
14229,242,18,OUT,172,2023-10-25,9413
14230,287,24,OUT,285,2023-01-24,13853
14231,341,3,OUT,24,2023-07-18,28710
14232,327,34,IN,252,2024-11-15,
14233,352,12,OUT,162,2024-05-03,12891
14234,77,18,OUT,98,2023-03-26,23087
14235,234,2,IN,324,2023-01-11,
14236,334,33,OUT,458,2023-06-21,13205
14237,313,10,OUT,110,2023-03-09,27163
14238,51,13,OUT,314,2024-01-15,7405
14239,196,32,OUT,196,2023-03-10,20995
14240,256,31,OUT,22,2024-05-18,16966
14241,37,28,OUT,238,2024-07-16,17883
14242,64,11,OUT,209,2023-11-09,10228
14243,260,21,OUT,113,2024-10-03,16598
14244,258,29,OUT,9,2023-07-07,21783
14245,253,12,IN,89,2024-07-26,
14246,130,14,OUT,478,2024-11-08,18704
14247,152,25,OUT,124,2023-10-18,22544
14248,193,14,IN,299,2024-06-08,
14249,32,27,OUT,0,2023-05-04,11324
14250,156,3,OUT,330,2024-08-05,18899
14251,261,13,OUT,120,2024-06-03,16432
14252,335,31,OUT,246,2024-01-19,4811
14253,33,26,OUT,122,2023-12-26,26342
14254,248,18,IN,412,2024-09-20,
14255,40,28,IN,447,2024-08-13,
14256,108,2,OUT,103,2024-05-07,13153
14257,41,7,IN,489,2024-07-23,
14258,123,16,OUT,176,2023-12-08,7090
14259,34,17,OUT,287,2023-07-24,8933
14260,323,9,IN,481,2024-12-18,
14261,215,4,OUT,122,2024-12-29,22235
14262,249,34,OUT,335,2023-03-08,1532
14263,139,8,IN,423,2023-10-07,
14264,201,16,IN,182,2023-11-02,
14265,351,29,OUT,331,2024-12-22,1548
14266,98,2,IN,487,2023-11-03,
14267,297,32,IN,206,2024-07-02,
14268,322,24,OUT,374,2024-08-09,1385
14269,140,29,IN,231,2023-02-23,
14270,88,22,OUT,359,2023-09-09,26323
14271,257,29,OUT,233,2024-08-08,10715
14272,106,16,OUT,298,2023-03-02,14658
14273,77,35,IN,333,2023-08-17,
14274,193,22,OUT,277,2024-07-19,26898
14275,96,6,OUT,365,2024-09-25,22744
14276,338,12,IN,451,2024-02-14,
14277,120,10,OUT,500,2023-01-06,19925
14278,327,30,IN,266,2023-09-29,
14279,191,21,OUT,94,2023-02-06,26380
14280,248,8,OUT,38,2023-10-15,4137
14281,48,1,OUT,484,2024-10-16,5126
14282,8,4,IN,388,2024-05-11,
14283,123,27,IN,128,2024-11-17,
14284,21,2,OUT,399,2023-05-11,7108
14285,208,1,OUT,244,2024-08-30,27634
14286,204,21,IN,178,2024-12-16,
14287,115,23,IN,49,2024-05-30,
14288,60,32,OUT,0,2023-09-16,24779
14289,268,14,IN,132,2023-05-02,
14290,348,9,OUT,474,2024-09-28,3463
14291,98,32,OUT,136,2024-01-11,13524
14292,251,20,OUT,157,2024-06-06,19367
14293,75,27,OUT,195,2024-03-19,27261
14294,219,8,IN,149,2024-07-22,
14295,242,29,OUT,188,2024-02-09,9957
14296,45,15,IN,210,2024-01-31,
14297,26,11,IN,255,2024-07-17,
14298,152,13,OUT,135,2023-03-26,7015
14299,176,4,IN,101,2024-09-14,
14300,40,32,IN,6,2023-08-27,
14301,326,13,IN,473,2024-10-20,
14302,126,6,IN,163,2023-12-29,
14303,359,21,OUT,279,2023-04-24,3934
14304,156,5,IN,317,2024-12-30,
14305,195,4,OUT,53,2023-10-20,8516
14306,303,8,IN,120,2023-04-22,
14307,124,20,IN,118,2023-12-01,
14308,94,27,OUT,364,2024-06-02,8370
14309,336,29,IN,419,2023-08-18,
14310,173,16,OUT,87,2023-01-09,18352
14311,357,24,IN,3,2024-04-03,
14312,64,19,OUT,123,2023-04-17,12623
14313,107,11,IN,262,2023-04-27,
14314,281,20,OUT,0,2024-01-30,29262
14315,251,7,OUT,71,2024-05-17,16942
14316,295,35,OUT,83,2024-09-27,27457
14317,259,27,OUT,52,2023-07-27,23520
14318,245,28,OUT,59,2024-11-06,14597
14319,32,8,OUT,387,2023-06-01,5259
14320,119,13,OUT,187,2023-12-16,10951
14321,9,26,OUT,34,2023-11-25,18844
14322,267,9,OUT,342,2024-09-28,20203
14323,332,23,IN,231,2024-01-30,
14324,137,5,IN,192,2023-06-08,
14325,154,32,IN,212,2023-03-09,
14326,321,18,OUT,10,2023-02-15,9147
14327,279,15,OUT,414,2024-04-08,3260
14328,64,23,OUT,285,2023-12-11,22093
14329,153,30,IN,18,2023-12-31,
14330,218,8,OUT,331,2024-11-13,23194
14331,318,19,OUT,148,2023-03-26,11835
14332,81,28,OUT,131,2024-09-26,7467
14333,232,22,IN,197,2024-07-08,
14334,218,35,IN,142,2023-01-26,
14335,23,3,IN,318,2023-07-17,
14336,358,23,IN,427,2024-10-18,
14337,119,24,OUT,400,2023-03-05,22740
14338,53,34,IN,333,2024-06-11,
14339,298,17,IN,404,2023-02-03,
14340,100,33,OUT,110,2023-12-09,15164
14341,254,29,IN,71,2024-04-18,
14342,39,19,OUT,83,2024-01-09,7124
14343,180,6,OUT,320,2023-01-31,4314
14344,30,21,OUT,282,2024-02-15,24891
14345,109,16,OUT,6,2023-02-14,6109
14346,78,13,IN,293,2024-11-24,
14347,41,31,IN,41,2023-08-15,
14348,208,35,OUT,135,2023-03-04,8583
14349,135,33,OUT,333,2024-01-08,7238
14350,248,5,OUT,298,2023-03-15,11803
14351,294,28,IN,276,2023-06-27,
14352,223,23,OUT,280,2023-12-03,181
14353,176,25,OUT,151,2024-04-22,23164
14354,71,27,IN,205,2024-07-30,
14355,44,3,OUT,304,2023-01-30,29264
14356,51,31,OUT,240,2023-10-30,9128
14357,146,3,OUT,338,2024-02-04,28997
14358,330,4,IN,92,2024-06-20,
14359,161,22,IN,421,2024-03-04,
14360,200,31,IN,99,2023-03-10,
14361,132,26,IN,323,2024-02-09,
14362,219,22,OUT,461,2023-01-18,12064
14363,314,20,IN,97,2023-11-12,
14364,279,30,OUT,217,2023-01-23,2757
14365,326,17,OUT,352,2023-05-06,27218
14366,306,34,OUT,143,2023-08-24,1897
14367,8888,888,IN,0,2023-12-18,
14368,103,27,OUT,12,2023-03-20,25939
14369,141,26,OUT,408,2024-07-30,891
14370,28,6,OUT,95,2023-07-10,6100
14371,243,10,IN,280,2023-04-18,
14372,299,24,OUT,454,2024-11-17,16980
14373,231,13,OUT,365,2024-12-13,22573
14374,12,6,IN,79,2024-07-12,
14375,353,35,IN,12,2023-08-13,
14376,39,17,OUT,361,2024-12-21,19297
14377,272,2,OUT,267,2024-11-25,17456
14378,11,2,OUT,131,2024-05-06,29833
14379,318,4,OUT,338,2024-04-29,24536
14380,41,5,IN,430,2024-07-30,
14381,86,14,OUT,447,2024-10-18,28601
14382,222,28,OUT,131,2024-01-10,7952
14383,8888,888,OUT,0,2023-08-12,888888
14384,183,20,IN,186,2023-06-29,
14385,9,23,IN,486,2023-07-25,
14386,227,8,IN,304,2024-11-27,
14387,279,31,OUT,219,2024-08-13,6566
14388,298,6,OUT,478,2023-05-17,13345
14389,150,7,OUT,276,2023-10-08,22238
14390,56,9,OUT,136,2023-12-01,22989
14391,267,13,OUT,446,2023-10-10,12899
14392,295,6,OUT,142,2023-07-18,21149
14393,25,12,IN,453,2023-03-03,
14394,339,32,OUT,321,2023-09-20,15568
14395,99,4,OUT,388,2023-12-16,6163
14396,41,30,OUT,303,2024-03-08,2060
14397,98,17,IN,24,2023-01-03,
14398,298,30,OUT,94,2023-05-09,22575
14399,351,7,OUT,217,2023-03-22,29570
14400,171,20,IN,388,2023-07-08,
14401,293,22,IN,126,2023-10-28,
14402,322,21,OUT,60,2024-09-19,14992
14403,273,6,OUT,138,2023-08-29,14872
14404,71,4,IN,256,2024-05-23,
14405,97,25,OUT,306,2023-09-17,9874
14406,19,5,IN,323,2023-11-27,
14407,34,28,IN,20,2024-06-15,
14408,216,4,IN,254,2023-05-27,
14409,224,17,IN,269,2023-10-01,
14410,311,29,OUT,497,2024-04-26,18665
14411,45,21,OUT,206,2023-05-19,4305
14412,59,28,OUT,359,2024-10-31,829
14413,37,28,OUT,429,2024-04-20,11909
14414,70,14,IN,418,2023-07-31,
14415,92,28,OUT,401,2023-11-22,9671
14416,148,27,OUT,339,2023-12-01,8351
14417,146,14,IN,398,2024-04-26,
14418,146,8,OUT,411,2023-06-05,9228
14419,71,8,IN,193,2024-07-15,
14420,303,1,IN,230,2024-07-19,
14421,103,18,IN,200,2024-02-18,
14422,278,7,IN,267,2024-07-26,
14423,187,20,OUT,487,2023-12-18,24148
14424,345,4,IN,339,2023-02-04,
14425,279,20,OUT,362,2024-10-02,21273
14426,86,17,OUT,370,2023-07-14,7419
14427,149,1,OUT,244,2023-07-08,27918
14428,8888,888,OUT,0,2023-05-12,888888
14429,209,25,IN,147,2023-01-23,
14430,31,13,OUT,309,2023-11-09,24496
14431,122,17,IN,25,2024-12-16,
14432,175,3,IN,449,2023-06-30,
14433,349,22,IN,255,2023-03-14,
14434,185,32,OUT,416,2024-01-15,15236
14435,168,5,IN,33,2024-02-08,
14436,270,4,OUT,81,2023-03-04,26193
14437,291,34,OUT,273,2024-05-08,20826
14438,9,16,IN,445,2024-02-08,
14439,113,5,IN,81,2024-11-26,
14440,332,24,OUT,445,2023-09-22,21583
14441,31,3,OUT,248,2023-08-08,1564
14442,143,27,OUT,206,2023-07-17,6268
14443,301,23,IN,177,2024-08-14,
14444,40,27,OUT,414,2023-03-09,17837
14445,342,31,OUT,12,2023-05-24,23861
14446,75,10,IN,197,2024-06-10,
14447,160,35,IN,218,2024-06-01,
14448,139,34,OUT,90,2024-02-12,23302
14449,237,4,IN,167,2024-11-23,
14450,267,32,IN,437,2024-11-19,
14451,230,11,OUT,370,2024-12-08,7824
14452,329,3,IN,85,2023-05-15,
14453,85,26,IN,435,2024-02-26,
14454,300,20,IN,306,2023-04-26,
14455,7,5,IN,371,2024-11-08,
14456,259,32,IN,488,2023-05-30,
14457,177,21,OUT,19,2023-02-02,4891
14458,149,32,OUT,437,2024-05-16,10922
14459,39,4,OUT,35,2023-04-17,16814
14460,86,30,OUT,50,2024-12-03,29586
14461,306,2,OUT,284,2024-01-23,2229
14462,87,18,OUT,38,2023-02-10,20972
14463,121,23,IN,281,2024-01-01,
14464,150,10,IN,8,2023-08-02,
14465,190,2,OUT,444,2023-04-10,14001
14466,308,31,IN,136,2023-06-11,
14467,270,33,IN,66,2024-05-29,
14468,140,16,OUT,85,2024-07-15,21850
14469,67,35,IN,211,2023-12-23,
14470,115,2,OUT,41,2023-06-15,22525
14471,215,21,OUT,286,2023-04-18,16608
14472,96,12,IN,467,2023-01-15,
14473,250,34,OUT,494,2024-12-22,8613
14474,85,22,OUT,56,2023-11-08,18453
14475,339,13,OUT,293,2023-05-08,9255
14476,254,18,IN,112,2024-03-31,
14477,21,14,OUT,241,2023-03-18,28044
14478,188,23,OUT,468,2024-07-15,11588
14479,148,5,IN,277,2024-03-05,
14480,164,31,OUT,346,2024-09-09,21302
14481,127,15,IN,88,2023-03-14,
14482,262,15,IN,327,2023-05-23,
14483,82,34,OUT,75,2023-01-05,29901
14484,28,28,IN,261,2023-02-10,
14485,86,11,IN,155,2023-10-11,
14486,345,14,IN,279,2024-07-12,
14487,306,7,OUT,23,2024-01-03,1242
14488,206,11,IN,471,2023-01-04,
14489,150,26,IN,160,2024-08-18,
14490,12,23,OUT,210,2024-06-21,21921
14491,143,11,IN,293,2023-07-13,
14492,199,4,IN,267,2024-08-14,
14493,157,28,OUT,484,2024-12-17,22158
14494,25,21,OUT,480,2023-07-25,4976
14495,9,27,IN,401,2023-02-05,
14496,30,17,OUT,199,2023-07-03,3176
14497,55,24,OUT,183,2023-03-22,24442
14498,2,26,OUT,352,2024-08-03,29110
14499,39,4,OUT,103,2023-09-29,6859
14500,356,26,OUT,420,2023-11-24,28284
14501,75,32,OUT,378,2024-04-10,24228
14502,97,20,OUT,243,2023-06-16,10742
14503,284,6,IN,334,2024-06-22,
14504,82,2,OUT,227,2023-07-29,29496
14505,96,28,OUT,110,2023-04-14,27995
14506,62,30,OUT,179,2023-03-04,14486
14507,118,11,OUT,332,2024-08-12,4526
14508,201,16,OUT,32,2023-06-30,9285
14509,12,22,OUT,318,2023-09-28,5437
14510,35,6,IN,277,2024-11-08,
14511,275,5,IN,434,2024-07-10,
14512,215,25,OUT,494,2024-01-08,24218
14513,102,15,IN,29,2024-11-05,
14514,164,1,IN,262,2023-02-19,
14515,298,26,OUT,238,2023-01-14,5314
14516,77,16,IN,59,2024-03-30,
14517,33,32,IN,71,2023-07-13,
14518,147,12,OUT,177,2024-12-12,11463
14519,26,17,IN,149,2023-06-11,
14520,87,2,OUT,384,2023-02-23,3994
14521,333,12,OUT,451,2023-07-16,13732
14522,315,6,OUT,4,2024-10-08,2574
14523,96,13,OUT,179,2024-01-16,5016
14524,245,29,IN,434,2023-09-04,
14525,131,21,IN,341,2024-02-14,
14526,260,9,OUT,232,2023-03-18,27640
14527,250,31,IN,104,2024-10-23,
14528,21,35,OUT,156,2024-11-17,29176
14529,205,1,OUT,327,2023-07-28,13179
14530,3,20,OUT,475,2024-11-10,23770
14531,144,19,OUT,464,2023-10-02,26498
14532,3,16,OUT,335,2023-01-04,4192
14533,76,26,OUT,420,2023-07-27,28541
14534,51,33,OUT,150,2023-01-07,27005
14535,337,15,OUT,443,2023-06-11,21341
14536,5,15,OUT,269,2024-05-14,11248
14537,166,18,IN,333,2024-12-21,
14538,331,15,OUT,72,2024-02-18,7969
14539,326,33,IN,171,2023-12-14,
14540,8888,888,IN,0,2024-08-17,
14541,71,19,IN,28,2023-10-24,
14542,37,2,IN,428,2023-08-12,
14543,217,29,IN,385,2023-10-10,
14544,324,30,IN,380,2023-04-04,
14545,199,32,IN,399,2024-11-29,
14546,256,26,IN,246,2023-07-03,
14547,277,19,OUT,493,2024-07-24,29513
14548,95,13,OUT,275,2024-09-23,9995
14549,217,26,IN,234,2023-09-18,
14550,63,7,OUT,127,2024-09-16,4864
14551,264,6,IN,253,2023-03-10,
14552,59,17,OUT,69,2023-03-19,20123
14553,220,2,OUT,115,2024-07-05,14897
14554,208,25,IN,83,2023-11-07,
14555,357,28,IN,238,2023-12-17,
14556,71,27,OUT,0,2024-09-20,6860
14557,44,20,IN,179,2023-10-13,
14558,143,17,OUT,417,2023-01-28,22802
14559,224,20,OUT,43,2023-02-15,12079
14560,105,10,IN,283,2024-01-16,
14561,153,15,IN,489,2024-10-07,
14562,209,17,IN,383,2023-12-24,
14563,19,23,OUT,477,2024-07-23,16174
14564,356,1,OUT,432,2023-12-29,23720
14565,229,34,IN,51,2024-12-21,
14566,257,31,IN,303,2024-03-12,
14567,140,21,OUT,168,2023-04-27,28172
14568,87,21,IN,453,2023-01-10,
14569,126,8,OUT,20,2024-02-09,19484
14570,162,6,OUT,198,2023-12-12,985
14571,302,25,IN,384,2023-04-19,
14572,182,8,OUT,224,2023-08-21,14730
14573,42,35,OUT,372,2023-02-15,18095
14574,289,15,IN,181,2023-06-28,
14575,309,11,IN,485,2024-05-09,
14576,86,9,OUT,23,2024-06-10,5415
14577,282,22,OUT,44,2023-11-26,10947
14578,23,34,OUT,201,2023-04-05,22812
14579,244,19,OUT,460,2023-07-16,20850
14580,141,7,IN,474,2023-08-29,
14581,305,4,OUT,193,2024-01-30,21125
14582,5,26,OUT,189,2024-01-12,940
14583,222,14,IN,427,2024-04-01,
14584,55,14,OUT,124,2023-08-18,20586
14585,5,21,IN,104,2023-08-08,
14586,62,11,IN,134,2024-11-22,
14587,337,32,IN,240,2023-03-26,
14588,145,14,IN,463,2023-08-27,
14589,200,30,IN,468,2023-12-06,
14590,194,10,OUT,165,2024-09-14,1817
14591,133,4,OUT,81,2023-04-27,19627
14592,179,15,OUT,454,2023-02-09,17333
14593,34,27,IN,111,2024-11-24,
14594,66,17,IN,288,2024-05-13,
14595,287,3,IN,378,2024-08-25,
14596,6,35,IN,350,2023-06-19,
14597,267,2,IN,168,2024-12-18,
14598,83,24,OUT,370,2023-07-24,9130
14599,258,2,OUT,235,2024-08-23,11625
14600,141,12,OUT,171,2023-04-04,5351
14601,3,7,IN,395,2023-06-04,
14602,22,33,IN,287,2024-02-25,
14603,268,13,OUT,117,2024-08-18,4599
14604,64,33,OUT,209,2023-07-25,21407
14605,205,32,OUT,249,2024-07-06,25276
14606,158,11,IN,455,2024-03-11,
14607,107,23,IN,76,2024-03-11,
14608,30,26,OUT,418,2023-07-10,8091
14609,196,9,IN,126,2023-06-25,
14610,113,16,OUT,474,2023-08-06,3724
14611,107,34,OUT,269,2024-08-12,12275
14612,64,8,IN,267,2024-08-23,
14613,15,11,OUT,55,2024-09-23,23688
14614,29,2,IN,417,2023-08-12,
14615,279,13,OUT,162,2023-02-10,7978
14616,135,23,OUT,282,2023-08-13,26278
14617,325,34,OUT,130,2023-10-12,19350
14618,73,20,IN,363,2024-02-02,
14619,166,11,OUT,375,2023-01-08,24554
14620,106,12,IN,432,2023-10-03,
14621,174,22,IN,180,2023-11-21,
14622,120,22,IN,65,2023-06-26,
14623,348,2,IN,206,2024-10-23,
14624,283,20,OUT,23,2023-07-11,2470
14625,289,5,IN,235,2023-08-05,
14626,140,28,OUT,16,2024-05-18,27901
14627,322,3,OUT,132,2024-08-11,8056
14628,52,33,OUT,215,2024-06-04,25867
14629,151,3,OUT,51,2023-10-04,12415
14630,164,7,OUT,483,2023-01-01,15583
14631,158,10,IN,461,2024-06-06,
14632,50,15,IN,82,2024-08-19,
14633,294,35,OUT,442,2024-12-20,18972
14634,318,9,OUT,270,2023-08-28,19424
14635,258,15,OUT,367,2023-01-11,21363
14636,45,29,OUT,458,2024-10-21,20839
14637,211,28,OUT,137,2024-07-10,5825
14638,228,34,OUT,279,2023-11-07,9937
14639,176,5,IN,286,2024-08-20,
14640,340,3,OUT,282,2024-12-10,29724
14641,153,28,IN,497,2023-04-08,
14642,264,2,IN,493,2024-10-30,
14643,327,20,OUT,334,2024-12-23,11275
14644,285,19,IN,404,2024-05-10,
14645,211,26,IN,376,2024-05-03,
14646,64,7,OUT,294,2024-04-07,20250
14647,178,22,OUT,0,2024-05-02,7840
14648,115,18,OUT,410,2023-12-31,27989
14649,284,6,OUT,316,2023-12-19,4189
14650,181,32,OUT,153,2023-10-01,2632
14651,192,16,OUT,66,2024-04-16,23494
14652,109,3,OUT,281,2023-05-08,12938
14653,129,14,OUT,422,2023-10-02,22070
14654,160,11,IN,358,2023-02-23,
14655,308,4,OUT,175,2023-11-27,18119
14656,176,10,IN,293,2024-12-04,
14657,40,33,IN,443,2023-01-01,
14658,268,15,IN,483,2023-12-20,
14659,6,21,IN,297,2023-10-30,
14660,281,18,OUT,466,2024-11-01,27038
14661,106,19,OUT,343,2024-02-26,28706
14662,178,22,IN,233,2023-04-02,
14663,290,26,IN,217,2023-02-02,
14664,337,17,OUT,402,2023-06-16,5906
14665,216,28,OUT,487,2024-06-09,9432
14666,167,24,OUT,116,2023-03-22,28862
14667,33,23,OUT,263,2024-07-01,20137
14668,146,25,IN,27,2024-12-25,
14669,143,15,OUT,279,2024-12-01,444
14670,282,6,OUT,232,2024-07-21,19760
14671,147,7,IN,367,2024-12-19,
14672,159,7,OUT,315,2023-11-18,9178
14673,1,6,IN,449,2024-08-07,
14674,228,26,IN,222,2024-01-07,
14675,8888,888,OUT,0,2023-12-09,888888
14676,68,23,IN,292,2023-12-31,
14677,78,21,IN,97,2023-07-07,
14678,155,21,IN,84,2023-08-15,
14679,303,1,OUT,392,2023-06-05,749
14680,310,8,IN,432,2023-06-21,
14681,212,11,OUT,335,2024-10-20,21117
14682,331,16,IN,0,2023-07-11,
14683,278,13,OUT,67,2024-11-04,18134
14684,137,4,IN,386,2024-01-22,
14685,323,14,IN,221,2024-01-27,
14686,181,29,IN,221,2023-10-07,
14687,194,15,OUT,157,2023-10-02,25481
14688,74,12,IN,51,2023-12-07,
14689,81,28,OUT,165,2023-03-04,5629
14690,303,15,OUT,370,2024-11-24,15816
14691,182,10,IN,51,2024-09-30,
14692,287,12,IN,423,2024-12-09,
14693,12,14,IN,349,2023-09-15,
14694,38,25,OUT,89,2024-08-21,26075
14695,8888,888,OUT,0,2023-01-30,888888
14696,269,26,OUT,38,2024-11-24,12072
14697,181,19,IN,1,2024-07-14,
14698,188,1,IN,345,2023-04-27,
14699,91,35,OUT,327,2024-02-09,24618
14700,37,24,IN,318,2023-12-13,
14701,174,8,OUT,156,2023-01-24,9252
14702,9,9,IN,132,2024-09-09,
14703,160,6,IN,466,2023-04-05,
14704,158,5,OUT,287,2023-06-19,8428
14705,286,8,IN,0,2023-05-29,
14706,258,10,IN,81,2023-01-01,
14707,226,3,OUT,43,2024-10-21,21347
14708,239,3,IN,282,2023-03-18,
14709,239,6,OUT,396,2023-09-21,11728
14710,3,31,OUT,315,2023-05-29,1588
14711,191,18,IN,67,2024-08-31,
14712,259,8,IN,77,2024-05-15,
14713,8888,888,OUT,0,2023-05-21,888888
14714,26,32,OUT,282,2024-03-21,27315
14715,241,9,IN,465,2023-02-26,
14716,202,35,IN,339,2024-09-09,
14717,310,19,IN,427,2023-04-10,
14718,13,25,OUT,435,2024-12-30,11782
14719,122,3,OUT,267,2023-10-23,15498
14720,81,10,IN,142,2024-11-04,
14721,8888,888,IN,0,2024-08-08,
14722,240,16,IN,455,2023-07-07,
14723,270,12,IN,144,2023-12-31,
14724,86,29,OUT,388,2023-07-01,26825
14725,169,4,IN,312,2023-02-25,
14726,261,26,OUT,52,2023-04-02,19690
14727,75,34,OUT,427,2023-06-14,26445
14728,146,23,OUT,154,2024-10-04,28295
14729,211,12,IN,339,2024-12-06,
14730,17,11,OUT,202,2024-01-29,12090
14731,295,8,IN,74,2023-05-20,
14732,354,16,IN,342,2023-12-10,
14733,304,10,IN,413,2023-05-18,
14734,229,22,IN,444,2024-12-01,
14735,223,29,IN,73,2024-02-04,
14736,111,28,IN,366,2024-09-15,
14737,275,14,IN,97,2023-02-28,
14738,186,16,IN,331,2023-05-28,
14739,251,5,OUT,321,2024-04-02,9828
14740,147,22,OUT,431,2023-02-07,12816
14741,238,18,IN,266,2024-01-05,
14742,121,11,OUT,438,2024-10-19,26504
14743,321,10,OUT,43,2023-06-16,22323
14744,190,4,IN,441,2024-08-12,
14745,173,5,OUT,164,2024-05-30,14412
14746,170,19,OUT,395,2023-10-29,11014
14747,19,18,IN,477,2024-08-31,
14748,323,6,OUT,422,2023-12-21,13156
14749,99,10,OUT,492,2023-12-22,4919
14750,78,22,OUT,384,2024-08-17,8862
14751,41,16,IN,0,2024-03-30,
14752,31,34,OUT,201,2024-08-19,5910
14753,37,17,IN,148,2023-08-02,
14754,311,30,IN,359,2023-02-22,
14755,164,11,OUT,0,2023-11-21,7249
14756,268,21,OUT,117,2024-05-29,19974
14757,8888,888,OUT,0,2023-05-21,888888
14758,226,26,OUT,300,2023-06-06,5599
14759,185,13,OUT,8,2023-10-08,18834
14760,67,1,OUT,83,2024-06-02,12207
14761,2,17,IN,219,2023-10-06,
14762,36,4,OUT,360,2024-05-19,2920
14763,349,8,OUT,361,2024-05-19,28794
14764,250,26,OUT,404,2023-04-25,21106
14765,3,1,OUT,415,2024-10-18,17483
14766,98,3,IN,408,2024-12-11,
14767,291,19,IN,384,2024-10-09,
14768,216,4,IN,255,2023-03-29,
14769,293,22,OUT,406,2023-12-24,13809
14770,104,21,OUT,367,2023-09-02,22537
14771,235,29,OUT,214,2023-12-11,19309
14772,87,34,OUT,441,2023-09-09,23582
14773,295,5,IN,244,2024-11-11,
14774,219,6,OUT,320,2023-11-12,4613
14775,262,33,OUT,111,2023-09-04,12167
14776,325,27,IN,429,2024-03-06,
14777,218,8,OUT,381,2023-02-04,25157
14778,299,27,OUT,28,2023-12-22,28261
14779,55,1,IN,28,2023-06-21,
14780,306,17,IN,465,2023-12-05,
14781,23,32,OUT,492,2024-01-09,8908
14782,200,16,IN,199,2023-06-24,
14783,69,2,OUT,157,2023-05-01,10632
14784,308,24,OUT,182,2024-10-19,11000
14785,118,28,OUT,211,2024-02-16,7690
14786,10,16,IN,200,2023-07-11,
14787,101,20,OUT,52,2023-05-19,28217
14788,218,32,IN,487,2023-05-02,
14789,147,31,IN,344,2023-07-26,
14790,197,21,OUT,429,2023-03-20,2014
14791,336,22,IN,155,2023-02-12,
14792,66,17,OUT,141,2023-12-21,14063
14793,10,14,OUT,140,2024-09-26,2083
14794,277,30,OUT,315,2024-10-28,24250
14795,333,29,OUT,428,2023-01-20,6468
14796,305,13,OUT,296,2023-02-20,5955
14797,40,20,OUT,76,2023-05-15,12060
14798,92,20,OUT,166,2023-12-17,29230
14799,186,22,OUT,495,2024-01-17,17003
14800,298,15,OUT,372,2024-03-15,15469
14801,313,21,OUT,213,2024-12-23,29324
14802,92,33,IN,364,2023-03-07,
14803,137,15,OUT,285,2023-02-28,14177
14804,172,14,IN,227,2024-12-05,
14805,126,28,OUT,13,2024-04-26,14974
14806,236,7,IN,267,2024-10-20,
14807,190,31,OUT,287,2023-08-16,492
14808,125,3,OUT,291,2024-07-25,5205
14809,295,11,OUT,3,2023-05-13,17774
14810,311,9,IN,285,2024-11-02,
14811,149,16,OUT,364,2024-10-08,5399
14812,54,26,OUT,203,2024-12-24,29734
14813,193,14,OUT,203,2024-10-18,20690
14814,331,9,OUT,103,2023-06-19,12300
14815,8888,888,IN,0,2024-10-08,
14816,113,10,IN,54,2023-11-09,
14817,15,2,IN,429,2023-01-22,
14818,347,3,OUT,52,2023-03-13,1733
14819,138,12,IN,358,2023-02-12,
14820,270,12,OUT,93,2024-11-19,3458
14821,77,4,OUT,47,2024-01-22,29391
14822,125,26,OUT,79,2024-06-30,18752
14823,32,15,OUT,324,2023-05-18,2180
14824,66,22,IN,204,2023-12-04,
14825,359,23,OUT,468,2023-08-09,23091
14826,8888,888,OUT,0,2024-10-01,888888
14827,162,6,IN,147,2024-10-29,
14828,18,34,OUT,58,2023-02-23,1342
14829,8888,888,IN,0,2023-12-02,
14830,10,1,IN,317,2024-12-16,
14831,137,15,OUT,470,2024-07-14,17986
14832,300,7,IN,174,2023-06-04,
14833,141,8,OUT,208,2024-12-14,26263
14834,124,7,IN,461,2023-12-22,
14835,15,19,OUT,44,2024-06-03,20942
14836,268,32,OUT,407,2024-11-01,14701
14837,260,21,IN,313,2024-03-15,
14838,8888,888,IN,0,2023-09-04,
14839,72,29,IN,487,2024-04-06,
14840,302,24,OUT,111,2023-10-17,9275
14841,206,21,OUT,191,2024-07-14,25813
14842,228,25,IN,214,2023-04-27,
14843,48,16,IN,409,2024-10-09,
14844,242,22,OUT,322,2024-09-10,9674
14845,17,1,IN,259,2023-11-08,
14846,247,1,IN,45,2024-11-05,
14847,135,3,OUT,129,2023-03-29,6836
14848,15,33,IN,13,2023-10-03,
14849,302,32,OUT,201,2023-05-14,28137
14850,1,8,IN,50,2023-01-31,
14851,207,31,OUT,418,2024-12-12,24328
14852,100,3,OUT,416,2023-12-09,24158
14853,249,24,IN,148,2023-05-03,
14854,109,11,IN,40,2024-08-05,
14855,308,8,OUT,467,2023-01-19,28878
14856,128,10,IN,26,2024-07-14,
14857,335,19,OUT,220,2023-05-12,22005
14858,342,26,IN,431,2024-09-29,
14859,80,33,IN,472,2023-03-16,
14860,3,10,OUT,481,2024-02-19,21858
14861,352,4,IN,366,2023-11-07,
14862,156,10,IN,267,2024-05-18,
14863,276,19,OUT,105,2023-12-31,20784
14864,257,8,IN,370,2024-10-16,
14865,172,5,IN,352,2024-01-19,
14866,23,19,IN,465,2023-03-21,
14867,269,15,IN,459,2024-06-15,
14868,255,32,OUT,315,2024-02-07,10543
14869,244,29,OUT,496,2023-10-09,11726
14870,185,16,OUT,336,2023-01-26,24898
14871,209,34,IN,24,2023-10-26,
14872,180,23,IN,129,2023-04-29,
14873,46,17,IN,58,2023-06-01,
14874,112,21,IN,198,2024-03-18,
14875,273,20,IN,17,2024-04-21,
14876,113,21,OUT,12,2024-08-09,22492
14877,247,6,OUT,26,2024-01-20,17242
14878,202,10,OUT,353,2024-06-23,29841
14879,274,21,OUT,283,2023-04-26,25496
14880,341,8,OUT,189,2024-08-20,26026
14881,7,6,OUT,182,2024-12-26,11140
14882,97,27,IN,137,2024-10-14,
14883,110,24,OUT,238,2023-05-10,8383
14884,206,34,OUT,16,2023-11-10,1124
14885,346,31,IN,30,2024-09-01,
14886,359,30,IN,82,2024-09-03,
14887,132,33,OUT,447,2023-08-21,10643
14888,29,23,IN,155,2024-02-02,
14889,177,21,IN,341,2024-07-27,
14890,51,35,OUT,103,2024-05-14,21271
14891,347,27,OUT,87,2024-08-06,7180
14892,95,4,OUT,360,2024-08-02,1149
14893,79,21,OUT,199,2024-03-10,13872
14894,151,29,OUT,60,2024-11-20,8617
14895,156,26,OUT,454,2024-07-28,12133
14896,20,10,OUT,474,2023-10-21,29923
14897,44,34,IN,116,2023-08-29,
14898,242,31,OUT,446,2023-09-19,2817
14899,276,12,OUT,267,2024-02-05,7487
14900,287,13,IN,187,2023-09-10,
14901,32,19,IN,249,2023-08-24,
14902,28,1,OUT,369,2023-01-14,21548
14903,205,9,IN,25,2024-08-22,
14904,225,5,IN,279,2023-02-19,
14905,73,17,IN,244,2024-01-12,
14906,251,18,OUT,18,2024-07-27,27509
14907,126,7,OUT,25,2024-05-11,6102
14908,124,16,IN,106,2024-09-22,
14909,124,12,OUT,236,2023-07-17,5710
14910,148,19,IN,66,2024-06-04,
14911,315,17,OUT,136,2023-07-20,29546
14912,163,15,OUT,450,2024-02-22,17050
14913,90,12,OUT,64,2024-10-06,27224
14914,12,4,IN,18,2024-08-18,
14915,50,1,IN,430,2023-12-23,
14916,242,6,OUT,240,2024-06-06,25898
14917,317,12,IN,37,2024-01-25,
14918,283,8,OUT,40,2024-11-18,2144
14919,295,21,OUT,100,2024-12-11,4416
14920,246,7,OUT,418,2023-02-12,12744
14921,267,3,IN,353,2023-04-15,
14922,283,23,IN,323,2024-09-09,
14923,248,26,OUT,136,2024-01-12,1853
14924,14,7,IN,323,2024-09-10,
14925,8888,888,OUT,0,2024-03-08,888888
14926,186,2,OUT,251,2024-04-03,23354
14927,283,19,OUT,21,2024-09-01,26215
14928,113,35,IN,180,2024-09-17,
14929,8888,888,IN,0,2023-05-11,
14930,139,23,OUT,7,2024-07-23,11508
14931,299,9,OUT,404,2023-10-05,11926
14932,277,30,IN,221,2023-11-05,
14933,283,32,IN,150,2024-09-16,
14934,159,16,IN,215,2023-04-26,
14935,175,5,OUT,286,2024-07-12,25601
14936,61,22,OUT,499,2024-11-29,26922
14937,340,32,OUT,438,2024-06-17,17775
14938,1,11,IN,123,2023-03-16,
14939,210,14,OUT,300,2024-06-05,17923
14940,6,11,IN,397,2024-08-17,
14941,8888,888,IN,0,2023-11-02,
14942,71,8,IN,224,2023-06-28,
14943,291,22,IN,126,2023-10-30,
14944,20,24,OUT,251,2024-02-15,14079
14945,8888,888,OUT,0,2024-06-18,888888
14946,16,35,IN,410,2023-04-27,
14947,164,28,IN,137,2024-04-05,
14948,122,34,IN,477,2024-09-17,
14949,211,24,IN,162,2023-10-18,
14950,206,35,OUT,30,2023-06-26,22301
14951,163,35,IN,144,2023-06-28,
14952,8888,888,OUT,0,2023-12-04,888888
14953,7,7,OUT,196,2024-04-02,15603
14954,296,24,OUT,15,2023-03-22,16403
14955,46,2,IN,147,2023-02-25,
14956,130,5,OUT,495,2024-02-08,9678
14957,117,34,OUT,86,2024-02-01,27989
14958,279,13,OUT,30,2023-11-29,3479
14959,269,23,IN,14,2024-05-27,
14960,8,17,IN,302,2023-08-25,
14961,18,34,IN,255,2024-07-23,
14962,202,2,IN,39,2024-03-01,
14963,341,5,OUT,164,2024-01-30,212
14964,214,25,OUT,60,2023-09-27,25447
14965,259,5,IN,337,2023-08-30,
14966,46,13,IN,137,2024-01-10,
14967,308,4,IN,473,2023-12-18,
14968,219,9,OUT,120,2023-10-30,8908
14969,8,29,OUT,54,2024-02-24,10906
14970,262,35,OUT,126,2023-03-18,22549
14971,322,9,IN,109,2023-08-30,
14972,216,25,IN,374,2023-06-30,
14973,265,10,OUT,368,2024-01-18,28298
14974,253,32,OUT,372,2023-04-27,18304
14975,357,9,OUT,7,2023-08-29,13084
14976,178,2,IN,175,2023-05-23,
14977,316,21,OUT,353,2023-02-17,905
14978,323,9,IN,451,2024-02-29,
14979,129,21,IN,43,2024-05-28,
14980,35,30,IN,76,2023-05-29,
14981,70,3,OUT,407,2023-01-21,27139
14982,281,28,OUT,254,2023-04-13,19413
14983,4,15,OUT,152,2023-07-02,14298
14984,9,5,IN,275,2023-11-02,
14985,45,7,OUT,88,2024-07-06,13659
14986,320,11,OUT,318,2023-04-10,9359
14987,359,15,OUT,383,2023-02-14,28438
14988,177,20,IN,102,2023-10-21,
14989,348,21,OUT,441,2023-06-07,15506
14990,41,8,OUT,427,2024-02-13,4604
14991,281,5,IN,150,2023-04-05,
14992,13,2,IN,249,2024-01-24,
14993,126,10,IN,400,2024-05-11,
14994,176,18,IN,214,2024-04-28,
14995,47,27,OUT,86,2023-01-06,9524
14996,350,35,OUT,387,2024-02-10,16611
14997,52,30,IN,92,2023-02-09,
14998,75,1,IN,365,2024-12-25,
14999,99,1,OUT,112,2023-11-11,9303
15000,112,10,OUT,125,2023-04-07,3662
15001,302,22,IN,335,2023-11-13,
15002,81,34,OUT,107,2024-05-14,13092
15003,8888,888,OUT,0,2024-03-22,888888
15004,345,3,IN,43,2023-01-25,
15005,208,14,IN,241,2023-07-18,
15006,221,20,IN,95,2024-11-16,
15007,201,13,OUT,368,2024-02-28,21152
15008,193,27,IN,460,2023-06-13,
15009,221,20,IN,320,2024-01-24,
15010,93,24,OUT,192,2024-02-07,17488
15011,104,14,OUT,43,2024-04-07,23820
15012,94,16,OUT,101,2024-03-17,22391
15013,125,1,OUT,372,2023-12-23,6661
15014,169,23,OUT,92,2023-07-14,12357
15015,193,13,OUT,22,2024-11-19,4539
15016,332,28,IN,159,2024-07-06,
15017,67,8,OUT,194,2023-12-07,1568
15018,245,5,IN,310,2024-09-06,
15019,119,34,OUT,136,2023-08-21,22054
15020,47,21,IN,181,2024-09-23,
15021,89,22,OUT,98,2024-08-26,22988
15022,121,14,OUT,296,2023-02-25,25383
15023,192,27,IN,462,2023-04-24,
15024,31,12,OUT,145,2023-08-09,6421
15025,181,9,OUT,109,2024-12-17,26972
15026,31,35,OUT,247,2023-06-11,11871
15027,14,10,OUT,179,2024-05-01,18346
15028,4,1,IN,29,2024-06-22,
15029,273,8,OUT,101,2023-04-10,2881
15030,255,20,OUT,165,2023-04-25,11696
15031,261,1,IN,440,2024-02-23,
15032,316,13,OUT,142,2023-09-16,5448
15033,133,23,OUT,96,2024-07-24,2037
15034,264,16,OUT,260,2023-07-10,13160
15035,237,16,IN,367,2023-10-03,
15036,113,27,OUT,197,2023-11-17,22682
15037,16,15,IN,307,2024-09-07,
15038,87,15,IN,107,2023-04-21,
15039,319,31,OUT,346,2023-08-17,10578
15040,67,10,IN,395,2023-04-18,
15041,237,4,OUT,202,2024-05-19,28921
15042,319,11,OUT,66,2024-12-21,3014
15043,299,9,OUT,228,2024-09-02,22983
15044,10,17,IN,10,2023-02-27,
15045,298,10,IN,239,2024-07-13,
15046,258,25,IN,69,2023-03-18,
15047,218,21,IN,186,2023-09-07,
15048,129,4,IN,321,2024-02-16,
15049,175,12,OUT,196,2023-11-14,21938
15050,98,30,IN,385,2024-07-18,
15051,351,24,IN,282,2024-06-11,
15052,144,19,OUT,424,2024-08-19,15754
15053,344,9,OUT,129,2024-08-06,10915
15054,94,19,IN,163,2024-01-25,
15055,8888,888,IN,0,2024-01-31,
15056,143,11,IN,467,2023-10-30,
15057,223,4,IN,456,2023-09-02,
15058,227,16,IN,156,2023-06-22,
15059,120,15,OUT,288,2023-11-10,11730
15060,211,17,OUT,313,2023-08-18,29625
15061,354,22,OUT,150,2024-10-26,19692
15062,248,16,IN,395,2023-04-27,
15063,40,16,OUT,282,2024-01-17,14908
15064,38,29,OUT,73,2024-03-30,13006
15065,245,23,IN,95,2023-11-07,
15066,201,4,IN,477,2024-01-16,
15067,50,29,OUT,342,2024-12-18,13852
15068,136,26,IN,16,2024-02-27,
15069,27,30,OUT,376,2023-07-03,3918
15070,37,30,OUT,276,2023-05-18,10461
15071,206,9,OUT,452,2023-04-11,14753
15072,14,33,IN,305,2024-09-16,
15073,316,24,IN,69,2024-11-04,
15074,138,28,IN,197,2023-10-16,
15075,87,31,IN,343,2023-05-09,
15076,353,6,OUT,411,2024-05-03,3489
15077,348,11,OUT,461,2023-04-28,20832
15078,25,27,OUT,80,2024-04-02,3025
15079,324,7,IN,246,2024-08-31,
15080,149,23,IN,371,2023-05-06,
15081,357,16,OUT,420,2024-03-10,29428
15082,215,24,OUT,64,2023-11-02,25020
15083,234,34,IN,97,2023-10-25,
15084,5,8,IN,37,2024-10-21,
15085,339,7,OUT,301,2024-10-24,28819
15086,161,30,OUT,345,2023-05-19,5490
15087,63,31,IN,109,2024-08-19,
15088,319,29,OUT,191,2024-12-27,29676
15089,275,5,OUT,197,2023-02-06,13544
15090,71,20,IN,233,2024-03-11,
15091,355,22,OUT,404,2024-05-15,4766
15092,77,32,OUT,419,2024-02-06,7948
15093,37,12,OUT,162,2024-06-03,15593
15094,102,13,OUT,424,2024-08-08,16893
15095,226,7,IN,344,2024-06-10,
15096,87,8,IN,33,2023-12-07,
15097,217,34,OUT,175,2024-01-04,29408
15098,221,34,OUT,380,2023-05-17,16343
15099,140,23,IN,0,2024-07-19,
15100,67,26,OUT,456,2023-11-17,9565
15101,282,11,OUT,119,2024-11-03,24012
15102,347,10,OUT,423,2024-10-05,1738
15103,308,17,IN,423,2024-03-07,
15104,8888,888,OUT,0,2023-08-03,888888
15105,117,9,IN,462,2023-12-29,
15106,227,13,OUT,500,2024-09-03,9663
15107,190,17,OUT,467,2024-07-23,14478
15108,318,27,OUT,252,2023-08-13,25891
15109,173,13,OUT,486,2024-03-06,20267
15110,61,26,OUT,319,2024-09-18,7924
15111,273,31,OUT,12,2023-11-13,28275
15112,269,29,OUT,318,2023-03-05,9535
15113,141,5,OUT,362,2023-05-03,11992
15114,177,34,OUT,223,2024-02-26,3659
15115,58,4,IN,461,2023-10-23,
15116,360,9,IN,174,2024-02-22,
15117,8888,888,OUT,0,2023-01-17,888888
15118,284,14,OUT,70,2024-07-08,16748
15119,100,3,OUT,328,2024-03-18,22686
15120,333,22,IN,208,2023-09-17,
15121,345,29,OUT,473,2024-07-14,29548
15122,83,26,OUT,79,2023-02-07,17033
15123,197,33,OUT,184,2023-07-05,22580
15124,189,18,OUT,363,2023-06-10,14733
15125,8888,888,IN,0,2024-03-09,
15126,93,12,IN,424,2023-01-10,
15127,256,4,OUT,308,2024-09-01,15342
15128,323,29,IN,476,2024-08-04,
15129,258,23,OUT,177,2024-12-22,9107
15130,161,2,OUT,100,2023-04-07,16215
15131,114,12,OUT,309,2023-06-09,3494
15132,18,9,IN,57,2024-10-04,
15133,136,27,OUT,399,2024-09-03,17833
15134,219,19,OUT,197,2024-12-14,19219
15135,108,12,OUT,97,2024-02-25,19316
15136,120,30,OUT,495,2023-08-15,24156
15137,168,14,OUT,411,2024-05-25,20262
15138,87,32,OUT,339,2024-04-03,17872
15139,138,2,IN,335,2024-08-18,
15140,25,25,IN,495,2024-02-19,
15141,347,26,OUT,139,2024-03-14,25251
15142,234,1,IN,272,2024-09-23,
15143,13,21,IN,116,2024-01-17,
15144,92,26,IN,302,2023-04-12,
15145,16,7,OUT,41,2024-04-29,28845
15146,302,28,OUT,64,2023-06-12,16531
15147,227,24,IN,473,2023-05-02,
15148,40,20,OUT,430,2023-07-26,27968
15149,66,19,IN,189,2023-06-02,
15150,102,9,IN,500,2023-07-22,
15151,15,3,IN,442,2023-06-29,
15152,169,26,OUT,405,2024-02-08,15814
15153,157,23,IN,89,2023-10-12,
15154,108,2,OUT,129,2024-05-07,28362
15155,187,4,OUT,358,2024-12-21,11222
15156,106,29,OUT,48,2023-04-22,320
15157,181,19,OUT,477,2023-03-13,29401
15158,229,15,OUT,108,2024-07-15,20242
15159,126,19,IN,100,2024-07-05,
15160,356,9,IN,70,2023-06-27,
15161,160,8,OUT,322,2023-07-29,25138
15162,4,30,OUT,34,2023-07-05,27476
15163,237,7,OUT,358,2024-11-17,860
15164,215,23,OUT,382,2024-01-19,27026
15165,355,15,IN,412,2023-06-05,
15166,177,3,OUT,282,2023-05-11,21627
15167,279,29,OUT,462,2023-08-16,27188
15168,347,17,OUT,13,2024-03-22,27303
15169,27,25,IN,277,2024-09-11,
15170,325,31,IN,190,2023-06-24,
15171,99,6,OUT,82,2023-03-31,18511
15172,7,25,OUT,33,2023-04-27,28090
15173,197,7,OUT,168,2023-05-19,24638
15174,232,23,IN,88,2024-07-21,
15175,304,25,OUT,84,2024-09-05,2532
15176,257,3,OUT,135,2023-08-28,29462
15177,169,10,OUT,417,2024-10-28,24977
15178,199,32,IN,117,2024-09-29,
15179,336,22,OUT,14,2024-10-24,588
15180,97,7,IN,84,2023-08-15,
15181,179,21,OUT,119,2023-09-04,18878
15182,253,31,OUT,292,2023-01-16,26269
15183,348,27,OUT,36,2024-07-06,2467
15184,180,32,IN,71,2023-02-12,
15185,8,22,IN,400,2024-07-06,
15186,4,8,OUT,328,2023-06-06,2984
15187,128,27,OUT,355,2024-08-20,28856
15188,243,28,OUT,413,2024-04-19,1789
15189,328,23,IN,225,2024-05-28,
15190,18,10,OUT,246,2023-01-14,5585
15191,302,22,OUT,429,2023-10-04,11570
15192,34,32,IN,385,2024-07-05,
15193,189,12,IN,264,2024-01-09,
15194,249,8,IN,285,2024-07-05,
15195,60,30,IN,17,2024-12-18,
15196,336,23,OUT,114,2023-09-23,26775
15197,39,14,OUT,337,2023-11-20,10920
15198,273,11,OUT,84,2023-06-11,29505
15199,354,24,IN,202,2024-05-19,
15200,273,9,OUT,231,2023-04-28,6642
15201,296,18,OUT,464,2024-08-31,15048
15202,75,32,IN,102,2023-04-23,
15203,348,20,IN,228,2023-10-15,
15204,260,22,OUT,62,2023-11-09,15082
15205,333,9,OUT,255,2024-11-06,13411
15206,243,21,OUT,262,2023-09-30,17582
15207,228,16,OUT,124,2024-03-05,14422
15208,167,32,IN,54,2024-10-09,
15209,72,27,IN,48,2024-07-03,
15210,241,26,OUT,1,2024-05-18,28084
15211,212,12,OUT,422,2023-08-08,11012
15212,55,25,OUT,372,2024-02-02,7337
15213,123,30,IN,425,2024-04-11,
15214,155,25,OUT,352,2023-02-11,13617
15215,201,17,IN,47,2023-10-16,
15216,44,33,OUT,199,2023-05-13,19189
15217,133,11,IN,242,2023-07-04,
15218,33,33,IN,431,2024-06-10,
15219,180,32,IN,486,2024-02-17,
15220,124,29,OUT,491,2023-11-03,22152
15221,250,19,OUT,44,2023-12-17,26130
15222,122,7,IN,479,2024-10-19,
15223,273,26,IN,413,2023-03-25,
15224,323,1,OUT,372,2024-10-24,17018
15225,324,23,OUT,86,2024-07-15,16879
15226,291,8,OUT,246,2024-07-17,807
15227,18,18,OUT,342,2024-12-24,25481
15228,210,16,OUT,83,2024-06-24,29243
15229,59,11,OUT,291,2023-09-09,27765
15230,254,9,IN,311,2023-06-20,
15231,233,31,IN,257,2023-01-14,
15232,359,34,OUT,171,2023-09-24,10571
15233,211,35,IN,479,2024-06-25,
15234,101,20,OUT,164,2023-12-22,23500
15235,201,1,OUT,201,2024-04-14,26516
15236,327,3,IN,112,2024-05-17,
15237,260,19,OUT,125,2024-06-13,12290
15238,96,9,OUT,224,2023-10-24,5265
15239,235,5,OUT,169,2024-01-31,21692
15240,340,31,OUT,138,2024-06-02,26893
15241,43,9,IN,500,2024-01-01,
15242,337,30,OUT,39,2024-12-08,19268
15243,198,27,IN,54,2023-11-10,
15244,221,23,IN,424,2024-11-03,
15245,125,30,OUT,451,2023-07-08,15235
15246,19,8,IN,162,2024-03-27,
15247,355,33,OUT,419,2024-05-08,24161
15248,297,29,OUT,368,2024-11-21,2108
15249,12,19,IN,49,2023-10-16,
15250,55,15,OUT,192,2024-03-31,12134
15251,73,11,IN,291,2023-09-08,
15252,265,27,IN,357,2024-05-23,
15253,27,13,IN,261,2023-05-30,
15254,61,24,OUT,101,2024-04-13,22679
15255,283,10,IN,202,2023-12-25,
15256,143,16,IN,82,2024-04-26,
15257,348,32,IN,264,2024-12-22,
15258,336,11,IN,42,2023-01-31,
15259,200,28,IN,69,2023-01-12,
15260,27,35,OUT,264,2024-06-30,14437
15261,261,21,OUT,263,2024-09-22,9855
15262,296,6,OUT,213,2024-08-09,15848
15263,242,14,IN,165,2023-04-10,
15264,123,3,IN,102,2024-03-02,
15265,258,6,IN,458,2023-11-16,
15266,22,6,OUT,493,2024-01-18,10664
15267,265,11,OUT,151,2024-10-07,8308
15268,170,18,IN,253,2023-04-28,
15269,114,22,IN,494,2024-04-13,
15270,315,25,IN,52,2023-07-28,
15271,160,34,OUT,410,2023-09-23,11107
15272,140,34,OUT,479,2024-08-05,26963
15273,92,13,IN,89,2024-11-20,
15274,157,7,OUT,378,2023-10-24,15521
15275,170,27,IN,158,2023-08-26,
15276,121,16,IN,385,2023-12-30,
15277,136,7,IN,391,2023-06-20,
15278,8888,888,OUT,0,2024-05-08,888888
15279,161,24,IN,309,2024-02-06,
15280,265,12,IN,283,2023-07-31,
15281,358,12,OUT,128,2023-02-04,8647
15282,79,22,OUT,474,2023-10-19,3010
15283,19,30,OUT,244,2024-07-21,16046
15284,304,11,OUT,37,2023-04-15,11745
15285,273,25,IN,86,2023-03-06,
15286,10,26,OUT,0,2024-08-08,24511
15287,194,20,IN,420,2024-02-23,
15288,5,6,OUT,237,2024-03-12,17479
15289,306,12,IN,457,2024-05-24,
15290,234,10,OUT,90,2024-10-20,17882
15291,281,20,IN,115,2024-01-18,
15292,244,30,IN,84,2024-02-18,
15293,42,1,OUT,365,2023-08-10,28774
15294,159,30,IN,259,2023-10-20,
15295,290,22,OUT,416,2023-03-05,8419
15296,8888,888,IN,0,2023-05-19,
15297,93,9,OUT,320,2024-11-20,11797
15298,82,11,OUT,325,2023-03-23,26580
15299,336,27,IN,476,2024-12-21,
15300,205,26,IN,82,2024-08-17,
15301,26,32,IN,80,2023-07-22,
15302,240,25,IN,413,2023-04-25,
15303,193,10,OUT,472,2024-01-09,22241
15304,168,14,IN,10,2023-05-18,
15305,4,14,IN,67,2023-08-11,
15306,255,32,IN,137,2024-06-20,
15307,293,34,OUT,173,2023-05-23,19501
15308,56,25,OUT,331,2023-05-07,22736
15309,112,18,OUT,463,2024-03-20,15911
15310,65,18,OUT,375,2023-09-25,26030
15311,266,35,OUT,4,2023-06-17,23848
15312,274,26,OUT,447,2023-09-30,26756
15313,133,5,IN,333,2023-10-16,
15314,159,11,OUT,299,2024-06-20,9288
15315,266,15,IN,177,2023-10-11,
15316,288,11,OUT,72,2023-11-18,17928
15317,216,29,IN,290,2023-02-09,
15318,9,9,OUT,308,2024-11-10,8829
15319,142,6,OUT,203,2023-04-02,3702
15320,220,23,IN,182,2023-05-31,
15321,314,18,OUT,96,2024-07-18,13867
15322,227,26,OUT,0,2023-08-13,2688
15323,180,3,OUT,273,2023-11-30,14889
15324,8888,888,IN,0,2023-01-13,
15325,57,2,OUT,349,2023-03-22,3094
15326,82,7,IN,56,2023-08-16,
15327,301,22,OUT,365,2023-04-07,2641
15328,111,18,IN,234,2024-04-13,
15329,315,5,OUT,440,2023-11-23,22750
15330,8,30,OUT,106,2024-06-26,366
15331,11,31,IN,489,2024-11-23,
15332,192,3,IN,465,2024-08-11,
15333,2,3,OUT,140,2023-12-09,2588
15334,8888,888,IN,0,2023-01-04,
15335,56,25,IN,495,2023-05-22,
15336,166,4,IN,242,2023-07-24,
15337,146,32,OUT,80,2023-05-05,9354
15338,79,14,IN,448,2024-03-11,
15339,41,4,OUT,136,2024-05-31,4739
15340,201,22,IN,138,2023-10-02,
15341,200,33,IN,102,2023-06-04,
15342,319,25,IN,400,2024-12-28,
15343,181,14,OUT,331,2024-10-11,23048
15344,164,34,OUT,387,2024-04-18,29969
15345,148,31,OUT,117,2024-02-26,6136
15346,12,4,IN,378,2023-01-07,
15347,304,6,IN,455,2023-09-23,
15348,257,20,OUT,319,2024-03-10,2022
15349,212,34,OUT,301,2023-05-24,17502
15350,59,1,OUT,108,2023-05-14,1463
15351,252,27,IN,230,2023-10-29,
15352,85,14,OUT,200,2024-10-13,14483
15353,54,28,IN,294,2024-06-29,
15354,116,6,OUT,263,2023-09-05,3881
15355,18,7,OUT,299,2023-08-06,25378
15356,84,6,IN,255,2023-06-15,
15357,87,13,IN,5,2024-02-06,
15358,269,34,OUT,459,2024-07-17,14453
15359,107,25,OUT,251,2023-02-22,25338
15360,67,30,IN,480,2023-03-12,
15361,21,15,IN,497,2024-12-17,
15362,75,12,OUT,159,2023-05-18,20308
15363,87,17,OUT,132,2024-07-29,23458
15364,248,15,IN,114,2023-01-25,
15365,31,17,OUT,47,2023-08-31,25746
15366,203,34,OUT,425,2023-04-27,19515
15367,73,35,OUT,333,2024-04-30,25199
15368,295,5,IN,361,2024-07-13,
15369,360,14,OUT,97,2023-03-21,26517
15370,53,11,OUT,486,2024-10-02,21229
15371,122,6,OUT,455,2023-01-23,15444
15372,46,27,IN,280,2023-10-09,
15373,140,2,OUT,123,2023-09-21,27571
15374,105,26,OUT,147,2024-03-04,1387
15375,88,6,OUT,282,2024-04-12,23921
15376,1,5,OUT,369,2023-07-28,27575
15377,65,24,OUT,29,2023-04-03,19223
15378,154,3,OUT,314,2024-12-31,22096
15379,352,21,OUT,347,2023-01-22,6667
15380,312,5,OUT,195,2023-03-16,21286
15381,359,5,IN,328,2023-10-10,
15382,347,3,IN,132,2023-05-28,
15383,99,29,OUT,161,2024-08-10,1837
15384,137,11,IN,132,2023-04-13,
15385,177,21,OUT,198,2023-01-25,11506
15386,314,17,IN,20,2023-09-13,
15387,319,20,IN,326,2023-03-24,
15388,21,13,OUT,152,2024-08-08,27368
15389,145,30,IN,268,2023-12-03,
15390,241,23,OUT,76,2024-09-29,24663
15391,352,2,OUT,107,2023-06-11,18898
15392,95,34,OUT,300,2023-06-05,13901
15393,279,16,OUT,427,2023-08-29,10346
15394,231,27,OUT,370,2024-01-04,18924
15395,30,8,IN,247,2024-02-18,
15396,45,34,OUT,485,2023-05-11,4599
15397,155,8,IN,12,2024-08-04,
15398,319,21,IN,357,2024-04-20,
15399,226,18,IN,201,2023-03-05,
15400,43,30,IN,162,2023-09-25,
15401,160,23,IN,301,2024-04-29,
15402,1,4,IN,260,2023-11-07,
15403,203,3,OUT,256,2024-03-23,25336
15404,308,34,OUT,53,2023-01-14,18016
15405,149,26,IN,494,2023-02-15,
15406,275,19,IN,308,2023-11-13,
15407,106,23,IN,342,2023-11-21,
15408,79,9,OUT,451,2023-09-10,8762
15409,187,35,OUT,131,2024-03-08,2069
15410,85,25,IN,407,2024-07-23,
15411,151,9,IN,129,2023-03-29,
15412,117,30,IN,381,2023-04-04,
15413,52,7,IN,67,2023-01-05,
15414,24,31,IN,237,2023-12-15,
15415,277,11,OUT,440,2023-02-23,17114
15416,26,6,IN,389,2023-09-04,
15417,9,22,OUT,4,2024-08-16,25865
15418,84,7,IN,74,2023-11-30,
15419,212,25,OUT,426,2023-08-01,23249
15420,356,4,OUT,403,2023-08-27,14199
15421,154,14,OUT,480,2024-11-20,28022
15422,301,23,OUT,425,2024-03-13,27868
15423,57,17,IN,314,2024-09-24,
15424,149,19,OUT,128,2023-07-28,3356
15425,268,13,IN,471,2023-07-04,
15426,103,6,OUT,384,2023-07-08,18433
15427,92,28,OUT,342,2023-02-10,15885
15428,240,16,IN,379,2023-01-28,
15429,31,5,IN,89,2024-02-28,
15430,273,9,IN,268,2024-11-18,
15431,142,23,IN,137,2023-04-26,
15432,267,31,OUT,197,2024-09-03,7026
15433,301,24,OUT,196,2024-02-09,5163
15434,317,25,OUT,21,2024-07-24,11795
15435,296,1,OUT,360,2024-05-25,1303
15436,110,12,OUT,25,2024-08-27,29651
15437,195,22,OUT,253,2024-08-19,23491
15438,88,21,IN,434,2024-10-31,
15439,137,7,OUT,407,2024-08-28,4172
15440,168,23,OUT,467,2024-09-30,18392
15441,303,32,IN,32,2023-09-08,
15442,193,7,OUT,254,2023-02-11,27270
15443,264,4,OUT,330,2024-11-25,26095
15444,88,2,OUT,136,2023-01-30,2031
15445,340,5,IN,202,2023-06-29,
15446,6,7,OUT,405,2023-10-31,2982
15447,22,24,OUT,354,2024-06-11,22924
15448,129,20,OUT,145,2024-07-03,11331
15449,23,12,IN,350,2024-11-27,
15450,225,2,IN,474,2024-03-05,
15451,216,35,OUT,134,2024-11-06,7851
15452,335,24,IN,409,2023-03-08,
15453,226,4,OUT,107,2023-03-13,2404
15454,217,18,OUT,126,2024-07-17,24247
15455,37,29,OUT,71,2024-05-05,26254
15456,208,16,IN,41,2024-03-15,
15457,117,10,IN,195,2024-03-27,
15458,237,8,IN,2,2024-03-23,
15459,235,18,IN,246,2023-06-17,
15460,115,27,OUT,163,2023-05-09,21289
15461,42,7,OUT,380,2023-02-03,4570
15462,26,31,IN,455,2023-08-17,
15463,356,27,IN,167,2023-01-31,
15464,97,32,OUT,208,2024-11-09,9073
15465,9,26,IN,255,2024-09-10,
15466,109,17,OUT,136,2023-01-12,13329
15467,164,15,OUT,210,2023-04-09,10217
15468,98,13,OUT,21,2024-08-04,29699
15469,176,25,OUT,469,2024-02-18,17888
15470,120,2,OUT,135,2023-01-23,23270
15471,193,15,OUT,122,2024-08-26,8565
15472,160,25,OUT,76,2023-02-23,22215
15473,272,30,IN,335,2024-05-24,
15474,165,11,OUT,143,2024-12-13,4300
15475,238,24,IN,238,2023-08-11,
15476,316,27,IN,439,2024-09-29,
15477,227,6,IN,181,2023-02-20,
15478,264,11,IN,409,2023-09-03,
15479,174,30,OUT,391,2023-08-13,21888
15480,121,26,OUT,492,2023-06-05,24134
15481,315,1,IN,218,2023-07-21,
15482,288,12,IN,62,2023-09-20,
15483,329,16,OUT,249,2024-02-29,2360
15484,38,30,IN,185,2023-05-25,
15485,98,33,IN,201,2023-12-08,
15486,285,10,OUT,239,2024-04-12,24409
15487,115,15,OUT,7,2024-08-12,1149
15488,58,31,OUT,132,2024-06-25,8465
15489,150,24,IN,191,2024-01-12,
15490,61,4,IN,265,2023-07-21,
15491,219,10,OUT,78,2023-04-15,9013
15492,189,1,IN,293,2023-08-10,
15493,87,26,IN,21,2024-12-13,
15494,96,35,OUT,83,2023-10-11,22686
15495,8,27,OUT,258,2023-08-29,10742
15496,279,18,OUT,211,2024-10-08,2996
15497,125,4,IN,371,2024-11-09,
15498,197,15,IN,477,2024-01-19,
15499,269,5,IN,14,2024-02-05,
15500,65,27,IN,432,2024-09-05,
15501,121,21,OUT,201,2024-09-24,7449
15502,28,11,OUT,112,2023-12-07,3415
15503,240,28,OUT,162,2024-12-23,104
15504,135,16,IN,23,2023-10-25,
15505,24,17,IN,482,2023-09-20,
15506,192,30,OUT,156,2023-06-20,11551
15507,271,31,OUT,5,2024-02-12,25193
15508,118,5,OUT,249,2024-01-19,21213
15509,302,30,IN,27,2024-10-17,
15510,310,12,OUT,455,2023-01-27,14873
15511,173,18,IN,244,2023-12-12,
15512,292,32,IN,240,2023-10-07,
15513,310,4,OUT,259,2024-09-03,28726
15514,36,17,OUT,381,2023-07-27,12687
15515,109,8,OUT,113,2024-12-08,29012
15516,134,16,IN,176,2024-09-27,
15517,245,30,IN,6,2024-02-06,
15518,160,19,OUT,432,2024-07-14,7305
15519,231,16,IN,497,2024-09-30,
15520,53,34,IN,267,2023-03-31,
15521,48,22,IN,130,2023-09-25,
15522,103,31,IN,317,2024-05-19,
15523,319,2,OUT,41,2024-03-06,9953
15524,188,20,OUT,484,2023-06-21,15204
15525,31,17,OUT,201,2024-05-02,2573
15526,354,25,IN,131,2023-08-27,
15527,351,11,IN,308,2024-06-02,
15528,138,7,IN,405,2023-12-15,
15529,155,8,IN,243,2024-11-18,
15530,8888,888,OUT,0,2024-06-24,888888
15531,251,13,OUT,253,2024-02-12,15430
15532,104,11,OUT,279,2023-09-30,24418
15533,152,5,OUT,344,2023-04-17,29787
15534,70,18,OUT,67,2024-09-29,8072
15535,116,16,OUT,217,2023-07-01,16437
15536,221,12,OUT,377,2023-06-04,7633
15537,226,25,OUT,276,2024-11-19,16798
15538,275,18,IN,401,2023-06-08,
15539,37,11,IN,116,2023-05-23,
15540,319,27,IN,57,2024-09-22,
15541,91,29,OUT,465,2023-06-26,8400
15542,8888,888,OUT,0,2023-04-30,888888
15543,165,8,OUT,28,2024-07-17,19578
15544,24,2,OUT,359,2024-07-07,18747
15545,246,34,OUT,339,2023-10-17,5302
15546,326,18,OUT,331,2023-01-11,1468
15547,161,18,OUT,82,2023-03-30,4646
15548,85,1,IN,228,2024-06-07,
15549,97,10,IN,121,2024-11-12,
15550,31,1,IN,296,2023-05-24,
15551,327,26,OUT,463,2023-04-02,3984
15552,244,20,OUT,348,2024-03-29,28522
15553,13,4,OUT,359,2023-01-27,462
15554,178,30,OUT,465,2023-03-07,275
15555,213,5,IN,334,2023-07-24,
15556,43,3,OUT,33,2023-05-14,8748
15557,45,9,IN,259,2023-07-04,
15558,329,18,OUT,355,2023-09-30,1021
15559,8888,888,OUT,0,2024-02-06,888888
15560,8888,888,IN,0,2024-04-18,
15561,220,5,IN,302,2024-09-03,
15562,248,19,IN,430,2024-02-18,
15563,186,2,IN,364,2023-08-09,
15564,31,34,OUT,98,2023-10-24,28972
15565,334,16,OUT,475,2023-12-22,1336
15566,94,20,OUT,23,2023-12-29,21701
15567,70,34,OUT,393,2024-01-18,8179
15568,126,6,IN,450,2024-06-24,
15569,203,4,OUT,301,2023-08-18,8215
15570,99,32,OUT,103,2024-09-09,6835
15571,227,14,OUT,21,2023-08-02,28356
15572,13,34,IN,14,2023-05-17,
15573,308,18,OUT,276,2024-09-18,21216
15574,36,34,OUT,63,2023-09-19,10396
15575,55,21,OUT,177,2023-12-27,21917
15576,192,30,IN,355,2023-03-23,
15577,5,29,OUT,29,2023-06-27,8480
15578,326,21,OUT,71,2024-03-18,2402
15579,253,7,OUT,328,2024-10-07,4508
15580,211,23,OUT,440,2024-10-19,3280
15581,43,5,IN,53,2023-08-28,
15582,118,8,IN,467,2023-07-24,
15583,61,24,OUT,218,2023-03-26,23130
15584,191,18,IN,255,2023-11-21,
15585,164,34,OUT,5,2023-02-16,22781
15586,39,9,OUT,367,2023-02-19,25706
15587,70,14,OUT,0,2024-07-09,16390
15588,193,33,OUT,445,2023-12-06,24325
15589,182,1,IN,337,2024-06-27,
15590,286,19,IN,150,2023-06-01,
15591,211,4,IN,459,2024-09-23,
15592,345,2,OUT,499,2024-09-02,24297
15593,86,19,OUT,479,2024-04-14,3970
15594,334,22,OUT,244,2023-02-25,24137
15595,230,7,IN,133,2023-07-12,
15596,261,16,IN,57,2024-01-28,
15597,18,4,IN,297,2024-03-16,
15598,79,21,IN,287,2024-08-30,
15599,8,2,OUT,18,2023-03-08,26266
15600,276,1,IN,313,2023-12-29,
15601,193,23,IN,92,2023-04-10,
15602,138,1,OUT,110,2024-05-06,2607
15603,124,18,OUT,3,2023-08-05,4682
15604,123,34,OUT,318,2023-12-17,13757
15605,154,8,OUT,0,2023-02-10,23771
15606,342,19,IN,195,2024-06-25,
15607,341,17,OUT,129,2024-12-20,27990
15608,271,15,IN,361,2024-12-13,
15609,295,9,OUT,138,2023-12-28,8214
15610,71,18,IN,129,2024-12-11,
15611,341,8,IN,171,2024-06-18,
15612,61,12,OUT,367,2023-09-13,25925
15613,293,30,OUT,411,2024-04-04,22485
15614,324,3,OUT,326,2023-08-29,11078
15615,180,8,OUT,112,2024-03-02,28724
15616,251,14,OUT,465,2023-09-30,18568
15617,115,35,IN,45,2023-08-10,
15618,82,28,OUT,472,2024-02-18,1710
15619,201,25,OUT,109,2023-12-14,22734
15620,151,28,OUT,1,2024-12-25,18963
15621,281,35,OUT,407,2023-10-02,27363
15622,189,32,IN,191,2023-05-08,
15623,204,34,IN,334,2023-08-31,
15624,216,13,IN,213,2023-02-09,
15625,9,18,OUT,337,2023-01-01,25807
15626,153,3,OUT,241,2024-04-22,8841
15627,284,18,IN,227,2023-03-19,
15628,47,26,OUT,294,2023-03-05,3425
15629,161,26,OUT,367,2023-02-14,6806
15630,263,26,OUT,465,2024-11-08,12081
15631,219,26,OUT,149,2023-11-13,19804
15632,50,3,IN,53,2023-06-06,
15633,8888,888,IN,0,2023-02-08,
15634,104,27,OUT,356,2024-03-11,16245
15635,249,20,OUT,10,2023-07-14,191
15636,263,25,IN,142,2023-08-04,
15637,22,29,IN,450,2023-05-14,
15638,358,3,IN,125,2023-07-30,
15639,3,31,IN,93,2024-02-01,
15640,288,12,IN,211,2023-08-20,
15641,291,21,IN,34,2024-09-03,
15642,213,32,IN,329,2024-12-21,
15643,27,4,OUT,415,2024-04-14,18661
15644,72,26,OUT,384,2023-03-01,8480
15645,27,27,OUT,57,2023-10-10,15795
15646,113,1,OUT,3,2023-09-20,24959
15647,49,27,OUT,240,2023-05-02,29029
15648,285,19,OUT,68,2024-01-02,25279
15649,339,17,IN,309,2024-12-12,
15650,318,14,OUT,341,2024-01-10,15177
15651,159,3,IN,161,2023-01-01,
15652,63,28,IN,365,2024-06-09,
15653,93,25,OUT,155,2024-06-03,19231
15654,137,3,IN,251,2023-03-12,
15655,49,15,OUT,21,2024-08-29,13693
15656,208,16,OUT,42,2024-07-04,19282
15657,52,33,IN,213,2024-12-22,
15658,229,24,IN,155,2024-12-01,
15659,119,22,IN,403,2024-02-12,
15660,308,30,OUT,467,2023-01-31,4307
15661,263,10,OUT,334,2023-05-23,25926
15662,322,14,OUT,469,2024-12-10,25386
15663,110,31,OUT,408,2023-07-07,5678
15664,228,6,IN,411,2024-10-15,
15665,178,1,IN,420,2023-05-21,
15666,79,23,OUT,481,2023-01-24,16706
15667,1,1,IN,147,2024-06-09,
15668,345,25,IN,492,2023-08-04,
15669,295,15,OUT,322,2023-10-13,5706
15670,177,2,IN,127,2023-02-20,
15671,184,25,OUT,288,2023-03-29,12242
15672,96,8,OUT,481,2024-09-28,25704
15673,184,25,IN,60,2023-10-15,
15674,194,32,OUT,7,2024-02-14,26729
15675,202,2,OUT,157,2023-10-18,22965
15676,323,12,OUT,97,2023-04-15,28236
15677,161,33,IN,66,2023-05-27,
15678,89,14,OUT,28,2023-10-03,18982
15679,93,5,IN,160,2024-03-23,
15680,115,15,OUT,291,2024-11-19,21114
15681,233,16,OUT,424,2024-08-05,29305
15682,139,5,OUT,402,2024-06-27,16018
15683,127,35,OUT,367,2023-05-11,17427
15684,42,15,OUT,8,2023-03-06,8122
15685,132,28,IN,439,2023-07-20,
15686,60,35,IN,90,2024-08-31,
15687,139,19,OUT,209,2024-05-21,23763
15688,307,18,IN,6,2023-10-21,
15689,200,2,OUT,269,2024-04-05,23490
15690,6,30,OUT,204,2024-02-03,7365
15691,357,6,IN,101,2023-05-21,
15692,337,19,IN,35,2023-11-17,
15693,282,26,IN,341,2023-08-04,
15694,212,15,IN,48,2023-03-31,
15695,8888,888,IN,0,2024-10-31,
15696,138,24,OUT,0,2023-10-09,3399
15697,118,2,OUT,228,2023-10-09,9421
15698,124,21,OUT,231,2023-08-12,7554
15699,61,33,IN,446,2023-06-25,
15700,78,27,IN,130,2023-12-21,
15701,50,6,OUT,146,2023-10-02,8349
15702,239,15,IN,156,2023-10-31,
15703,317,10,OUT,458,2023-04-18,8422
15704,170,20,OUT,328,2024-08-07,14762
15705,105,6,OUT,463,2024-08-03,9673
15706,111,31,IN,9,2024-01-21,
15707,109,30,OUT,255,2024-12-20,11724
15708,155,28,OUT,85,2023-02-27,8740
15709,316,9,OUT,375,2023-08-24,17462
15710,324,32,OUT,218,2024-12-09,16125
15711,137,28,OUT,269,2024-11-04,22933
15712,103,30,IN,131,2023-01-27,
15713,185,6,OUT,186,2023-06-29,7056
15714,84,26,OUT,161,2024-05-30,1511
15715,101,30,IN,122,2023-11-03,
15716,328,19,OUT,213,2023-07-13,29909
15717,356,22,OUT,417,2024-03-02,28254
15718,159,10,OUT,359,2023-08-02,16933
15719,54,25,OUT,382,2024-01-06,26331
15720,84,14,OUT,190,2024-08-11,14064
15721,274,14,OUT,191,2024-12-20,29281
15722,97,18,OUT,270,2023-01-26,5205
15723,61,35,IN,397,2024-02-16,
15724,55,17,IN,279,2023-12-27,
15725,139,26,OUT,269,2023-07-24,12672
15726,209,20,IN,84,2024-12-29,
15727,351,2,OUT,420,2024-02-22,26363
15728,303,29,IN,499,2024-08-30,
15729,9,21,OUT,474,2023-11-07,2325
15730,164,26,OUT,90,2024-04-04,12250
15731,153,26,IN,2,2024-08-30,
15732,185,32,OUT,274,2024-04-06,23741
15733,343,21,OUT,279,2023-12-20,12946
15734,159,23,OUT,491,2023-05-04,12571
15735,108,14,IN,376,2024-09-06,
15736,233,34,IN,257,2024-01-31,
15737,342,23,IN,419,2024-08-28,
15738,57,4,OUT,496,2023-11-06,1142
15739,254,2,IN,130,2023-11-09,
15740,49,12,OUT,251,2024-07-24,23821
15741,165,14,IN,495,2024-09-04,
15742,150,24,OUT,274,2023-03-19,16005
15743,84,26,OUT,439,2024-06-24,19000
15744,237,12,OUT,408,2024-05-07,21361
15745,126,21,OUT,115,2024-09-21,30000
15746,42,30,OUT,184,2023-07-15,8295
15747,10,15,IN,127,2024-02-05,
15748,46,12,OUT,387,2023-04-03,7142
15749,191,20,IN,493,2023-03-29,
15750,8888,888,OUT,0,2023-11-18,888888
15751,290,10,OUT,390,2024-05-06,20097
15752,190,31,OUT,409,2023-05-23,12311
15753,17,3,OUT,224,2023-07-12,9856
15754,230,28,OUT,157,2024-11-11,21430
15755,281,8,IN,410,2023-08-02,
15756,18,3,IN,0,2023-10-17,
15757,164,16,OUT,448,2024-05-08,23068
15758,190,23,OUT,169,2024-08-31,17790
15759,3,3,OUT,147,2023-04-22,26117
15760,209,5,OUT,85,2023-09-29,14589
15761,289,18,OUT,269,2023-07-06,13891
15762,211,23,IN,70,2023-07-03,
15763,328,27,IN,215,2023-05-13,
15764,238,31,IN,384,2024-02-21,
15765,3,18,IN,426,2023-02-09,
15766,162,29,OUT,328,2023-03-06,20369
15767,131,7,OUT,236,2024-11-07,7626
15768,356,23,IN,309,2024-05-06,
15769,266,12,IN,154,2024-03-18,
15770,224,14,OUT,480,2023-08-31,14901
15771,8888,888,IN,0,2024-01-06,
15772,202,30,OUT,152,2024-11-13,889
15773,252,25,OUT,157,2024-12-27,13276
15774,184,13,IN,70,2023-04-16,
15775,219,3,IN,432,2024-09-09,
15776,38,18,IN,266,2024-05-13,
15777,199,34,IN,13,2024-01-26,
15778,330,4,OUT,379,2024-11-14,29330
15779,123,21,IN,264,2024-09-18,
15780,152,28,IN,355,2024-04-08,
15781,29,17,OUT,342,2023-07-31,25101
15782,60,12,OUT,334,2024-02-12,1719
15783,287,2,IN,455,2024-10-31,
15784,275,27,IN,414,2024-12-31,
15785,317,8,IN,12,2024-09-25,
15786,233,11,OUT,244,2023-02-21,22197
15787,321,26,OUT,130,2024-01-22,20363
15788,241,20,OUT,490,2023-09-13,842
15789,38,29,IN,188,2023-09-14,
15790,8888,888,IN,0,2023-05-28,
15791,188,27,OUT,390,2024-04-21,18223
15792,181,25,IN,494,2024-12-23,
15793,298,3,IN,263,2024-05-25,
15794,297,27,OUT,187,2024-07-11,6663
15795,334,7,OUT,288,2023-12-17,14353
15796,68,1,IN,170,2024-08-24,
15797,262,34,OUT,176,2024-06-19,27015
15798,99,26,OUT,93,2024-12-02,12145
15799,66,2,OUT,328,2023-12-22,8192
15800,226,9,IN,56,2023-05-24,
15801,310,3,IN,104,2024-04-27,
15802,32,26,OUT,5,2023-08-24,14997
15803,168,24,OUT,212,2023-05-23,10600
15804,304,19,OUT,422,2023-08-28,5898
15805,98,21,OUT,376,2024-02-24,3685
15806,108,7,IN,431,2024-12-23,
15807,269,22,OUT,227,2024-07-14,7256
15808,180,19,IN,247,2023-03-07,
15809,225,6,IN,401,2023-01-26,
15810,228,20,OUT,30,2024-11-30,16535
15811,212,19,OUT,60,2024-03-04,24254
15812,89,28,OUT,34,2024-07-11,5370
15813,24,32,IN,60,2024-09-09,
15814,37,13,OUT,469,2023-11-07,28459
15815,291,3,IN,6,2024-06-20,
15816,166,25,IN,491,2023-05-26,
15817,228,19,IN,179,2024-10-10,
15818,106,27,OUT,201,2023-08-21,12761
15819,39,1,OUT,261,2023-09-22,21364
15820,37,31,OUT,217,2024-08-02,21240
15821,256,27,IN,52,2024-07-01,
15822,345,2,OUT,10,2023-12-14,23321
15823,236,33,OUT,348,2024-10-20,20871
15824,8888,888,IN,0,2023-10-22,
15825,317,11,IN,360,2024-09-15,
15826,20,24,IN,358,2023-01-22,
15827,98,27,OUT,175,2024-03-13,20309
15828,266,6,IN,212,2024-10-24,
15829,347,22,OUT,394,2023-01-17,21283
15830,331,23,IN,201,2023-02-15,
15831,326,22,IN,442,2024-07-18,
15832,93,14,IN,110,2024-10-02,
15833,88,17,IN,299,2023-05-12,
15834,130,27,OUT,352,2024-04-21,19099
15835,45,18,IN,468,2023-11-07,
15836,258,10,IN,352,2024-01-18,
15837,324,28,IN,40,2024-07-06,
15838,37,13,IN,455,2023-02-07,
15839,112,7,OUT,323,2023-10-11,14117
15840,296,14,OUT,120,2024-10-24,28815
15841,283,1,OUT,238,2023-07-08,20223
15842,169,7,OUT,151,2024-09-08,16495
15843,167,22,OUT,413,2023-06-03,27534
15844,215,20,IN,373,2023-08-22,
15845,126,21,IN,435,2023-10-27,
15846,114,2,IN,185,2024-03-08,
15847,293,6,OUT,193,2024-01-05,20856
15848,302,10,IN,147,2024-05-20,
15849,86,9,IN,459,2023-03-06,
15850,323,7,OUT,338,2024-07-05,4420
15851,69,23,OUT,451,2024-11-16,12327
15852,230,22,OUT,424,2024-02-14,13294
15853,330,20,IN,145,2024-01-09,
15854,71,23,OUT,172,2023-07-30,8500
15855,343,20,OUT,323,2023-09-28,23120
15856,325,32,OUT,338,2023-01-10,16697
15857,310,19,IN,302,2024-04-29,
15858,252,21,IN,60,2023-09-29,
15859,232,22,OUT,492,2023-04-08,17428
15860,322,28,OUT,74,2024-01-31,26101
15861,97,27,IN,394,2023-04-26,
15862,42,8,IN,129,2024-04-08,
15863,104,35,OUT,105,2023-02-20,8521
15864,262,1,OUT,220,2023-06-19,5473
15865,283,22,IN,368,2023-06-16,
15866,15,22,OUT,403,2023-11-05,7741
15867,216,10,IN,186,2023-08-16,
15868,169,12,OUT,468,2024-10-28,25650
15869,301,8,OUT,104,2023-04-27,3766
15870,225,26,OUT,38,2023-07-06,24450
15871,45,18,IN,214,2023-09-23,
15872,263,4,IN,96,2024-12-03,
15873,280,3,IN,112,2024-09-16,
15874,360,29,IN,43,2023-08-31,
15875,74,25,OUT,487,2023-02-24,29460
15876,101,15,IN,484,2023-04-30,
15877,358,11,OUT,450,2023-05-29,10899
15878,14,4,IN,127,2024-02-18,
15879,160,7,OUT,345,2024-05-02,1895
15880,24,11,IN,235,2024-07-19,
15881,135,30,IN,414,2023-10-19,
15882,343,29,IN,470,2023-04-01,
15883,116,5,IN,468,2023-07-31,
15884,294,29,OUT,331,2024-05-13,15248
15885,326,9,OUT,86,2024-10-22,1559
15886,123,32,OUT,120,2023-02-02,23777
15887,166,10,OUT,497,2023-06-23,23506
15888,1,13,IN,216,2024-02-25,
15889,340,33,OUT,214,2023-07-03,5887
15890,314,22,OUT,138,2023-11-03,7481
15891,128,27,IN,127,2023-11-01,
15892,266,5,IN,92,2024-11-21,
15893,308,19,IN,35,2024-09-09,
15894,305,27,OUT,279,2023-07-11,7632
15895,145,18,IN,404,2023-01-29,
15896,131,17,IN,447,2024-08-22,
15897,352,30,OUT,371,2023-12-05,2218
15898,147,34,OUT,66,2023-12-31,11620
15899,87,2,OUT,94,2024-11-15,12601
15900,279,33,IN,428,2023-10-08,
15901,130,8,OUT,486,2023-07-29,29438
15902,76,3,IN,240,2024-08-08,
15903,297,27,IN,70,2023-05-23,
15904,212,24,OUT,13,2023-05-03,23407
15905,129,19,OUT,134,2024-09-05,24970
15906,134,34,OUT,57,2023-02-11,22341
15907,134,33,OUT,270,2024-12-15,21232
15908,53,13,OUT,400,2023-02-16,12116
15909,71,33,OUT,259,2023-12-07,8603
15910,147,35,IN,250,2023-12-28,
15911,37,3,OUT,416,2024-02-23,22963
15912,356,13,OUT,189,2024-10-13,7308
15913,263,18,IN,86,2023-06-05,
15914,335,17,IN,307,2024-03-30,
15915,280,10,OUT,218,2023-06-11,9402
15916,79,32,OUT,348,2023-03-30,8648
15917,107,6,IN,390,2023-05-16,
15918,37,9,OUT,465,2024-12-26,21355
15919,206,35,OUT,237,2024-01-24,19459
15920,8888,888,OUT,0,2023-02-06,888888
15921,130,33,OUT,343,2023-08-12,3775
15922,313,7,IN,382,2024-10-18,
15923,104,18,OUT,192,2023-03-06,11760
15924,326,28,OUT,242,2024-02-15,25954
15925,189,1,IN,0,2024-12-31,
15926,141,27,IN,180,2024-03-14,
15927,283,14,IN,476,2023-12-20,
15928,68,3,IN,195,2024-07-05,
15929,139,10,OUT,12,2023-10-09,25020
15930,181,25,OUT,50,2024-07-16,14718
15931,160,5,OUT,56,2024-11-16,15552
15932,358,3,OUT,137,2023-04-10,22410
15933,69,2,IN,226,2023-05-18,
15934,191,16,OUT,44,2023-09-29,7263
15935,218,23,IN,271,2024-08-15,
15936,354,10,IN,253,2023-04-25,
15937,107,9,IN,307,2024-02-06,
15938,299,32,OUT,399,2023-08-17,1388
15939,301,32,IN,448,2024-08-07,
15940,304,31,OUT,139,2023-06-30,19336
15941,251,25,IN,343,2024-11-20,
15942,202,26,IN,321,2023-11-01,
15943,36,22,OUT,223,2024-06-05,16046
15944,280,9,OUT,434,2023-09-23,9608
15945,145,33,OUT,24,2023-04-16,24258
15946,241,22,OUT,440,2024-11-16,14965
15947,165,32,OUT,192,2024-01-06,21804
15948,316,32,IN,0,2024-08-14,
15949,192,24,OUT,384,2024-08-19,19316
15950,12,8,IN,346,2023-09-03,
15951,81,26,OUT,423,2023-06-23,8783
15952,321,17,IN,351,2024-08-21,
15953,198,34,OUT,136,2024-06-18,2935
15954,203,1,OUT,325,2023-01-01,21061
15955,169,11,IN,378,2023-06-08,
15956,221,11,IN,469,2024-11-11,
15957,273,30,IN,285,2024-01-12,
15958,15,11,OUT,37,2024-06-27,5482
15959,32,1,OUT,303,2023-12-26,12148
15960,164,14,OUT,34,2024-02-29,16180
15961,59,8,OUT,268,2024-11-09,22550
15962,114,31,IN,198,2023-11-27,
15963,358,22,IN,92,2024-12-04,
15964,65,22,OUT,277,2023-01-29,27230
15965,175,19,IN,218,2024-09-30,
15966,4,34,IN,482,2024-07-14,
15967,71,15,IN,394,2023-10-21,
15968,249,21,OUT,196,2024-10-18,16134
15969,233,25,OUT,376,2023-04-08,9154
15970,333,29,IN,434,2023-12-06,
15971,323,2,IN,87,2024-06-18,
15972,51,6,OUT,165,2024-09-08,24276
15973,75,32,OUT,226,2023-04-22,6591
15974,87,22,IN,0,2023-05-16,
15975,300,30,IN,12,2024-10-05,
15976,229,28,IN,116,2024-11-06,
15977,340,30,IN,379,2024-12-31,
15978,99,23,IN,104,2024-06-07,
15979,132,11,OUT,179,2024-09-19,12916
15980,206,23,IN,107,2024-02-05,
15981,303,12,IN,221,2023-04-02,
15982,346,26,IN,130,2024-02-24,
15983,140,33,IN,436,2023-04-11,
15984,155,28,IN,183,2023-08-30,
15985,258,5,IN,142,2023-10-22,
15986,83,3,OUT,364,2024-12-05,8764
15987,353,23,OUT,380,2024-10-18,4783
15988,257,17,OUT,91,2023-11-05,28086
15989,154,30,OUT,300,2024-01-13,3345
15990,168,11,IN,40,2023-11-12,
15991,64,6,OUT,248,2024-07-22,17171
15992,19,16,OUT,30,2023-02-08,269
15993,219,27,IN,407,2023-11-15,
15994,139,1,OUT,247,2024-04-28,15301
15995,132,16,OUT,180,2023-01-31,16286
15996,31,25,OUT,217,2023-05-29,20345
15997,17,13,OUT,308,2023-09-28,21649
15998,114,12,IN,121,2023-11-18,
15999,226,35,OUT,27,2023-03-22,19758
16000,158,9,IN,392,2023-06-25,
16001,350,14,IN,266,2024-02-09,
16002,348,8,OUT,252,2024-06-09,29730
16003,319,29,OUT,345,2023-02-22,6072
16004,288,15,IN,22,2024-05-15,
16005,289,8,OUT,187,2023-09-16,10413
16006,325,1,IN,465,2024-02-06,
16007,95,35,OUT,265,2024-09-06,2586
16008,321,15,OUT,480,2023-05-06,22736
16009,332,29,OUT,219,2023-12-08,5644
16010,215,6,OUT,395,2023-07-28,16404
16011,70,27,OUT,170,2024-05-17,3488
16012,139,2,OUT,192,2023-09-27,1394
16013,132,6,OUT,439,2023-10-06,17651
16014,70,3,OUT,174,2024-03-09,20997
16015,184,34,OUT,92,2024-03-24,21293
16016,91,27,OUT,170,2024-10-31,273
16017,92,15,OUT,423,2023-03-01,4549
16018,111,28,IN,313,2023-02-25,
16019,8888,888,OUT,0,2023-10-07,888888
16020,251,5,IN,246,2023-02-07,
16021,267,5,OUT,471,2024-05-27,8455
16022,285,5,IN,153,2023-06-07,
16023,174,3,OUT,335,2023-08-12,14026
16024,176,13,IN,375,2024-01-27,
16025,198,34,IN,237,2023-10-09,
16026,28,32,OUT,355,2024-11-25,17110
16027,232,18,IN,463,2024-06-02,
16028,21,12,IN,9,2024-11-08,
16029,52,32,OUT,331,2024-11-23,3350
16030,331,24,OUT,17,2023-01-18,13612
16031,311,28,IN,321,2024-04-21,
16032,39,25,OUT,434,2024-12-25,27506
16033,14,6,OUT,313,2024-03-09,15104
16034,220,1,OUT,143,2023-04-26,12833
16035,113,19,OUT,465,2023-10-31,26386
16036,56,22,IN,361,2024-02-03,
16037,168,27,OUT,133,2023-06-17,15789
16038,25,26,OUT,322,2023-10-17,19407
16039,80,24,OUT,264,2024-05-22,18091
16040,249,33,OUT,282,2024-01-05,25270
16041,85,7,OUT,302,2024-05-09,24058
16042,204,6,OUT,123,2024-10-25,8380
16043,287,18,IN,299,2024-12-31,
16044,348,15,OUT,350,2023-06-25,11193
16045,21,26,OUT,101,2023-07-31,22439
16046,107,6,IN,499,2024-09-06,
16047,22,33,IN,304,2024-08-25,
16048,241,4,IN,21,2024-12-16,
16049,175,15,OUT,298,2024-04-17,26965
16050,282,34,IN,373,2023-11-04,
16051,278,9,OUT,203,2024-11-01,4667
16052,205,5,OUT,439,2023-07-01,23436
16053,71,12,IN,57,2023-01-24,
16054,288,33,IN,220,2023-10-10,
16055,118,35,IN,225,2024-05-28,
16056,179,2,OUT,338,2023-01-31,10541
16057,156,34,IN,9,2023-12-09,
16058,310,6,IN,186,2023-07-23,
16059,302,35,OUT,413,2024-06-20,25352
16060,94,28,IN,344,2023-10-13,
16061,354,28,OUT,445,2024-08-03,3826
16062,87,11,IN,399,2024-06-07,
16063,80,6,IN,428,2023-01-24,
16064,5,16,OUT,182,2024-03-09,20453
16065,237,9,OUT,73,2023-01-20,23059
16066,323,27,IN,298,2023-05-19,
16067,110,31,OUT,309,2023-05-25,1135
16068,86,28,IN,347,2024-12-27,
16069,253,23,IN,334,2023-12-16,
16070,267,9,IN,327,2023-07-23,
16071,346,8,OUT,37,2024-03-13,28520
16072,233,15,IN,223,2023-01-01,
16073,269,34,IN,494,2023-06-20,
16074,271,12,IN,34,2023-08-19,
16075,68,22,IN,135,2024-07-10,
16076,310,1,OUT,451,2024-03-22,4932
16077,342,30,OUT,500,2024-01-29,24019
16078,221,23,OUT,43,2023-08-25,23538
16079,41,23,OUT,456,2023-02-23,14992
16080,325,6,OUT,255,2024-08-22,26958
16081,6,21,OUT,485,2024-12-25,26517
16082,112,20,OUT,431,2024-02-03,12049
16083,330,5,OUT,92,2023-08-19,16526
16084,100,28,IN,449,2024-06-01,
16085,357,7,OUT,140,2024-10-01,18986
16086,30,21,IN,146,2024-06-04,
16087,43,5,OUT,81,2023-02-27,19945
16088,130,30,OUT,96,2023-07-16,23102
16089,101,24,OUT,432,2024-06-09,19755
16090,83,7,IN,23,2023-02-05,
16091,182,1,OUT,172,2024-11-18,23613
16092,352,30,IN,488,2024-05-28,
16093,61,5,IN,224,2024-02-20,
16094,58,14,OUT,245,2024-07-12,23680
16095,212,13,IN,145,2023-07-03,
16096,152,9,OUT,274,2023-08-28,24175
16097,223,28,OUT,202,2024-08-30,16552
16098,203,35,IN,483,2024-07-17,
16099,32,14,IN,116,2023-04-17,
16100,229,20,OUT,402,2024-03-31,21355
16101,37,13,OUT,244,2023-06-28,18758
16102,205,34,OUT,189,2024-11-22,13369
16103,324,21,IN,183,2023-09-28,
16104,126,20,OUT,427,2023-12-13,27302
16105,10,21,OUT,390,2024-03-18,6588
16106,161,30,OUT,358,2024-03-26,11981
16107,337,19,IN,108,2024-03-19,
16108,45,34,IN,463,2024-12-24,
16109,178,35,OUT,424,2023-05-21,5309
16110,182,27,OUT,209,2024-08-20,24168
16111,260,22,OUT,0,2024-12-14,7871
16112,35,7,OUT,202,2024-02-23,18645
16113,118,18,IN,163,2024-04-24,
16114,5,24,OUT,249,2023-08-25,15816
16115,248,8,IN,177,2024-06-18,
16116,247,15,OUT,2,2023-11-21,8965
16117,40,25,IN,58,2024-03-14,
16118,259,22,IN,376,2024-11-07,
16119,8888,888,IN,0,2023-05-06,
16120,1,19,OUT,80,2024-03-23,20282
16121,77,2,OUT,385,2024-02-10,24704
16122,329,19,IN,97,2023-08-16,
16123,307,1,IN,489,2023-03-08,
16124,85,29,OUT,431,2023-12-24,12310
16125,69,4,IN,317,2023-05-12,
16126,147,35,IN,245,2023-02-07,
16127,356,5,OUT,449,2024-12-19,3126
16128,170,4,OUT,43,2024-02-28,5709
16129,252,25,OUT,493,2023-01-24,7123
16130,134,11,OUT,406,2023-12-25,16252
16131,34,10,IN,460,2023-01-25,
16132,339,10,OUT,220,2024-01-30,7590
16133,212,11,OUT,342,2023-03-30,26140
16134,295,13,IN,1,2024-02-05,
16135,189,14,IN,76,2023-05-17,
16136,285,27,IN,120,2024-07-23,
16137,120,18,IN,72,2023-12-27,
16138,86,30,OUT,160,2024-11-02,23747
16139,352,12,OUT,324,2023-01-11,26930
16140,316,5,IN,338,2023-02-18,
16141,332,15,OUT,330,2024-09-11,10180
16142,53,34,OUT,428,2023-09-27,18104
16143,221,25,IN,166,2024-12-04,
16144,188,8,IN,393,2023-09-23,
16145,46,27,OUT,24,2024-11-17,751
16146,314,4,OUT,488,2024-04-08,24880
16147,249,12,OUT,201,2024-09-29,24435
16148,89,30,OUT,90,2023-07-18,10791
16149,240,12,OUT,12,2024-05-23,24603
16150,181,6,OUT,272,2024-12-28,27155
16151,20,29,IN,253,2023-02-15,
16152,354,17,OUT,410,2024-12-20,28937
16153,133,31,IN,232,2023-05-05,
16154,179,30,OUT,197,2024-10-04,17116
16155,169,28,IN,315,2023-12-21,
16156,220,19,OUT,302,2024-08-17,29374
16157,110,10,IN,297,2024-09-25,
16158,209,10,IN,220,2024-04-25,
16159,250,30,IN,341,2023-10-03,
16160,5,17,OUT,360,2023-08-10,9841
16161,257,19,IN,149,2024-02-01,
16162,68,9,OUT,11,2023-01-12,14181
16163,303,24,IN,173,2024-10-09,
16164,310,24,OUT,467,2023-01-01,26992
16165,248,33,IN,127,2024-09-13,
16166,335,15,OUT,102,2024-01-24,4020
16167,193,13,IN,323,2023-07-11,
16168,360,12,OUT,290,2023-12-21,22183
16169,110,28,OUT,500,2024-09-22,4895
16170,318,11,OUT,296,2024-05-19,20954
16171,9,24,OUT,179,2024-07-28,20903
16172,230,10,OUT,166,2023-05-25,4331
16173,238,26,IN,467,2024-06-26,
16174,20,7,OUT,493,2024-08-05,14280
16175,4,19,OUT,472,2024-04-25,557
16176,138,10,IN,300,2024-08-01,
16177,11,7,IN,151,2024-07-28,
16178,255,15,OUT,364,2024-02-28,21616
16179,328,14,IN,57,2023-01-05,
16180,277,35,IN,415,2024-06-26,
16181,278,17,OUT,364,2024-08-25,11023
16182,103,18,OUT,472,2023-03-30,13360
16183,177,32,OUT,407,2023-01-31,8557
16184,202,3,IN,465,2024-04-17,
16185,118,32,OUT,321,2024-08-02,4131
16186,211,7,IN,145,2024-06-06,
16187,10,7,IN,471,2024-07-04,
16188,152,29,IN,190,2023-07-09,
16189,291,19,IN,84,2024-07-24,
16190,107,24,IN,168,2023-10-31,
16191,178,26,OUT,127,2024-12-15,2587
16192,154,22,OUT,269,2024-08-31,16405
16193,132,35,IN,383,2024-01-08,
16194,355,35,IN,264,2023-12-11,
16195,297,23,OUT,327,2024-08-09,9669
16196,328,7,IN,282,2024-01-28,
16197,69,18,IN,92,2023-03-15,
16198,360,29,IN,145,2023-03-31,
16199,89,6,OUT,70,2024-01-24,9312
16200,256,9,IN,392,2024-04-11,
16201,156,26,IN,294,2023-07-19,
16202,126,32,OUT,87,2023-02-25,3828
16203,124,15,IN,458,2024-08-30,
16204,124,33,OUT,247,2023-09-11,24399
16205,282,12,IN,95,2024-09-02,
16206,263,23,IN,413,2024-08-12,
16207,109,4,IN,67,2024-08-14,
16208,119,11,IN,24,2024-03-12,
16209,317,33,OUT,100,2023-10-06,25026
16210,52,24,IN,0,2024-02-17,
16211,324,13,IN,73,2024-06-19,
16212,50,34,OUT,40,2024-06-21,29840
16213,10,12,OUT,10,2023-08-17,29215
16214,46,20,OUT,486,2024-10-07,29304
16215,208,3,OUT,434,2023-01-10,1956
16216,100,5,OUT,265,2023-11-12,18444
16217,33,11,OUT,250,2024-08-10,8433
16218,146,32,IN,496,2023-07-29,
16219,17,27,OUT,119,2024-08-18,12531
16220,31,10,OUT,259,2024-11-18,23486
16221,64,11,OUT,299,2023-01-05,25217
16222,290,15,OUT,392,2023-08-29,8325
16223,249,7,IN,79,2024-03-20,
16224,283,19,IN,250,2024-12-12,
16225,169,17,IN,477,2024-03-31,
16226,196,23,IN,156,2024-10-22,
16227,138,13,OUT,376,2023-11-06,24869
16228,45,16,OUT,402,2024-09-28,6066
16229,125,6,OUT,20,2024-05-26,24169
16230,36,30,OUT,118,2024-07-17,9133
16231,200,2,IN,413,2023-03-09,
16232,84,6,IN,232,2023-08-04,
16233,295,28,IN,415,2024-03-07,
16234,292,28,OUT,425,2023-11-03,18068
16235,267,20,IN,336,2024-08-13,
16236,8888,888,OUT,0,2023-09-28,888888
16237,278,35,OUT,308,2024-12-04,24867
16238,159,1,OUT,284,2024-08-01,11078
16239,238,16,IN,173,2023-09-24,
16240,20,18,IN,491,2024-12-01,
16241,1,3,IN,459,2023-02-13,
16242,339,20,OUT,223,2024-03-21,22953
16243,106,14,OUT,352,2024-03-19,18889
16244,237,26,OUT,451,2023-08-12,27614
16245,189,4,IN,153,2023-06-07,
16246,170,34,OUT,254,2024-03-18,6666
16247,354,27,IN,438,2024-04-21,
16248,285,24,IN,196,2023-05-10,
16249,176,2,IN,292,2024-08-08,
16250,163,28,IN,360,2023-04-12,
16251,291,17,IN,298,2024-01-10,
16252,278,9,OUT,343,2024-07-07,7609
16253,353,5,OUT,152,2024-03-27,28548
16254,218,2,IN,0,2024-01-17,
16255,352,14,OUT,336,2023-07-29,25406
16256,309,24,OUT,56,2023-01-09,5783
16257,142,29,OUT,323,2024-12-22,23046
16258,134,22,IN,105,2023-09-07,
16259,130,13,IN,195,2023-01-01,
16260,353,20,OUT,319,2024-02-09,14557
16261,225,7,IN,53,2024-11-26,
16262,260,31,IN,285,2023-11-20,
16263,321,22,OUT,277,2023-04-29,3807
16264,122,3,OUT,228,2024-09-25,4570
16265,122,22,OUT,350,2024-12-05,2027
16266,346,30,OUT,238,2023-07-30,23599
16267,71,28,IN,430,2023-04-14,
16268,204,33,IN,477,2024-04-08,
16269,259,25,OUT,0,2024-11-10,18403
16270,185,16,IN,139,2023-06-01,
16271,81,34,OUT,6,2024-12-21,3491
16272,167,17,OUT,113,2023-03-29,27103
16273,123,12,OUT,316,2024-11-06,2225
16274,227,8,OUT,140,2024-07-01,8916
16275,345,20,OUT,485,2023-10-22,27697
16276,38,23,IN,5,2024-07-29,
16277,53,24,OUT,341,2023-02-04,29933
16278,282,2,OUT,227,2023-09-05,1460
16279,91,7,OUT,360,2024-06-29,23180
16280,318,22,OUT,479,2023-12-16,19993
16281,295,33,OUT,349,2023-08-21,16372
16282,314,2,OUT,215,2023-06-05,18600
16283,228,26,IN,110,2024-02-16,
16284,91,34,IN,159,2024-02-01,
16285,156,32,IN,393,2024-09-08,
16286,42,3,OUT,411,2024-05-28,20846
16287,228,7,OUT,413,2024-06-09,25658
16288,164,5,OUT,476,2024-12-27,29852
16289,239,6,OUT,302,2023-06-16,26399
16290,58,28,IN,466,2023-04-14,
16291,302,26,OUT,77,2024-01-04,28142
16292,238,4,OUT,308,2024-05-06,28620
16293,191,10,OUT,161,2023-04-08,7626
16294,336,21,IN,492,2023-05-13,
16295,17,7,OUT,334,2024-12-12,21539
16296,232,16,IN,9,2023-04-03,
16297,338,5,IN,187,2024-03-08,
16298,196,31,IN,205,2023-11-12,
16299,272,11,OUT,131,2023-06-15,26720
16300,74,24,IN,365,2023-09-02,
16301,165,17,IN,228,2023-11-14,
16302,118,16,OUT,183,2023-09-17,2051
16303,354,33,IN,190,2023-02-14,
16304,262,18,IN,411,2023-09-25,
16305,184,9,IN,258,2024-04-04,
16306,178,12,IN,469,2024-01-16,
16307,355,29,IN,48,2024-10-27,
16308,144,27,OUT,209,2024-06-22,16920
16309,278,13,OUT,130,2024-11-30,28146
16310,76,17,OUT,85,2023-06-17,20325
16311,297,17,OUT,97,2024-07-07,4186
16312,304,15,OUT,333,2023-11-12,21775
16313,326,21,OUT,484,2023-12-12,29810
16314,1,27,IN,189,2023-08-03,
16315,303,1,OUT,433,2024-10-22,11755
16316,178,11,OUT,195,2023-11-26,21645
16317,159,14,IN,442,2024-12-29,
16318,132,34,OUT,327,2024-05-15,27080
16319,169,20,OUT,494,2024-04-22,25548
16320,340,9,IN,398,2024-10-19,
16321,258,12,OUT,437,2023-04-27,10299
16322,167,17,OUT,406,2024-12-23,16329
16323,56,9,IN,187,2024-11-17,
16324,201,9,IN,469,2023-11-21,
16325,209,11,IN,317,2024-06-20,
16326,295,10,IN,232,2024-03-27,
16327,96,15,IN,341,2023-06-14,
16328,331,32,IN,233,2024-04-21,
16329,245,14,OUT,74,2024-03-28,23538
16330,139,15,OUT,161,2024-12-02,19881
16331,345,7,OUT,227,2024-09-03,26521
16332,95,23,OUT,454,2024-01-19,27881
16333,61,25,OUT,151,2024-06-17,23673
16334,127,18,IN,0,2024-04-24,
16335,241,18,OUT,289,2024-01-23,3052
16336,64,23,IN,462,2024-04-03,
16337,82,8,OUT,379,2024-06-17,25964
16338,318,33,IN,287,2024-11-18,
16339,25,16,OUT,129,2024-02-17,18486
16340,110,10,IN,424,2023-05-18,
16341,309,25,OUT,180,2024-06-12,16585
16342,175,27,OUT,53,2024-10-12,8765
16343,142,23,OUT,354,2024-02-26,12407
16344,165,3,IN,19,2023-08-01,
16345,84,1,OUT,461,2024-08-18,19728
16346,334,12,IN,26,2024-08-06,
16347,328,24,OUT,159,2023-06-11,1803
16348,272,33,IN,323,2023-12-24,
16349,318,28,OUT,425,2023-01-16,1106
16350,192,14,OUT,128,2024-03-22,14390
16351,320,4,IN,401,2023-02-23,
16352,97,14,IN,179,2023-10-08,
16353,8888,888,OUT,0,2023-04-20,888888
16354,65,28,OUT,0,2023-07-23,27557
16355,56,22,IN,354,2023-12-30,
16356,40,31,IN,248,2024-11-08,
16357,257,10,OUT,207,2023-03-15,5958
16358,78,23,IN,195,2023-10-10,
16359,105,6,OUT,200,2024-03-24,16673
16360,112,34,OUT,471,2023-12-04,5623
16361,158,25,OUT,240,2023-02-17,1488
16362,209,30,OUT,52,2023-11-05,9328
16363,311,22,IN,302,2024-05-22,
16364,264,22,OUT,315,2023-03-21,6717
16365,301,5,OUT,17,2023-11-09,16557
16366,338,12,OUT,411,2023-04-06,561
16367,195,32,OUT,323,2023-11-17,20382
16368,5,31,OUT,473,2024-01-16,4548
16369,331,14,OUT,105,2023-08-17,28787
16370,45,2,IN,150,2024-04-15,
16371,101,5,IN,209,2024-02-07,
16372,133,14,OUT,461,2023-01-21,17342
16373,276,34,OUT,184,2023-01-28,20554
16374,260,25,IN,265,2024-12-11,
16375,236,17,OUT,469,2023-11-19,25002
16376,238,2,OUT,486,2024-01-18,15769
16377,11,23,OUT,345,2023-08-23,2761
16378,292,12,OUT,274,2023-08-23,24004
16379,251,17,IN,257,2024-01-04,
16380,325,21,IN,100,2024-05-02,
16381,329,17,OUT,499,2024-01-27,72
16382,212,2,OUT,308,2024-04-09,23401
16383,144,7,IN,97,2024-08-19,
16384,233,34,IN,148,2024-01-29,
16385,97,8,IN,479,2024-04-07,
16386,196,22,OUT,157,2024-12-23,28325
16387,272,9,OUT,387,2023-02-05,18178
16388,144,29,OUT,465,2024-08-27,11942
16389,329,21,IN,170,2023-11-07,
16390,337,2,OUT,466,2024-03-28,11682
16391,292,2,OUT,268,2024-11-17,5516
16392,214,14,OUT,359,2023-10-06,22255
16393,258,10,IN,185,2024-02-29,
16394,162,28,OUT,238,2024-05-09,7658
16395,179,28,OUT,497,2023-01-19,9379
16396,58,30,IN,87,2024-04-13,
16397,264,35,OUT,378,2023-01-03,16364
16398,185,29,OUT,176,2024-02-13,21414
16399,206,25,OUT,212,2023-05-16,28195
16400,350,8,IN,349,2023-10-10,
16401,305,11,IN,29,2024-09-26,
16402,8888,888,OUT,0,2024-02-01,888888
16403,333,31,OUT,228,2023-11-13,6317
16404,46,13,OUT,313,2023-05-27,999
16405,53,10,IN,265,2023-05-06,
16406,187,19,OUT,16,2023-01-01,672
16407,6,3,OUT,323,2024-06-16,25587
16408,282,23,IN,367,2023-01-24,
16409,202,30,OUT,122,2023-11-12,22939
16410,58,16,OUT,302,2023-08-10,9938
16411,285,1,IN,200,2023-04-06,
16412,358,34,OUT,300,2023-12-11,1984
16413,262,2,OUT,172,2023-01-15,4721
16414,212,26,IN,399,2023-06-30,
16415,316,28,OUT,488,2024-04-10,24990
16416,276,25,IN,50,2023-04-09,
16417,145,15,IN,96,2023-07-23,
16418,6,7,IN,44,2023-01-14,
16419,343,1,OUT,428,2023-04-29,7416
16420,14,8,IN,39,2024-12-01,
16421,137,29,OUT,168,2024-01-29,28459
16422,190,6,IN,29,2024-11-18,
16423,62,25,IN,487,2023-07-30,
16424,237,5,OUT,461,2023-03-29,8201
16425,57,17,IN,0,2024-01-29,
16426,352,12,IN,17,2024-09-28,
16427,301,28,OUT,19,2024-10-13,12742
16428,144,25,OUT,405,2023-10-20,6039
16429,6,14,IN,464,2024-09-30,
16430,353,10,IN,167,2024-11-20,
16431,289,23,IN,119,2023-09-28,
16432,315,8,OUT,96,2024-08-23,9977
16433,8888,888,OUT,0,2023-12-30,888888
16434,231,26,IN,236,2024-06-07,
16435,325,27,OUT,431,2023-05-04,27788
16436,173,1,IN,315,2024-11-18,
16437,40,23,OUT,295,2024-03-06,22206
16438,351,10,IN,11,2023-02-24,
16439,181,32,OUT,377,2023-02-15,28730
16440,276,15,IN,390,2024-09-05,
16441,214,22,OUT,69,2023-02-09,2862
16442,117,16,IN,359,2023-05-12,
16443,224,12,OUT,402,2024-09-15,8669
16444,341,22,IN,314,2024-07-26,
16445,79,1,OUT,95,2024-11-04,12764
16446,248,29,OUT,234,2023-11-11,17133
16447,244,18,OUT,360,2024-11-11,25296
16448,235,14,IN,105,2024-09-13,
16449,275,2,OUT,355,2023-12-18,28228
16450,65,7,OUT,267,2024-06-10,19658
16451,8888,888,IN,0,2023-03-27,
16452,221,13,IN,280,2023-05-24,
16453,8888,888,OUT,0,2023-12-14,888888
16454,265,30,OUT,276,2024-06-27,12900
16455,114,16,IN,159,2023-11-19,
16456,208,26,IN,488,2024-03-21,
16457,35,18,IN,173,2024-04-04,
16458,97,8,OUT,120,2024-04-27,6660
16459,308,7,IN,16,2024-11-15,
16460,8888,888,OUT,0,2023-11-13,888888
16461,164,7,IN,195,2023-08-02,
16462,127,25,OUT,251,2024-07-23,19367
16463,88,28,OUT,261,2023-12-28,28100
16464,165,32,IN,419,2023-12-08,
16465,16,18,IN,131,2023-11-08,
16466,49,22,OUT,405,2023-12-21,842
16467,165,13,IN,259,2023-03-28,
16468,258,14,OUT,413,2024-06-18,8268
16469,143,13,IN,228,2023-05-20,
16470,227,32,IN,148,2024-01-05,
16471,96,33,IN,68,2024-02-14,
16472,52,13,IN,478,2023-04-10,
16473,201,10,OUT,429,2023-11-29,22220
16474,305,13,IN,166,2023-01-08,
16475,237,31,IN,364,2023-12-26,
16476,308,16,IN,474,2023-02-09,
16477,22,10,OUT,250,2023-04-18,3017
16478,47,16,IN,423,2023-08-16,
16479,278,9,IN,226,2024-10-01,
16480,301,24,OUT,273,2024-10-07,27194
16481,53,6,IN,4,2024-06-28,
16482,199,33,OUT,71,2023-02-09,21394
16483,8,23,IN,125,2024-11-25,
16484,248,21,OUT,54,2023-01-30,10936
16485,140,3,IN,383,2024-05-30,
16486,209,1,IN,420,2024-11-29,
16487,118,31,OUT,6,2023-05-26,24867
16488,343,17,OUT,148,2023-06-15,13162
16489,235,26,IN,291,2024-11-18,
16490,125,20,OUT,179,2024-07-18,6161
16491,128,6,IN,369,2023-03-19,
16492,70,23,OUT,450,2024-03-31,6751
16493,207,13,OUT,369,2023-06-26,22705
16494,334,15,OUT,430,2023-07-01,6161
16495,197,22,OUT,489,2023-04-11,243
16496,174,26,IN,113,2023-04-17,
16497,181,1,IN,134,2024-11-26,
16498,98,20,IN,234,2024-12-30,
16499,281,13,IN,343,2024-04-05,
16500,102,27,IN,30,2023-02-15,
16501,54,32,IN,206,2024-12-23,
16502,54,15,OUT,344,2024-04-10,26866
16503,31,28,IN,49,2024-03-05,
16504,159,27,OUT,191,2023-09-20,1039
16505,306,32,OUT,371,2023-04-18,22648
16506,87,24,OUT,277,2024-01-12,26167
16507,18,13,OUT,401,2023-04-07,12087
16508,103,32,OUT,197,2023-04-06,21430
16509,225,20,OUT,356,2023-09-14,4163
16510,32,4,IN,131,2024-12-22,
16511,283,31,OUT,180,2024-03-23,10686
16512,25,29,OUT,8,2024-06-01,4541
16513,8888,888,OUT,0,2023-01-20,888888
16514,264,6,OUT,0,2024-11-20,13045
16515,163,16,IN,430,2023-07-03,
16516,87,28,IN,274,2024-12-18,
16517,295,34,IN,351,2023-04-13,
16518,288,19,OUT,496,2024-03-11,16095
16519,327,30,IN,208,2023-07-02,
16520,287,1,OUT,378,2024-03-29,4960
16521,225,29,OUT,27,2023-11-16,5215
16522,316,9,OUT,420,2024-06-24,21314
16523,256,11,IN,401,2024-10-28,
16524,47,31,OUT,158,2024-07-08,15235
16525,40,30,OUT,408,2023-02-13,9032
16526,89,15,OUT,36,2023-11-02,13987
16527,331,16,OUT,258,2023-01-19,2782
16528,214,8,OUT,145,2024-04-30,21712
16529,4,20,IN,16,2023-01-19,
16530,288,1,IN,207,2023-05-03,
16531,337,19,OUT,412,2024-07-08,14182
16532,224,32,IN,464,2024-05-11,
16533,105,33,OUT,83,2024-08-23,24597
16534,256,26,IN,379,2024-05-26,
16535,232,33,OUT,273,2023-01-04,6760
16536,279,7,IN,312,2023-05-21,
16537,99,5,OUT,304,2023-11-26,23742
16538,228,25,OUT,48,2023-03-04,26255
16539,266,22,OUT,347,2023-05-11,7378
16540,8888,888,OUT,0,2024-06-02,888888
16541,156,2,OUT,290,2023-06-18,11021
16542,194,7,IN,111,2023-03-20,
16543,63,31,IN,401,2023-03-31,
16544,169,11,IN,106,2023-11-20,
16545,24,16,OUT,347,2023-10-22,10914
16546,321,1,OUT,16,2024-06-25,21962
16547,232,31,IN,31,2023-12-19,
16548,134,5,OUT,458,2024-12-16,13713
16549,255,4,IN,274,2023-04-01,
16550,307,21,IN,294,2024-08-19,
16551,69,26,OUT,381,2024-06-04,13705
16552,57,1,IN,0,2024-07-30,
16553,48,5,IN,178,2023-10-12,
16554,323,18,IN,428,2024-09-25,
16555,326,26,OUT,170,2024-04-29,161
16556,83,17,OUT,266,2024-04-06,13431
16557,347,21,OUT,208,2023-04-13,9186
16558,102,9,OUT,257,2024-12-29,22652
16559,74,15,IN,270,2023-05-24,
16560,93,15,OUT,106,2024-11-10,7174
16561,108,29,OUT,165,2023-04-27,18012
16562,235,30,IN,134,2023-08-31,
16563,51,34,IN,49,2023-11-09,
16564,324,24,OUT,398,2024-11-15,25491
16565,294,3,IN,461,2023-03-11,
16566,6,27,OUT,351,2024-08-20,20530
16567,46,5,IN,169,2023-09-20,
16568,345,33,IN,67,2023-12-24,
16569,279,31,OUT,175,2024-09-03,9660
16570,179,22,OUT,100,2023-06-04,9318
16571,112,21,OUT,331,2023-12-21,22489
16572,108,24,IN,353,2023-11-20,
16573,349,17,OUT,412,2023-09-11,7064
16574,328,1,IN,306,2023-02-25,
16575,64,1,IN,288,2024-11-16,
16576,80,17,IN,80,2024-07-03,
16577,216,7,OUT,290,2023-05-30,13504
16578,38,24,IN,466,2024-05-08,
16579,141,16,OUT,90,2024-03-25,20609
16580,146,32,OUT,4,2024-03-17,22123
16581,119,31,OUT,494,2023-09-25,17614
16582,25,33,IN,163,2024-12-26,
16583,161,11,OUT,221,2024-02-20,8426
16584,4,22,OUT,48,2024-02-12,9887
16585,68,29,OUT,367,2024-01-09,28604
16586,51,31,OUT,227,2023-03-02,29305
16587,270,13,IN,481,2024-11-04,
16588,224,27,OUT,382,2023-11-15,4611
16589,84,6,OUT,442,2023-09-14,10999
16590,69,28,OUT,358,2023-05-17,292
16591,309,23,IN,475,2023-12-24,
16592,312,14,OUT,293,2024-05-17,2174
16593,335,26,OUT,45,2023-04-21,10037
16594,275,5,OUT,219,2023-12-30,26201
16595,347,16,OUT,179,2023-07-24,1085
16596,334,17,OUT,68,2023-11-19,7887
16597,98,34,OUT,142,2023-08-30,9248
16598,202,3,OUT,157,2024-01-09,14115
16599,185,10,IN,414,2023-01-15,
16600,210,20,IN,279,2023-07-01,
16601,96,28,OUT,433,2024-05-18,659
16602,216,19,IN,496,2024-03-01,
16603,100,31,OUT,24,2023-05-15,25076
16604,233,7,IN,354,2024-08-13,
16605,186,20,OUT,388,2023-05-26,13289
16606,270,23,IN,178,2023-11-25,
16607,236,5,OUT,346,2023-05-10,22199
16608,353,22,OUT,261,2023-06-10,9672
16609,263,18,OUT,291,2023-07-04,15417
16610,135,15,OUT,196,2024-10-18,28647
16611,154,3,IN,411,2023-09-24,
16612,156,25,OUT,142,2024-03-26,29047
16613,332,14,IN,232,2023-10-14,
16614,109,9,OUT,76,2023-08-06,4783
16615,57,35,IN,266,2024-10-18,
16616,50,19,OUT,252,2024-09-07,27700
16617,64,33,OUT,36,2023-06-07,9971
16618,218,6,OUT,0,2024-08-13,1382
16619,112,29,IN,207,2024-03-16,
16620,32,30,OUT,156,2024-10-18,10277
16621,318,15,IN,474,2023-03-31,
16622,126,29,IN,217,2023-08-01,
16623,311,10,OUT,479,2023-07-15,3534
16624,299,35,OUT,68,2023-04-29,15807
16625,208,8,IN,406,2023-11-03,
16626,40,7,IN,133,2023-06-14,
16627,191,25,IN,206,2024-09-25,
16628,329,23,IN,24,2024-06-26,
16629,99,24,IN,33,2024-09-07,
16630,40,4,OUT,310,2024-10-10,18992
16631,210,29,OUT,349,2023-07-20,23067
16632,269,2,IN,451,2023-05-01,
16633,337,9,OUT,266,2024-10-02,5184
16634,304,28,IN,302,2024-08-05,
16635,87,25,OUT,22,2023-08-14,13351
16636,136,23,IN,338,2024-01-26,
16637,308,18,OUT,196,2023-06-30,18778
16638,48,23,IN,291,2023-09-26,
16639,56,14,OUT,45,2024-05-28,20975
16640,212,14,OUT,278,2024-01-20,19345
16641,100,11,IN,29,2024-07-05,
16642,169,8,IN,356,2023-03-14,
16643,16,10,OUT,483,2023-02-27,8071
16644,266,17,IN,228,2024-03-18,
16645,290,14,OUT,187,2023-06-22,10191
16646,296,17,IN,230,2023-04-20,
16647,234,23,OUT,3,2023-08-11,27958
16648,172,14,OUT,212,2024-11-11,26011
16649,298,24,IN,499,2023-03-16,
16650,78,16,OUT,5,2023-03-16,23572
16651,210,27,IN,405,2023-02-16,
16652,311,32,OUT,143,2023-02-24,19416
16653,216,12,OUT,345,2024-03-17,2426
16654,53,25,IN,28,2024-08-02,
16655,178,15,IN,285,2024-07-08,
16656,315,26,OUT,18,2024-09-14,18749
16657,60,32,IN,0,2023-11-20,
16658,30,17,OUT,276,2024-05-22,29344
16659,169,17,IN,276,2024-04-23,
16660,346,16,IN,458,2024-10-10,
16661,341,34,OUT,428,2024-10-02,5354
16662,264,10,OUT,370,2023-03-20,7855
16663,160,12,OUT,233,2023-01-03,20426
16664,99,24,OUT,322,2024-09-04,23420
16665,337,7,IN,122,2023-05-21,
16666,197,3,IN,5,2023-05-29,
16667,323,27,OUT,310,2024-09-29,6246
16668,360,21,OUT,304,2024-02-03,5486
16669,110,29,IN,457,2023-05-12,
16670,236,30,IN,352,2023-08-21,
16671,181,5,OUT,179,2023-05-17,2368
16672,186,31,IN,492,2023-05-24,
16673,84,20,OUT,148,2023-06-29,3286
16674,35,30,IN,298,2024-01-04,
16675,26,15,IN,142,2023-01-14,
16676,50,17,IN,123,2023-12-26,
16677,160,22,OUT,31,2023-03-10,10392
16678,144,15,IN,248,2024-09-04,
16679,106,17,IN,382,2023-07-01,
16680,97,32,OUT,227,2024-11-03,26719
16681,35,21,OUT,500,2023-03-20,20559
16682,113,26,OUT,390,2023-11-26,21880
16683,58,16,IN,423,2024-08-24,
16684,146,8,OUT,108,2023-03-12,5985
16685,241,1,OUT,469,2023-01-21,22908
16686,108,6,IN,103,2024-01-28,
16687,253,8,IN,188,2023-06-22,
16688,212,28,OUT,219,2024-06-13,11823
16689,245,4,OUT,50,2024-11-20,5605
16690,114,35,OUT,99,2023-06-11,20459
16691,288,25,IN,259,2024-01-13,
16692,89,9,IN,438,2024-05-13,
16693,13,26,IN,373,2024-12-14,
16694,357,2,OUT,38,2023-08-12,26447
16695,334,26,OUT,442,2023-05-05,13569
16696,193,34,OUT,42,2023-02-12,10022
16697,344,9,OUT,380,2024-03-05,18545
16698,48,35,OUT,138,2024-01-18,12951
16699,338,22,IN,263,2023-10-26,
16700,8888,888,IN,0,2024-04-10,
16701,350,29,IN,229,2023-07-23,
16702,126,28,OUT,255,2024-02-06,22600
16703,128,23,IN,260,2023-06-30,
16704,212,24,IN,386,2023-07-27,
16705,348,21,OUT,120,2024-11-12,8680
16706,108,17,IN,325,2024-11-26,
16707,135,8,IN,42,2024-04-11,
16708,248,16,IN,141,2023-04-10,
16709,8888,888,OUT,0,2024-01-23,888888
16710,345,10,OUT,252,2023-03-24,27231
16711,215,2,OUT,328,2024-03-28,8329
16712,277,4,OUT,38,2024-07-24,13682
16713,328,32,IN,404,2023-10-29,
16714,141,6,IN,149,2023-11-30,
16715,106,8,IN,227,2023-01-06,
16716,90,17,OUT,192,2024-09-10,2555
16717,26,13,IN,51,2024-04-13,
16718,45,30,OUT,83,2024-03-14,2995
16719,187,13,OUT,449,2024-05-03,15121
16720,22,35,OUT,108,2024-02-21,4201
16721,353,23,OUT,293,2023-04-21,3049
16722,18,21,IN,496,2023-11-01,
16723,13,28,OUT,219,2023-07-23,25039
16724,14,22,OUT,362,2023-03-25,23320
16725,48,18,IN,180,2024-01-08,
16726,4,3,OUT,297,2023-02-15,16218
16727,273,24,OUT,107,2023-08-14,18166
16728,229,4,OUT,123,2023-06-29,14592
16729,303,34,IN,78,2023-04-29,
16730,8888,888,OUT,0,2024-05-03,888888
16731,135,2,OUT,56,2024-01-12,9746
16732,144,31,IN,389,2023-03-29,
16733,136,3,IN,404,2023-02-26,
16734,107,27,OUT,152,2024-01-08,13050
16735,37,31,OUT,450,2023-12-04,16058
16736,3,21,OUT,274,2024-10-22,7847
16737,65,16,OUT,447,2024-04-09,17549
16738,273,24,OUT,469,2023-04-12,4301
16739,322,15,IN,361,2024-06-01,
16740,313,31,OUT,115,2023-02-04,6429
16741,250,6,IN,261,2024-02-09,
16742,118,35,IN,348,2024-10-23,
16743,310,13,IN,41,2024-12-24,
16744,27,20,OUT,467,2024-05-15,1350
16745,16,16,IN,108,2024-03-17,
16746,90,28,OUT,104,2024-06-08,720
16747,8888,888,OUT,0,2024-02-17,888888
16748,80,19,OUT,480,2024-05-01,27638
16749,123,18,IN,281,2024-05-26,
16750,347,9,IN,253,2023-05-18,
16751,52,16,OUT,310,2023-07-03,6746
16752,193,30,OUT,390,2023-11-28,11128
16753,166,35,OUT,423,2023-02-21,4648
16754,65,33,OUT,70,2023-09-03,19158
16755,314,34,OUT,66,2023-07-13,23653
16756,190,1,OUT,230,2023-03-19,16774
16757,59,11,IN,285,2024-08-30,
16758,118,6,IN,344,2023-08-31,
16759,104,27,OUT,374,2023-08-09,29983
16760,72,12,OUT,30,2023-10-28,10971
16761,52,23,IN,19,2024-01-19,
16762,325,27,OUT,99,2024-08-21,8989
16763,65,32,IN,58,2024-10-13,
16764,126,33,OUT,381,2023-01-19,472
16765,301,21,IN,463,2024-02-01,
16766,242,13,OUT,436,2023-03-01,3059
16767,144,19,OUT,243,2023-06-25,27395
16768,83,5,OUT,19,2023-01-12,15895
16769,310,3,IN,359,2023-09-07,
16770,233,20,IN,14,2023-10-07,
16771,254,7,OUT,96,2023-07-06,3711
16772,248,13,IN,0,2023-08-10,
16773,327,33,IN,104,2024-05-16,
16774,335,13,OUT,318,2023-09-16,23810
16775,6,7,IN,3,2024-06-23,
16776,164,12,IN,26,2023-06-05,
16777,35,35,IN,241,2023-12-20,
16778,326,11,OUT,500,2023-03-24,8297
16779,267,19,IN,0,2024-10-26,
16780,291,28,OUT,343,2024-06-25,19461
16781,323,16,OUT,428,2024-07-25,458
16782,183,8,OUT,381,2024-11-08,2793
16783,288,8,IN,214,2024-11-10,
16784,272,11,OUT,117,2023-02-23,29172
16785,290,21,IN,438,2023-07-25,
16786,154,8,IN,405,2023-06-14,
16787,233,9,IN,329,2024-03-21,
16788,27,34,OUT,74,2024-03-05,3611
16789,281,31,IN,314,2024-02-09,
16790,58,16,OUT,496,2024-07-19,18810
16791,243,26,IN,247,2023-06-29,
16792,213,11,OUT,246,2023-07-06,9520
16793,224,17,OUT,252,2024-04-03,24381
16794,88,34,IN,414,2023-01-04,
16795,66,32,OUT,344,2024-05-11,17661
16796,334,4,OUT,82,2023-10-06,16690
16797,8,31,IN,352,2024-05-03,
16798,239,5,IN,58,2024-06-18,
16799,107,31,OUT,80,2024-05-14,25467
16800,134,28,OUT,68,2023-06-27,22600
16801,144,14,OUT,124,2023-07-05,2610
16802,85,10,OUT,420,2024-03-01,7916
16803,140,10,IN,171,2023-10-29,
16804,339,14,IN,339,2024-03-17,
16805,9,15,OUT,366,2023-09-02,3924
16806,8888,888,OUT,0,2023-12-25,888888
16807,155,17,OUT,126,2024-08-06,24370
16808,106,32,IN,249,2024-09-07,
16809,254,26,IN,490,2023-04-09,
16810,197,24,IN,406,2024-12-28,
16811,109,4,IN,337,2024-11-05,
16812,200,8,IN,421,2023-12-02,
16813,221,20,IN,85,2024-05-04,
16814,250,3,OUT,373,2024-03-29,29584
16815,19,24,IN,191,2023-09-10,
16816,232,14,OUT,184,2023-03-02,29839
16817,13,6,IN,304,2023-12-04,
16818,70,5,OUT,13,2023-04-12,14216
16819,318,22,OUT,346,2023-06-05,19739
16820,183,6,OUT,138,2023-10-30,10688
16821,254,5,IN,377,2023-12-25,
16822,8,1,IN,179,2023-04-05,
16823,102,14,IN,153,2024-03-13,
16824,45,6,IN,182,2024-10-02,
16825,315,7,OUT,397,2023-10-26,10608
16826,138,22,IN,465,2024-12-16,
16827,274,18,OUT,353,2024-02-26,11074
16828,217,16,OUT,336,2023-02-08,7702
16829,311,31,IN,468,2023-03-09,
16830,93,26,OUT,310,2024-12-10,22191
16831,106,5,IN,142,2024-11-18,
16832,232,4,OUT,430,2023-06-20,243
16833,47,8,OUT,453,2024-04-27,28150
16834,288,34,IN,132,2024-07-29,
16835,211,1,OUT,86,2023-08-19,19933
16836,261,26,OUT,54,2024-04-14,26610
16837,314,14,OUT,471,2024-10-08,16133
16838,16,4,OUT,470,2023-01-31,4794
16839,8888,888,OUT,0,2023-10-30,888888
16840,73,25,OUT,73,2024-03-19,19792
16841,41,21,OUT,456,2023-03-27,1681
16842,61,29,OUT,243,2024-08-05,29270
16843,182,14,OUT,229,2023-11-22,29138
16844,358,31,OUT,36,2024-06-29,24787
16845,163,5,IN,298,2024-09-15,
16846,293,16,OUT,41,2023-04-20,15102
16847,177,34,OUT,71,2023-05-18,1671
16848,35,12,IN,490,2023-12-22,
16849,183,29,IN,394,2023-05-02,
16850,82,27,OUT,445,2023-03-23,9945
16851,178,15,OUT,124,2023-12-12,27147
16852,119,13,IN,18,2023-10-19,
16853,215,20,IN,309,2023-07-24,
16854,351,9,IN,141,2024-11-19,
16855,8888,888,IN,0,2023-01-06,
16856,168,20,IN,86,2023-10-08,
16857,351,21,IN,66,2024-07-27,
16858,140,5,OUT,454,2023-12-12,10813
16859,6,26,OUT,102,2024-07-05,5386
16860,12,3,OUT,284,2024-07-04,16254
16861,83,4,IN,440,2023-12-30,
16862,117,8,OUT,90,2024-02-22,18810
16863,320,11,IN,366,2023-12-31,
16864,310,11,IN,391,2023-01-02,
16865,276,5,OUT,477,2023-04-30,23534
16866,310,35,IN,225,2024-01-11,
16867,288,4,IN,7,2024-10-07,
16868,266,7,OUT,151,2023-10-16,14809
16869,45,22,OUT,322,2023-03-29,23193
16870,164,10,OUT,364,2024-04-25,1759
16871,172,12,OUT,436,2024-03-19,6201
16872,67,16,OUT,47,2024-01-24,22228
16873,350,18,IN,424,2023-04-23,
16874,113,13,OUT,158,2024-10-11,3415
16875,143,23,IN,376,2024-04-30,
16876,126,14,IN,83,2023-08-21,
16877,41,32,IN,309,2023-07-06,
16878,152,32,OUT,116,2023-10-22,9661
16879,180,32,IN,266,2023-07-22,
16880,268,19,OUT,36,2023-07-03,12535
16881,274,6,OUT,70,2023-11-01,6218
16882,316,20,IN,306,2024-07-29,
16883,136,7,OUT,489,2023-08-25,3355
16884,120,15,IN,150,2023-05-24,
16885,272,30,OUT,339,2023-12-03,6859
16886,2,7,OUT,168,2024-12-17,7360
16887,34,11,OUT,410,2024-03-31,22490
16888,7,35,OUT,125,2023-11-06,5548
16889,48,13,OUT,258,2023-03-29,789
16890,264,24,IN,382,2024-04-02,
16891,264,33,OUT,493,2023-09-07,12446
16892,301,29,IN,117,2023-07-15,
16893,258,24,OUT,7,2023-06-16,17607
16894,8888,888,OUT,0,2024-07-07,888888
16895,226,7,IN,164,2023-12-03,
16896,41,25,OUT,250,2024-05-16,20849
16897,127,1,IN,203,2023-09-21,
16898,297,28,IN,294,2024-07-10,
16899,270,20,IN,34,2024-07-04,
16900,61,33,IN,92,2023-08-01,
16901,359,30,IN,334,2023-08-23,
16902,305,6,OUT,298,2023-02-12,29204
16903,77,32,OUT,312,2024-04-11,25533
16904,24,6,OUT,108,2024-01-08,2306
16905,101,12,OUT,13,2024-01-05,1940
16906,264,26,OUT,458,2024-04-12,19072
16907,74,1,OUT,428,2024-08-05,18900
16908,8888,888,IN,0,2024-11-05,
16909,136,14,IN,159,2024-03-07,
16910,171,16,OUT,447,2024-02-17,5019
16911,94,24,OUT,430,2023-08-29,28290
16912,94,12,OUT,58,2024-12-21,15973
16913,8888,888,OUT,0,2024-12-28,888888
16914,283,28,IN,378,2024-09-10,
16915,141,18,IN,278,2023-09-10,
16916,280,10,IN,69,2023-07-17,
16917,157,32,OUT,431,2024-11-01,10374
16918,7,32,IN,208,2024-06-13,
16919,196,32,IN,304,2023-03-30,
16920,20,8,OUT,332,2023-09-07,7285
16921,322,10,OUT,425,2023-04-30,25349
16922,158,6,OUT,128,2023-05-03,26475
16923,53,27,OUT,346,2023-03-12,2700
16924,120,18,OUT,372,2023-06-24,10926
16925,164,10,OUT,293,2023-06-03,19785
16926,255,5,OUT,369,2024-04-07,28739
16927,282,17,OUT,247,2023-05-30,3331
16928,98,20,IN,115,2024-01-22,
16929,112,19,IN,222,2023-07-27,
16930,91,12,OUT,228,2023-09-18,6294
16931,345,6,IN,335,2024-04-10,
16932,13,3,OUT,1,2023-11-21,16
16933,137,17,OUT,40,2024-06-18,10178
16934,122,10,OUT,258,2024-03-17,28501
16935,175,17,IN,421,2023-08-30,
16936,20,2,IN,198,2023-05-05,
16937,42,2,OUT,399,2024-10-05,28385
16938,201,8,OUT,176,2024-11-29,20898
16939,101,6,OUT,126,2024-10-27,28242
16940,360,19,OUT,31,2023-01-15,26892
16941,168,5,OUT,113,2023-05-16,20052
16942,144,8,OUT,357,2024-01-28,22056
16943,318,14,IN,204,2024-07-02,
16944,139,27,IN,290,2024-01-11,
16945,244,1,OUT,212,2024-09-15,10708
16946,128,9,IN,374,2023-09-04,
16947,253,6,IN,410,2023-12-22,
16948,285,8,IN,349,2023-12-25,
16949,223,14,OUT,129,2023-09-05,15580
16950,155,8,IN,151,2024-09-23,
16951,8888,888,OUT,0,2023-10-01,888888
16952,58,24,OUT,269,2023-04-06,18561
16953,171,25,OUT,318,2024-02-01,20411
16954,300,21,IN,75,2024-09-08,
16955,313,9,OUT,237,2023-08-27,934
16956,258,32,OUT,152,2023-10-09,15251
16957,324,25,OUT,328,2024-12-21,20624
16958,2,9,OUT,47,2024-12-09,12871
16959,42,28,IN,372,2024-11-28,
16960,265,30,OUT,118,2023-09-25,5355
16961,92,7,OUT,71,2023-07-02,26715
16962,230,4,IN,30,2023-02-19,
16963,241,9,OUT,500,2023-07-03,3456
16964,131,33,OUT,77,2024-03-21,15340
16965,175,35,OUT,220,2023-07-06,24464
16966,28,5,IN,34,2023-12-12,
16967,8888,888,IN,0,2024-06-07,
16968,224,26,OUT,149,2024-03-10,25353
16969,359,11,IN,259,2023-09-19,
16970,8888,888,IN,0,2024-08-18,
16971,139,19,IN,273,2023-11-05,
16972,167,21,OUT,484,2024-12-31,23575
16973,333,26,OUT,293,2023-11-28,12193
16974,77,4,IN,162,2024-11-03,
16975,301,33,OUT,486,2023-06-03,11235
16976,131,27,OUT,467,2024-06-19,10368
16977,35,18,IN,363,2023-10-02,
16978,244,31,OUT,351,2023-12-15,28492
16979,307,26,OUT,388,2024-05-03,26613
16980,206,16,IN,439,2023-12-04,
16981,149,2,OUT,18,2024-07-29,1296
16982,67,16,IN,480,2024-05-19,
16983,187,8,OUT,329,2023-07-28,20597
16984,176,3,OUT,1,2023-08-30,16960
16985,211,3,IN,295,2024-10-24,
16986,164,31,OUT,375,2024-06-15,8393
16987,135,10,OUT,247,2023-08-12,20269
16988,327,16,OUT,495,2024-11-05,25326
16989,286,9,OUT,10,2023-08-27,1059
16990,3,17,OUT,81,2023-09-13,12234
16991,157,10,OUT,85,2023-10-17,14677
16992,160,30,IN,25,2023-07-10,
16993,186,1,IN,232,2024-10-21,
16994,302,27,OUT,205,2023-09-17,25152
16995,328,32,OUT,397,2023-08-14,24912
16996,232,12,IN,370,2024-03-11,
16997,55,28,OUT,2,2024-11-21,25878
16998,146,34,OUT,258,2023-02-28,29862
16999,65,19,IN,434,2023-01-31,
17000,294,8,OUT,66,2024-01-19,8282
17001,221,31,IN,363,2024-12-26,
17002,215,23,IN,257,2023-02-18,
17003,285,30,IN,330,2023-05-31,
17004,107,10,IN,484,2024-03-24,
17005,143,32,IN,215,2023-03-13,
17006,8888,888,OUT,0,2023-08-22,888888
17007,167,25,OUT,124,2023-10-06,25732
17008,207,7,OUT,1,2023-09-26,15021
17009,35,14,OUT,370,2024-04-05,20769
17010,337,19,OUT,363,2023-11-15,17747
17011,183,27,OUT,283,2023-09-08,4619
17012,302,18,IN,327,2024-05-01,
17013,222,16,OUT,234,2024-03-20,23731
17014,353,32,OUT,429,2024-04-16,29351
17015,167,34,OUT,204,2023-12-30,23047
17016,73,5,IN,152,2023-01-18,
17017,43,29,IN,389,2023-07-12,
17018,192,30,OUT,374,2023-02-16,16709
17019,18,4,IN,496,2023-04-05,
17020,33,16,OUT,2,2024-10-21,22968
17021,64,16,IN,494,2023-09-14,
17022,153,28,OUT,217,2024-08-12,22015
17023,108,32,IN,399,2024-05-06,
17024,253,15,OUT,298,2023-11-19,17333
17025,132,4,OUT,250,2024-02-11,23596
17026,217,11,OUT,251,2024-06-03,25892
17027,121,27,OUT,146,2023-12-24,5704
17028,147,25,OUT,175,2023-12-26,8967
17029,150,31,IN,99,2023-04-01,
17030,254,9,IN,469,2024-12-19,
17031,163,3,OUT,80,2024-05-16,27650
17032,195,32,OUT,333,2023-05-16,29039
17033,338,24,OUT,243,2023-10-19,9873
17034,232,35,OUT,71,2024-01-11,20587
17035,145,17,IN,281,2023-01-22,
17036,65,9,IN,22,2024-05-17,
17037,308,19,OUT,349,2024-09-19,23206
17038,100,28,IN,487,2024-10-16,
17039,253,16,OUT,465,2023-12-03,27725
17040,205,24,OUT,140,2023-11-14,8633
17041,293,6,OUT,311,2023-11-21,18515
17042,32,33,OUT,163,2023-09-16,9799
17043,134,28,OUT,493,2024-09-03,194
17044,283,30,OUT,401,2024-05-15,186
17045,178,11,OUT,436,2024-04-15,11267
17046,5,30,OUT,270,2023-07-11,12366
17047,172,24,IN,496,2024-04-02,
17048,70,13,IN,412,2023-09-02,
17049,248,6,IN,75,2024-12-28,
17050,103,22,OUT,149,2024-04-06,23463
17051,193,5,IN,399,2024-01-27,
17052,180,2,IN,128,2024-05-22,
17053,355,11,OUT,145,2024-11-11,28470
17054,302,22,OUT,314,2023-05-22,15051
17055,346,11,OUT,389,2023-04-30,7428
17056,220,17,IN,197,2024-07-13,
17057,275,3,OUT,432,2023-05-02,17729
17058,24,2,OUT,94,2023-07-11,22107
17059,308,5,OUT,300,2023-03-25,21724
17060,126,26,IN,444,2023-07-04,
17061,262,14,OUT,8,2024-06-21,6007
17062,214,9,OUT,499,2024-01-14,26147
17063,186,18,OUT,289,2023-07-31,26525
17064,250,5,IN,462,2023-12-25,
17065,339,18,IN,0,2024-11-09,
17066,326,2,OUT,403,2024-05-08,21745
17067,193,19,IN,108,2024-03-08,
17068,281,17,IN,334,2023-06-05,
17069,8888,888,IN,0,2024-10-06,
17070,76,19,OUT,360,2023-01-28,14591
17071,276,14,IN,85,2024-12-18,
17072,99,22,OUT,298,2023-09-17,27176
17073,352,34,OUT,102,2023-01-08,702
17074,202,7,OUT,370,2024-11-03,8260
17075,116,34,OUT,142,2023-08-11,18071
17076,190,32,IN,184,2023-07-16,
17077,144,3,IN,299,2024-08-04,
17078,302,23,OUT,441,2024-12-04,9901
17079,331,22,IN,491,2024-12-22,
17080,233,16,OUT,365,2023-08-30,10116
17081,227,16,OUT,5,2024-10-28,17995
17082,148,9,OUT,120,2023-11-20,4054
17083,105,25,IN,180,2024-11-25,
17084,247,1,OUT,69,2023-11-19,22620
17085,358,35,OUT,99,2023-09-17,10621
17086,295,17,OUT,401,2023-04-13,4053
17087,347,3,IN,482,2023-08-27,
17088,235,21,OUT,349,2024-10-03,6701
17089,173,28,IN,136,2023-10-23,
17090,101,33,IN,112,2024-01-15,
17091,191,35,OUT,129,2024-03-30,22168
17092,74,10,OUT,247,2024-01-14,8437
17093,57,22,OUT,421,2024-09-15,22993
17094,52,6,IN,405,2023-10-15,
17095,192,3,OUT,5,2023-06-16,3235
17096,220,24,IN,427,2023-03-16,
17097,149,24,OUT,97,2024-11-08,12460
17098,201,33,OUT,313,2023-01-10,12887
17099,21,33,IN,366,2024-01-28,
17100,78,21,OUT,223,2024-09-05,18684
17101,215,11,OUT,155,2024-12-27,29460
17102,337,5,OUT,103,2023-03-14,14217
17103,241,2,IN,439,2023-02-04,
17104,150,32,OUT,12,2023-07-26,14137
17105,208,23,IN,419,2024-05-06,
17106,358,27,OUT,475,2023-11-11,17767
17107,200,25,OUT,206,2024-07-19,9771
17108,355,34,IN,334,2024-06-03,
17109,358,16,OUT,169,2023-12-16,2548
17110,159,9,OUT,267,2023-07-01,8143
17111,249,30,OUT,412,2023-01-29,20504
17112,349,29,OUT,221,2023-09-18,23628
17113,266,21,IN,85,2024-03-26,
17114,330,22,OUT,382,2024-06-16,14128
17115,314,11,OUT,479,2024-03-12,20403
17116,61,5,IN,39,2023-05-31,
17117,192,26,IN,474,2024-11-10,
17118,222,15,IN,255,2023-05-30,
17119,16,21,OUT,363,2024-06-14,217
17120,322,30,IN,439,2023-05-14,
17121,133,32,OUT,124,2024-11-27,20656
17122,229,27,OUT,316,2023-07-20,25360
17123,57,20,OUT,442,2023-06-03,9620
17124,15,10,IN,459,2023-08-16,
17125,151,31,IN,336,2024-10-11,
17126,162,34,IN,324,2023-05-02,
17127,1,4,OUT,98,2024-03-30,12150
17128,49,19,IN,401,2023-01-09,
17129,246,32,IN,410,2023-08-26,
17130,138,13,OUT,41,2024-11-25,25315
17131,258,20,OUT,57,2023-02-25,7061
17132,244,7,OUT,445,2024-03-09,24965
17133,294,1,OUT,187,2023-06-08,13823
17134,58,23,OUT,165,2024-10-21,19449
17135,334,7,OUT,447,2024-04-25,15955
17136,162,33,OUT,228,2024-01-20,22460
17137,222,29,IN,420,2024-08-02,
17138,255,33,OUT,306,2024-08-10,26700
17139,312,29,IN,310,2024-05-17,
17140,211,21,OUT,94,2024-05-07,26432
17141,337,8,IN,369,2023-07-14,
17142,204,34,OUT,288,2024-11-11,22431
17143,141,12,IN,293,2024-11-01,
17144,286,32,IN,191,2023-08-24,
17145,245,20,OUT,452,2024-05-15,23269
17146,327,34,OUT,444,2024-04-04,26387
17147,48,9,IN,173,2024-03-26,
17148,5,9,IN,483,2023-03-16,
17149,345,25,IN,44,2024-08-18,
17150,199,16,IN,188,2024-12-09,
17151,315,34,OUT,328,2023-07-02,4761
17152,31,26,OUT,138,2024-05-26,21420
17153,179,1,IN,214,2024-12-19,
17154,293,9,IN,6,2023-09-09,
17155,324,30,OUT,458,2024-02-28,24272
17156,269,33,OUT,66,2023-11-29,21578
17157,41,20,IN,412,2024-02-18,
17158,334,14,OUT,55,2023-05-30,2102
17159,202,12,OUT,144,2023-03-18,21554
17160,66,33,IN,175,2023-03-02,
17161,285,12,IN,70,2024-08-06,
17162,206,22,OUT,446,2024-09-16,23002
17163,319,3,IN,350,2024-03-31,
17164,216,25,OUT,154,2024-04-11,25721
17165,43,22,IN,23,2024-05-16,
17166,214,11,OUT,359,2024-01-30,25956
17167,314,17,OUT,362,2024-12-06,15903
17168,342,23,IN,117,2023-08-19,
17169,283,23,IN,181,2023-09-20,
17170,282,34,OUT,362,2023-04-17,25797
17171,128,13,OUT,152,2023-10-07,6037
17172,314,17,IN,434,2024-07-21,
17173,85,28,OUT,432,2023-03-31,24517
17174,131,21,IN,134,2023-12-09,
17175,232,12,IN,283,2023-11-02,
17176,231,26,IN,498,2024-08-14,
17177,103,19,OUT,425,2023-12-10,6910
17178,91,11,OUT,408,2023-11-13,125
17179,185,26,IN,356,2024-05-03,
17180,241,3,IN,162,2024-10-09,
17181,8888,888,OUT,0,2023-09-16,888888
17182,292,35,IN,307,2023-04-16,
17183,204,6,IN,190,2024-11-13,
17184,334,28,IN,126,2024-12-27,
17185,280,9,OUT,377,2024-11-08,18797
17186,252,6,IN,379,2023-11-22,
17187,93,7,IN,488,2024-04-10,
17188,73,17,OUT,263,2023-12-02,1259
17189,141,2,IN,270,2024-04-27,
17190,100,34,OUT,122,2024-05-08,3523
17191,254,6,IN,403,2024-01-18,
17192,260,29,IN,100,2024-11-20,
17193,95,19,IN,196,2024-11-28,
17194,358,20,IN,352,2024-08-22,
17195,212,12,IN,483,2023-01-25,
17196,217,15,IN,177,2023-07-10,
17197,213,4,IN,398,2023-06-18,
17198,328,5,IN,439,2024-04-26,
17199,264,35,IN,178,2023-05-18,
17200,25,12,OUT,428,2024-07-19,586
17201,163,14,OUT,312,2024-06-29,20389
17202,227,31,IN,17,2024-12-05,
17203,216,4,OUT,247,2024-06-07,28368
17204,78,10,OUT,396,2023-04-03,4359
17205,233,29,OUT,235,2024-10-08,12826
17206,266,30,OUT,91,2024-06-02,6754
17207,190,30,IN,81,2024-03-01,
17208,50,34,OUT,122,2024-06-24,2094
17209,335,22,OUT,158,2023-07-23,10827
17210,139,27,IN,287,2023-03-18,
17211,55,30,OUT,152,2023-10-04,28583
17212,201,28,IN,418,2023-05-24,
17213,211,15,OUT,186,2024-08-09,281
17214,125,20,IN,98,2023-04-24,
17215,246,5,OUT,415,2023-02-13,2745
17216,99,21,IN,485,2024-04-13,
17217,167,4,OUT,324,2023-07-18,4511
17218,272,24,OUT,430,2023-09-17,19587
17219,17,9,OUT,23,2023-09-02,29761
17220,171,3,IN,322,2024-04-27,
17221,359,32,IN,385,2023-06-24,
17222,330,30,OUT,219,2023-04-20,19714
17223,31,2,OUT,260,2023-03-15,12998
17224,103,12,IN,45,2024-01-08,
17225,58,26,OUT,249,2024-04-01,16035
17226,308,13,OUT,356,2023-11-17,27543
17227,275,29,OUT,255,2024-03-05,3093
17228,153,32,IN,166,2023-05-04,
17229,124,2,OUT,372,2023-07-02,25683
17230,116,26,IN,325,2024-03-02,
17231,287,4,IN,128,2024-10-06,
17232,182,22,IN,354,2023-05-19,
17233,228,28,IN,142,2024-01-27,
17234,237,28,OUT,338,2023-02-09,26427
17235,134,5,IN,471,2023-12-02,
17236,350,22,OUT,338,2024-12-29,12507
17237,222,30,IN,20,2023-06-28,
17238,8888,888,OUT,0,2024-02-03,888888
17239,84,30,OUT,35,2023-05-27,16304
17240,291,4,IN,70,2024-02-22,
17241,1,15,OUT,268,2023-08-26,4655
17242,329,22,OUT,441,2024-01-05,23553
17243,66,1,IN,318,2024-01-18,
17244,31,26,OUT,342,2023-12-06,29970
17245,354,30,OUT,490,2024-06-02,2236
17246,336,21,IN,294,2024-05-27,
17247,9,28,OUT,84,2024-01-11,23156
17248,75,33,OUT,462,2024-10-11,18991
17249,219,9,IN,17,2023-04-11,
17250,276,23,OUT,369,2023-06-15,17019
17251,192,35,IN,479,2023-11-22,
17252,27,16,OUT,216,2024-06-24,10278
17253,150,17,IN,230,2024-03-05,
17254,359,26,IN,142,2024-08-31,
17255,60,35,IN,316,2024-10-04,
17256,130,15,IN,214,2024-08-07,
17257,18,15,OUT,244,2024-01-07,7286
17258,124,32,IN,268,2024-05-30,
17259,163,16,IN,262,2023-03-20,
17260,274,5,OUT,126,2023-11-04,13599
17261,295,2,OUT,304,2024-09-26,2497
17262,50,30,OUT,357,2023-12-03,16320
17263,148,13,OUT,225,2023-12-01,9699
17264,18,13,IN,336,2024-09-09,
17265,211,11,IN,380,2024-01-24,
17266,32,25,OUT,191,2023-03-16,8179
17267,67,31,IN,208,2024-05-11,
17268,22,21,IN,379,2024-11-03,
17269,204,4,IN,148,2023-04-22,
17270,213,12,OUT,467,2024-06-05,3096
17271,224,4,OUT,25,2023-06-22,5521
17272,177,28,OUT,11,2024-08-29,15382
17273,225,7,IN,358,2023-11-02,
17274,131,10,OUT,301,2024-05-20,21445
17275,175,14,IN,12,2023-08-17,
17276,312,6,OUT,89,2023-09-19,14926
17277,302,4,OUT,108,2023-12-29,27661
17278,136,13,IN,351,2023-06-22,
17279,156,27,OUT,498,2023-04-10,7779
17280,50,31,OUT,40,2023-10-22,28412
17281,106,29,IN,195,2023-10-25,
17282,199,18,IN,178,2024-12-15,
17283,312,31,OUT,291,2024-04-08,28628
17284,91,10,IN,273,2024-02-26,
17285,279,22,OUT,132,2023-04-17,10927
17286,273,8,OUT,182,2024-12-03,9432
17287,297,5,OUT,362,2024-06-12,21144
17288,151,8,OUT,128,2023-07-29,21698
17289,55,16,OUT,311,2024-04-19,7781
17290,141,23,OUT,275,2024-06-03,11032
17291,28,20,OUT,432,2024-08-16,23483
17292,196,15,OUT,262,2023-07-15,19197
17293,229,5,OUT,131,2023-04-10,2965
17294,56,2,IN,31,2024-10-24,
17295,299,35,IN,330,2024-11-21,
17296,222,15,OUT,448,2024-07-12,18229
17297,81,35,IN,26,2024-08-12,
17298,339,17,OUT,494,2023-02-04,17874
17299,159,25,IN,41,2023-08-27,
17300,252,29,IN,361,2024-02-13,
17301,172,21,OUT,41,2023-11-13,10588
17302,223,33,OUT,366,2023-11-03,5684
17303,148,24,IN,385,2024-02-04,
17304,12,34,IN,493,2023-12-27,
17305,159,9,IN,33,2024-08-19,
17306,124,22,OUT,88,2023-07-27,699
17307,213,24,OUT,396,2024-10-06,27686
17308,354,16,IN,26,2023-08-19,
17309,6,23,IN,108,2024-02-01,
17310,68,9,IN,476,2023-06-26,
17311,249,3,IN,251,2024-02-10,
17312,257,28,OUT,96,2024-12-30,8219
17313,307,8,IN,68,2024-07-05,
17314,353,17,OUT,182,2023-03-21,22323
17315,334,22,OUT,386,2023-05-01,17385
17316,305,29,OUT,210,2024-03-21,24596
17317,350,34,OUT,37,2023-03-17,14892
17318,271,35,IN,9,2023-01-25,
17319,327,33,IN,172,2024-05-21,
17320,238,9,OUT,5,2024-09-06,23758
17321,82,26,IN,175,2024-11-26,
17322,77,17,OUT,481,2024-05-23,24388
17323,75,17,OUT,44,2023-03-22,13112
17324,31,23,OUT,221,2023-12-01,22904
17325,186,7,OUT,488,2024-04-03,3866
17326,285,1,OUT,177,2023-09-01,15526
17327,276,35,OUT,337,2024-05-04,14830
17328,181,22,OUT,204,2023-10-17,26342
17329,173,9,OUT,255,2024-11-16,24513
17330,94,12,OUT,0,2023-11-07,25045
17331,160,28,OUT,120,2023-12-15,15817
17332,124,34,IN,201,2024-02-23,
17333,147,3,IN,318,2023-07-04,
17334,236,28,IN,77,2024-05-17,
17335,110,34,OUT,100,2024-03-11,3408
17336,274,5,OUT,174,2024-02-20,15017
17337,105,17,OUT,436,2023-10-17,546
17338,274,31,OUT,456,2023-04-24,29739
17339,30,11,IN,46,2024-12-08,
17340,16,24,IN,149,2024-09-24,
17341,49,11,IN,422,2024-04-07,
17342,64,20,IN,0,2023-08-17,
17343,220,14,OUT,123,2023-07-13,10836
17344,153,23,IN,147,2023-01-08,
17345,230,18,OUT,393,2024-05-15,13889
17346,107,26,OUT,202,2024-06-04,20530
17347,8888,888,OUT,0,2023-07-17,888888
17348,322,13,OUT,205,2023-10-28,20823
17349,236,26,OUT,64,2024-05-17,11945
17350,153,21,IN,286,2023-11-15,
17351,102,11,OUT,68,2024-02-01,5167
17352,163,21,OUT,327,2024-04-05,7180
17353,276,27,IN,340,2023-06-30,
17354,166,30,OUT,41,2024-06-29,2494
17355,215,9,IN,184,2023-04-26,
17356,77,31,OUT,0,2023-10-05,16839
17357,218,7,OUT,328,2023-01-21,4097
17358,30,14,IN,450,2024-11-09,
17359,156,31,OUT,383,2023-09-09,7905
17360,346,10,IN,94,2024-12-23,
17361,79,20,OUT,495,2023-04-30,17839
17362,67,34,IN,99,2024-12-30,
17363,291,12,OUT,485,2024-03-25,22457
17364,319,3,OUT,5,2024-12-12,15107
17365,22,5,OUT,425,2024-09-17,22488
17366,276,3,IN,402,2023-05-05,
17367,77,27,OUT,201,2024-07-11,13027
17368,250,26,OUT,330,2024-02-02,25893
17369,87,29,IN,39,2023-03-05,
17370,106,31,OUT,164,2023-02-07,6268
17371,254,16,IN,35,2023-08-11,
17372,150,24,OUT,119,2024-08-12,4526
17373,256,32,OUT,381,2024-02-10,13683
17374,103,29,OUT,354,2023-04-03,24885
17375,195,7,OUT,239,2023-10-29,10656
17376,78,35,IN,481,2023-05-11,
17377,289,18,IN,374,2023-05-04,
17378,246,14,IN,42,2024-01-17,
17379,210,20,OUT,113,2024-10-07,4947
17380,308,31,IN,461,2024-05-10,
17381,37,29,OUT,366,2024-06-15,17800
17382,251,24,IN,206,2023-08-31,
17383,260,32,IN,138,2024-09-11,
17384,323,10,IN,152,2024-02-13,
17385,239,9,IN,470,2024-06-27,
17386,329,18,IN,53,2023-11-23,
17387,357,32,IN,357,2023-06-17,
17388,255,21,IN,176,2024-05-28,
17389,212,1,OUT,22,2023-02-16,24459
17390,217,29,IN,494,2023-02-24,
17391,327,33,OUT,49,2024-03-03,14645
17392,99,13,OUT,13,2024-04-09,27953
17393,185,18,IN,216,2024-07-21,
17394,356,9,OUT,150,2024-07-29,144
17395,283,22,OUT,0,2024-01-06,21719
17396,214,35,OUT,73,2023-04-11,15041
17397,122,25,IN,146,2024-04-11,
17398,348,34,IN,90,2023-01-30,
17399,162,7,OUT,444,2023-04-22,2512
17400,114,1,OUT,384,2024-04-22,15016
17401,337,13,OUT,10,2024-08-22,20502
17402,157,3,OUT,369,2023-06-27,28759
17403,122,29,OUT,73,2024-06-18,24357
17404,81,14,OUT,72,2023-09-16,1537
17405,250,17,IN,175,2023-11-06,
17406,320,24,OUT,231,2024-12-10,2560
17407,102,16,OUT,40,2024-06-29,14743
17408,168,17,OUT,242,2024-05-20,6478
17409,115,18,IN,95,2024-12-24,
17410,173,21,OUT,476,2023-02-15,23127
17411,317,13,OUT,301,2023-06-27,3510
17412,127,19,OUT,32,2024-08-30,18833
17413,84,28,IN,197,2023-02-24,
17414,20,1,OUT,348,2023-05-12,26567
17415,176,20,OUT,0,2024-08-01,11869
17416,316,4,OUT,447,2024-10-30,28855
17417,357,32,OUT,443,2023-09-09,29904
17418,301,33,IN,303,2023-07-02,
17419,106,17,IN,54,2024-12-01,
17420,246,6,OUT,308,2023-01-04,9929
17421,333,14,IN,162,2023-06-26,
17422,319,30,OUT,242,2024-10-17,28894
17423,62,22,OUT,359,2023-09-20,2684
17424,14,3,IN,252,2023-03-23,
17425,163,17,OUT,354,2023-12-01,21778
17426,358,24,IN,35,2023-05-18,
17427,218,16,IN,470,2024-06-16,
17428,157,28,OUT,18,2024-11-22,7835
17429,338,6,OUT,175,2023-04-22,23736
17430,176,4,OUT,12,2023-08-13,4407
17431,204,15,OUT,500,2023-11-05,11658
17432,36,12,OUT,395,2024-12-31,7413
17433,99,2,OUT,56,2023-05-17,28243
17434,46,16,OUT,377,2024-12-27,970
17435,72,14,IN,475,2024-03-21,
17436,171,29,OUT,37,2024-04-07,13661
17437,114,18,IN,495,2023-03-28,
17438,342,4,OUT,381,2023-09-09,26750
17439,344,18,OUT,317,2024-06-07,418
17440,344,2,IN,429,2023-05-09,
17441,192,7,OUT,281,2023-06-24,27453
17442,95,24,OUT,338,2023-08-30,25740
17443,232,21,IN,337,2024-10-06,
17444,118,18,OUT,81,2023-08-29,24406
17445,159,29,IN,384,2024-04-18,
17446,49,31,IN,298,2024-12-14,
17447,163,5,OUT,376,2023-11-01,8373
17448,220,33,OUT,10,2023-01-24,2014
17449,29,26,IN,79,2024-05-26,
17450,39,8,IN,374,2023-11-12,
17451,78,15,IN,111,2023-12-31,
17452,100,12,IN,323,2023-01-23,
17453,55,29,IN,205,2023-04-26,
17454,218,12,OUT,284,2023-12-15,17482
17455,75,10,OUT,2,2023-06-30,11102
17456,5,24,OUT,114,2024-06-19,20991
17457,104,31,IN,451,2024-03-04,
17458,28,4,OUT,167,2024-07-02,21901
17459,166,15,OUT,446,2024-12-09,22249
17460,179,26,OUT,449,2024-03-15,16981
17461,325,3,OUT,109,2023-12-21,16312
17462,285,8,IN,210,2023-09-26,
17463,182,3,OUT,288,2024-08-26,5051
17464,233,13,OUT,202,2023-10-21,7365
17465,152,5,IN,429,2023-11-29,
17466,134,22,OUT,228,2023-05-21,24338
17467,44,35,IN,407,2024-11-07,
17468,161,19,IN,66,2024-05-30,
17469,262,5,OUT,172,2024-12-19,6148
17470,318,4,OUT,319,2024-05-09,18471
17471,69,25,IN,288,2024-01-19,
17472,40,34,OUT,327,2023-03-05,10142
17473,270,21,OUT,375,2024-06-01,15527
17474,115,32,IN,191,2023-09-06,
17475,303,22,OUT,123,2024-06-28,5705
17476,242,29,IN,268,2023-08-22,
17477,145,29,OUT,393,2023-05-06,8451
17478,28,10,IN,330,2023-08-28,
17479,179,6,IN,75,2023-11-10,
17480,219,4,IN,470,2024-08-21,
17481,11,2,OUT,160,2024-09-12,1545
17482,310,21,IN,415,2024-05-14,
17483,211,21,IN,308,2023-09-25,
17484,59,12,OUT,488,2024-04-26,29582
17485,184,31,OUT,50,2023-01-30,20861
17486,337,4,OUT,387,2023-09-18,3444
17487,340,31,OUT,243,2024-11-20,18969
17488,308,4,IN,356,2023-03-19,
17489,114,33,IN,302,2023-06-01,
17490,297,35,IN,238,2024-08-09,
17491,266,7,IN,471,2023-01-20,
17492,231,13,IN,165,2023-12-08,
17493,235,28,IN,338,2023-07-31,
17494,293,34,IN,313,2024-03-10,
17495,151,22,OUT,283,2024-09-13,39
17496,327,3,OUT,96,2024-03-08,21662
17497,130,30,OUT,214,2024-12-24,19213
17498,71,12,IN,92,2024-06-05,
17499,205,12,IN,353,2024-02-19,
17500,145,15,OUT,492,2023-06-17,13403
17501,142,27,OUT,231,2023-02-06,15862
17502,153,35,OUT,221,2024-03-23,19593
17503,322,35,OUT,438,2023-07-23,4461
17504,343,24,OUT,96,2023-09-28,8620
17505,111,11,OUT,86,2024-05-12,19530
17506,107,23,IN,198,2023-05-16,
17507,80,19,IN,253,2023-08-08,
17508,268,19,OUT,32,2024-09-24,16143
17509,91,4,IN,295,2023-08-29,
17510,242,16,OUT,200,2024-09-12,15776
17511,182,2,OUT,339,2024-08-29,8791
17512,234,32,OUT,149,2023-05-30,20278
17513,264,15,OUT,42,2023-08-11,16182
17514,24,29,OUT,153,2023-02-13,13583
17515,55,21,IN,413,2023-06-11,
17516,128,3,IN,94,2023-11-29,
17517,253,33,IN,183,2024-06-25,
17518,297,23,IN,119,2024-07-10,
17519,227,18,OUT,156,2023-11-04,17589
17520,115,10,OUT,307,2024-11-27,4320
17521,181,27,OUT,165,2024-05-19,25404
17522,173,24,IN,76,2023-10-13,
17523,149,18,IN,28,2023-04-30,
17524,17,23,IN,32,2024-09-30,
17525,186,14,OUT,229,2023-01-28,18823
17526,80,10,IN,190,2023-09-19,
17527,47,11,OUT,173,2024-08-29,6972
17528,297,28,OUT,68,2024-11-16,2503
17529,17,16,IN,425,2024-09-13,
17530,174,32,OUT,48,2023-06-10,5626
17531,9,3,IN,192,2023-04-10,
17532,214,21,OUT,74,2023-01-20,20
17533,171,8,IN,66,2024-12-16,
17534,358,17,OUT,492,2024-04-27,18838
17535,139,10,IN,300,2023-02-15,
17536,307,12,IN,66,2023-11-25,
17537,60,31,OUT,13,2024-02-17,16716
17538,267,30,IN,49,2023-01-07,
17539,5,29,IN,185,2023-06-04,
17540,318,10,OUT,73,2024-12-16,10662
17541,80,23,IN,230,2023-10-13,
17542,151,25,OUT,312,2023-12-24,7554
17543,198,29,OUT,500,2024-06-21,25416
17544,17,25,OUT,357,2024-02-09,29641
17545,348,8,OUT,270,2023-11-30,9727
17546,87,5,OUT,51,2023-04-26,10194
17547,19,30,IN,480,2024-04-08,
17548,161,1,IN,108,2023-04-27,
17549,8888,888,IN,0,2024-05-27,
17550,166,14,OUT,156,2023-10-15,21880
17551,17,27,OUT,347,2023-09-28,29298
17552,166,16,IN,373,2023-07-26,
17553,113,25,IN,359,2023-11-29,
17554,8888,888,OUT,0,2023-10-16,888888
17555,260,9,OUT,225,2024-05-23,22915
17556,149,11,OUT,285,2024-01-14,15677
17557,51,29,OUT,270,2024-06-12,15126
17558,202,14,OUT,171,2024-02-26,17231
17559,136,23,IN,438,2023-06-27,
17560,290,7,OUT,397,2023-10-29,27997
17561,309,11,OUT,82,2024-01-09,6505
17562,353,15,IN,98,2023-01-23,
17563,245,13,IN,128,2023-10-28,
17564,268,10,OUT,220,2023-07-26,17120
17565,295,20,OUT,136,2023-09-20,21506
17566,257,1,IN,346,2024-10-28,
17567,54,1,IN,135,2023-08-26,
17568,178,18,OUT,306,2024-06-02,29977
17569,262,29,IN,113,2023-04-28,
17570,209,32,OUT,243,2023-05-06,26854
17571,347,33,OUT,25,2024-09-14,16290
17572,57,16,IN,370,2023-02-27,
17573,249,18,IN,386,2023-04-07,
17574,116,28,IN,388,2023-03-06,
17575,286,5,IN,308,2024-07-03,
17576,1,29,OUT,250,2023-07-22,2067
17577,360,13,IN,266,2023-01-28,
17578,232,31,IN,413,2024-09-20,
17579,4,18,OUT,196,2024-12-19,14675
17580,208,25,IN,361,2023-06-03,
17581,37,24,OUT,32,2023-08-12,19917
17582,356,4,OUT,41,2024-01-14,6241
17583,18,17,OUT,75,2023-08-05,17310
17584,296,18,OUT,71,2023-06-01,10386
17585,21,32,OUT,237,2024-10-08,19380
17586,347,33,IN,115,2024-02-04,
17587,273,28,OUT,120,2023-05-13,12285
17588,331,32,OUT,284,2024-07-17,29726
17589,86,16,OUT,80,2023-09-14,8995
17590,261,17,OUT,482,2023-01-06,25187
17591,8888,888,IN,0,2024-06-09,
17592,296,30,OUT,95,2024-10-20,29932
17593,253,17,IN,424,2023-03-10,
17594,127,11,IN,3,2023-02-05,
17595,235,33,IN,254,2023-05-14,
17596,166,14,IN,187,2024-04-11,
17597,130,16,OUT,125,2024-04-17,16112
17598,126,16,OUT,242,2024-04-03,5292
17599,271,27,OUT,83,2023-04-15,7378
17600,90,30,OUT,455,2024-11-10,11864
17601,338,15,IN,177,2023-01-05,
17602,333,26,IN,365,2024-06-25,
17603,267,26,OUT,147,2024-04-22,1253
17604,335,15,OUT,304,2023-02-06,17330
17605,19,15,IN,209,2023-09-12,
17606,226,35,IN,329,2024-01-05,
17607,194,15,OUT,72,2024-11-27,3456
17608,294,28,OUT,337,2023-01-18,977
17609,61,27,OUT,30,2023-03-10,9542
17610,270,24,OUT,472,2023-10-27,11113
17611,122,14,OUT,285,2024-09-26,420
17612,146,3,IN,42,2023-03-29,
17613,173,35,OUT,142,2024-06-03,6475
17614,354,10,OUT,388,2023-03-19,16887
17615,214,11,IN,143,2023-02-21,
17616,276,5,OUT,170,2024-02-04,20352
17617,107,35,OUT,240,2024-07-28,28613
17618,176,26,OUT,174,2024-10-23,23456
17619,65,18,OUT,366,2024-06-26,21206
17620,321,26,OUT,393,2024-09-13,29549
17621,268,33,IN,332,2024-08-11,
17622,194,2,IN,299,2023-03-04,
17623,139,3,IN,375,2023-05-23,
17624,328,2,OUT,11,2024-10-04,15019
17625,8888,888,OUT,0,2024-05-12,888888
17626,189,31,OUT,278,2023-09-12,24383
17627,269,16,IN,8,2023-06-26,
17628,239,10,IN,336,2023-10-03,
17629,343,18,IN,210,2023-02-17,
17630,129,11,OUT,44,2024-07-17,9507
17631,265,35,OUT,19,2023-05-20,25748
17632,171,31,OUT,67,2023-11-26,21026
17633,306,21,IN,249,2024-02-07,
17634,38,32,IN,253,2023-02-08,
17635,55,31,OUT,260,2024-01-24,7508
17636,346,12,IN,54,2024-11-04,
17637,138,15,IN,62,2024-10-30,
17638,249,30,IN,360,2024-06-08,
17639,129,21,IN,346,2024-11-22,
17640,106,21,IN,141,2024-12-29,
17641,76,3,IN,284,2024-02-14,
17642,305,7,OUT,185,2023-02-11,3121
17643,324,15,OUT,165,2023-08-09,13063
17644,297,11,OUT,122,2023-05-01,24440
17645,7,13,IN,446,2024-05-14,
17646,217,23,IN,487,2024-05-13,
17647,130,2,OUT,435,2023-04-09,22228
17648,50,25,IN,144,2023-06-22,
17649,122,30,OUT,453,2023-02-16,22873
17650,333,24,OUT,324,2024-06-28,21158
17651,83,14,OUT,136,2024-04-12,19204
17652,76,7,IN,301,2024-10-16,
17653,116,1,IN,44,2024-09-15,
17654,99,34,OUT,467,2024-12-09,19322
17655,185,11,IN,112,2024-11-14,
17656,256,15,IN,284,2023-08-01,
17657,40,5,OUT,483,2023-12-29,29178
17658,86,8,IN,483,2023-04-06,
17659,47,34,IN,335,2024-03-27,
17660,137,16,OUT,191,2024-04-11,19930
17661,135,7,IN,129,2023-12-15,
17662,215,32,OUT,35,2023-06-23,21362
17663,231,18,OUT,35,2023-01-16,4836
17664,207,27,IN,219,2024-10-01,
17665,338,23,IN,281,2023-03-04,
17666,3,12,OUT,495,2023-12-27,20824
17667,8888,888,OUT,0,2024-03-27,888888
17668,98,19,OUT,336,2024-02-18,13010
17669,19,7,OUT,180,2023-10-27,17495
17670,153,26,OUT,223,2023-09-15,25051
17671,223,11,OUT,215,2024-06-11,4928
17672,104,22,IN,76,2023-10-17,
17673,284,6,OUT,120,2024-08-15,15279
17674,127,13,OUT,49,2024-03-12,19296
17675,268,5,OUT,395,2023-11-09,9758
17676,264,8,IN,233,2024-12-28,
17677,275,24,OUT,332,2023-03-04,29308
17678,52,34,IN,149,2024-01-19,
17679,202,29,OUT,295,2024-12-31,1905
17680,152,12,IN,182,2024-12-29,
17681,134,32,IN,270,2024-11-29,
17682,181,21,IN,360,2023-07-01,
17683,358,24,IN,478,2024-05-03,
17684,295,19,IN,301,2023-09-23,
17685,349,13,IN,418,2024-04-04,
17686,186,12,OUT,451,2024-02-27,27197
17687,96,34,OUT,288,2024-09-26,1957
17688,13,1,OUT,364,2024-06-21,21224
17689,8888,888,IN,0,2024-04-14,
17690,348,1,IN,336,2024-09-06,
17691,135,25,OUT,391,2023-07-08,23704
17692,301,7,IN,258,2024-04-13,
17693,97,21,OUT,161,2023-03-15,15145
17694,204,3,IN,26,2023-12-13,
17695,235,16,OUT,0,2024-07-06,25063
17696,283,27,OUT,104,2023-03-18,1178
17697,32,23,IN,50,2023-02-09,
17698,328,19,IN,253,2023-05-31,
17699,257,17,IN,99,2023-01-30,
17700,259,25,OUT,286,2023-04-24,4811
17701,19,28,IN,342,2023-03-29,
17702,352,10,IN,333,2024-06-04,
17703,14,15,IN,289,2024-03-24,
17704,63,35,OUT,382,2024-07-15,4524
17705,153,12,OUT,277,2023-06-05,22754
17706,68,33,IN,186,2023-12-21,
17707,1,9,IN,299,2023-07-28,
17708,133,35,OUT,105,2024-05-28,28663
17709,352,2,OUT,172,2023-11-28,25060
17710,108,18,IN,479,2023-01-15,
17711,315,31,OUT,101,2023-01-31,19119
17712,260,24,OUT,197,2024-10-11,6110
17713,48,20,OUT,437,2024-11-23,11017
17714,120,26,IN,117,2024-09-27,
17715,167,1,OUT,419,2023-10-23,29348
17716,226,9,IN,411,2023-10-06,
17717,80,29,OUT,140,2024-08-25,24181
17718,350,17,OUT,228,2023-11-04,20368
17719,149,33,OUT,24,2024-04-18,29735
17720,148,25,OUT,25,2024-03-21,3455
17721,130,19,IN,420,2024-10-06,
17722,10,6,OUT,267,2024-12-24,25072
17723,341,33,OUT,441,2023-02-21,28973
17724,272,16,OUT,145,2023-04-04,2199
17725,58,23,IN,460,2024-04-07,
17726,17,4,IN,350,2024-08-22,
17727,186,13,OUT,8,2024-07-20,5199
17728,323,27,IN,448,2024-08-15,
17729,97,24,OUT,168,2023-04-06,21792
17730,284,17,OUT,484,2024-05-20,25039
17731,205,32,IN,189,2023-03-17,
17732,169,10,OUT,5,2023-12-03,17785
17733,192,28,OUT,370,2023-09-08,16165
17734,198,22,OUT,219,2023-08-23,11075
17735,91,14,IN,361,2023-12-18,
17736,140,6,IN,336,2024-10-29,
17737,53,1,IN,405,2023-05-06,
17738,217,3,OUT,109,2024-09-10,23180
17739,204,33,IN,372,2024-12-04,
17740,259,14,OUT,413,2023-07-11,25657
17741,338,10,IN,126,2024-04-11,
17742,257,20,IN,285,2024-06-30,
17743,36,7,IN,237,2023-02-18,
17744,272,21,IN,206,2024-11-01,
17745,168,5,OUT,92,2023-03-03,12394
17746,81,17,OUT,13,2023-09-12,4351
17747,210,3,IN,125,2023-07-19,
17748,78,4,OUT,475,2023-06-18,2796
17749,161,8,OUT,173,2023-10-08,12936
17750,32,15,IN,113,2023-03-18,
17751,354,11,OUT,121,2023-09-24,1447
17752,276,25,IN,42,2023-04-02,
17753,358,11,OUT,437,2023-01-16,15347
17754,224,2,OUT,201,2023-09-17,49
17755,202,6,OUT,307,2023-11-20,26956
17756,202,22,OUT,402,2024-01-28,13694
17757,174,6,OUT,213,2024-08-19,22936
17758,38,21,IN,41,2023-09-04,
17759,8888,888,IN,0,2023-07-09,
17760,246,5,IN,163,2024-03-04,
17761,21,4,OUT,411,2024-05-18,6197
17762,30,35,IN,118,2023-06-03,
17763,8888,888,OUT,0,2024-01-18,888888
17764,286,28,OUT,156,2024-12-09,11265
17765,92,25,IN,495,2024-05-04,
17766,281,19,OUT,466,2024-06-13,26059
17767,260,18,IN,352,2024-12-24,
17768,51,19,OUT,104,2024-10-07,15484
17769,207,25,IN,56,2023-07-24,
17770,179,13,OUT,17,2023-10-28,6541
17771,143,25,OUT,244,2023-09-25,18941
17772,319,35,OUT,4,2024-09-20,5444
17773,29,8,OUT,244,2023-01-27,6962
17774,124,10,OUT,470,2024-08-31,25663
17775,315,20,IN,44,2023-06-27,
17776,306,32,OUT,59,2023-04-09,8104
17777,230,25,OUT,459,2023-01-14,19041
17778,219,1,OUT,51,2024-12-10,13311
17779,195,6,IN,31,2024-04-02,
17780,30,18,OUT,279,2023-12-08,6218
17781,61,17,OUT,437,2023-07-28,18284
17782,262,8,OUT,4,2023-12-16,16504
17783,62,2,OUT,161,2023-02-10,28089
17784,112,25,OUT,257,2023-04-21,6765
17785,174,33,OUT,132,2023-11-28,1499
17786,147,30,OUT,362,2024-08-24,26422
17787,209,33,OUT,252,2023-05-25,28267
17788,91,9,OUT,216,2023-12-25,27545
17789,221,20,OUT,371,2024-11-07,14066
17790,126,22,OUT,488,2024-11-10,23456
17791,123,7,IN,135,2024-10-20,
17792,58,31,IN,317,2023-06-18,
17793,84,20,IN,312,2024-02-29,
17794,18,31,IN,433,2023-10-14,
17795,247,23,OUT,254,2023-04-17,15962
17796,43,23,IN,72,2023-04-19,
17797,355,23,IN,286,2024-03-22,
17798,52,1,OUT,255,2024-06-28,25698
17799,75,9,OUT,93,2024-09-28,25382
17800,112,10,OUT,240,2024-04-02,6246
17801,306,17,OUT,49,2024-01-23,19566
17802,236,35,OUT,419,2024-01-12,23042
17803,353,34,OUT,6,2024-10-16,8602
17804,154,26,OUT,43,2023-08-02,26998
17805,114,28,OUT,305,2024-08-05,2685
17806,69,35,OUT,214,2023-10-29,1867
17807,17,14,IN,151,2023-05-09,
17808,107,35,IN,29,2024-12-03,
17809,277,25,IN,95,2024-02-01,
17810,124,3,OUT,449,2023-01-03,22849
17811,209,30,OUT,249,2024-12-16,20402
17812,227,6,IN,422,2024-02-01,
17813,216,1,OUT,275,2023-03-23,21513
17814,237,12,OUT,247,2024-03-02,24826
17815,99,27,OUT,353,2023-02-26,6547
17816,104,34,IN,156,2024-11-12,
17817,185,10,OUT,285,2024-08-24,21392
17818,271,15,OUT,479,2023-03-17,7028
17819,267,24,OUT,468,2023-06-04,10008
17820,248,32,OUT,155,2023-05-12,24637
17821,171,19,IN,397,2024-08-26,
17822,154,22,OUT,352,2024-07-31,27553
17823,207,31,OUT,361,2024-09-29,11859
17824,309,33,OUT,166,2024-08-26,4584
17825,139,34,IN,15,2024-02-16,
17826,72,33,OUT,396,2023-02-02,29207
17827,101,22,OUT,399,2024-10-27,11288
17828,90,14,IN,282,2023-09-16,
17829,321,24,OUT,303,2023-02-08,3321
17830,38,9,OUT,107,2024-09-19,9509
17831,41,34,OUT,89,2024-05-18,16827
17832,243,26,OUT,160,2023-05-21,29781
17833,340,8,IN,69,2024-03-20,
17834,66,7,OUT,420,2023-09-17,14232
17835,129,28,OUT,368,2024-06-11,20385
17836,44,4,OUT,451,2024-12-01,3070
17837,2,27,OUT,399,2024-08-20,2551
17838,225,34,IN,307,2023-12-25,
17839,8888,888,OUT,0,2024-05-18,888888
17840,7,32,OUT,206,2024-08-22,972
17841,273,21,IN,175,2023-02-20,
17842,136,14,IN,475,2024-08-04,
17843,8888,888,OUT,0,2024-01-04,888888
17844,279,34,OUT,217,2024-03-06,28109
17845,117,5,IN,115,2024-04-25,
17846,8,21,OUT,383,2024-04-28,8732
17847,35,6,IN,401,2024-05-20,
17848,57,27,OUT,369,2024-08-17,11608
17849,165,21,IN,189,2023-09-08,
17850,250,17,IN,20,2024-07-21,
17851,350,12,OUT,341,2023-01-09,4496
17852,25,20,OUT,154,2023-05-26,1278
17853,211,17,IN,115,2023-04-10,
17854,278,7,OUT,489,2024-01-28,13609
17855,130,18,OUT,442,2024-08-09,2630
17856,29,13,IN,423,2024-02-12,
17857,107,30,IN,310,2024-02-02,
17858,245,16,OUT,418,2023-02-15,16607
17859,332,21,IN,368,2023-08-13,
17860,261,23,IN,440,2024-01-20,
17861,295,17,OUT,277,2024-03-25,29841
17862,164,23,IN,220,2024-02-04,
17863,228,31,IN,490,2023-06-28,
17864,63,24,IN,62,2024-04-04,
17865,269,7,IN,30,2024-02-20,
17866,50,18,OUT,312,2023-07-27,389
17867,235,6,OUT,5,2023-07-30,1251
17868,24,27,IN,465,2023-02-10,
17869,155,16,OUT,428,2024-10-03,8848
17870,323,32,OUT,38,2023-10-05,18188
17871,94,19,IN,407,2024-04-14,
17872,319,1,IN,296,2024-03-22,
17873,3,22,IN,64,2023-09-03,
17874,243,31,IN,240,2023-11-17,
17875,164,25,OUT,158,2023-11-13,8531
17876,248,28,OUT,328,2023-07-11,5191
17877,109,35,IN,287,2024-03-31,
17878,174,33,IN,358,2024-10-14,
17879,180,1,OUT,427,2024-11-11,14933
17880,297,9,OUT,231,2024-04-18,14158
17881,179,25,OUT,268,2024-05-21,28651
17882,299,21,IN,352,2024-01-02,
17883,136,16,IN,291,2023-08-12,
17884,219,34,OUT,353,2023-09-11,24243
17885,334,23,OUT,335,2024-02-06,25264
17886,8888,888,IN,0,2024-12-19,
17887,153,20,IN,172,2023-01-10,
17888,37,13,OUT,475,2023-09-16,875
17889,99,12,OUT,479,2023-02-11,24537
17890,168,31,OUT,347,2023-03-09,29303
17891,230,2,IN,437,2024-04-30,
17892,221,21,IN,318,2024-01-09,
17893,112,2,OUT,227,2024-06-03,25488
17894,147,19,IN,193,2024-04-23,
17895,318,34,OUT,21,2024-10-10,19120
17896,131,4,OUT,367,2024-01-07,2988
17897,130,23,IN,467,2023-09-07,
17898,254,7,OUT,223,2024-04-20,20243
17899,350,16,OUT,98,2024-07-17,23113
17900,132,26,OUT,222,2023-07-15,16992
17901,65,29,IN,88,2023-11-10,
17902,343,28,IN,332,2024-11-04,
17903,314,32,OUT,493,2024-11-10,23042
17904,349,6,IN,177,2024-04-20,
17905,262,9,OUT,18,2024-12-19,24844
17906,61,30,OUT,285,2023-02-12,10012
17907,245,7,IN,272,2023-05-11,
17908,103,14,OUT,158,2023-01-17,22975
17909,125,3,OUT,299,2024-03-29,27922
17910,237,34,OUT,57,2024-01-30,22239
17911,57,3,IN,280,2023-06-20,
17912,350,14,OUT,314,2024-09-13,26941
17913,204,32,IN,186,2024-08-12,
17914,247,23,IN,60,2024-06-14,
17915,57,3,OUT,120,2023-04-15,8148
17916,296,25,OUT,475,2023-08-21,23692
17917,200,28,IN,342,2024-03-30,
17918,349,25,IN,4,2024-12-16,
17919,321,22,IN,489,2024-06-24,
17920,149,4,IN,212,2024-08-31,
17921,3,5,IN,149,2023-07-23,
17922,310,12,IN,31,2024-11-11,
17923,6,2,OUT,296,2024-06-12,22386
17924,177,11,IN,107,2024-05-16,
17925,118,6,OUT,248,2024-05-02,22609
17926,217,25,OUT,114,2023-01-19,7724
17927,145,22,OUT,100,2023-09-27,14157
17928,252,27,IN,362,2024-12-23,
17929,345,31,IN,140,2024-01-24,
17930,222,28,OUT,155,2023-12-04,10263
17931,180,12,IN,195,2024-03-17,
17932,155,28,IN,22,2023-12-07,
17933,127,34,OUT,405,2024-12-19,16481
17934,320,26,OUT,440,2023-10-21,22762
17935,163,14,IN,31,2023-06-10,
17936,25,28,IN,199,2024-10-15,
17937,165,5,IN,195,2024-04-07,
17938,14,11,IN,429,2023-12-27,
17939,253,6,IN,445,2024-05-15,
17940,275,2,IN,465,2023-10-28,
17941,75,1,IN,232,2024-04-01,
17942,256,10,OUT,95,2024-12-15,22092
17943,360,31,IN,19,2023-02-19,
17944,60,3,IN,397,2023-04-01,
17945,222,35,OUT,476,2023-01-02,19141
17946,181,32,IN,495,2023-06-10,
17947,126,34,OUT,355,2024-11-28,2840
17948,190,12,OUT,383,2024-04-13,4617
17949,93,1,IN,295,2024-06-13,
17950,125,21,OUT,210,2023-10-31,9673
17951,220,27,OUT,437,2024-03-18,23181
17952,101,20,IN,272,2023-01-08,
17953,203,15,OUT,250,2023-09-30,15278
17954,194,1,IN,458,2023-08-07,
17955,124,2,OUT,103,2024-08-05,17956
17956,323,5,OUT,409,2023-01-13,8324
17957,127,13,OUT,232,2024-10-08,22712
17958,9,20,IN,439,2024-05-14,
17959,308,18,OUT,97,2024-08-31,22845
17960,121,8,IN,28,2024-06-25,
17961,345,24,OUT,47,2024-02-22,17544
17962,223,19,IN,371,2024-06-27,
17963,178,29,IN,113,2023-04-27,
17964,36,32,IN,424,2024-10-13,
17965,287,15,IN,379,2024-01-20,
17966,268,21,OUT,486,2023-06-13,5356
17967,280,17,IN,73,2023-09-13,
17968,344,2,IN,172,2024-05-18,
17969,355,1,IN,470,2023-12-16,
17970,275,22,OUT,477,2024-05-19,29745
17971,57,24,OUT,302,2023-10-04,25903
17972,90,4,OUT,346,2024-07-28,8767
17973,298,13,OUT,371,2023-01-03,13835
17974,300,25,OUT,109,2024-05-02,2255
17975,286,2,IN,142,2024-12-16,
17976,100,14,IN,384,2024-03-02,
17977,317,9,IN,394,2024-01-21,
17978,43,26,OUT,466,2024-06-22,3092
17979,256,1,OUT,78,2024-02-18,3198
17980,19,26,OUT,0,2023-01-13,21872
17981,112,9,OUT,354,2023-10-04,1976
17982,35,30,OUT,221,2024-03-08,13917
17983,2,34,IN,17,2024-07-10,
17984,84,14,OUT,202,2024-05-29,7577
17985,235,10,IN,296,2024-08-23,
17986,25,26,IN,15,2024-07-24,
17987,74,11,OUT,329,2023-12-18,20323
17988,120,16,OUT,177,2023-09-13,16004
17989,126,32,IN,326,2024-11-22,
17990,34,8,IN,256,2024-01-13,
17991,343,31,OUT,215,2024-01-27,27679
17992,67,26,OUT,483,2024-10-13,573
17993,184,26,IN,73,2023-09-13,
17994,314,23,IN,245,2023-10-28,
17995,300,5,IN,44,2024-06-22,
17996,219,33,OUT,418,2023-11-13,26783
17997,309,25,IN,149,2023-01-01,
17998,359,18,OUT,64,2023-08-09,14135
17999,8888,888,IN,0,2023-02-15,
18000,355,22,OUT,245,2023-01-05,14571
18001,167,5,IN,100,2023-11-27,
18002,74,13,OUT,446,2024-03-02,13349
18003,4,11,OUT,82,2024-12-15,14058
18004,313,6,OUT,229,2024-07-04,25210
18005,325,7,OUT,156,2024-01-16,16253
18006,37,11,OUT,428,2024-03-12,24032
18007,107,24,OUT,122,2024-07-25,19195
18008,145,10,OUT,473,2023-07-25,19929
18009,161,4,IN,464,2024-12-14,
18010,171,2,OUT,136,2023-02-28,8624
18011,172,33,OUT,196,2023-03-01,4478
18012,242,9,IN,55,2024-03-07,
18013,221,14,OUT,46,2023-11-01,19338
18014,345,24,OUT,216,2023-03-26,5870
18015,327,23,OUT,338,2024-04-26,23073
18016,280,16,OUT,151,2024-07-18,17581
18017,114,23,OUT,267,2023-04-09,13540
18018,140,30,IN,82,2023-07-12,
18019,351,5,OUT,321,2024-09-06,28747
18020,62,28,OUT,193,2023-08-25,11988
18021,297,21,OUT,247,2023-11-27,23867
18022,232,9,OUT,190,2023-01-28,25173
18023,161,31,OUT,305,2023-02-09,29786
18024,120,13,IN,267,2023-05-01,
18025,314,34,OUT,144,2023-10-28,15955
18026,226,33,IN,3,2023-02-16,
18027,91,5,IN,78,2023-01-11,
18028,233,24,OUT,69,2023-10-27,24730
18029,193,20,IN,182,2024-12-29,
18030,78,14,IN,500,2023-07-22,
18031,8888,888,IN,0,2024-07-22,
18032,82,34,OUT,308,2023-07-16,27636
18033,274,9,OUT,94,2023-05-24,11659
18034,99,12,IN,379,2023-03-07,
18035,157,35,OUT,266,2024-07-29,1375
18036,131,19,OUT,313,2023-08-21,29176
18037,136,27,OUT,27,2023-08-27,14705
18038,324,29,IN,454,2023-11-12,
18039,14,13,OUT,60,2024-05-01,22222
18040,332,26,IN,417,2023-01-05,
18041,264,19,OUT,276,2023-02-06,23670
18042,190,15,OUT,385,2024-01-22,29416
18043,291,5,IN,408,2023-05-20,
18044,288,12,OUT,234,2023-06-09,19356
18045,40,24,IN,422,2024-05-15,
18046,67,28,OUT,378,2023-08-03,19285
18047,6,35,OUT,170,2023-06-25,2904
18048,130,2,IN,164,2024-04-02,
18049,360,13,OUT,53,2024-05-27,2940
18050,50,29,OUT,216,2023-07-01,16606
18051,15,29,OUT,421,2024-11-18,16902
18052,302,3,IN,28,2024-06-17,
18053,191,23,IN,110,2024-11-15,
18054,41,26,OUT,382,2024-08-09,2710
18055,283,13,OUT,229,2024-06-29,24600
18056,189,11,IN,243,2024-01-14,
18057,180,3,IN,68,2023-04-29,
18058,185,13,OUT,214,2024-12-01,22146
18059,180,19,OUT,166,2024-03-31,8597
18060,247,21,OUT,0,2024-01-06,7889
18061,221,8,IN,329,2024-08-10,
18062,1,3,OUT,235,2024-07-11,7398
18063,185,16,OUT,497,2024-10-05,15452
18064,58,32,IN,492,2023-02-07,
18065,201,1,IN,33,2024-03-26,
18066,266,17,OUT,207,2023-07-13,28506
18067,323,27,OUT,375,2023-06-05,4312
18068,341,2,IN,250,2024-02-17,
18069,75,4,IN,95,2023-11-28,
18070,254,35,OUT,130,2024-02-20,27401
18071,285,27,OUT,72,2023-08-29,20277
18072,100,11,OUT,436,2024-12-12,14789
18073,333,16,IN,413,2024-02-24,
18074,269,28,IN,440,2024-11-24,
18075,46,28,OUT,162,2023-01-05,20442
18076,8888,888,IN,0,2023-03-22,
18077,279,17,OUT,352,2023-01-15,21953
18078,10,34,OUT,489,2023-11-24,10909
18079,311,13,OUT,336,2023-12-24,7456
18080,79,30,OUT,288,2024-11-18,905
18081,42,1,IN,49,2024-07-21,
18082,50,21,OUT,42,2023-11-05,29516
18083,126,30,IN,281,2024-09-20,
18084,60,22,OUT,112,2024-03-22,15661
18085,311,2,OUT,275,2023-07-04,16005
18086,8888,888,IN,0,2023-09-07,
18087,360,31,OUT,394,2023-01-11,22293
18088,83,4,IN,294,2023-09-26,
18089,116,35,IN,297,2023-07-10,
18090,283,17,OUT,61,2024-09-01,17705
18091,313,15,OUT,84,2023-10-24,15375
18092,257,21,IN,223,2024-07-26,
18093,124,30,OUT,124,2023-05-07,1763
18094,70,17,OUT,250,2024-01-22,22533
18095,206,26,IN,127,2024-08-09,
18096,77,8,IN,328,2023-12-14,
18097,263,13,IN,367,2024-03-22,
18098,106,12,OUT,364,2023-01-20,5995
18099,42,5,OUT,3,2023-11-27,8367
18100,20,32,IN,407,2024-07-24,
18101,215,10,IN,117,2023-01-22,
18102,351,8,OUT,80,2024-10-19,27205
18103,219,27,IN,433,2024-11-23,
18104,156,35,IN,187,2023-10-10,
18105,88,5,IN,447,2024-01-22,
18106,110,10,IN,103,2023-04-19,
18107,318,14,IN,103,2023-02-14,
18108,107,4,OUT,492,2023-01-04,6853
18109,37,35,OUT,429,2023-07-14,23155
18110,99,9,IN,91,2024-12-23,
18111,57,30,OUT,264,2024-11-10,20610
18112,119,32,IN,64,2023-09-14,
18113,328,17,OUT,269,2023-12-18,28070
18114,108,24,OUT,331,2024-12-05,5648
18115,146,6,OUT,16,2023-11-19,14846
18116,141,28,OUT,492,2024-01-20,417
18117,238,10,OUT,361,2023-03-12,22627
18118,348,35,OUT,97,2023-04-22,11436
18119,223,30,IN,144,2024-11-23,
18120,20,8,IN,315,2024-08-23,
18121,64,22,OUT,165,2023-12-12,17159
18122,136,3,OUT,383,2023-03-07,2305
18123,5,23,OUT,144,2024-03-20,6469
18124,22,28,IN,280,2024-03-12,
18125,222,24,OUT,208,2024-01-16,17071
18126,199,11,IN,114,2023-07-20,
18127,242,19,OUT,182,2024-12-03,9663
18128,153,22,IN,107,2024-02-18,
18129,279,1,OUT,248,2023-03-14,15347
18130,215,28,OUT,273,2023-08-15,17786
18131,71,26,IN,265,2024-10-12,
18132,139,1,IN,336,2024-04-02,
18133,35,9,OUT,406,2023-05-09,17789
18134,223,8,OUT,0,2024-08-26,15815
18135,166,4,OUT,433,2024-04-18,15320
18136,105,7,OUT,34,2024-05-13,4407
18137,10,33,IN,289,2024-10-23,
18138,226,16,IN,500,2023-08-08,
18139,265,9,IN,110,2023-10-30,
18140,150,19,IN,456,2024-10-26,
18141,312,32,OUT,160,2023-08-13,15265
18142,185,33,IN,234,2023-01-25,
18143,151,30,OUT,410,2024-03-04,29840
18144,236,19,IN,447,2024-10-17,
18145,319,12,OUT,418,2023-07-27,26140
18146,299,19,OUT,165,2024-01-26,496
18147,150,14,OUT,0,2024-10-27,3002
18148,335,17,IN,94,2024-10-29,
18149,142,8,IN,191,2024-10-15,
18150,31,2,IN,101,2024-11-12,
18151,225,31,IN,94,2024-11-28,
18152,33,27,OUT,487,2024-08-14,3126
18153,165,35,OUT,115,2023-04-01,28784
18154,2,22,OUT,164,2023-10-08,5625
18155,282,28,OUT,312,2024-12-29,8212
18156,143,28,IN,244,2024-10-16,
18157,107,20,OUT,85,2024-09-16,25955
18158,320,17,OUT,204,2023-08-15,11238
18159,325,10,IN,171,2024-07-04,
18160,78,19,IN,262,2023-07-08,
18161,335,13,IN,145,2024-05-10,
18162,261,7,OUT,0,2024-01-20,5068
18163,167,28,IN,259,2023-04-25,
18164,327,10,IN,179,2023-05-22,
18165,40,22,IN,234,2024-10-03,
18166,155,15,OUT,86,2023-11-22,18493
18167,59,13,IN,407,2023-04-13,
18168,190,3,IN,56,2024-08-10,
18169,311,19,OUT,204,2023-05-23,29073
18170,311,17,IN,127,2024-12-23,
18171,34,15,IN,280,2023-03-16,
18172,260,5,IN,388,2023-04-13,
18173,356,2,OUT,496,2023-11-27,29524
18174,333,12,IN,339,2023-04-18,
18175,98,21,OUT,391,2024-01-24,10016
18176,46,1,IN,164,2023-08-16,
18177,40,29,OUT,368,2023-11-20,11754
18178,180,20,OUT,389,2024-02-13,29747
18179,231,27,IN,348,2023-06-13,
18180,138,23,OUT,243,2024-04-29,10177
18181,237,4,OUT,221,2024-11-01,21153
18182,137,1,IN,344,2023-10-08,
18183,98,15,IN,132,2024-08-22,
18184,170,31,IN,276,2023-05-03,
18185,338,16,IN,429,2023-01-21,
18186,170,29,IN,379,2023-08-16,
18187,280,26,IN,126,2023-12-24,
18188,317,6,OUT,118,2023-09-02,12149
18189,91,28,OUT,4,2023-08-11,6988
18190,82,33,IN,229,2023-07-25,
18191,251,16,IN,437,2024-12-25,
18192,8888,888,OUT,0,2023-05-17,888888
18193,55,10,IN,19,2024-10-18,
18194,175,28,OUT,304,2023-05-26,22596
18195,262,3,IN,406,2024-09-09,
18196,137,21,OUT,450,2023-02-06,4063
18197,325,11,OUT,206,2023-06-20,8659
18198,296,23,OUT,82,2024-11-27,28234
18199,86,34,IN,280,2023-01-26,
18200,292,27,OUT,266,2023-10-28,988
18201,252,32,OUT,327,2024-04-21,20529
18202,234,17,OUT,62,2024-06-04,18834
18203,216,7,IN,181,2024-01-18,
18204,237,28,OUT,382,2024-01-28,5564
18205,155,7,IN,479,2023-09-20,
18206,296,18,OUT,169,2024-12-29,26706
18207,186,24,OUT,187,2024-04-16,1192
18208,241,22,IN,349,2023-12-03,
18209,4,20,OUT,302,2024-03-23,28753
18210,211,16,OUT,149,2024-11-29,21186
18211,280,12,OUT,113,2024-08-07,28002
18212,333,7,OUT,426,2024-01-19,8563
18213,360,2,IN,60,2024-09-28,
18214,273,3,OUT,261,2024-11-28,14354
18215,222,10,OUT,134,2024-10-18,6723
18216,264,8,OUT,316,2023-04-03,7931
18217,196,22,OUT,415,2024-01-25,25157
18218,8888,888,IN,0,2024-04-30,
18219,153,7,IN,267,2023-10-03,
18220,168,29,IN,410,2024-08-26,
18221,302,9,IN,394,2024-07-25,
18222,75,23,OUT,334,2023-06-16,14450
18223,192,26,IN,290,2023-07-01,
18224,253,7,IN,269,2023-08-11,
18225,79,8,IN,453,2023-06-23,
18226,276,6,OUT,267,2023-11-06,17882
18227,54,33,IN,57,2023-09-14,
18228,343,33,IN,154,2023-05-08,
18229,162,15,OUT,413,2024-01-31,22742
18230,313,6,OUT,235,2023-01-04,6022
18231,250,18,IN,340,2023-04-13,
18232,164,35,IN,349,2024-08-30,
18233,199,17,OUT,461,2024-07-22,26147
18234,264,12,IN,177,2023-05-29,
18235,117,33,OUT,488,2023-08-25,27219
18236,84,24,IN,234,2024-12-23,
18237,325,12,IN,14,2023-12-16,
18238,60,23,IN,230,2023-03-12,
18239,94,26,OUT,296,2023-06-17,14497
18240,345,33,IN,443,2024-07-01,
18241,62,18,IN,177,2023-01-16,
18242,166,28,IN,19,2024-03-02,
18243,66,15,OUT,398,2023-05-28,3894
18244,256,23,IN,334,2023-08-21,
18245,279,15,OUT,203,2023-11-17,18975
18246,4,34,IN,141,2024-07-05,
18247,105,15,OUT,267,2024-11-29,20333
18248,278,9,OUT,16,2023-10-04,17340
18249,241,10,OUT,45,2024-10-30,25157
18250,13,34,IN,152,2023-04-11,
18251,359,22,OUT,106,2024-06-06,7482
18252,288,12,IN,268,2023-09-28,
18253,317,32,OUT,412,2023-05-14,12978
18254,87,15,IN,480,2023-01-05,
18255,241,24,OUT,201,2024-12-26,8990
18256,75,19,OUT,423,2023-05-31,10611
18257,132,22,IN,185,2024-07-05,
18258,204,24,IN,188,2024-02-11,
18259,227,8,OUT,278,2023-08-16,10254
18260,22,33,OUT,326,2023-03-14,11888
18261,346,35,OUT,316,2023-09-21,29063
18262,195,31,IN,201,2024-09-30,
18263,304,25,OUT,213,2024-06-03,12346
18264,130,7,IN,188,2024-09-11,
18265,16,30,OUT,113,2023-04-20,17499
18266,171,16,OUT,384,2024-12-30,24312
18267,14,25,IN,39,2024-12-03,
18268,331,1,IN,166,2024-01-09,
18269,203,29,OUT,60,2023-07-05,23939
18270,24,31,OUT,13,2024-11-03,5940
18271,210,33,OUT,168,2023-09-23,14343
18272,124,23,OUT,169,2023-03-18,26325
18273,237,10,OUT,414,2023-06-19,23542
18274,292,7,OUT,90,2024-08-11,15865
18275,117,33,OUT,30,2023-10-08,11689
18276,309,7,OUT,93,2024-07-19,28026
18277,8888,888,IN,0,2023-10-29,
18278,33,12,IN,18,2024-04-12,
18279,172,29,OUT,317,2024-02-09,172
18280,45,3,OUT,291,2024-09-04,29289
18281,124,20,OUT,169,2024-04-13,27671
18282,275,25,OUT,216,2023-08-23,24861
18283,146,27,IN,260,2024-03-12,
18284,180,32,OUT,108,2023-11-04,2111
18285,350,1,IN,437,2023-07-16,
18286,259,35,OUT,433,2023-06-08,5869
18287,344,29,OUT,103,2023-08-27,8499
18288,98,3,IN,470,2024-07-26,
18289,219,23,OUT,249,2024-07-14,29656
18290,297,35,OUT,198,2023-01-30,23617
18291,355,30,OUT,17,2024-12-20,8417
18292,48,2,OUT,410,2023-02-28,19547
18293,164,1,IN,35,2024-11-30,
18294,86,23,IN,80,2024-03-29,
18295,99,8,IN,46,2023-08-17,
18296,93,30,OUT,485,2024-03-06,25750
18297,8888,888,IN,0,2024-10-02,
18298,327,21,IN,35,2023-05-24,
18299,170,31,OUT,10,2023-05-17,16411
18300,319,1,OUT,93,2024-06-16,20786
18301,159,4,IN,304,2023-12-12,
18302,313,28,IN,460,2024-06-11,
18303,197,19,OUT,334,2024-01-16,19382
18304,352,9,OUT,226,2023-09-09,23400
18305,320,5,OUT,485,2023-02-28,29751
18306,8,7,OUT,336,2023-07-09,14660
18307,103,16,OUT,497,2023-11-16,20832
18308,226,19,IN,32,2023-08-08,
18309,269,10,IN,66,2024-09-25,
18310,12,8,OUT,254,2023-02-11,29668
18311,297,23,OUT,378,2024-09-28,26787
18312,84,7,IN,149,2024-09-19,
18313,220,1,OUT,82,2024-11-16,12419
18314,84,23,IN,450,2024-11-28,
18315,272,23,OUT,222,2024-06-19,17751
18316,97,10,OUT,169,2023-03-23,16324
18317,224,28,IN,186,2024-11-19,
18318,304,25,OUT,312,2024-08-14,21056
18319,45,19,OUT,23,2023-04-29,11790
18320,58,22,OUT,119,2023-12-31,27407
18321,41,11,OUT,229,2023-01-20,18144
18322,148,9,OUT,149,2023-10-03,12690
18323,310,31,IN,188,2023-07-10,
18324,355,27,IN,39,2023-04-22,
18325,323,31,OUT,327,2023-07-16,15760
18326,356,23,OUT,358,2023-08-04,866
18327,11,9,IN,287,2023-01-27,
18328,213,21,OUT,146,2024-05-03,17398
18329,324,21,IN,435,2024-02-20,
18330,227,28,OUT,456,2024-12-07,2685
18331,286,4,OUT,6,2023-10-01,9068
18332,118,8,OUT,204,2024-11-21,6550
18333,8888,888,OUT,0,2023-03-12,888888
18334,51,21,IN,246,2024-03-26,
18335,116,31,IN,282,2023-01-22,
18336,146,28,IN,436,2023-04-01,
18337,269,15,IN,21,2023-03-03,
18338,65,26,IN,380,2023-10-20,
18339,3,31,OUT,135,2023-02-12,5688
18340,216,17,IN,241,2024-07-07,
18341,116,5,IN,109,2023-02-19,
18342,258,20,OUT,189,2024-05-30,22142
18343,292,19,OUT,304,2023-12-03,17022
18344,7,30,IN,323,2023-03-24,
18345,264,12,OUT,348,2023-01-31,11938
18346,127,31,OUT,210,2024-01-20,12751
18347,241,17,OUT,253,2024-07-24,5133
18348,344,25,IN,40,2023-05-20,
18349,47,7,IN,322,2023-03-20,
18350,39,3,OUT,282,2023-04-13,7455
18351,160,12,IN,57,2024-10-15,
18352,179,33,OUT,498,2023-12-12,23725
18353,119,4,OUT,233,2023-11-05,26428
18354,275,17,OUT,331,2024-06-08,16599
18355,40,22,OUT,253,2023-02-04,27733
18356,4,17,IN,500,2024-05-19,
18357,129,35,OUT,189,2023-01-17,874
18358,263,13,OUT,432,2023-09-25,11090
18359,4,13,OUT,348,2024-03-02,13648
18360,241,34,OUT,275,2023-06-13,29060
18361,118,31,OUT,181,2024-01-25,29112
18362,204,2,IN,390,2023-08-04,
18363,8888,888,OUT,0,2024-04-18,888888
18364,251,10,OUT,309,2024-04-04,24713
18365,138,35,OUT,305,2023-06-24,11318
18366,85,25,IN,233,2023-06-05,
18367,189,21,OUT,212,2024-01-02,21489
18368,88,28,IN,5,2024-02-24,
18369,54,22,IN,210,2023-12-02,
18370,74,2,IN,229,2023-06-21,
18371,164,8,IN,146,2024-03-07,
18372,92,34,IN,333,2023-08-15,
18373,91,5,IN,7,2023-08-10,
18374,351,14,IN,97,2023-03-02,
18375,87,34,IN,335,2023-11-03,
18376,219,16,IN,367,2024-07-30,
18377,89,35,IN,180,2023-06-13,
18378,155,13,OUT,263,2023-06-20,17133
18379,214,27,OUT,87,2023-07-08,21564
18380,273,20,IN,63,2024-02-19,
18381,99,27,OUT,117,2024-05-01,16345
18382,37,21,OUT,49,2024-10-26,10418
18383,86,19,OUT,345,2024-02-02,7750
18384,197,8,IN,430,2024-10-14,
18385,310,27,OUT,31,2024-02-17,14495
18386,132,3,OUT,426,2024-04-25,18672
18387,349,30,OUT,424,2023-12-22,24108
18388,277,29,IN,199,2023-12-31,
18389,53,18,OUT,433,2023-07-10,9650
18390,67,5,IN,100,2023-02-27,
18391,281,20,IN,71,2024-10-11,
18392,139,18,IN,370,2023-10-24,
18393,12,24,IN,42,2023-04-22,
18394,335,23,OUT,45,2023-10-15,29548
18395,55,30,OUT,328,2024-02-05,29048
18396,143,19,IN,308,2023-03-12,
18397,156,13,OUT,244,2024-12-30,16988
18398,45,4,IN,405,2023-05-29,
18399,66,28,IN,206,2023-07-05,
18400,249,24,IN,285,2024-02-05,
18401,296,6,IN,159,2023-10-12,
18402,225,27,OUT,407,2024-10-22,27086
18403,32,10,OUT,492,2024-02-08,5479
18404,48,15,IN,151,2023-11-26,
18405,281,34,OUT,137,2024-12-31,21286
18406,152,15,OUT,191,2024-11-13,15920
18407,162,7,OUT,194,2024-10-05,11012
18408,298,34,OUT,120,2023-07-29,5259
18409,230,20,OUT,493,2024-03-02,21504
18410,120,17,IN,382,2023-10-13,
18411,323,25,IN,229,2024-10-24,
18412,302,18,OUT,443,2023-04-26,16987
18413,294,19,IN,175,2024-07-14,
18414,8888,888,OUT,0,2024-10-29,888888
18415,303,30,OUT,500,2023-08-30,7699
18416,227,5,OUT,343,2024-05-11,19749
18417,164,10,OUT,472,2023-12-31,12258
18418,82,7,OUT,408,2024-11-08,27663
18419,29,25,IN,59,2024-10-23,
18420,100,2,OUT,166,2024-02-06,8152
18421,167,9,OUT,435,2024-06-07,28976
18422,78,29,OUT,375,2024-04-08,8372
18423,114,29,IN,164,2023-03-29,
18424,164,34,OUT,274,2024-11-01,6857
18425,299,1,OUT,443,2024-12-24,14979
18426,217,15,OUT,475,2024-07-24,21919
18427,64,25,IN,332,2023-12-29,
18428,278,19,OUT,397,2023-01-01,29910
18429,124,35,OUT,378,2024-08-04,29364
18430,320,12,OUT,281,2023-03-10,27206
18431,35,12,IN,149,2024-02-11,
18432,227,11,OUT,410,2023-01-17,7607
18433,215,21,OUT,263,2023-09-21,21010
18434,46,16,OUT,258,2023-04-17,3935
18435,308,9,IN,31,2024-12-30,
18436,203,30,IN,297,2024-11-26,
18437,261,18,IN,12,2023-03-24,
18438,230,22,OUT,297,2023-04-23,24537
18439,56,8,OUT,193,2023-03-14,5654
18440,138,9,OUT,207,2023-12-21,25176
18441,98,13,OUT,481,2024-04-07,14978
18442,198,1,OUT,309,2024-12-09,22610
18443,316,25,OUT,439,2024-10-31,18671
18444,178,25,IN,145,2023-02-20,
18445,271,35,IN,230,2023-01-13,
18446,128,7,IN,248,2023-04-19,
18447,314,35,OUT,0,2023-08-20,9248
18448,18,11,OUT,470,2023-10-10,22695
18449,258,30,OUT,263,2023-08-29,17410
18450,251,7,IN,322,2024-11-20,
18451,250,11,IN,88,2023-06-08,
18452,97,25,IN,222,2024-05-15,
18453,359,20,IN,6,2024-05-04,
18454,177,29,OUT,253,2024-02-14,8358
18455,8888,888,IN,0,2024-12-23,
18456,160,8,IN,41,2024-03-12,
18457,303,20,OUT,424,2024-11-14,1334
18458,166,25,IN,7,2023-08-03,
18459,36,16,IN,469,2024-10-23,
18460,237,28,OUT,4,2023-11-19,29667
18461,63,19,IN,92,2024-10-24,
18462,159,26,IN,111,2023-04-23,
18463,15,29,IN,153,2023-01-13,
18464,206,10,OUT,381,2023-08-03,11918
18465,341,19,OUT,490,2023-10-20,5165
18466,2,28,OUT,263,2023-02-07,16998
18467,104,28,IN,46,2024-08-17,
18468,151,6,IN,94,2023-07-05,
18469,20,15,IN,332,2024-11-13,
18470,331,21,IN,212,2023-11-22,
18471,97,31,IN,267,2023-08-28,
18472,34,24,OUT,335,2024-11-21,1558
18473,140,3,OUT,244,2023-03-22,27435
18474,161,22,IN,79,2023-01-13,
18475,238,10,OUT,0,2024-03-28,907
18476,154,31,OUT,342,2023-12-29,1912
18477,28,17,IN,135,2023-01-29,
18478,91,25,OUT,42,2024-06-01,19120
18479,29,8,OUT,388,2024-12-08,23161
18480,353,18,IN,458,2023-07-26,
18481,215,10,IN,216,2024-05-22,
18482,51,3,IN,294,2024-01-06,
18483,108,25,IN,407,2024-08-04,
18484,346,20,IN,418,2023-04-04,
18485,226,18,IN,236,2023-03-16,
18486,139,6,OUT,24,2023-03-21,19076
18487,227,2,OUT,489,2023-02-26,5122
18488,194,34,IN,481,2023-02-20,
18489,188,35,OUT,472,2023-11-18,27839
18490,28,17,IN,245,2023-11-29,
18491,328,15,OUT,368,2023-08-28,25962
18492,316,30,OUT,234,2023-09-01,17837
18493,232,29,OUT,32,2023-11-16,8482
18494,128,9,IN,480,2023-10-14,
18495,353,3,IN,32,2024-01-13,
18496,159,9,OUT,53,2024-08-03,8232
18497,179,7,OUT,183,2023-02-21,2238
18498,356,13,IN,320,2023-03-15,
18499,239,22,OUT,232,2023-12-05,10309
18500,69,26,OUT,265,2024-12-20,27780
18501,287,16,OUT,324,2024-09-16,23549
18502,276,18,IN,386,2024-02-15,
18503,267,30,IN,111,2023-04-06,
18504,5,19,OUT,433,2024-02-22,14882
18505,158,12,IN,62,2023-01-26,
18506,57,21,OUT,187,2023-04-22,15631
18507,194,21,OUT,340,2023-01-30,8334
18508,15,21,OUT,234,2023-08-07,5597
18509,171,6,OUT,143,2023-10-25,3154
18510,111,20,IN,339,2024-03-04,
18511,169,18,IN,100,2024-12-12,
18512,246,16,IN,386,2024-05-14,
18513,303,32,IN,198,2023-01-22,
18514,58,35,IN,482,2023-11-25,
18515,36,24,OUT,181,2024-12-20,15296
18516,13,15,OUT,153,2024-04-01,4167
18517,88,35,OUT,29,2023-06-21,29866
18518,50,30,IN,211,2024-09-06,
18519,248,11,OUT,30,2023-04-14,5679
18520,336,30,OUT,377,2023-05-14,20950
18521,251,27,IN,496,2023-05-08,
18522,260,1,OUT,412,2024-05-30,7985
18523,93,4,IN,231,2024-04-03,
18524,210,27,IN,258,2024-12-16,
18525,248,35,IN,394,2023-12-23,
18526,79,17,IN,468,2023-03-15,
18527,286,24,IN,414,2024-06-21,
18528,39,34,OUT,286,2023-03-10,14504
18529,135,21,IN,373,2023-09-11,
18530,56,29,OUT,376,2023-10-28,20229
18531,53,10,IN,340,2024-03-16,
18532,286,3,IN,228,2023-03-05,
18533,83,22,OUT,430,2023-11-04,24387
18534,104,7,IN,333,2023-07-28,
18535,197,12,IN,128,2024-02-13,
18536,23,17,IN,108,2024-06-24,
18537,256,19,OUT,174,2024-08-16,19572
18538,260,20,IN,284,2023-10-28,
18539,324,29,OUT,144,2024-12-20,17785
18540,280,23,OUT,218,2024-01-12,29777
18541,164,16,OUT,118,2024-10-23,26076
18542,320,15,OUT,8,2023-09-10,5481
18543,132,2,OUT,472,2023-09-09,28127
18544,316,28,OUT,497,2023-08-29,15290
18545,1,9,IN,448,2024-02-21,
18546,187,34,OUT,108,2023-04-08,27916
18547,39,22,OUT,129,2024-04-01,10355
18548,355,22,IN,381,2023-11-27,
18549,59,3,IN,391,2023-12-07,
18550,79,13,IN,183,2024-03-28,
18551,8888,888,IN,0,2023-03-06,
18552,241,14,IN,411,2024-10-01,
18553,276,12,OUT,88,2023-06-22,22155
18554,223,1,OUT,263,2023-11-29,7301
18555,79,17,OUT,0,2024-03-19,2908
18556,297,32,IN,391,2023-02-23,
18557,338,28,OUT,266,2024-09-21,25985
18558,155,16,IN,403,2024-08-17,
18559,290,33,IN,332,2024-12-17,
18560,238,30,IN,381,2024-11-23,
18561,236,32,OUT,346,2023-11-02,13028
18562,152,19,IN,435,2023-08-26,
18563,244,10,IN,378,2024-09-16,
18564,82,12,IN,186,2023-07-24,
18565,147,18,OUT,311,2023-04-15,2834
18566,248,34,IN,64,2024-09-17,
18567,134,2,IN,248,2024-04-14,
18568,20,34,OUT,9,2023-03-24,25815
18569,159,5,OUT,306,2023-01-06,11213
18570,330,22,OUT,112,2024-12-22,13717
18571,48,13,OUT,36,2023-12-02,21252
18572,266,34,OUT,170,2023-07-10,9349
18573,342,13,IN,105,2023-10-04,
18574,230,26,IN,344,2024-04-03,
18575,334,27,OUT,88,2023-08-25,10827
18576,278,1,OUT,439,2023-06-21,8298
18577,109,31,OUT,264,2024-03-29,28244
18578,279,12,OUT,330,2024-01-11,26199
18579,146,9,OUT,462,2024-09-26,7085
18580,300,25,OUT,232,2023-01-16,12268
18581,83,8,IN,281,2024-08-20,
18582,293,35,IN,196,2024-09-24,
18583,170,4,IN,192,2024-11-16,
18584,26,3,IN,475,2023-04-13,
18585,334,4,OUT,385,2024-08-09,17289
18586,15,24,IN,403,2024-07-05,
18587,68,24,OUT,39,2024-10-04,17085
18588,170,32,IN,274,2024-05-25,
18589,113,20,OUT,62,2024-04-15,10867
18590,269,12,IN,65,2023-05-18,
18591,230,27,OUT,212,2023-05-24,11834
18592,113,23,OUT,268,2023-11-28,28179
18593,22,18,IN,0,2023-08-21,
18594,41,26,OUT,8,2023-08-15,13351
18595,236,1,IN,474,2023-04-03,
18596,93,11,IN,146,2024-07-24,
18597,238,33,OUT,384,2023-11-08,24701
18598,183,17,OUT,218,2024-08-23,9200
18599,273,25,IN,451,2024-02-04,
18600,23,27,OUT,97,2024-01-06,26178
18601,9,9,OUT,29,2023-11-12,14615
18602,307,19,OUT,254,2023-07-16,4049
18603,141,26,OUT,138,2024-01-28,10242
18604,235,20,OUT,267,2024-04-07,14322
18605,303,15,OUT,472,2024-04-30,29239
18606,270,10,IN,483,2024-06-03,
18607,321,31,OUT,421,2024-11-01,21044
18608,80,27,IN,209,2024-12-30,
18609,228,5,IN,363,2023-02-23,
18610,115,6,OUT,164,2023-05-29,606
18611,277,8,OUT,363,2024-09-03,5263
18612,293,29,OUT,465,2023-12-14,16094
18613,342,33,OUT,349,2024-04-21,26197
18614,227,24,OUT,489,2024-11-09,22075
18615,188,3,IN,444,2023-08-17,
18616,200,26,OUT,211,2024-08-27,22966
18617,107,23,OUT,42,2024-11-01,22610
18618,119,13,IN,490,2024-09-09,
18619,124,33,IN,0,2023-08-30,
18620,107,17,OUT,396,2023-10-06,29969
18621,68,15,IN,75,2023-09-05,
18622,80,28,OUT,129,2024-03-03,27548
18623,283,5,OUT,145,2023-11-15,21813
18624,203,17,OUT,353,2023-11-22,13175
18625,83,16,OUT,171,2024-12-12,26605
18626,169,7,OUT,478,2024-03-31,17061
18627,96,25,OUT,179,2024-07-23,26644
18628,180,7,IN,296,2024-04-25,
18629,34,24,IN,47,2023-07-12,
18630,7,17,IN,126,2024-11-08,
18631,248,21,IN,277,2023-09-13,
18632,56,23,OUT,67,2023-09-07,29196
18633,340,17,OUT,354,2024-12-07,6810
18634,65,30,IN,19,2024-08-05,
18635,132,3,IN,412,2023-06-19,
18636,299,27,OUT,283,2023-12-26,13015
18637,170,22,OUT,301,2024-02-18,3096
18638,239,23,OUT,204,2024-10-31,19602
18639,47,3,OUT,306,2024-02-15,8748
18640,18,6,IN,350,2024-10-22,
18641,137,32,OUT,361,2023-06-14,12223
18642,244,18,OUT,69,2024-10-12,22169
18643,74,14,IN,99,2023-12-10,
18644,309,15,IN,425,2024-03-18,
18645,201,3,IN,34,2023-09-03,
18646,88,8,OUT,402,2024-08-03,25092
18647,330,12,IN,297,2023-09-29,
18648,354,13,IN,450,2024-09-16,
18649,163,1,OUT,251,2024-11-20,19092
18650,235,31,OUT,145,2024-06-02,21446
18651,55,4,OUT,487,2023-06-03,20245
18652,8888,888,OUT,0,2023-08-02,888888
18653,121,25,OUT,364,2024-12-29,17690
18654,73,27,OUT,393,2024-11-14,23305
18655,6,1,OUT,33,2023-04-13,19412
18656,329,25,IN,437,2023-09-19,
18657,204,4,OUT,338,2023-05-11,29300
18658,345,34,OUT,491,2024-05-19,1644
18659,351,29,IN,396,2024-08-01,
18660,199,34,OUT,300,2024-11-18,18983
18661,227,9,IN,1,2024-03-01,
18662,114,1,OUT,133,2023-06-26,7738
18663,170,23,OUT,428,2023-03-25,26364
18664,65,2,OUT,308,2024-10-24,13787
18665,214,10,OUT,149,2024-04-10,13457
18666,247,4,OUT,322,2024-04-16,23235
18667,256,23,OUT,64,2023-03-24,3583
18668,203,23,IN,191,2023-06-18,
18669,292,29,IN,112,2024-02-07,
18670,21,2,IN,180,2023-09-13,
18671,299,28,IN,348,2023-02-12,
18672,171,11,OUT,28,2024-04-30,28598
18673,180,31,OUT,222,2024-05-03,29150
18674,40,25,IN,412,2024-05-25,
18675,141,19,OUT,239,2023-05-28,7101
18676,142,11,IN,24,2024-11-18,
18677,40,27,OUT,174,2023-11-19,8510
18678,47,13,IN,137,2023-06-10,
18679,7,18,OUT,391,2024-11-01,6151
18680,246,26,IN,296,2023-03-21,
18681,54,22,IN,441,2023-09-06,
18682,248,27,OUT,5,2023-04-27,16989
18683,3,14,OUT,25,2023-07-03,1324
18684,31,15,IN,342,2023-01-20,
18685,32,18,OUT,431,2023-02-16,22603
18686,256,19,OUT,150,2024-01-12,11789
18687,342,12,OUT,54,2023-03-06,14470
18688,306,8,IN,116,2024-12-22,
18689,212,6,OUT,303,2024-11-04,18830
18690,353,7,IN,346,2023-11-14,
18691,64,7,OUT,287,2024-04-30,28740
18692,86,33,OUT,289,2024-05-07,2056
18693,292,13,IN,351,2023-01-01,
18694,167,14,OUT,381,2024-02-01,21934
18695,313,25,IN,180,2024-11-23,
18696,182,1,OUT,116,2023-08-02,342
18697,106,24,IN,149,2024-04-19,
18698,182,9,IN,459,2023-03-27,
18699,209,31,IN,302,2023-07-17,
18700,274,29,OUT,467,2023-09-06,5031
18701,80,1,IN,498,2023-12-02,
18702,304,5,OUT,265,2023-11-24,356
18703,103,9,IN,75,2023-03-18,
18704,40,9,IN,333,2023-12-01,
18705,153,33,IN,247,2024-05-13,
18706,161,22,OUT,60,2024-12-16,26893
18707,7,33,IN,19,2023-12-05,
18708,337,35,OUT,180,2023-03-02,17697
18709,179,10,IN,480,2024-11-12,
18710,264,7,OUT,147,2023-11-23,10412
18711,29,15,IN,71,2023-04-10,
18712,155,14,IN,137,2023-06-24,
18713,44,3,IN,87,2024-01-01,
18714,173,35,OUT,131,2024-03-11,9499
18715,345,7,IN,411,2023-08-27,
18716,213,3,OUT,78,2023-11-20,7919
18717,319,15,OUT,295,2023-08-03,11308
18718,186,7,OUT,130,2023-12-09,6152
18719,334,23,OUT,403,2024-10-21,24021
18720,335,12,IN,219,2024-02-14,
18721,114,21,OUT,121,2024-02-26,1801
18722,63,24,IN,454,2024-11-07,
18723,170,4,OUT,387,2023-05-01,14449
18724,158,20,IN,223,2023-07-19,
18725,218,29,OUT,391,2024-06-27,5266
18726,34,23,IN,393,2024-12-05,
18727,137,23,IN,290,2023-12-07,
18728,289,25,IN,40,2023-12-19,
18729,204,3,OUT,258,2024-01-30,8620
18730,41,17,OUT,217,2024-04-29,176
18731,182,3,IN,0,2024-11-05,
18732,74,31,IN,49,2024-02-10,
18733,106,23,OUT,15,2023-12-28,29195
18734,176,28,IN,246,2023-07-12,
18735,195,1,OUT,487,2024-08-11,20641
18736,252,4,IN,299,2024-09-21,
18737,11,21,OUT,33,2024-12-11,26899
18738,53,32,IN,324,2024-12-11,
18739,252,4,OUT,329,2023-01-03,26601
18740,75,10,OUT,431,2024-05-26,12599
18741,231,14,OUT,15,2024-06-29,29715
18742,57,29,IN,228,2023-03-30,
18743,22,28,IN,54,2024-05-04,
18744,115,15,OUT,170,2023-10-23,17346
18745,287,25,IN,484,2024-09-23,
18746,123,32,OUT,391,2023-08-08,27986
18747,67,2,OUT,19,2024-01-09,14468
18748,280,1,OUT,355,2024-10-08,13352
18749,186,2,IN,152,2024-06-12,
18750,168,24,OUT,0,2024-08-01,15720
18751,166,19,OUT,27,2023-01-12,22443
18752,55,31,OUT,109,2024-09-05,7640
18753,32,10,IN,147,2024-09-15,
18754,168,8,OUT,223,2023-12-04,7267
18755,167,2,IN,455,2024-05-16,
18756,160,13,OUT,299,2023-06-03,4133
18757,330,5,OUT,225,2024-07-11,3777
18758,38,7,OUT,25,2023-01-01,14780
18759,345,27,IN,117,2023-01-16,
18760,93,32,OUT,456,2023-06-06,17583
18761,97,34,IN,296,2023-01-27,
18762,231,27,IN,275,2023-02-12,
18763,122,10,OUT,277,2023-12-07,1786
18764,70,24,IN,302,2023-04-22,
18765,256,32,IN,234,2023-09-18,
18766,152,12,OUT,335,2024-11-03,25048
18767,189,11,OUT,436,2024-07-19,15587
18768,350,22,OUT,29,2024-03-31,19084
18769,260,29,IN,2,2023-12-20,
18770,42,16,OUT,390,2024-01-30,29943
18771,229,27,IN,206,2023-12-10,
18772,92,17,IN,167,2024-01-17,
18773,173,16,OUT,185,2023-02-07,23588
18774,44,10,IN,119,2023-11-13,
18775,135,26,OUT,36,2023-02-24,18176
18776,7,9,IN,102,2023-08-02,
18777,89,34,IN,316,2023-02-11,
18778,342,3,OUT,52,2023-11-11,27795
18779,338,3,OUT,350,2024-01-02,20888
18780,300,19,IN,158,2023-01-29,
18781,301,32,IN,48,2023-01-30,
18782,335,7,OUT,147,2023-12-11,12212
18783,147,6,IN,400,2023-10-31,
18784,285,8,OUT,277,2023-08-12,24512
18785,344,1,OUT,274,2023-06-19,14368
18786,136,28,OUT,271,2024-09-12,3966
18787,294,25,IN,341,2023-06-14,
18788,322,33,OUT,113,2023-09-29,3644
18789,336,12,OUT,101,2023-07-10,18808
18790,32,18,IN,435,2023-01-19,
18791,262,27,IN,227,2023-11-04,
18792,267,12,OUT,79,2024-02-23,6872
18793,64,9,IN,187,2023-12-06,
18794,32,19,OUT,307,2023-12-14,24402
18795,147,5,OUT,128,2024-07-07,19383
18796,100,1,OUT,195,2023-08-17,5532
18797,303,20,IN,139,2023-08-14,
18798,343,18,OUT,302,2023-09-03,4465
18799,138,30,IN,287,2023-03-06,
18800,44,24,OUT,248,2024-10-01,14098
18801,7,25,OUT,1,2023-12-10,10381
18802,159,13,OUT,132,2023-04-10,13365
18803,66,14,IN,0,2024-05-22,
18804,176,19,IN,37,2024-11-24,
18805,76,21,IN,234,2023-06-14,
18806,140,31,OUT,114,2024-04-23,23034
18807,287,23,OUT,25,2024-02-22,14948
18808,218,20,OUT,213,2024-10-03,15875
18809,42,2,OUT,103,2023-05-20,23684
18810,280,21,OUT,481,2024-07-02,13373
18811,309,35,IN,475,2023-01-25,
18812,222,19,OUT,468,2023-05-31,29751
18813,313,22,OUT,436,2023-10-22,15908
18814,210,14,IN,445,2024-05-07,
18815,272,24,OUT,179,2024-08-29,19122
18816,109,12,IN,214,2024-10-11,
18817,347,8,IN,241,2024-10-18,
18818,256,15,IN,393,2023-12-02,
18819,48,18,IN,486,2023-11-06,
18820,311,11,IN,260,2023-09-22,
18821,142,23,OUT,246,2023-09-20,2104
18822,173,14,OUT,64,2024-02-01,9068
18823,182,24,IN,287,2023-03-23,
18824,248,14,IN,126,2024-04-26,
18825,167,3,OUT,410,2024-04-27,21519
18826,274,7,IN,195,2023-03-09,
18827,153,7,IN,1,2023-03-25,
18828,50,30,IN,485,2024-04-18,
18829,283,9,OUT,188,2024-07-07,15199
18830,158,16,OUT,331,2024-11-04,14384
18831,170,12,OUT,123,2023-02-22,27149
18832,8888,888,IN,0,2023-11-07,
18833,172,27,OUT,54,2023-01-08,19395
18834,171,27,IN,21,2023-05-24,
18835,262,35,IN,288,2024-08-16,
18836,244,2,IN,293,2024-04-02,
18837,307,33,OUT,171,2023-09-19,4665
18838,133,13,IN,209,2024-11-09,
18839,294,14,OUT,98,2024-07-17,3868
18840,112,25,IN,160,2023-02-15,
18841,69,10,IN,118,2024-01-18,
18842,116,28,IN,405,2024-04-26,
18843,266,10,OUT,206,2024-10-09,2629
18844,27,8,IN,0,2023-08-20,
18845,331,16,OUT,479,2023-12-11,4037
18846,85,6,OUT,372,2024-05-03,22973
18847,46,34,IN,77,2023-04-12,
18848,138,33,OUT,367,2024-07-15,17266
18849,133,21,IN,244,2024-12-19,
18850,285,5,OUT,328,2024-11-17,14001
18851,277,3,OUT,86,2023-02-13,28385
18852,145,26,OUT,176,2024-09-09,15543
18853,51,29,IN,285,2023-02-11,
18854,98,25,IN,47,2024-09-28,
18855,13,8,IN,6,2023-04-01,
18856,20,13,IN,318,2024-09-17,
18857,136,1,IN,151,2024-08-06,
18858,344,15,OUT,457,2023-02-23,27937
18859,276,34,OUT,189,2024-07-19,16944
18860,168,8,OUT,200,2023-07-16,7921
18861,307,9,OUT,68,2024-03-17,19038
18862,88,20,OUT,439,2023-02-26,9327
18863,254,19,OUT,345,2024-07-18,8415
18864,77,16,IN,291,2024-08-27,
18865,83,16,OUT,350,2024-08-02,26483
18866,202,24,OUT,14,2024-01-19,13191
18867,163,29,IN,247,2023-02-23,
18868,9,3,IN,35,2024-07-11,
18869,66,5,IN,188,2024-02-11,
18870,215,9,IN,474,2024-03-01,
18871,333,7,OUT,280,2024-05-15,14072
18872,351,18,IN,471,2023-09-09,
18873,167,3,OUT,203,2024-07-18,5650
18874,100,15,OUT,405,2024-09-02,27014
18875,205,23,IN,127,2024-09-17,
18876,194,18,IN,384,2023-11-21,
18877,287,28,IN,86,2023-01-25,
18878,55,2,OUT,407,2024-11-25,14575
18879,123,9,IN,490,2023-12-30,
18880,134,18,OUT,294,2024-10-28,1005
18881,36,17,OUT,413,2024-07-20,17550
18882,292,17,OUT,33,2024-12-27,1506
18883,220,18,OUT,275,2024-09-29,8203
18884,56,16,OUT,175,2023-02-11,11808
18885,278,15,OUT,429,2024-01-05,19116
18886,85,6,IN,61,2023-06-07,
18887,30,8,IN,248,2023-11-08,
18888,93,19,OUT,317,2024-01-10,11194
18889,107,22,IN,154,2023-06-02,
18890,129,33,IN,350,2023-11-17,
18891,317,26,IN,448,2024-10-09,
18892,314,23,OUT,246,2024-11-13,22627
18893,272,31,OUT,87,2023-04-14,1067
18894,160,7,IN,234,2024-02-22,
18895,155,31,OUT,177,2024-06-08,13560
18896,345,23,OUT,40,2023-01-05,13095
18897,80,12,IN,406,2023-01-23,
18898,159,30,IN,34,2024-04-06,
18899,51,27,OUT,332,2023-12-30,27042
18900,311,31,IN,288,2023-04-28,
18901,207,8,IN,479,2023-06-04,
18902,281,33,IN,30,2024-07-15,
18903,212,25,OUT,197,2023-05-07,21231
18904,203,28,OUT,441,2024-05-01,13550
18905,247,20,OUT,0,2024-11-13,8054
18906,309,9,OUT,113,2024-01-03,5823
18907,87,30,OUT,469,2024-05-30,7711
18908,67,19,OUT,476,2024-05-19,9558
18909,206,31,OUT,27,2023-12-03,12220
18910,303,12,OUT,194,2023-11-19,13599
18911,81,26,IN,262,2023-05-13,
18912,133,21,OUT,167,2024-05-20,2564
18913,108,20,OUT,365,2024-07-01,1253
18914,230,23,OUT,325,2024-02-26,26113
18915,100,16,IN,50,2024-08-29,
18916,77,16,OUT,0,2024-11-02,18640
18917,238,17,IN,204,2023-03-14,
18918,140,1,OUT,385,2023-03-03,13112
18919,219,29,IN,452,2023-05-19,
18920,326,18,OUT,435,2023-03-06,3731
18921,155,9,IN,490,2024-10-27,
18922,344,3,IN,126,2024-11-25,
18923,8888,888,OUT,0,2023-07-29,888888
18924,83,34,OUT,218,2023-07-04,18007
18925,194,12,OUT,490,2024-06-19,7360
18926,329,16,OUT,382,2024-09-28,22866
18927,244,21,OUT,340,2023-08-03,19501
18928,4,32,OUT,276,2023-05-09,5225
18929,138,16,OUT,260,2024-10-31,11555
18930,169,30,OUT,263,2023-07-14,11346
18931,9,4,IN,7,2023-05-23,
18932,301,28,OUT,245,2024-12-22,15374
18933,123,23,OUT,376,2024-06-19,21126
18934,69,25,IN,206,2023-10-01,
18935,352,32,OUT,25,2023-04-05,23219
18936,147,26,IN,455,2023-07-11,
18937,81,14,IN,328,2023-01-03,
18938,319,6,OUT,106,2023-10-14,23636
18939,156,10,OUT,173,2024-05-20,25543
18940,203,28,OUT,234,2023-03-21,27655
18941,83,32,IN,152,2023-07-18,
18942,282,31,IN,287,2024-08-27,
18943,21,15,IN,411,2023-05-18,
18944,46,4,IN,435,2024-05-04,
18945,1,13,IN,431,2023-08-11,
18946,347,18,IN,374,2023-10-09,
18947,18,31,OUT,264,2023-01-31,12175
18948,270,26,OUT,393,2023-02-16,2022
18949,135,10,IN,123,2023-07-27,
18950,306,19,OUT,2,2024-09-24,1661
18951,203,2,OUT,29,2023-01-28,17235
18952,313,14,OUT,477,2024-05-15,14736
18953,179,9,IN,203,2023-08-19,
18954,235,12,OUT,265,2023-06-12,14357
18955,3,29,OUT,332,2024-12-20,29299
18956,69,4,IN,301,2024-01-21,
18957,288,28,OUT,173,2023-12-05,3496
18958,161,32,OUT,331,2023-05-05,10457
18959,188,22,IN,475,2024-04-18,
18960,190,27,OUT,58,2024-03-04,28270
18961,294,19,IN,257,2023-05-17,
18962,66,3,IN,252,2023-10-30,
18963,46,3,OUT,170,2024-06-09,6749
18964,51,2,IN,166,2024-08-23,
18965,311,34,IN,463,2024-01-08,
18966,177,17,IN,13,2023-11-07,
18967,94,24,IN,404,2024-11-16,
18968,43,20,OUT,143,2023-12-17,2957
18969,102,12,IN,53,2024-03-16,
18970,27,6,OUT,280,2023-02-15,12767
18971,346,13,OUT,483,2023-02-11,10954
18972,292,1,OUT,307,2023-06-25,8859
18973,38,7,IN,359,2024-06-07,
18974,209,15,OUT,258,2024-03-12,23463
18975,206,15,IN,155,2023-02-11,
18976,269,34,OUT,98,2023-10-05,22833
18977,324,1,OUT,343,2024-01-29,5948
18978,314,18,OUT,278,2023-04-23,18919
18979,296,6,IN,88,2023-01-27,
18980,5,25,IN,275,2024-01-27,
18981,299,8,IN,94,2023-09-29,
18982,119,11,IN,132,2024-06-04,
18983,235,5,OUT,229,2024-10-05,224
18984,4,27,OUT,342,2023-04-20,14148
18985,145,34,OUT,336,2024-11-02,17582
18986,227,18,IN,296,2024-09-05,
18987,207,34,IN,147,2023-10-31,
18988,129,34,IN,140,2024-08-30,
18989,353,31,IN,415,2024-11-17,
18990,153,9,IN,40,2023-06-01,
18991,95,29,OUT,490,2024-10-20,18185
18992,206,16,OUT,381,2023-07-01,5997
18993,266,16,IN,43,2024-10-20,
18994,8888,888,IN,0,2024-06-04,
18995,265,25,OUT,51,2023-01-03,24907
18996,162,24,OUT,360,2024-09-15,7205
18997,205,20,OUT,196,2023-01-15,24103
18998,188,26,OUT,26,2024-08-16,10626
18999,62,8,OUT,343,2024-05-09,17580
19000,310,23,IN,444,2023-03-12,
19001,236,27,IN,447,2024-03-09,
19002,223,1,OUT,271,2023-03-10,298
19003,30,13,OUT,410,2024-12-01,18191
19004,175,2,OUT,168,2023-01-19,13538
19005,196,35,OUT,365,2023-11-23,6921
19006,197,5,OUT,205,2023-03-03,20773
19007,121,27,OUT,25,2023-04-14,7068
19008,117,7,IN,224,2023-03-19,
19009,273,21,OUT,149,2023-12-18,12772
19010,312,17,IN,380,2023-11-27,
19011,311,12,IN,30,2023-07-31,
19012,183,33,IN,0,2023-05-20,
19013,139,14,OUT,356,2024-07-17,7434
19014,200,35,IN,55,2024-06-22,
19015,274,24,IN,400,2024-09-24,
19016,265,13,OUT,228,2023-08-03,25433
19017,92,32,IN,43,2024-04-13,
19018,88,26,OUT,357,2024-04-29,22313
19019,12,18,OUT,128,2024-09-12,5695
19020,218,3,IN,295,2024-06-08,
19021,29,17,OUT,123,2024-10-18,13509
19022,95,19,OUT,312,2023-05-18,12684
19023,136,27,OUT,120,2023-11-29,3195
19024,8888,888,OUT,0,2024-02-07,888888
19025,147,31,OUT,135,2023-09-15,12371
19026,206,15,IN,430,2023-10-29,
19027,156,15,OUT,100,2023-07-15,10384
19028,97,34,OUT,49,2024-05-25,20891
19029,257,33,IN,455,2024-08-30,
19030,355,28,OUT,267,2024-09-17,27456
19031,64,33,OUT,146,2024-09-08,26186
19032,342,4,OUT,332,2024-11-07,13109
19033,125,30,IN,222,2024-10-18,
19034,171,4,OUT,373,2023-01-14,15887
19035,32,11,IN,375,2023-04-16,
19036,10,7,OUT,223,2024-07-25,16146
19037,90,15,OUT,361,2023-08-10,14796
19038,53,3,IN,408,2024-01-10,
19039,139,9,IN,381,2023-04-06,
19040,312,2,OUT,431,2024-07-17,19781
19041,298,26,IN,237,2024-04-05,
19042,74,14,IN,443,2023-01-14,
19043,185,3,IN,0,2023-08-26,
19044,71,27,IN,276,2024-09-09,
19045,109,20,OUT,284,2023-02-21,26457
19046,246,6,IN,71,2024-09-20,
19047,242,25,IN,3,2024-03-06,
19048,58,3,OUT,23,2023-09-05,27351
19049,168,1,OUT,285,2023-08-18,28733
19050,157,9,OUT,166,2023-09-28,16633
19051,347,22,IN,0,2023-03-10,
19052,257,21,IN,267,2024-05-19,
19053,74,14,IN,421,2023-08-26,
19054,182,26,OUT,400,2024-05-06,12854
19055,26,29,OUT,0,2023-04-20,4136
19056,111,19,IN,117,2024-10-05,
19057,30,27,OUT,63,2024-06-19,18593
19058,223,21,IN,115,2023-01-19,
19059,184,32,IN,469,2023-07-28,
19060,16,12,OUT,324,2023-03-15,13616
19061,144,29,IN,166,2024-02-03,
19062,256,22,OUT,34,2023-06-21,13476
19063,161,25,OUT,67,2023-09-08,7253
19064,335,7,IN,120,2024-07-16,
19065,30,4,OUT,137,2024-09-23,1863
19066,61,33,OUT,173,2024-05-29,7527
19067,77,11,OUT,406,2023-12-07,29270
19068,53,1,OUT,46,2024-08-27,25492
19069,353,15,OUT,443,2023-06-02,20458
19070,232,35,IN,19,2024-09-22,
19071,307,25,IN,366,2023-05-02,
19072,227,20,OUT,456,2024-12-10,14172
19073,269,18,IN,112,2024-09-27,
19074,231,23,IN,99,2024-11-04,
19075,59,7,OUT,213,2024-04-30,23886
19076,101,15,OUT,301,2024-05-15,26357
19077,22,21,IN,71,2023-11-16,
19078,310,22,OUT,7,2023-01-19,3746
19079,265,9,OUT,395,2024-10-09,23522
19080,353,4,OUT,168,2024-02-28,18645
19081,103,25,OUT,106,2023-06-30,21195
19082,95,7,OUT,407,2024-12-02,3388
19083,182,25,IN,306,2024-08-03,
19084,176,1,IN,206,2024-07-08,
19085,25,28,IN,344,2024-08-12,
19086,318,15,OUT,71,2024-10-14,5121
19087,245,9,OUT,322,2023-07-26,5262
19088,120,31,IN,253,2023-10-07,
19089,14,31,OUT,207,2024-06-16,17284
19090,294,16,OUT,124,2024-04-07,5554
19091,356,15,IN,456,2024-06-02,
19092,336,5,IN,249,2023-06-08,
19093,359,22,IN,301,2024-08-24,
19094,330,27,OUT,104,2024-12-08,15394
19095,124,4,IN,118,2023-05-29,
19096,347,27,IN,464,2024-06-13,
19097,207,31,OUT,34,2023-02-08,24993
19098,339,19,OUT,394,2024-09-18,28432
19099,321,18,OUT,182,2024-10-19,21851
19100,233,15,IN,150,2024-09-17,
19101,190,1,IN,129,2024-08-21,
19102,143,11,OUT,309,2024-09-18,17826
19103,308,15,OUT,256,2023-04-30,4815
19104,31,9,IN,467,2023-03-27,
19105,185,4,IN,349,2024-08-30,
19106,25,11,OUT,221,2023-01-20,11580
19107,236,33,OUT,457,2024-11-11,4795
19108,173,2,OUT,361,2023-02-06,28378
19109,65,32,OUT,352,2023-03-07,2083
19110,162,6,OUT,209,2024-03-03,2340
19111,119,16,OUT,56,2023-09-12,2967
19112,145,17,IN,15,2023-07-16,
19113,284,7,IN,145,2024-12-19,
19114,252,8,IN,85,2023-04-05,
19115,117,9,IN,15,2024-12-08,
19116,255,7,IN,183,2023-07-18,
19117,206,19,OUT,72,2023-04-02,9931
19118,1,1,OUT,74,2023-06-28,27934
19119,273,1,IN,314,2024-01-11,
19120,87,20,IN,11,2024-08-18,
19121,58,7,IN,112,2024-01-17,
19122,178,28,IN,44,2024-11-17,
19123,237,32,OUT,266,2023-08-09,9664
19124,325,10,IN,403,2024-05-28,
19125,163,31,OUT,473,2023-12-22,12580
19126,332,4,OUT,435,2024-06-22,18716
19127,208,1,OUT,78,2024-12-28,14061
19128,230,35,OUT,395,2023-05-04,27195
19129,15,24,OUT,162,2023-04-20,3427
19130,26,20,OUT,439,2024-01-27,2672
19131,222,22,IN,406,2024-03-06,
19132,223,22,OUT,307,2023-11-18,24511
19133,82,27,IN,382,2024-05-31,
19134,46,26,IN,197,2024-09-22,
19135,75,16,IN,498,2023-09-01,
19136,334,17,OUT,179,2024-10-25,29900
19137,44,34,OUT,429,2023-09-15,21768
19138,209,25,IN,488,2024-07-11,
19139,292,26,IN,375,2023-02-07,
19140,22,17,OUT,256,2023-09-14,24307
19141,5,15,OUT,171,2023-08-30,16556
19142,177,29,OUT,322,2024-12-10,13718
19143,127,19,OUT,80,2024-10-12,15144
19144,52,27,IN,339,2024-08-07,
19145,140,15,OUT,179,2024-06-20,21912
19146,313,31,IN,221,2024-06-22,
19147,118,4,IN,133,2023-07-16,
19148,211,32,OUT,33,2023-10-02,21336
19149,348,6,IN,358,2024-01-04,
19150,200,24,OUT,70,2024-01-29,1148
19151,348,28,IN,432,2023-04-01,
19152,23,20,IN,349,2024-09-01,
19153,289,21,IN,70,2024-07-05,
19154,34,21,OUT,148,2023-03-27,670
19155,102,25,IN,162,2024-03-21,
19156,205,23,OUT,46,2024-09-16,1589
19157,263,18,OUT,484,2023-12-08,13498
19158,331,25,IN,43,2024-03-01,
19159,125,2,IN,7,2024-01-07,
19160,347,35,IN,150,2024-04-23,
19161,104,33,OUT,372,2024-10-15,13556
19162,140,9,IN,41,2023-12-01,
19163,249,30,IN,22,2024-07-14,
19164,52,6,OUT,195,2024-06-21,19564
19165,180,11,OUT,145,2023-08-06,16475
19166,180,15,IN,135,2023-12-21,
19167,8888,888,OUT,0,2023-04-23,888888
19168,30,18,OUT,326,2023-09-25,24848
19169,113,20,IN,206,2024-08-03,
19170,199,26,IN,406,2023-05-12,
19171,122,14,IN,107,2023-10-25,
19172,189,2,OUT,324,2023-09-14,19296
19173,45,35,IN,309,2023-06-28,
19174,204,17,OUT,403,2023-06-12,4465
19175,260,21,OUT,44,2023-11-10,29118
19176,31,24,OUT,386,2023-10-29,6782
19177,307,22,OUT,194,2023-06-24,24354
19178,138,23,OUT,450,2024-12-11,23448
19179,242,31,OUT,470,2023-02-18,29287
19180,35,13,OUT,4,2024-08-02,8967
19181,207,2,OUT,319,2024-11-16,15177
19182,59,10,IN,343,2024-02-03,
19183,213,12,IN,307,2023-09-19,
19184,326,7,IN,90,2024-11-18,
19185,58,16,OUT,493,2023-03-27,15267
19186,161,22,IN,172,2023-05-11,
19187,270,4,IN,221,2023-11-13,
19188,137,9,OUT,205,2024-09-29,19520
19189,154,22,OUT,264,2023-05-11,16727
19190,358,12,OUT,477,2023-04-30,14111
19191,119,4,OUT,200,2023-05-21,6843
19192,252,8,IN,250,2023-08-31,
19193,3,11,IN,179,2024-06-21,
19194,145,30,IN,351,2023-01-03,
19195,133,20,IN,169,2023-01-16,
19196,155,3,OUT,171,2023-06-22,23874
19197,344,30,OUT,404,2024-06-08,16101
19198,211,3,IN,0,2024-12-19,
19199,86,10,OUT,232,2023-05-09,1388
19200,223,30,OUT,121,2023-02-18,6899
19201,357,15,OUT,292,2024-11-12,9113
19202,338,14,IN,464,2023-04-13,
19203,94,15,OUT,22,2023-02-01,25464
19204,85,35,OUT,17,2023-01-23,20294
19205,283,15,OUT,263,2024-04-16,7929
19206,77,33,IN,208,2023-09-07,
19207,180,9,OUT,245,2023-07-04,14912
19208,355,5,OUT,211,2023-11-06,23466
19209,137,32,OUT,273,2023-09-14,20074
19210,295,25,OUT,150,2023-02-14,21607
19211,268,31,OUT,32,2023-11-13,3868
19212,211,29,IN,120,2024-01-16,
19213,211,1,OUT,118,2023-12-30,8818
19214,45,9,IN,395,2023-08-05,
19215,219,15,OUT,343,2024-04-28,1545
19216,298,6,OUT,108,2024-09-02,18508
19217,220,7,OUT,206,2024-12-31,10072
19218,95,12,IN,3,2023-09-12,
19219,10,17,OUT,463,2023-02-15,14356
19220,143,29,OUT,350,2024-02-06,8901
19221,209,30,IN,271,2024-06-09,
19222,78,10,IN,89,2023-08-23,
19223,251,30,IN,430,2023-09-28,
19224,344,34,IN,84,2024-09-16,
19225,56,8,IN,208,2023-08-13,
19226,50,29,OUT,0,2023-01-11,4004
19227,4,7,IN,330,2024-05-15,
19228,188,4,IN,340,2024-05-24,
19229,349,3,IN,227,2023-09-03,
19230,302,32,OUT,483,2024-09-25,20194
19231,332,21,IN,285,2024-01-28,
19232,136,21,OUT,42,2024-10-11,23706
19233,301,34,OUT,477,2024-11-07,29099
19234,250,35,IN,121,2023-11-26,
19235,273,32,IN,145,2024-02-02,
19236,262,3,IN,119,2023-04-14,
19237,30,22,IN,496,2024-04-22,
19238,158,25,OUT,116,2024-08-11,22851
19239,334,6,OUT,259,2024-10-22,16871
19240,347,18,OUT,489,2023-07-21,27543
19241,29,14,IN,295,2024-05-10,
19242,104,26,IN,445,2024-04-17,
19243,50,26,IN,1,2024-06-19,
19244,33,17,IN,68,2024-04-08,
19245,245,10,OUT,199,2023-08-31,8648
19246,329,1,OUT,155,2023-09-22,5113
19247,8888,888,IN,0,2024-02-27,
19248,51,26,OUT,309,2023-07-30,29667
19249,40,29,IN,477,2024-11-19,
19250,66,13,OUT,13,2023-11-08,16258
19251,300,1,IN,162,2023-01-21,
19252,296,3,OUT,470,2023-01-10,3811
19253,88,29,OUT,423,2023-07-16,1570
19254,333,26,OUT,109,2023-12-25,24971
19255,105,22,OUT,359,2023-03-26,29861
19256,244,20,IN,228,2023-11-20,
19257,104,16,IN,227,2024-01-12,
19258,22,34,IN,278,2023-12-08,
19259,219,32,OUT,216,2024-07-09,15049
19260,45,22,OUT,238,2023-05-10,25949
19261,228,26,IN,162,2023-12-04,
19262,349,15,OUT,330,2023-12-09,10057
19263,128,29,OUT,320,2023-11-29,444
19264,214,8,IN,365,2023-09-05,
19265,333,27,OUT,489,2023-11-15,21759
19266,136,17,OUT,79,2024-04-24,27768
19267,258,30,IN,385,2024-07-16,
19268,220,31,IN,81,2024-10-03,
19269,155,8,IN,316,2024-03-12,
19270,88,31,OUT,341,2023-05-09,10534
19271,347,15,IN,414,2024-10-07,
19272,323,10,OUT,460,2023-06-28,29760
19273,319,30,OUT,257,2024-06-18,24882
19274,225,9,OUT,108,2023-06-02,26715
19275,283,20,OUT,294,2023-05-02,16049
19276,215,10,OUT,4,2023-09-04,18197
19277,8888,888,OUT,0,2023-04-04,888888
19278,146,18,IN,399,2024-02-06,
19279,75,27,IN,60,2024-09-09,
19280,349,29,OUT,283,2023-03-04,9035
19281,181,18,OUT,216,2023-06-23,28209
19282,317,10,OUT,266,2024-12-20,22453
19283,195,12,OUT,251,2024-05-27,10065
19284,148,8,IN,430,2024-12-20,
19285,46,5,IN,15,2024-02-25,
19286,174,15,OUT,353,2023-06-09,18288
19287,205,16,IN,477,2023-06-13,
19288,155,13,OUT,326,2023-11-01,10942
19289,286,14,IN,203,2024-02-24,
19290,290,4,OUT,194,2024-06-27,6047
19291,186,30,IN,430,2023-03-08,
19292,159,23,OUT,361,2023-01-12,2055
19293,148,27,OUT,388,2024-08-02,19604
19294,95,6,OUT,175,2023-08-12,20313
19295,209,33,OUT,26,2023-06-14,20017
19296,167,4,OUT,192,2024-04-09,16462
19297,29,31,IN,69,2024-07-13,
19298,131,26,OUT,255,2023-06-12,9263
19299,321,12,IN,195,2024-08-10,
19300,304,14,OUT,181,2024-11-14,26835
19301,76,19,OUT,110,2023-03-04,28741
19302,354,33,IN,266,2023-05-31,
19303,271,18,IN,473,2024-01-13,
19304,218,31,OUT,440,2024-01-06,23068
19305,14,10,OUT,327,2024-10-24,19460
19306,179,6,OUT,378,2023-01-23,2236
19307,175,22,IN,58,2023-01-27,
19308,46,12,OUT,497,2024-09-27,19716
19309,259,25,IN,17,2023-12-27,
19310,206,33,OUT,251,2023-04-27,4866
19311,42,6,OUT,178,2023-04-29,3122
19312,177,26,IN,155,2024-12-28,
19313,213,11,IN,0,2024-09-27,
19314,144,30,OUT,233,2023-10-04,26818
19315,153,25,IN,351,2024-05-23,
19316,80,30,OUT,87,2023-12-22,26922
19317,54,11,OUT,192,2023-11-03,29180
19318,64,2,OUT,357,2024-12-31,28848
19319,174,27,OUT,175,2023-07-01,9099
19320,72,8,OUT,9,2024-06-23,14486
19321,68,35,OUT,115,2023-12-18,5019
19322,243,17,IN,75,2024-04-14,
19323,37,19,OUT,231,2023-12-31,2187
19324,162,19,OUT,428,2024-09-09,23397
19325,247,16,OUT,199,2024-05-22,362
19326,260,2,IN,275,2023-12-14,
19327,54,6,OUT,301,2024-11-27,15334
19328,150,11,OUT,404,2023-04-19,5488
19329,331,14,OUT,32,2024-11-22,14022
19330,188,35,OUT,417,2024-03-11,6712
19331,5,31,OUT,306,2023-05-27,3084
19332,333,31,IN,487,2023-08-26,
19333,72,6,IN,156,2024-07-29,
19334,205,11,OUT,464,2024-12-27,7799
19335,10,11,OUT,85,2023-05-22,24430
19336,112,2,OUT,246,2023-07-01,20934
19337,335,23,IN,335,2024-07-07,
19338,77,26,OUT,421,2024-07-23,29168
19339,313,6,OUT,397,2024-10-12,28537
19340,177,29,OUT,46,2024-12-19,3135
19341,205,17,OUT,257,2023-08-06,22667
19342,127,2,IN,11,2023-05-08,
19343,129,18,OUT,19,2024-02-28,5594
19344,162,22,IN,199,2024-03-28,
19345,297,23,IN,378,2023-06-10,
19346,295,31,OUT,349,2023-03-17,13125
19347,204,31,OUT,219,2024-08-11,3883
19348,223,18,IN,281,2024-09-25,
19349,71,3,OUT,187,2023-10-13,19759
19350,111,27,OUT,453,2023-04-23,12052
19351,162,20,OUT,87,2023-08-11,24738
19352,112,4,OUT,98,2023-06-27,14029
19353,154,3,OUT,367,2024-04-06,15630
19354,22,4,IN,209,2024-08-31,
19355,92,3,IN,96,2024-06-29,
19356,229,1,OUT,488,2023-09-12,27705
19357,288,29,IN,114,2023-07-29,
19358,73,4,OUT,205,2023-11-02,25827
19359,167,3,IN,237,2024-11-07,
19360,147,16,IN,227,2024-10-09,
19361,186,10,OUT,293,2024-03-23,3321
19362,132,7,IN,23,2024-04-29,
19363,21,24,IN,210,2023-11-03,
19364,289,16,IN,261,2023-05-21,
19365,153,10,OUT,490,2024-12-21,4797
19366,234,19,IN,115,2024-12-06,
19367,98,32,OUT,385,2023-03-05,13301
19368,78,8,IN,75,2023-04-12,
19369,28,13,OUT,238,2023-08-22,17668
19370,30,17,IN,127,2024-12-01,
19371,325,19,OUT,90,2023-04-17,15320
19372,11,15,IN,281,2024-10-12,
19373,161,29,IN,46,2024-04-30,
19374,136,2,IN,190,2023-07-31,
19375,33,28,IN,266,2023-08-29,
19376,223,2,IN,465,2024-08-15,
19377,358,34,OUT,5,2024-11-12,27760
19378,72,21,IN,144,2024-04-28,
19379,88,7,IN,70,2024-08-04,
19380,277,6,OUT,35,2024-06-19,25264
19381,41,29,IN,115,2024-09-23,
19382,320,3,IN,16,2023-11-27,
19383,121,5,IN,92,2024-08-16,
19384,83,6,OUT,498,2023-11-29,26465
19385,288,11,OUT,422,2023-01-13,28371
19386,108,11,OUT,480,2024-08-12,19225
19387,175,22,OUT,176,2023-01-10,23564
19388,206,12,OUT,427,2023-09-07,14652
19389,50,13,OUT,277,2023-08-05,29777
19390,148,9,OUT,413,2023-02-10,4297
19391,107,28,IN,36,2023-08-04,
19392,38,22,IN,110,2024-11-06,
19393,315,19,OUT,412,2024-05-25,2189
19394,219,13,OUT,394,2023-07-30,1792
19395,221,23,IN,222,2024-01-02,
19396,338,33,IN,125,2023-10-20,
19397,212,7,IN,484,2024-05-03,
19398,284,32,IN,144,2023-04-13,
19399,323,32,IN,195,2023-11-20,
19400,170,18,IN,190,2023-10-31,
19401,163,28,IN,37,2024-04-07,
19402,297,21,IN,490,2024-09-27,
19403,357,17,IN,261,2023-05-17,
19404,83,31,OUT,232,2024-12-01,29291
19405,342,7,OUT,261,2024-09-19,13765
19406,176,29,OUT,82,2023-11-14,20545
19407,243,34,OUT,210,2024-02-10,554
19408,328,23,OUT,297,2023-06-26,24460
19409,165,2,IN,451,2024-11-07,
19410,8888,888,IN,0,2024-10-05,
19411,253,18,IN,66,2024-01-10,
19412,268,6,IN,97,2024-10-02,
19413,150,8,OUT,495,2024-06-30,8686
19414,208,26,OUT,108,2023-05-05,6334
19415,348,6,IN,446,2023-05-26,
19416,100,2,IN,190,2024-03-26,
19417,32,4,OUT,192,2024-11-25,23549
19418,350,8,OUT,417,2023-06-29,4651
19419,130,24,OUT,143,2024-08-09,26626
19420,8888,888,OUT,0,2023-12-29,888888
19421,187,22,IN,482,2023-09-10,
19422,45,28,IN,325,2024-08-30,
19423,97,33,IN,172,2024-04-28,
19424,9,27,IN,452,2023-04-08,
19425,295,35,OUT,126,2024-04-16,20673
19426,199,20,IN,419,2024-10-26,
19427,7,20,IN,68,2024-03-13,
19428,266,5,IN,409,2024-01-27,
19429,34,18,IN,79,2024-09-12,
19430,56,25,IN,379,2024-03-19,
19431,158,3,IN,41,2023-03-08,
19432,8888,888,IN,0,2024-04-15,
19433,324,10,OUT,331,2023-01-06,13833
19434,1,23,IN,480,2023-12-26,
19435,189,33,IN,326,2023-10-18,
19436,16,6,OUT,408,2024-06-25,8346
19437,148,25,IN,279,2023-05-06,
19438,201,27,IN,167,2023-04-25,
19439,87,27,OUT,266,2023-05-05,9015
19440,274,13,IN,463,2024-12-12,
19441,219,20,OUT,372,2023-08-12,12229
19442,163,12,IN,236,2024-04-04,
19443,356,34,IN,79,2024-08-19,
19444,315,9,OUT,29,2024-09-10,11967
19445,187,15,OUT,329,2023-07-09,18701
19446,358,19,OUT,361,2024-06-05,11644
19447,204,11,OUT,147,2024-06-21,10747
19448,250,16,OUT,320,2024-06-27,21670
19449,254,13,OUT,79,2024-08-06,1755
19450,327,6,OUT,93,2024-04-19,19664
19451,326,24,OUT,395,2023-03-09,13565
19452,321,6,IN,482,2023-01-10,
19453,280,7,IN,3,2023-08-10,
19454,120,6,IN,314,2024-12-12,
19455,226,6,OUT,153,2024-10-03,7395
19456,78,8,IN,152,2024-07-15,
19457,332,11,IN,0,2023-06-14,
19458,89,4,OUT,430,2023-10-09,29624
19459,184,18,OUT,32,2024-08-31,2228
19460,95,19,IN,413,2023-04-07,
19461,141,26,IN,162,2023-09-22,
19462,204,28,OUT,211,2024-08-26,12596
19463,235,3,IN,107,2023-05-13,
19464,286,31,IN,471,2023-11-28,
19465,356,34,OUT,346,2023-02-19,6532
19466,97,10,IN,492,2024-07-11,
19467,148,7,OUT,347,2023-01-19,6840
19468,330,15,OUT,239,2023-12-03,28103
19469,59,20,IN,20,2024-04-30,
19470,88,4,OUT,159,2023-05-01,24618
19471,190,11,IN,281,2023-12-09,
19472,270,35,IN,256,2023-04-16,
19473,327,28,OUT,126,2024-01-16,13669
19474,348,1,IN,302,2024-08-16,
19475,151,32,OUT,198,2023-01-06,7895
19476,210,3,IN,317,2024-10-26,
19477,139,34,OUT,189,2023-08-15,12479
19478,268,31,IN,301,2023-03-29,
19479,50,17,IN,428,2023-08-05,
19480,19,24,IN,478,2024-05-18,
19481,8888,888,OUT,0,2024-01-15,888888
19482,97,9,OUT,216,2024-07-23,16254
19483,286,15,OUT,153,2024-11-06,17931
19484,98,23,IN,457,2023-07-17,
19485,154,21,OUT,48,2023-06-17,13344
19486,79,33,IN,296,2023-07-08,
19487,136,4,OUT,133,2024-12-11,4711
19488,323,20,IN,40,2024-10-08,
19489,218,5,IN,488,2024-05-12,
19490,20,16,IN,24,2024-09-05,
19491,332,31,OUT,435,2023-08-04,27512
19492,337,14,OUT,61,2024-09-14,27118
19493,8888,888,OUT,0,2023-11-18,888888
19494,355,11,OUT,38,2024-02-03,23383
19495,85,28,OUT,320,2023-12-08,17079
19496,291,20,OUT,43,2023-09-27,13166
19497,292,6,OUT,290,2024-05-25,6975
19498,175,32,OUT,2,2023-02-05,29963
19499,303,29,OUT,354,2024-08-14,10466
19500,191,17,IN,220,2023-12-30,
19501,305,21,OUT,402,2023-05-18,18197
19502,106,3,IN,76,2023-06-28,
19503,28,30,OUT,263,2024-09-12,11708
19504,244,15,OUT,75,2023-01-14,5053
19505,85,27,IN,113,2023-01-19,
19506,145,8,OUT,97,2024-06-15,24823
19507,174,34,OUT,136,2024-04-14,24222
19508,263,26,IN,442,2024-02-21,
19509,200,1,IN,402,2024-05-05,
19510,136,6,IN,311,2024-11-26,
19511,240,35,OUT,404,2023-03-17,12610
19512,258,34,IN,166,2024-04-08,
19513,100,1,IN,99,2024-03-16,
19514,28,5,OUT,476,2023-07-17,29887
19515,359,21,IN,348,2023-07-18,
19516,318,32,OUT,53,2024-06-18,13777
19517,326,25,OUT,334,2024-06-26,23253
19518,261,21,OUT,371,2024-01-07,8602
19519,48,19,OUT,349,2024-12-20,22159
19520,216,17,IN,164,2024-01-05,
19521,13,9,IN,66,2024-09-03,
19522,215,13,IN,173,2024-03-10,
19523,158,15,OUT,119,2023-12-05,13088
19524,77,2,IN,233,2023-04-16,
19525,41,13,OUT,20,2024-02-17,28090
19526,325,21,OUT,453,2024-02-14,23746
19527,10,35,OUT,54,2024-06-01,15577
19528,24,31,IN,339,2023-06-04,
19529,231,24,OUT,485,2023-12-04,23630
19530,62,27,OUT,95,2024-09-08,1952
19531,207,1,OUT,326,2023-03-08,25615
19532,213,18,IN,428,2023-01-01,
19533,200,8,IN,323,2023-03-27,
19534,232,26,IN,170,2023-08-28,
19535,95,20,OUT,119,2024-09-16,8332
19536,31,29,IN,483,2023-04-24,
19537,147,26,OUT,453,2024-01-15,5175
19538,332,18,OUT,107,2023-08-14,26272
19539,343,33,IN,143,2023-09-05,
19540,74,32,IN,47,2024-07-20,
19541,209,31,IN,41,2024-08-18,
19542,9,7,IN,395,2023-05-28,
19543,133,25,OUT,159,2023-06-16,27499
19544,290,33,IN,75,2024-09-07,
19545,75,13,OUT,31,2023-01-25,22817
19546,324,6,IN,118,2023-11-16,
19547,77,17,OUT,38,2024-02-20,4784
19548,200,1,OUT,63,2024-11-10,5706
19549,163,27,IN,300,2024-01-19,
19550,73,2,IN,60,2024-01-02,
19551,214,20,OUT,426,2024-12-28,1089
19552,346,5,IN,318,2024-01-28,
19553,202,7,OUT,250,2024-11-19,28006
19554,222,4,OUT,0,2024-10-07,29399
19555,283,18,OUT,298,2023-12-08,17379
19556,228,18,OUT,241,2024-02-04,625
19557,69,3,IN,440,2023-03-18,
19558,38,20,OUT,166,2023-06-26,19279
19559,47,16,OUT,93,2024-01-25,18090
19560,69,24,OUT,9,2024-05-17,28637
19561,263,29,OUT,470,2023-09-01,16149
19562,354,17,OUT,288,2023-02-22,3227
19563,205,33,IN,196,2023-08-25,
19564,13,33,OUT,106,2024-12-02,4837
19565,331,21,IN,181,2023-12-16,
19566,206,5,IN,134,2023-06-11,
19567,158,23,IN,307,2024-04-14,
19568,159,12,OUT,12,2024-01-20,9937
19569,284,7,IN,444,2023-08-25,
19570,252,20,OUT,401,2024-10-02,5037
19571,33,35,IN,383,2024-04-19,
19572,208,3,IN,0,2024-07-01,
19573,235,6,IN,199,2024-07-30,
19574,242,33,IN,315,2023-03-30,
19575,309,10,OUT,48,2024-12-14,24208
19576,353,14,IN,16,2024-05-06,
19577,127,10,IN,152,2024-11-07,
19578,233,5,IN,317,2023-07-18,
19579,244,25,IN,463,2024-01-17,
19580,114,32,OUT,350,2024-09-20,27096
19581,287,19,OUT,84,2023-07-07,23443
19582,351,19,IN,61,2024-07-24,
19583,302,9,IN,158,2023-06-24,
19584,58,16,IN,105,2023-09-22,
19585,92,21,IN,0,2023-01-03,
19586,225,33,OUT,232,2024-03-03,16613
19587,339,31,IN,286,2024-11-04,
19588,300,31,OUT,147,2023-05-31,2527
19589,129,32,OUT,408,2023-06-23,22805
19590,288,9,IN,437,2023-02-19,
19591,31,17,OUT,374,2024-11-01,21032
19592,129,31,OUT,460,2024-11-11,27048
19593,36,27,OUT,488,2023-11-22,14871
19594,28,5,IN,222,2023-10-11,
19595,283,30,OUT,335,2024-04-08,18526
19596,295,25,IN,92,2023-02-06,
19597,287,28,IN,333,2024-09-27,
19598,357,33,OUT,248,2023-08-16,3092
19599,170,31,IN,187,2024-06-12,
19600,197,29,OUT,4,2024-02-18,29626
19601,267,23,IN,305,2023-02-26,
19602,325,19,IN,232,2024-11-19,
19603,189,19,IN,468,2023-01-25,
19604,8888,888,OUT,0,2023-05-25,888888
19605,288,23,IN,275,2024-07-28,
19606,99,19,IN,388,2024-05-14,
19607,8,17,OUT,92,2023-11-26,18663
19608,116,18,OUT,324,2023-11-01,18832
19609,105,30,IN,133,2024-01-02,
19610,234,9,IN,290,2023-11-21,
19611,48,13,OUT,41,2024-10-23,14189
19612,23,5,OUT,110,2023-03-14,8415
19613,276,19,OUT,384,2023-08-08,6895
19614,123,10,OUT,72,2023-03-30,22062
19615,196,16,OUT,444,2024-11-16,26259
19616,268,20,OUT,360,2023-04-01,20806
19617,11,13,OUT,190,2024-03-24,15491
19618,220,15,OUT,435,2023-06-21,11870
19619,295,7,OUT,196,2023-04-13,8536
19620,127,12,OUT,86,2024-04-10,5354
19621,111,6,IN,11,2023-12-22,
19622,15,2,OUT,97,2024-07-23,15539
19623,98,30,IN,425,2023-12-21,
19624,166,5,OUT,152,2023-03-18,21613
19625,281,20,OUT,142,2023-10-02,29173
19626,335,19,IN,362,2024-01-08,
19627,261,15,OUT,441,2024-04-27,27541
19628,287,6,OUT,490,2024-06-10,16036
19629,352,13,IN,205,2023-06-09,
19630,146,30,OUT,163,2024-12-10,8584
19631,10,9,OUT,130,2023-08-28,8455
19632,53,6,OUT,34,2024-08-09,22421
19633,42,23,IN,234,2024-06-04,
19634,317,22,IN,271,2024-11-27,
19635,143,6,IN,68,2023-10-27,
19636,150,35,OUT,403,2023-01-05,10560
19637,293,2,OUT,213,2023-03-23,7639
19638,8888,888,IN,0,2023-06-24,
19639,205,28,OUT,69,2023-10-05,20501
19640,346,2,IN,58,2023-10-02,
19641,327,34,OUT,118,2024-05-29,27692
19642,220,26,OUT,95,2023-05-16,3438
19643,336,7,IN,495,2023-11-22,
19644,82,1,OUT,440,2024-10-25,5391
19645,215,11,IN,38,2024-08-17,
19646,111,4,IN,287,2023-07-31,
19647,156,14,IN,84,2024-08-22,
19648,168,4,IN,295,2023-07-28,
19649,42,35,OUT,69,2024-10-06,20749
19650,237,16,IN,8,2024-03-04,
19651,270,19,OUT,450,2023-10-28,22199
19652,315,3,OUT,81,2024-04-24,5719
19653,77,21,IN,30,2023-11-23,
19654,38,20,OUT,189,2023-08-24,4974
19655,171,8,IN,455,2023-12-26,
19656,108,28,OUT,355,2023-08-01,24908
19657,157,31,IN,82,2024-05-20,
19658,16,9,OUT,73,2023-08-20,17374
19659,270,6,OUT,362,2024-10-11,27283
19660,75,18,OUT,181,2024-07-11,3094
19661,357,29,IN,465,2024-07-28,
19662,282,14,IN,67,2023-12-17,
19663,348,9,OUT,500,2023-03-31,3753
19664,359,28,OUT,97,2024-01-12,19155
19665,245,8,OUT,104,2024-01-31,21290
19666,157,20,IN,276,2023-02-14,
19667,204,10,OUT,398,2024-05-25,17258
19668,337,7,OUT,253,2023-10-28,28041
19669,73,20,IN,89,2024-08-07,
19670,62,22,IN,101,2024-12-23,
19671,342,17,IN,201,2024-04-11,
19672,319,12,OUT,124,2024-02-04,25252
19673,251,28,OUT,92,2023-06-09,17072
19674,211,22,OUT,405,2023-08-30,6025
19675,266,19,IN,411,2024-04-18,
19676,279,31,IN,190,2023-07-15,
19677,229,14,OUT,109,2024-05-19,24310
19678,294,5,OUT,64,2024-07-04,23133
19679,189,25,IN,319,2024-08-16,
19680,125,8,IN,165,2023-10-28,
19681,339,27,OUT,260,2023-01-22,947
19682,168,12,OUT,327,2024-10-22,9394
19683,130,30,OUT,24,2023-06-27,24191
19684,44,17,IN,26,2024-05-16,
19685,12,34,IN,226,2023-09-25,
19686,208,30,OUT,10,2023-10-01,16041
19687,335,2,IN,456,2023-08-27,
19688,224,15,IN,451,2024-07-13,
19689,7,30,IN,137,2024-06-20,
19690,86,29,OUT,264,2024-04-28,15597
19691,5,25,OUT,426,2024-02-08,18523
19692,141,8,OUT,262,2023-06-01,18870
19693,45,25,IN,202,2024-12-08,
19694,29,32,IN,399,2023-07-19,
19695,342,4,OUT,374,2023-12-06,10306
19696,281,33,OUT,205,2024-07-22,26928
19697,37,20,OUT,370,2023-11-18,8026
19698,116,32,OUT,272,2023-10-10,6459
19699,44,19,IN,241,2023-05-20,
19700,33,34,OUT,455,2023-03-06,19545
19701,130,25,OUT,214,2023-03-25,28918
19702,61,9,OUT,162,2024-02-19,18289
19703,252,14,IN,477,2023-10-21,
19704,114,2,OUT,356,2024-04-12,3374
19705,279,32,OUT,119,2023-09-14,10228
19706,196,1,IN,117,2024-11-01,
19707,223,3,IN,363,2023-08-30,
19708,33,19,OUT,246,2023-06-21,14851
19709,337,35,IN,343,2023-01-19,
19710,158,18,IN,328,2023-07-19,
19711,239,19,OUT,425,2024-01-31,13215
19712,198,21,IN,271,2023-12-15,
19713,37,24,IN,143,2023-12-02,
19714,214,26,IN,482,2023-05-02,
19715,81,35,OUT,353,2024-08-20,6186
19716,335,8,IN,357,2024-05-28,
19717,19,21,OUT,280,2023-09-08,23591
19718,133,28,OUT,94,2024-10-01,1609
19719,8888,888,IN,0,2024-10-03,
19720,35,3,IN,292,2024-11-09,
19721,191,32,IN,199,2023-09-16,
19722,160,2,OUT,322,2023-09-27,21794
19723,168,27,IN,419,2023-08-31,
19724,149,20,OUT,352,2023-06-25,16676
19725,2,1,OUT,250,2023-06-12,7173
19726,68,10,OUT,127,2023-06-12,19155
19727,262,18,OUT,441,2024-12-11,19792
19728,103,28,OUT,374,2024-04-04,29981
19729,254,10,IN,228,2023-12-19,
19730,224,6,OUT,46,2024-12-02,17331
19731,50,31,IN,237,2023-04-14,
19732,28,26,IN,30,2023-04-28,
19733,8888,888,OUT,0,2024-02-21,888888
19734,280,8,OUT,320,2023-10-07,16901
19735,293,8,IN,54,2024-02-01,
19736,82,30,IN,487,2024-06-17,
19737,231,14,IN,263,2023-09-28,
19738,275,14,IN,61,2024-02-24,
19739,60,35,IN,133,2023-04-26,
19740,2,34,IN,23,2023-02-01,
19741,196,34,IN,17,2024-08-14,
19742,65,35,IN,161,2023-02-04,
19743,139,20,IN,390,2024-03-12,
19744,277,20,OUT,467,2024-11-10,23888
19745,125,12,IN,209,2023-01-14,
19746,265,34,IN,252,2023-05-18,
19747,214,12,OUT,226,2024-12-26,12196
19748,36,9,OUT,393,2024-06-15,1045
19749,8888,888,OUT,0,2023-06-13,888888
19750,71,9,IN,19,2024-12-19,
19751,299,13,IN,162,2023-12-18,
19752,24,23,IN,0,2024-02-03,
19753,212,29,OUT,144,2023-05-16,20508
19754,258,32,IN,186,2024-08-19,
19755,99,35,IN,71,2024-10-02,
19756,6,5,IN,321,2023-03-05,
19757,53,15,IN,54,2024-12-17,
19758,319,31,IN,404,2023-07-08,
19759,117,19,OUT,276,2023-08-15,28021
19760,170,28,IN,228,2023-04-01,
19761,333,14,IN,92,2023-03-22,
19762,61,12,IN,481,2024-12-09,
19763,181,9,IN,493,2024-10-05,
19764,314,19,OUT,96,2023-10-27,15422
19765,255,5,IN,482,2023-11-05,
19766,312,35,OUT,313,2023-08-21,28851
19767,186,10,IN,113,2023-03-27,
19768,7,26,IN,171,2024-05-27,
19769,135,8,IN,377,2023-01-03,
19770,203,17,OUT,52,2023-08-14,6436
19771,13,22,IN,387,2024-04-15,
19772,242,5,IN,485,2024-02-03,
19773,260,12,OUT,211,2023-11-27,29175
19774,69,26,IN,3,2024-06-15,
19775,288,5,OUT,259,2023-07-02,29653
19776,355,1,OUT,164,2024-01-20,5510
19777,111,16,OUT,182,2024-08-23,29909
19778,346,20,OUT,454,2023-06-11,29247
19779,175,26,IN,31,2024-09-30,
19780,164,26,OUT,127,2024-10-11,26645
19781,255,11,OUT,411,2023-10-19,21372
19782,19,8,IN,369,2024-03-12,
19783,226,32,OUT,193,2024-05-26,28359
19784,45,22,OUT,368,2023-02-22,19854
19785,106,35,OUT,430,2023-09-26,19625
19786,354,22,OUT,274,2023-10-20,27135
19787,342,32,OUT,395,2023-11-24,17048
19788,79,20,OUT,252,2023-04-25,9374
19789,11,9,OUT,372,2024-02-27,26079
19790,275,11,IN,493,2024-06-13,
19791,296,23,OUT,133,2024-08-26,14198
19792,315,32,OUT,318,2023-10-11,9839
19793,351,14,OUT,130,2024-04-02,9658
19794,37,8,IN,389,2023-11-10,
19795,221,35,IN,295,2023-10-19,
19796,10,12,OUT,137,2023-12-07,21689
19797,58,9,IN,107,2023-10-26,
19798,319,34,IN,434,2023-09-14,
19799,297,8,IN,184,2024-07-16,
19800,274,23,IN,431,2024-06-05,
19801,245,18,IN,168,2023-04-25,
19802,5,4,IN,43,2023-04-28,
19803,258,30,OUT,105,2023-01-01,29161
19804,66,24,OUT,220,2024-03-05,8128
19805,83,27,OUT,91,2024-11-15,22036
19806,296,5,OUT,491,2023-10-15,11834
19807,162,14,OUT,314,2023-05-23,25127
19808,4,20,IN,372,2024-09-08,
19809,279,19,OUT,317,2023-08-08,26335
19810,36,30,IN,13,2023-05-28,
19811,4,17,OUT,477,2023-03-03,2375
19812,256,23,IN,192,2023-12-25,
19813,287,26,IN,334,2023-06-28,
19814,156,3,OUT,311,2023-11-22,5146
19815,275,21,OUT,72,2023-04-04,1411
19816,52,23,OUT,120,2024-12-26,6754
19817,180,7,OUT,441,2024-10-09,11521
19818,206,9,IN,228,2023-10-30,
19819,218,19,OUT,135,2023-12-06,21950
19820,33,34,IN,212,2024-01-21,
19821,159,22,IN,487,2023-03-12,
19822,108,8,OUT,141,2023-05-01,3985
19823,254,6,IN,49,2023-03-08,
19824,52,11,IN,117,2023-03-18,
19825,91,13,OUT,0,2024-04-11,8054
19826,29,26,IN,149,2024-02-17,
19827,102,5,IN,128,2024-06-28,
19828,353,21,OUT,229,2023-12-01,29614
19829,183,22,IN,399,2023-06-01,
19830,217,32,OUT,247,2024-12-27,1574
19831,336,5,OUT,185,2024-09-21,15563
19832,33,1,OUT,314,2024-09-02,27600
19833,109,25,OUT,234,2023-09-09,11858
19834,36,33,IN,295,2023-05-28,
19835,323,22,OUT,318,2023-05-31,1984
19836,259,33,IN,46,2023-10-23,
19837,182,21,OUT,211,2023-10-11,4369
19838,40,15,OUT,76,2024-11-02,12582
19839,132,17,OUT,370,2024-08-31,20133
19840,139,4,OUT,260,2024-02-09,10620
19841,43,6,OUT,81,2024-06-18,7580
19842,262,7,IN,13,2023-12-10,
19843,90,33,IN,22,2023-12-26,
19844,195,33,IN,141,2023-05-11,
19845,219,10,OUT,96,2024-10-26,19431
19846,337,29,OUT,447,2023-08-27,19290
19847,307,30,OUT,271,2024-01-27,29097
19848,143,27,IN,61,2024-08-22,
19849,176,21,OUT,486,2023-10-20,2066
19850,127,9,IN,369,2023-06-18,
19851,149,26,OUT,297,2023-01-30,25292
19852,84,2,IN,216,2023-11-05,
19853,315,24,IN,123,2023-10-20,
19854,334,14,OUT,363,2023-04-25,14232
19855,82,9,OUT,479,2024-08-04,25272
19856,61,5,OUT,362,2023-09-13,29489
19857,281,35,OUT,361,2024-07-14,5986
19858,117,20,IN,491,2024-06-05,
19859,202,22,OUT,451,2024-06-11,10125
19860,155,19,IN,481,2024-04-17,
19861,158,6,IN,11,2024-07-08,
19862,29,6,OUT,94,2024-11-15,23113
19863,94,35,OUT,287,2024-11-29,27728
19864,140,12,IN,230,2024-01-20,
19865,83,24,OUT,299,2024-01-11,29020
19866,350,2,IN,170,2024-02-02,
19867,330,25,IN,202,2024-11-23,
19868,267,12,OUT,208,2024-12-04,2750
19869,151,3,IN,284,2024-12-19,
19870,300,22,OUT,365,2024-08-24,5602
19871,347,7,IN,118,2023-04-07,
19872,352,5,IN,62,2023-09-10,
19873,276,10,IN,335,2024-09-16,
19874,8888,888,IN,0,2023-12-25,
19875,315,13,OUT,220,2024-09-29,3051
19876,133,22,IN,407,2023-09-14,
19877,108,27,OUT,331,2024-04-07,17617
19878,348,21,OUT,326,2023-05-23,6489
19879,270,16,IN,250,2023-09-17,
19880,47,34,IN,405,2024-11-10,
19881,297,4,IN,292,2024-10-29,
19882,227,18,OUT,449,2023-11-16,20706
19883,120,19,OUT,330,2024-04-06,27928
19884,20,29,OUT,370,2024-07-31,9041
19885,316,28,OUT,17,2024-10-14,17175
19886,285,34,OUT,207,2024-08-11,4328
19887,33,21,OUT,190,2023-04-22,26009
19888,301,21,IN,467,2023-02-03,
19889,278,33,OUT,494,2023-02-10,27155
19890,9,35,IN,46,2024-01-29,
19891,293,31,IN,367,2023-05-11,
19892,350,9,IN,92,2024-11-26,
19893,209,4,OUT,148,2024-11-29,21229
19894,197,1,OUT,444,2024-04-03,22539
19895,131,15,OUT,190,2024-07-03,7768
19896,56,19,OUT,88,2024-01-29,29062
19897,216,13,OUT,312,2024-05-15,27459
19898,327,11,IN,128,2023-09-08,
19899,8888,888,OUT,0,2024-11-29,888888
19900,338,35,IN,358,2023-06-08,
19901,244,24,IN,421,2023-02-15,
19902,57,10,IN,98,2024-06-21,
19903,176,13,IN,257,2023-04-14,
19904,19,2,OUT,331,2023-04-16,9500
19905,170,30,IN,438,2024-01-19,
19906,306,5,OUT,68,2023-05-04,25473
19907,330,21,OUT,239,2024-07-20,17437
19908,204,19,IN,200,2024-04-05,
19909,340,2,IN,143,2023-12-29,
19910,58,14,OUT,181,2024-03-06,4062
19911,84,33,IN,434,2024-09-04,
19912,144,13,IN,279,2023-11-24,
19913,200,32,OUT,361,2024-07-08,26968
19914,33,15,IN,208,2023-04-04,
19915,258,17,OUT,113,2023-05-25,17104
19916,204,32,OUT,451,2024-12-20,19866
19917,350,25,IN,401,2024-08-30,
19918,298,12,IN,385,2024-05-09,
19919,289,2,IN,0,2023-01-28,
19920,257,12,OUT,190,2023-05-14,4104
19921,67,26,IN,416,2023-04-05,
19922,99,34,IN,145,2023-06-20,
19923,144,18,OUT,129,2024-09-18,7392
19924,161,29,IN,369,2023-10-31,
19925,281,14,OUT,225,2024-03-03,3554
19926,7,34,IN,406,2023-06-30,
19927,4,22,OUT,260,2023-10-22,24900
19928,308,18,OUT,116,2024-02-25,21985
19929,91,26,OUT,451,2024-06-27,18050
19930,298,15,OUT,58,2023-04-08,1435
19931,206,17,OUT,248,2023-06-06,2408
19932,59,33,OUT,403,2024-11-12,7117
19933,151,2,OUT,308,2024-06-28,9427
19934,5,10,IN,68,2023-07-25,
19935,170,1,IN,246,2024-03-26,
19936,184,8,IN,306,2023-08-07,
19937,233,23,IN,342,2023-06-25,
19938,176,7,OUT,370,2024-06-07,2081
19939,176,15,IN,202,2023-11-19,
19940,26,11,OUT,408,2023-10-17,15263
19941,60,4,OUT,325,2023-04-09,8232
19942,19,16,OUT,34,2023-01-23,9845
19943,258,23,OUT,486,2024-01-18,6716
19944,278,23,OUT,387,2024-05-22,14088
19945,56,25,OUT,297,2024-07-18,10274
19946,106,31,OUT,24,2024-02-03,11989
19947,8888,888,IN,0,2023-07-05,
19948,267,32,OUT,255,2024-06-04,27047
19949,280,3,IN,485,2024-05-28,
19950,17,19,OUT,138,2024-02-27,28512
19951,41,25,OUT,346,2024-12-17,6573
19952,289,7,IN,472,2024-08-06,
19953,77,27,IN,469,2024-09-05,
19954,139,5,IN,495,2024-04-27,
19955,58,3,OUT,358,2023-10-03,17588
19956,260,25,OUT,102,2023-05-27,2054
19957,229,6,OUT,355,2024-06-28,29300
19958,241,13,IN,0,2024-03-03,
19959,216,2,IN,417,2024-02-26,
19960,360,16,OUT,353,2024-12-14,28413
19961,4,19,IN,219,2023-11-12,
19962,21,35,OUT,215,2023-02-24,29692
19963,232,30,OUT,354,2023-04-19,6428
19964,60,10,OUT,0,2023-12-06,23
19965,54,7,OUT,494,2024-12-12,2886
19966,217,10,IN,302,2024-11-19,
19967,233,7,OUT,197,2024-07-15,20595
19968,71,9,OUT,500,2024-12-28,1389
19969,332,17,OUT,206,2024-08-16,29346
19970,212,17,OUT,187,2023-11-22,29753
19971,33,15,OUT,359,2023-07-03,24583
19972,28,22,OUT,167,2023-07-03,26463
19973,64,35,OUT,446,2024-03-16,22722
19974,198,34,IN,215,2024-04-17,
19975,325,2,OUT,72,2024-01-07,2102
19976,22,1,OUT,392,2024-10-21,14393
19977,21,8,OUT,439,2024-12-27,1721
19978,156,19,OUT,278,2024-12-01,19206
19979,229,25,OUT,3,2023-12-03,11347
19980,309,12,IN,391,2024-09-24,
19981,349,1,IN,273,2023-01-22,
19982,127,14,OUT,0,2023-04-13,4638
19983,226,16,OUT,23,2023-09-23,24456
19984,289,3,OUT,70,2023-07-03,24552
19985,128,12,IN,409,2024-11-20,
19986,50,26,IN,241,2023-02-22,
19987,192,2,OUT,103,2024-12-15,3260
19988,78,26,OUT,8,2023-12-29,28483
19989,299,30,OUT,335,2023-04-14,9618
19990,196,28,OUT,169,2023-05-30,4409
19991,187,30,OUT,446,2024-12-13,7978
19992,320,4,IN,139,2023-03-22,
19993,200,27,OUT,330,2024-12-20,28774
19994,151,6,OUT,248,2023-06-24,22426
19995,336,10,OUT,97,2023-11-19,10420
19996,295,10,IN,304,2023-07-28,
19997,329,11,IN,375,2024-07-28,
19998,171,32,IN,156,2023-10-29,
19999,43,16,OUT,169,2024-12-22,23196
20000,22,3,IN,482,2023-07-28,
20001,275,12,OUT,168,2023-11-26,9201
20002,117,33,IN,139,2024-01-05,
20003,231,12,IN,64,2023-06-04,
20004,217,17,IN,430,2023-09-28,
20005,191,30,IN,365,2024-09-10,
20006,59,30,OUT,233,2024-08-31,27596
20007,145,11,OUT,187,2024-09-12,348
20008,192,28,OUT,400,2024-01-03,17798
20009,238,19,OUT,459,2023-08-02,1630
20010,107,6,OUT,205,2024-04-08,28214
20011,317,34,OUT,483,2024-04-10,15746
20012,131,27,IN,340,2024-06-11,
20013,120,8,IN,41,2023-09-13,
20014,8888,888,OUT,0,2023-12-01,888888
20015,59,22,OUT,145,2024-01-08,602
20016,321,34,OUT,187,2024-02-10,27986
20017,360,19,OUT,437,2023-09-07,9404
20018,147,4,IN,43,2023-06-06,
20019,113,21,OUT,273,2023-08-20,8457
20020,245,2,OUT,298,2023-08-13,24858
20021,11,28,OUT,153,2023-02-18,15490
20022,134,10,OUT,449,2024-06-28,6133
20023,98,8,OUT,237,2024-02-22,17293
20024,20,4,IN,322,2024-06-02,
20025,255,28,OUT,183,2024-11-17,19999
20026,109,12,OUT,162,2023-02-16,14312
20027,320,29,OUT,224,2024-01-24,29339
20028,130,8,IN,86,2024-07-26,
20029,347,32,IN,165,2024-02-18,
20030,281,29,OUT,447,2024-11-16,1662
20031,8888,888,OUT,0,2023-12-07,888888
20032,184,4,OUT,369,2024-12-19,6826
20033,29,13,OUT,156,2024-01-22,21614
20034,324,14,IN,439,2024-11-21,
20035,107,16,OUT,16,2023-08-04,29094
20036,216,30,OUT,65,2024-11-22,9962
20037,190,16,IN,267,2024-02-08,
20038,229,11,OUT,213,2023-01-07,15711
20039,270,9,OUT,263,2023-09-30,25736
20040,240,16,IN,173,2023-03-24,
20041,41,25,OUT,242,2023-05-14,1111
20042,53,4,OUT,365,2023-01-14,24898
20043,197,27,OUT,327,2023-06-11,14346
20044,192,14,OUT,253,2024-10-30,29592
20045,129,32,IN,350,2023-06-26,
20046,286,6,IN,105,2023-04-08,
20047,162,18,IN,236,2023-05-10,
20048,276,34,OUT,25,2023-09-12,2010
20049,248,20,IN,66,2024-09-12,
20050,57,11,IN,70,2023-05-17,
20051,69,23,IN,358,2023-08-10,
20052,283,18,IN,287,2023-05-19,
20053,283,10,OUT,147,2024-12-16,7777
20054,303,15,OUT,435,2023-09-17,29956
20055,180,12,OUT,284,2024-05-09,8176
20056,90,31,OUT,469,2023-04-07,24340
20057,242,5,IN,468,2024-08-17,
20058,328,12,IN,113,2023-11-07,
20059,259,21,OUT,53,2024-12-10,13962
20060,156,16,IN,448,2023-01-26,
20061,40,24,OUT,437,2023-10-26,11904
20062,213,24,IN,474,2023-07-27,
20063,211,27,OUT,90,2023-01-15,25655
20064,267,4,IN,499,2023-06-13,
20065,180,13,IN,387,2023-05-11,
20066,351,31,IN,89,2023-09-21,
20067,344,28,OUT,329,2024-07-11,3010
20068,104,29,OUT,172,2023-03-20,8470
20069,263,1,OUT,494,2023-12-14,26220
20070,265,2,OUT,442,2023-01-07,29071
20071,76,27,OUT,0,2024-10-22,26195
20072,183,33,IN,149,2024-02-08,
20073,344,31,OUT,324,2023-11-18,25491
20074,201,23,IN,75,2023-09-06,
20075,64,9,OUT,498,2023-12-12,29763
20076,78,22,IN,286,2023-10-30,
20077,277,29,IN,427,2023-01-06,
20078,46,33,IN,17,2024-05-06,
20079,46,25,OUT,159,2023-04-14,13660
20080,104,10,IN,91,2024-01-13,
20081,353,21,IN,152,2024-07-27,
20082,332,26,OUT,219,2024-10-05,16542
20083,268,16,OUT,169,2024-07-12,1122
20084,125,24,OUT,267,2024-11-06,28347
20085,226,7,IN,439,2024-03-27,
20086,310,17,IN,24,2024-06-01,
20087,117,6,OUT,205,2024-04-29,28447
20088,260,10,OUT,229,2023-04-27,4240
20089,285,11,OUT,405,2023-08-12,3487
20090,31,24,OUT,413,2023-09-18,1619
20091,225,21,IN,69,2023-09-21,
20092,237,35,OUT,162,2024-09-03,4913
20093,312,16,IN,91,2023-03-07,
20094,279,18,IN,72,2024-05-23,
20095,232,10,IN,141,2024-05-23,
20096,287,8,OUT,24,2024-02-22,17941
20097,355,6,IN,105,2024-05-13,
20098,241,22,OUT,169,2023-04-03,12495
20099,74,23,OUT,4,2023-11-13,16049
20100,178,13,OUT,397,2023-01-13,18762
20101,324,11,OUT,384,2023-09-09,20412
20102,109,14,OUT,220,2023-10-08,27131
20103,78,7,OUT,75,2023-12-10,26400
20104,97,35,IN,481,2024-06-06,
20105,360,15,OUT,98,2023-10-23,13128
20106,66,25,OUT,211,2024-02-01,5555
20107,252,29,OUT,49,2023-07-31,6163
20108,124,27,IN,187,2024-12-19,
20109,114,29,IN,268,2023-12-01,
20110,1,5,OUT,466,2023-07-12,11933
20111,89,28,IN,270,2023-02-25,
20112,117,19,IN,3,2024-05-20,
20113,110,12,OUT,65,2024-07-24,15725
20114,250,18,OUT,45,2023-01-16,23801
20115,233,30,IN,379,2023-02-10,
20116,184,33,IN,4,2023-12-08,
20117,8888,888,OUT,0,2024-08-09,888888
20118,227,18,IN,433,2023-11-06,
20119,256,28,IN,130,2023-12-14,
20120,51,27,IN,352,2024-11-03,
20121,91,34,OUT,11,2024-01-27,21611
20122,287,2,OUT,247,2024-01-18,1306
20123,220,32,OUT,317,2024-12-27,18170
20124,19,26,OUT,496,2023-11-24,15339
20125,249,12,IN,478,2023-02-15,
20126,251,33,OUT,97,2024-06-17,29928
20127,204,31,IN,337,2024-06-04,
20128,109,20,IN,223,2023-03-17,
20129,249,30,IN,378,2024-08-13,
20130,64,12,IN,362,2024-10-11,
20131,19,12,OUT,99,2024-01-17,14184
20132,47,19,IN,38,2024-09-14,
20133,224,24,IN,327,2024-07-19,
20134,331,1,IN,3,2023-07-29,
20135,311,28,OUT,129,2023-12-21,4828
20136,326,2,IN,152,2023-09-21,
20137,22,28,IN,14,2024-05-19,
20138,272,23,OUT,172,2023-06-12,1211
20139,183,4,IN,36,2023-05-12,
20140,261,30,IN,381,2024-08-21,
20141,78,8,OUT,1,2023-11-07,8377
20142,336,25,IN,183,2023-06-19,
20143,211,34,OUT,211,2024-12-03,15530
20144,163,27,OUT,482,2023-04-12,11640
20145,324,1,OUT,403,2024-03-02,28503
20146,295,14,OUT,35,2024-11-02,27996
20147,93,6,IN,204,2023-05-08,
20148,31,27,OUT,267,2024-03-03,28449
20149,236,1,OUT,64,2023-09-09,15002
20150,332,9,IN,108,2023-11-07,
20151,272,16,OUT,53,2024-09-16,3869
20152,57,21,IN,29,2024-01-29,
20153,253,33,OUT,252,2023-11-01,19903
20154,310,16,OUT,152,2023-12-10,3664
20155,131,25,OUT,84,2024-02-15,21526
20156,205,33,IN,71,2023-03-20,
20157,5,28,IN,426,2023-06-29,
20158,249,25,IN,473,2023-12-14,
20159,162,10,OUT,97,2023-02-21,3187
20160,28,33,OUT,368,2024-03-10,219
20161,36,7,IN,31,2023-07-21,
20162,122,13,OUT,114,2024-10-10,17067
20163,247,5,IN,270,2023-06-30,
20164,193,27,IN,431,2023-04-18,
20165,36,15,IN,100,2024-02-10,
20166,327,18,OUT,494,2023-08-13,14010
20167,55,21,OUT,403,2024-07-20,7577
20168,321,2,OUT,48,2024-06-11,16783
20169,112,8,OUT,21,2024-06-28,21448
20170,38,29,IN,243,2024-04-06,
20171,129,16,OUT,217,2024-08-21,3353
20172,181,19,OUT,87,2024-05-06,24019
20173,38,6,OUT,107,2024-06-14,6779
20174,8888,888,OUT,0,2023-08-25,888888
20175,82,32,OUT,314,2024-10-06,29599
20176,356,24,IN,260,2024-05-15,
20177,282,22,IN,455,2023-06-10,
20178,133,5,IN,103,2024-10-25,
20179,166,8,IN,252,2024-07-25,
20180,271,17,IN,74,2024-12-31,
20181,130,11,OUT,417,2024-04-20,21295
20182,93,24,OUT,204,2023-02-07,27790
20183,49,32,IN,61,2023-08-27,
20184,323,6,OUT,61,2023-04-25,24896
20185,138,25,OUT,301,2023-04-23,2909
20186,1,20,IN,134,2023-11-27,
20187,187,9,OUT,50,2023-10-09,1602
20188,306,28,OUT,338,2024-07-25,9775
20189,89,29,OUT,261,2023-06-19,7232
20190,78,4,OUT,368,2023-01-18,11278
20191,66,3,IN,87,2024-09-09,
20192,188,12,OUT,493,2024-10-28,22534
20193,359,1,OUT,252,2024-01-03,11377
20194,9,25,IN,25,2024-08-21,
20195,8888,888,OUT,0,2023-01-23,888888
20196,203,19,IN,110,2024-03-01,
20197,19,21,IN,77,2024-05-07,
20198,79,31,OUT,43,2023-10-26,8883
20199,58,30,OUT,43,2023-12-28,4386
20200,117,33,OUT,0,2024-04-27,9201
20201,76,4,OUT,262,2024-05-16,15441
20202,202,3,IN,407,2023-05-18,
20203,48,4,IN,54,2023-04-14,
20204,14,31,OUT,255,2024-12-22,18790
20205,9,4,IN,212,2023-04-16,
20206,286,28,IN,461,2024-12-06,
20207,104,28,IN,395,2024-05-14,
20208,306,29,OUT,271,2024-07-16,4765
20209,309,15,IN,419,2023-06-30,
20210,40,21,OUT,385,2023-02-23,22889
20211,41,26,IN,425,2024-01-19,
20212,141,5,OUT,93,2023-02-27,28868
20213,258,1,OUT,194,2023-07-20,2450
20214,54,22,OUT,115,2024-10-31,29986
20215,33,19,OUT,402,2023-06-06,26564
20216,4,22,OUT,73,2023-02-21,5046
20217,320,10,OUT,325,2024-06-01,8115
20218,237,27,OUT,189,2023-07-31,7265
20219,298,21,OUT,478,2024-05-16,7002
20220,293,9,OUT,235,2024-11-26,23415
20221,229,28,IN,51,2023-12-16,
20222,265,16,OUT,487,2023-09-17,26568
20223,358,30,IN,449,2023-07-04,
20224,81,35,IN,130,2024-04-29,
20225,307,6,IN,193,2024-02-05,
20226,90,20,OUT,30,2023-05-12,23117
20227,65,14,IN,397,2024-10-23,
20228,168,4,IN,65,2024-12-02,
20229,87,12,IN,45,2023-12-20,
20230,146,10,OUT,39,2024-08-10,24598
20231,236,21,IN,301,2023-03-14,
20232,347,27,OUT,163,2024-07-31,1926
20233,48,5,IN,202,2024-08-05,
20234,129,34,OUT,66,2023-11-25,7082
20235,253,6,OUT,364,2024-10-12,23681
20236,129,14,OUT,4,2024-08-27,29636
20237,238,24,IN,255,2024-10-15,
20238,356,28,OUT,415,2024-04-30,6716
20239,197,24,OUT,1,2023-05-18,22914
20240,56,11,IN,4,2024-05-08,
20241,315,7,OUT,114,2023-06-10,26832
20242,81,7,OUT,68,2024-02-24,15903
20243,168,12,IN,349,2024-01-23,
20244,69,14,IN,491,2023-08-07,
20245,33,33,OUT,461,2023-11-24,18012
20246,114,17,OUT,49,2023-11-13,2667
20247,25,24,IN,10,2024-08-27,
20248,344,10,OUT,227,2023-04-10,29371
20249,47,3,OUT,190,2023-11-04,2722
20250,25,2,OUT,436,2023-02-21,26084
20251,67,6,IN,439,2024-02-16,
20252,78,13,IN,156,2023-12-02,
20253,8888,888,OUT,0,2024-02-22,888888
20254,217,26,OUT,230,2023-10-21,21361
20255,214,9,OUT,264,2024-04-07,24551
20256,299,3,OUT,414,2024-03-14,15583
20257,151,32,OUT,311,2023-03-15,20746
20258,229,30,OUT,316,2023-12-25,22391
20259,360,21,OUT,340,2023-05-10,2584
20260,103,3,IN,202,2023-11-23,
20261,7,35,OUT,45,2024-01-16,23782
20262,216,28,OUT,100,2024-05-18,29772
20263,133,28,OUT,393,2024-03-08,29433
20264,209,13,IN,422,2024-01-03,
20265,79,7,OUT,367,2023-10-17,6812
20266,55,11,OUT,349,2023-09-01,24475
20267,67,12,OUT,428,2024-01-30,6352
20268,8888,888,OUT,0,2024-07-26,888888
20269,347,25,IN,448,2024-07-11,
20270,159,5,OUT,376,2024-09-08,20530
20271,8888,888,IN,0,2024-08-05,
20272,125,2,OUT,339,2024-11-05,9490
20273,329,4,IN,273,2023-11-11,
20274,44,26,IN,25,2023-03-19,
20275,138,19,OUT,376,2024-12-13,26170
20276,80,33,IN,482,2023-02-17,
20277,111,5,IN,75,2023-03-16,
20278,269,16,OUT,92,2024-03-13,6221
20279,36,27,OUT,247,2024-12-03,6530
20280,8888,888,OUT,0,2024-03-13,888888
20281,292,13,IN,494,2024-03-31,
20282,299,32,OUT,452,2024-11-14,16223
20283,360,5,IN,319,2024-05-03,
20284,325,15,IN,84,2024-12-27,
20285,2,5,IN,222,2023-10-10,
20286,151,27,IN,424,2024-04-19,
20287,129,25,OUT,493,2023-08-01,11905
20288,287,5,IN,329,2024-04-16,
20289,61,22,IN,57,2023-05-20,
20290,110,29,IN,241,2024-12-09,
20291,26,23,OUT,194,2024-09-28,26943
20292,105,9,OUT,328,2024-08-04,9539
20293,289,32,OUT,457,2023-06-25,8134
20294,2,34,IN,101,2024-01-24,
20295,219,34,IN,204,2024-07-13,
20296,317,33,OUT,178,2023-02-01,22251
20297,28,34,OUT,427,2024-06-28,29669
20298,223,33,IN,183,2024-08-21,
20299,131,20,IN,491,2023-11-23,
20300,139,13,IN,239,2024-02-19,
20301,154,17,OUT,75,2024-08-12,25519
20302,91,25,OUT,57,2023-06-20,7211
20303,198,29,IN,394,2023-08-15,
20304,296,20,IN,158,2023-02-23,
20305,347,14,OUT,104,2024-08-22,12576
20306,157,16,IN,310,2024-11-11,
20307,8888,888,IN,0,2023-08-03,
20308,27,6,OUT,499,2024-03-17,25094
20309,250,16,OUT,204,2024-12-07,5006
20310,349,29,IN,421,2023-01-07,
20311,171,22,IN,186,2024-03-13,
20312,20,3,OUT,220,2023-12-12,20234
20313,86,21,OUT,34,2023-01-29,16486
20314,130,35,IN,4,2024-07-30,
20315,64,22,IN,253,2024-07-13,
20316,95,11,OUT,118,2024-06-15,9970
20317,70,10,IN,413,2024-03-01,
20318,34,35,IN,34,2023-12-27,
20319,335,17,OUT,243,2024-08-31,6351
20320,328,16,OUT,162,2023-04-22,9300
20321,25,7,OUT,500,2023-09-15,8872
20322,348,2,OUT,474,2023-01-22,9949
20323,26,27,OUT,491,2023-03-30,10430
20324,285,29,OUT,439,2023-06-16,17840
20325,125,9,IN,10,2023-01-18,
20326,278,9,IN,155,2024-04-06,
20327,143,21,OUT,416,2024-05-18,4124
20328,336,1,IN,11,2024-07-03,
20329,291,33,OUT,278,2023-09-15,10311
20330,260,12,IN,355,2024-01-23,
20331,207,24,OUT,0,2023-11-15,22312
20332,220,24,OUT,282,2023-01-21,7768
20333,36,31,OUT,286,2024-10-28,1101
20334,167,27,OUT,476,2023-10-20,19999
20335,200,5,IN,245,2023-01-10,
20336,171,11,OUT,118,2024-07-08,4791
20337,16,5,OUT,86,2023-04-08,20835
20338,2,5,IN,329,2024-10-25,
20339,312,17,OUT,15,2024-01-17,9827
20340,163,17,IN,139,2023-11-27,
20341,331,23,OUT,458,2023-12-03,3506
20342,180,13,OUT,132,2023-01-15,21218
20343,124,3,OUT,253,2024-01-08,17090
20344,343,9,OUT,483,2024-01-04,8112
20345,125,4,IN,295,2023-07-31,
20346,121,9,OUT,36,2024-06-04,12930
20347,78,17,OUT,22,2024-10-28,21251
20348,238,34,IN,41,2023-07-30,
20349,216,17,OUT,247,2023-05-05,11027
20350,128,3,OUT,97,2024-10-20,889
20351,13,3,IN,317,2023-08-27,
20352,226,1,IN,187,2024-07-01,
20353,166,22,IN,45,2024-10-15,
20354,153,29,OUT,490,2024-11-20,23995
20355,78,24,OUT,169,2023-11-22,12716
20356,2,23,IN,498,2024-01-06,
20357,233,6,OUT,286,2023-02-06,24659
20358,70,3,IN,208,2023-09-28,
20359,62,15,OUT,307,2024-12-19,23693
20360,357,27,OUT,420,2024-11-15,12430
20361,112,19,IN,125,2024-07-18,
20362,3,19,OUT,343,2023-08-22,16570
20363,31,4,OUT,36,2023-05-02,22017
20364,234,21,OUT,91,2023-10-06,25188
20365,182,29,IN,462,2024-03-05,
20366,100,2,OUT,46,2024-01-22,7552
20367,132,22,OUT,187,2024-07-16,8215
20368,98,32,OUT,224,2023-09-21,13671
20369,152,25,IN,216,2024-10-13,
20370,200,20,OUT,42,2024-11-16,872
20371,22,7,OUT,273,2024-11-28,1211
20372,144,34,OUT,79,2024-05-17,29856
20373,275,28,OUT,155,2024-06-07,18783
20374,8888,888,IN,0,2023-12-06,
20375,308,10,IN,250,2023-04-23,
20376,19,27,OUT,294,2024-07-03,15961
20377,6,22,OUT,311,2023-12-17,13227
20378,305,29,OUT,278,2023-07-23,17633
20379,186,8,IN,18,2023-10-19,
20380,190,2,OUT,151,2024-11-14,17067
20381,206,26,OUT,320,2024-03-31,13229
20382,66,10,OUT,250,2024-02-08,26606
20383,90,16,OUT,329,2023-10-09,16844
20384,105,33,OUT,246,2024-08-04,5744
20385,87,1,OUT,323,2023-11-22,14678
20386,89,26,OUT,17,2023-08-30,17249
20387,79,15,IN,16,2024-09-02,
20388,21,20,IN,143,2023-07-31,
20389,139,26,OUT,290,2023-08-13,22465
20390,184,10,OUT,478,2024-06-07,18391
20391,346,23,IN,299,2024-12-12,
20392,216,33,OUT,190,2024-03-29,8236
20393,78,27,OUT,80,2023-08-24,18702
20394,237,24,IN,13,2024-10-07,
20395,19,10,IN,195,2024-01-09,
20396,59,31,IN,320,2023-08-24,
20397,324,19,OUT,368,2023-01-31,14206
20398,26,6,IN,346,2023-06-29,
20399,199,33,IN,445,2024-08-27,
20400,11,19,IN,184,2024-06-06,
20401,118,13,OUT,193,2023-05-03,6865
20402,327,20,OUT,65,2023-04-29,9020
20403,300,18,IN,130,2023-12-07,
20404,226,9,OUT,27,2023-11-04,4411
20405,186,10,IN,407,2024-09-13,
20406,96,31,IN,37,2023-03-05,
20407,3,17,OUT,457,2024-01-03,15305
20408,23,29,OUT,212,2023-01-20,18930
20409,51,6,IN,113,2024-03-04,
20410,178,33,OUT,89,2023-01-17,2582
20411,179,24,OUT,496,2024-09-17,23078
20412,84,34,OUT,362,2023-09-06,15974
20413,115,12,OUT,440,2023-09-28,385
20414,193,31,OUT,271,2023-01-16,10732
20415,63,5,IN,209,2024-01-02,
20416,185,6,IN,366,2023-12-21,
20417,211,16,OUT,193,2023-03-11,5772
20418,165,34,OUT,26,2024-08-02,24927
20419,224,8,OUT,134,2023-09-29,9918
20420,184,10,OUT,495,2024-12-06,10132
20421,185,29,OUT,280,2023-11-24,13449
20422,23,27,OUT,142,2024-11-23,14524
20423,27,16,OUT,277,2023-08-18,666
20424,276,32,OUT,12,2024-02-05,19829
20425,190,13,OUT,316,2024-08-18,27887
20426,98,7,OUT,237,2023-11-21,9209
20427,23,33,IN,398,2023-08-27,
20428,267,2,OUT,393,2023-09-29,24180
20429,253,25,OUT,302,2024-11-08,18433
20430,278,6,IN,141,2024-01-03,
20431,88,24,OUT,82,2024-12-23,3068
20432,83,29,IN,112,2024-06-27,
20433,241,14,IN,339,2024-10-01,
20434,191,12,IN,110,2024-04-21,
20435,317,24,OUT,26,2023-10-21,3846
20436,235,28,IN,436,2024-11-18,
20437,295,4,IN,109,2023-08-03,
20438,79,19,IN,108,2024-03-05,
20439,351,33,OUT,238,2023-12-11,18050
20440,254,29,IN,261,2024-07-11,
20441,92,27,IN,272,2023-12-22,
20442,226,22,OUT,276,2023-10-02,29383
20443,233,26,IN,249,2023-12-02,
20444,260,22,OUT,353,2023-08-09,20877
20445,143,28,OUT,444,2023-02-20,28811
20446,139,35,OUT,147,2023-06-30,7167
20447,40,4,IN,33,2023-09-05,
20448,301,11,OUT,195,2024-08-09,10425
20449,137,3,IN,213,2024-06-30,
20450,227,23,IN,63,2023-09-03,
20451,174,25,OUT,342,2024-10-09,27529
20452,223,30,OUT,339,2023-02-12,14991
20453,105,15,OUT,312,2024-05-05,28086
20454,231,5,OUT,140,2023-07-24,25944
20455,153,26,OUT,163,2023-11-16,28569
20456,247,4,IN,72,2024-05-07,
20457,112,10,OUT,414,2024-05-09,23268
20458,224,9,IN,428,2023-08-15,
20459,190,2,OUT,234,2023-09-28,12183
20460,256,17,IN,102,2023-06-10,
20461,25,29,OUT,304,2024-10-17,13728
20462,60,21,IN,197,2023-04-23,
20463,165,11,IN,399,2023-05-01,
20464,29,21,OUT,3,2024-01-02,27134
20465,9,3,IN,129,2024-01-03,
20466,329,27,OUT,423,2024-03-23,18479
20467,271,4,OUT,282,2023-06-30,14456
20468,335,32,IN,23,2023-11-27,
20469,263,26,OUT,229,2024-07-08,19349
20470,78,20,OUT,277,2024-07-26,8823
20471,283,28,OUT,153,2024-12-26,27254
20472,216,25,OUT,0,2024-05-21,16533
20473,14,24,IN,85,2023-03-11,
20474,85,21,OUT,435,2023-02-16,14289
20475,305,26,IN,237,2024-10-31,
20476,98,16,OUT,140,2023-07-30,16014
20477,152,1,OUT,236,2024-01-01,1496
20478,142,21,IN,356,2023-07-07,
20479,342,18,OUT,322,2023-10-18,6358
20480,263,2,OUT,469,2024-05-06,12293
20481,223,28,IN,381,2023-03-14,
20482,288,3,IN,374,2023-01-21,
20483,203,22,OUT,390,2024-05-31,12935
20484,351,20,OUT,412,2024-08-07,14353
20485,356,34,OUT,459,2024-07-08,5277
20486,63,8,IN,380,2023-05-31,
20487,81,23,IN,335,2023-09-17,
20488,78,34,IN,262,2023-02-13,
20489,31,33,IN,315,2023-11-17,
20490,110,11,IN,362,2023-03-09,
20491,134,22,OUT,250,2023-06-25,212
20492,151,17,OUT,39,2024-02-08,27932
20493,294,18,OUT,481,2024-06-10,16620
20494,177,31,OUT,267,2024-11-20,5809
20495,186,16,OUT,270,2024-08-28,5648
20496,287,17,OUT,96,2024-08-22,28149
20497,155,27,IN,160,2023-09-17,
20498,73,6,OUT,26,2024-11-09,27281
20499,130,8,OUT,292,2023-07-29,3325
20500,149,24,OUT,193,2024-12-11,22882
20501,25,21,OUT,43,2024-08-24,20568
20502,276,26,IN,447,2024-03-21,
20503,276,8,IN,393,2024-04-05,
20504,84,20,OUT,45,2024-04-22,10246
20505,344,18,OUT,194,2023-07-20,22357
20506,290,21,IN,394,2023-11-17,
20507,309,34,IN,237,2024-01-14,
20508,110,11,OUT,437,2024-06-09,25454
20509,225,34,OUT,438,2023-06-30,27868
20510,293,23,IN,134,2024-05-12,
20511,69,31,IN,435,2023-03-26,
20512,13,19,OUT,382,2024-01-10,14771
20513,271,4,OUT,38,2024-07-04,29125
20514,290,21,OUT,357,2024-05-06,12764
20515,99,19,IN,406,2024-02-12,
20516,152,32,OUT,470,2024-01-10,24834
20517,171,14,OUT,348,2023-10-18,29798
20518,308,12,OUT,180,2024-04-03,7734
20519,186,3,OUT,423,2023-01-26,1758
20520,93,23,IN,124,2024-12-11,
20521,263,29,OUT,268,2024-12-01,21438
20522,33,26,OUT,440,2023-01-13,23998
20523,90,3,IN,196,2023-10-18,
20524,47,16,OUT,371,2024-04-26,14349
20525,272,12,OUT,114,2023-03-23,26932
20526,275,24,IN,231,2023-09-05,
20527,45,14,IN,479,2024-02-05,
20528,355,27,IN,341,2023-11-26,
20529,98,29,OUT,262,2024-01-31,5032
20530,335,21,OUT,485,2023-03-28,28761
20531,327,30,OUT,17,2024-04-30,7050
20532,298,27,IN,121,2023-04-23,
20533,35,3,IN,2,2024-12-06,
20534,339,17,OUT,256,2023-10-02,25855
20535,171,5,OUT,122,2024-04-30,26942
20536,305,16,IN,191,2023-12-30,
20537,353,22,OUT,232,2024-06-02,10850
20538,65,17,IN,126,2024-03-14,
20539,334,31,OUT,324,2024-02-03,14133
20540,261,6,OUT,378,2023-09-05,21780
20541,85,6,IN,76,2023-08-17,
20542,142,10,OUT,137,2024-05-26,8395
20543,279,20,IN,149,2023-10-10,
20544,150,19,OUT,147,2023-01-14,21046
20545,75,23,OUT,181,2024-02-06,13862
20546,256,32,OUT,424,2024-11-21,10020
20547,148,32,OUT,139,2023-12-12,4870
20548,113,9,OUT,361,2023-02-08,18836
20549,8888,888,OUT,0,2024-08-19,888888
20550,103,11,OUT,450,2023-04-28,11958
20551,103,9,OUT,337,2024-01-12,19499
20552,191,10,IN,71,2023-07-23,
20553,184,3,IN,26,2024-05-22,
20554,172,31,IN,164,2023-08-08,
20555,332,1,IN,463,2024-05-31,
20556,226,35,IN,375,2023-06-12,
20557,194,14,OUT,461,2023-06-10,7740
20558,177,16,OUT,49,2024-10-20,28187
20559,194,31,OUT,297,2023-02-17,2126
20560,17,29,IN,203,2024-04-02,
20561,295,19,OUT,148,2023-10-06,24257
20562,219,24,OUT,135,2023-06-17,8973
20563,191,11,IN,280,2024-08-22,
20564,335,21,OUT,170,2023-07-30,26864
20565,222,30,IN,216,2023-08-11,
20566,190,7,OUT,167,2024-11-15,10507
20567,249,25,OUT,448,2023-11-03,7050
20568,273,16,OUT,419,2023-08-29,7796
20569,8,14,OUT,385,2023-09-04,16632
20570,112,33,OUT,263,2024-07-18,14737
20571,311,20,OUT,119,2024-04-25,17263
20572,115,16,IN,162,2023-08-20,
20573,155,10,IN,9,2023-07-01,
20574,314,25,OUT,478,2023-07-15,619
20575,200,26,IN,391,2024-05-31,
20576,155,35,OUT,390,2024-01-06,17353
20577,4,8,IN,215,2024-11-19,
20578,107,7,IN,45,2024-12-14,
20579,139,31,OUT,50,2024-07-09,19219
20580,336,28,OUT,143,2024-03-22,22392
20581,313,10,IN,158,2023-04-18,
20582,319,31,OUT,372,2024-02-14,23023
20583,157,25,IN,169,2024-10-16,
20584,46,12,IN,189,2023-08-18,
20585,300,26,OUT,328,2024-03-01,28986
20586,124,1,OUT,441,2023-09-24,1420
20587,223,22,IN,146,2023-01-12,
20588,117,35,IN,434,2024-09-06,
20589,319,15,IN,17,2024-03-10,
20590,318,33,OUT,71,2024-12-27,22789
20591,7,24,IN,418,2023-02-16,
20592,79,24,OUT,395,2023-12-06,23352
20593,186,35,IN,76,2023-10-11,
20594,199,16,IN,325,2023-09-04,
20595,320,14,IN,95,2024-01-17,
20596,24,29,IN,472,2024-06-26,
20597,212,27,IN,340,2023-06-17,
20598,100,11,OUT,174,2023-12-16,14257
20599,23,28,IN,134,2023-02-28,
20600,199,18,OUT,165,2024-05-21,3636
20601,48,29,OUT,131,2024-07-03,17336
20602,260,28,IN,464,2024-02-26,
20603,236,19,OUT,239,2023-07-22,23502
20604,310,32,OUT,489,2024-02-03,29868
20605,145,22,OUT,177,2024-03-10,19955
20606,323,20,OUT,13,2023-01-16,23502
20607,86,20,OUT,101,2023-09-22,11375
20608,190,19,IN,381,2023-01-04,
20609,264,35,OUT,161,2024-03-09,11933
20610,19,15,IN,405,2023-03-03,
20611,8,34,IN,27,2023-09-08,
20612,240,20,IN,422,2024-11-14,
20613,253,24,OUT,127,2024-01-16,10565
20614,28,17,IN,321,2024-12-09,
20615,307,8,IN,398,2024-09-05,
20616,75,32,OUT,363,2024-03-22,13368
20617,265,32,IN,97,2024-09-24,
20618,310,34,OUT,498,2024-09-05,19488
20619,225,21,OUT,416,2024-12-11,4678
20620,60,26,IN,171,2023-02-08,
20621,187,24,IN,136,2023-12-04,
20622,206,1,IN,370,2023-03-09,
20623,98,1,OUT,450,2023-12-24,23489
20624,39,28,OUT,412,2024-03-18,16372
20625,164,20,IN,345,2023-01-19,
20626,178,33,IN,378,2024-10-02,
20627,87,22,IN,154,2023-06-29,
20628,301,34,OUT,161,2023-02-13,5365
20629,13,1,OUT,309,2023-10-30,30000
20630,118,2,OUT,103,2023-07-14,8856
20631,312,5,OUT,397,2024-05-03,27932
20632,324,1,OUT,24,2024-08-29,27317
20633,48,13,IN,403,2023-11-09,
20634,223,6,IN,442,2023-08-01,
20635,122,11,IN,431,2024-10-26,
20636,345,28,OUT,175,2024-09-22,27987
20637,40,35,OUT,39,2024-07-20,6752
20638,340,28,IN,211,2024-10-17,
20639,282,12,OUT,100,2023-07-04,3280
20640,120,27,OUT,483,2023-05-02,15048
20641,336,32,OUT,295,2023-03-24,20080
20642,349,28,IN,242,2023-07-27,
20643,299,4,OUT,12,2023-01-20,28503
20644,311,11,OUT,44,2024-03-12,23369
20645,326,31,OUT,104,2023-03-25,9650
20646,160,29,OUT,420,2023-05-20,23347
20647,188,23,OUT,349,2023-04-13,15216
20648,242,34,IN,52,2024-04-19,
20649,250,30,OUT,432,2023-01-07,13705
20650,161,30,OUT,52,2024-08-03,10798
20651,294,14,OUT,23,2023-03-14,27071
20652,199,26,OUT,174,2024-06-14,9206
20653,8888,888,OUT,0,2023-07-10,888888
20654,29,7,OUT,421,2023-12-05,9821
20655,229,25,IN,488,2024-03-31,
20656,209,11,OUT,176,2024-01-27,6170
20657,314,20,OUT,398,2024-04-02,18953
20658,177,25,IN,136,2023-06-05,
20659,108,28,IN,442,2024-06-28,
20660,107,24,OUT,279,2024-04-24,9933
20661,118,21,OUT,355,2023-03-19,24797
20662,255,32,OUT,209,2024-09-21,7746
20663,171,33,OUT,275,2024-11-17,11956
20664,324,2,IN,288,2023-11-05,
20665,96,3,IN,449,2023-10-05,
20666,246,13,OUT,461,2023-03-20,6635
20667,143,19,IN,205,2024-01-12,
20668,116,32,IN,4,2023-09-08,
20669,278,11,OUT,155,2023-08-08,15555
20670,42,12,IN,282,2023-05-13,
20671,295,13,OUT,382,2024-03-23,25319
20672,241,6,OUT,227,2023-09-27,21297
20673,360,16,IN,489,2023-05-29,
20674,2,6,OUT,321,2023-02-16,24506
20675,346,20,OUT,127,2023-08-12,19601
20676,237,1,IN,432,2023-11-12,
20677,163,19,IN,190,2024-12-14,
20678,310,21,IN,388,2023-04-07,
20679,169,10,IN,25,2024-08-12,
20680,144,28,IN,343,2023-01-21,
20681,345,4,IN,341,2023-02-21,
20682,193,7,IN,492,2024-06-22,
20683,259,35,OUT,426,2024-12-27,8346
20684,90,33,IN,341,2024-06-11,
20685,182,1,OUT,471,2023-09-19,12855
20686,75,34,OUT,35,2023-05-27,19761
20687,288,11,IN,283,2024-04-28,
20688,117,20,IN,35,2023-09-18,
20689,8888,888,IN,0,2023-07-19,
20690,43,5,OUT,443,2023-05-15,11926
20691,149,19,OUT,73,2024-11-19,4921
20692,245,35,OUT,382,2023-05-25,10705
20693,51,8,OUT,14,2024-11-08,11279
20694,296,21,OUT,59,2024-07-31,6377
20695,285,34,IN,468,2024-12-23,
20696,36,28,OUT,139,2024-08-25,47
20697,115,25,OUT,425,2024-01-26,10565
20698,248,20,OUT,417,2023-10-18,12584
20699,269,20,IN,128,2023-06-02,
20700,33,27,IN,343,2023-08-05,
20701,87,28,IN,200,2024-03-08,
20702,68,33,OUT,65,2023-02-20,5282
20703,10,28,OUT,492,2023-10-05,9537
20704,69,15,OUT,197,2024-04-11,2524
20705,95,6,OUT,438,2024-12-31,17974
20706,198,31,OUT,320,2024-08-08,25250
20707,205,4,OUT,158,2023-03-01,26173
20708,26,11,OUT,345,2024-06-20,5289
20709,136,20,IN,432,2023-01-09,
20710,124,9,IN,232,2023-03-21,
20711,110,17,OUT,280,2024-05-29,2773
20712,66,20,OUT,15,2023-07-14,14307
20713,201,25,IN,44,2023-08-14,
20714,195,19,IN,92,2024-05-21,
20715,267,9,OUT,464,2024-10-24,22994
20716,192,21,OUT,438,2024-07-16,17292
20717,285,3,OUT,406,2024-08-02,15323
20718,271,21,IN,412,2023-03-25,
20719,342,34,OUT,120,2024-11-27,23490
20720,341,10,OUT,428,2023-08-02,24339
20721,33,29,IN,172,2024-08-31,
20722,11,2,OUT,274,2023-10-30,1916
20723,11,17,IN,387,2023-11-20,
20724,251,19,OUT,81,2024-05-22,4874
20725,271,14,OUT,211,2023-07-06,6244
20726,261,29,OUT,442,2023-01-05,8643
20727,8888,888,OUT,0,2023-11-29,888888
20728,22,25,IN,498,2024-09-07,
20729,274,27,OUT,497,2023-08-21,29827
20730,314,7,OUT,282,2023-05-02,15573
20731,99,15,OUT,269,2024-07-11,372
20732,336,32,IN,120,2024-09-26,
20733,346,23,IN,494,2024-07-25,
20734,84,3,OUT,470,2024-04-16,24548
20735,285,4,IN,104,2024-08-14,
20736,343,12,IN,116,2024-05-04,
20737,354,3,OUT,453,2023-06-11,11745
20738,100,8,OUT,89,2024-10-07,1088
20739,226,1,OUT,1,2023-03-05,34
20740,210,28,IN,273,2024-09-23,
20741,22,13,OUT,122,2024-05-09,1299
20742,333,22,OUT,345,2023-01-04,9600
20743,155,34,IN,446,2024-02-08,
20744,85,16,IN,197,2024-12-07,
20745,325,30,OUT,286,2023-04-12,8722
20746,346,11,IN,128,2024-04-03,
20747,56,21,IN,103,2024-10-23,
20748,250,33,OUT,448,2024-08-13,12771
20749,6,14,IN,73,2024-07-29,
20750,134,25,OUT,42,2024-03-30,19613
20751,218,2,OUT,175,2023-02-12,20473
20752,85,33,OUT,465,2023-01-22,9751
20753,151,16,OUT,299,2023-05-06,25152
20754,84,24,IN,166,2023-10-21,
20755,25,22,IN,78,2024-03-13,
20756,354,5,OUT,381,2024-06-23,8430
20757,31,3,OUT,8,2023-09-30,19549
20758,159,5,OUT,464,2023-10-19,4561
20759,50,22,IN,449,2023-06-04,
20760,10,13,IN,489,2023-07-28,
20761,231,12,OUT,101,2023-05-18,3622
20762,116,28,IN,343,2024-10-16,
20763,307,13,IN,354,2023-06-11,
20764,70,10,OUT,152,2023-09-19,28391
20765,278,1,OUT,289,2024-10-22,23208
20766,261,29,OUT,129,2023-02-19,3871
20767,40,11,IN,14,2023-08-15,
20768,8888,888,IN,0,2023-08-18,
20769,103,5,IN,264,2023-05-18,
20770,214,3,IN,203,2024-07-02,
20771,9,17,OUT,405,2024-01-10,15334
20772,14,25,OUT,273,2024-05-19,23059
20773,227,14,OUT,360,2023-10-22,1767
20774,46,18,OUT,101,2024-02-20,22792
20775,287,29,OUT,190,2024-03-23,3282
20776,14,18,IN,154,2024-11-22,
20777,305,7,IN,128,2023-04-30,
20778,269,9,OUT,78,2024-02-06,18934
20779,93,27,OUT,355,2023-07-12,26205
20780,310,12,OUT,449,2024-03-20,20107
20781,316,17,OUT,163,2024-02-08,23332
20782,356,29,IN,250,2024-12-31,
20783,134,32,OUT,237,2024-03-31,5742
20784,167,21,OUT,236,2023-10-29,17352
20785,129,11,IN,124,2023-06-04,
20786,152,17,IN,334,2023-12-21,
20787,88,24,OUT,375,2024-09-20,22352
20788,258,31,OUT,330,2023-03-10,24865
20789,106,14,OUT,324,2024-12-18,23534
20790,310,27,IN,278,2023-01-09,
20791,48,26,OUT,24,2024-09-15,20858
20792,168,6,OUT,254,2024-03-25,7489
20793,219,4,IN,474,2024-02-29,
20794,351,29,OUT,247,2024-08-27,8449
20795,233,14,IN,133,2023-02-26,
20796,205,21,OUT,37,2024-03-22,2946
20797,247,31,OUT,241,2024-11-03,9038
20798,150,10,OUT,344,2023-03-04,16536
20799,68,24,IN,114,2023-01-22,
20800,242,16,OUT,276,2024-01-28,4692
20801,13,31,IN,140,2023-02-21,
20802,142,18,IN,202,2023-07-01,
20803,110,35,IN,315,2024-09-06,
20804,80,35,OUT,417,2024-07-04,15141
20805,240,23,OUT,331,2024-09-09,15402
20806,94,35,IN,293,2023-05-01,
20807,86,13,OUT,248,2023-12-28,4522
20808,49,5,IN,99,2024-12-31,
20809,133,30,OUT,39,2024-07-14,27865
20810,83,33,OUT,32,2023-06-22,1641
20811,39,31,OUT,498,2024-10-27,26742
20812,293,19,IN,242,2024-11-03,
20813,247,11,OUT,24,2024-03-06,8526
20814,64,18,OUT,119,2023-08-02,1847
20815,8888,888,IN,0,2024-06-22,
20816,181,33,IN,13,2023-05-31,
20817,326,19,OUT,424,2024-10-18,27299
20818,139,12,OUT,467,2024-11-28,24852
20819,244,11,OUT,89,2023-05-18,5140
20820,205,19,IN,167,2023-12-10,
20821,261,9,OUT,299,2024-07-30,9125
20822,341,26,IN,260,2024-10-13,
20823,277,2,OUT,323,2024-05-19,27384
20824,229,6,IN,411,2023-02-06,
20825,77,13,IN,204,2023-12-10,
20826,270,31,OUT,450,2024-01-30,63
20827,101,35,OUT,329,2024-03-01,27196
20828,8888,888,OUT,0,2024-08-14,888888
20829,339,7,IN,272,2024-02-28,
20830,189,3,OUT,267,2024-05-14,22692
20831,290,14,OUT,247,2024-08-25,20344
20832,106,1,IN,0,2024-05-25,
20833,354,30,OUT,469,2024-07-20,15992
20834,78,31,OUT,355,2023-09-14,28798
20835,72,14,IN,367,2023-08-03,
20836,182,19,OUT,354,2024-03-21,5738
20837,360,16,OUT,274,2024-05-07,5409
20838,333,15,OUT,271,2024-07-18,8705
20839,334,33,IN,107,2023-06-30,
20840,138,1,IN,231,2023-07-18,
20841,245,34,IN,77,2024-05-07,
20842,8888,888,OUT,0,2024-10-02,888888
20843,283,31,IN,139,2024-10-18,
20844,49,23,IN,354,2024-07-24,
20845,357,16,OUT,273,2023-02-01,4486
20846,30,26,OUT,164,2023-03-24,14761
20847,68,8,OUT,392,2024-11-22,29533
20848,306,21,IN,131,2023-09-06,
20849,86,26,IN,449,2023-05-11,
20850,314,28,OUT,389,2024-12-29,4332
20851,350,13,OUT,45,2023-02-26,20220
20852,199,33,OUT,496,2024-09-27,3964
20853,44,27,OUT,365,2024-01-10,18553
20854,99,27,OUT,430,2023-07-03,8249
20855,71,27,IN,3,2023-09-11,
20856,130,8,OUT,444,2023-08-29,14465
20857,162,34,IN,227,2024-11-30,
20858,313,11,OUT,94,2023-01-08,4785
20859,142,6,OUT,22,2023-12-12,9953
20860,302,5,OUT,113,2023-11-01,5910
20861,228,16,IN,24,2023-03-08,
20862,339,35,IN,60,2023-01-09,
20863,198,13,OUT,184,2023-03-18,27672
20864,40,32,IN,75,2023-08-31,
20865,101,17,IN,298,2023-04-30,
20866,49,32,OUT,253,2024-02-20,1857
20867,218,10,IN,110,2023-05-03,
20868,196,15,OUT,22,2024-06-22,14706
20869,339,12,IN,376,2023-06-27,
20870,143,8,IN,147,2024-10-27,
20871,62,22,OUT,433,2023-07-12,3063
20872,122,16,IN,113,2024-05-07,
20873,285,9,IN,59,2024-01-09,
20874,122,32,IN,391,2024-05-09,
20875,324,29,OUT,90,2024-10-28,12169
20876,278,5,IN,186,2023-02-20,
20877,40,5,IN,33,2023-06-19,
20878,307,16,OUT,168,2023-03-07,17406
20879,111,18,IN,303,2023-08-22,
20880,307,13,IN,180,2024-01-13,
20881,130,35,OUT,53,2023-05-12,241
20882,239,31,OUT,249,2024-07-10,10229
20883,96,35,IN,65,2023-10-25,
20884,194,34,OUT,63,2023-06-29,4329
20885,203,4,IN,317,2024-10-14,
20886,90,33,OUT,365,2024-12-26,12717
20887,138,7,IN,213,2024-11-21,
20888,204,9,IN,4,2023-06-12,
20889,118,2,IN,174,2024-11-27,
20890,342,26,OUT,195,2024-10-27,5339
20891,137,26,IN,166,2024-02-18,
20892,322,17,IN,273,2023-03-10,
20893,130,8,IN,229,2024-09-08,
20894,104,4,OUT,249,2024-08-25,28825
20895,52,16,IN,9,2023-03-09,
20896,171,2,IN,130,2024-02-13,
20897,49,27,IN,108,2023-01-26,
20898,47,35,OUT,243,2024-11-29,2059
20899,268,21,IN,480,2023-09-01,
20900,218,16,IN,262,2024-09-16,
20901,135,8,OUT,465,2023-09-03,23215
20902,186,12,OUT,40,2023-08-08,17891
20903,72,9,IN,446,2023-02-28,
20904,287,16,OUT,108,2023-07-16,18773
20905,289,13,OUT,5,2024-11-28,20817
20906,104,13,OUT,260,2024-02-21,24090
20907,312,24,OUT,2,2023-01-04,7882
20908,227,19,OUT,18,2024-03-23,19028
20909,171,11,OUT,6,2023-05-25,28822
20910,246,34,IN,200,2024-10-21,
20911,36,18,OUT,499,2024-09-27,703
20912,28,16,OUT,239,2024-09-30,426
20913,185,17,IN,452,2023-09-18,
20914,323,23,IN,276,2024-02-27,
20915,13,31,IN,401,2023-06-24,
20916,1,3,OUT,136,2023-12-07,27578
20917,5,15,OUT,105,2024-10-09,16083
20918,221,34,OUT,25,2023-10-19,17312
20919,258,5,OUT,31,2024-03-12,24112
20920,105,19,IN,113,2024-01-22,
20921,351,19,IN,340,2023-01-17,
20922,136,8,OUT,189,2024-06-18,4619
20923,103,14,OUT,156,2023-10-16,13435
20924,93,18,OUT,1,2023-01-04,24931
20925,341,32,IN,175,2024-11-29,
20926,348,33,IN,170,2024-07-08,
20927,97,13,IN,180,2023-07-17,
20928,34,4,IN,164,2024-02-28,
20929,209,10,OUT,441,2023-11-11,10452
20930,178,10,OUT,189,2023-03-03,7396
20931,291,12,IN,323,2023-07-22,
20932,267,10,OUT,0,2023-12-17,23972
20933,186,30,OUT,197,2024-12-23,7615
20934,89,5,IN,397,2023-03-03,
20935,245,14,OUT,290,2024-08-29,4718
20936,8888,888,OUT,0,2023-03-27,888888
20937,75,2,OUT,194,2023-12-11,26534
20938,234,15,IN,484,2024-04-29,
20939,316,31,OUT,336,2024-07-31,2318
20940,294,30,IN,28,2023-05-22,
20941,258,19,IN,461,2023-03-15,
20942,320,18,OUT,465,2023-11-02,16536
20943,260,17,IN,151,2023-04-26,
20944,88,22,IN,2,2024-04-18,
20945,162,22,IN,178,2023-09-14,
20946,25,10,IN,280,2023-07-24,
20947,358,18,IN,237,2023-12-22,
20948,221,26,IN,36,2023-02-24,
20949,164,13,OUT,345,2023-05-29,14002
20950,147,4,OUT,359,2023-07-12,3414
20951,346,6,OUT,81,2024-08-16,11091
20952,86,30,IN,220,2023-11-07,
20953,88,18,IN,414,2024-02-28,
20954,20,20,OUT,354,2024-03-23,2098
20955,248,25,OUT,106,2023-08-17,2890
20956,267,9,IN,342,2024-05-21,
20957,116,32,OUT,343,2023-06-04,29035
20958,41,9,OUT,124,2023-12-24,18742
20959,336,22,IN,422,2023-06-30,
20960,228,9,OUT,136,2024-11-20,3211
20961,257,25,IN,404,2023-05-20,
20962,211,26,IN,200,2023-05-05,
20963,219,17,OUT,458,2024-03-07,15119
20964,337,27,IN,474,2024-04-09,
20965,65,12,IN,244,2023-03-17,
20966,345,23,OUT,275,2023-06-04,17245
20967,80,2,IN,24,2024-10-16,
20968,215,14,OUT,3,2024-05-21,22853
20969,332,33,IN,489,2024-05-19,
20970,75,28,OUT,345,2023-05-01,28722
20971,148,5,IN,27,2023-01-19,
20972,324,18,IN,212,2024-06-09,
20973,126,19,IN,413,2023-05-10,
20974,233,15,IN,208,2023-04-05,
20975,104,14,OUT,242,2024-10-01,2633
20976,156,27,OUT,394,2023-08-19,25366
20977,8888,888,OUT,0,2023-09-09,888888
20978,45,23,OUT,292,2023-07-13,27340
20979,22,10,IN,427,2024-05-09,
20980,59,34,OUT,465,2024-04-01,16847
20981,55,3,IN,350,2024-01-16,
20982,54,14,OUT,66,2024-10-31,9070
20983,163,6,OUT,53,2023-01-16,19565
20984,232,28,OUT,499,2023-11-24,5428
20985,50,12,IN,232,2023-07-01,
20986,149,33,IN,53,2024-03-04,
20987,240,20,OUT,496,2023-09-06,665
20988,253,29,IN,147,2023-06-26,
20989,19,20,OUT,235,2023-04-28,21007
20990,199,15,OUT,14,2024-01-15,7749
20991,21,34,OUT,248,2023-06-15,6937
20992,174,11,OUT,2,2023-06-21,15104
20993,276,8,OUT,175,2023-05-25,9250
20994,204,17,IN,404,2024-03-22,
20995,230,15,IN,172,2024-01-26,
20996,214,25,OUT,241,2023-10-10,26426
20997,63,6,OUT,32,2024-04-25,18116
20998,320,27,IN,308,2024-01-27,
20999,8888,888,OUT,0,2024-04-13,888888
21000,244,19,OUT,480,2024-02-17,1511
21001,137,12,OUT,411,2023-12-02,16580
21002,359,30,IN,143,2023-08-04,
21003,162,9,OUT,29,2024-11-08,28166
21004,110,31,IN,34,2024-05-01,
21005,79,17,OUT,201,2024-07-07,22257
21006,198,3,IN,279,2024-07-14,
21007,244,13,OUT,64,2024-09-04,2313
21008,113,6,IN,313,2023-08-27,
21009,4,10,IN,347,2024-04-21,
21010,239,24,OUT,97,2023-04-13,25785
21011,86,13,OUT,133,2023-12-23,20501
21012,202,5,IN,87,2023-08-18,
21013,353,13,OUT,258,2023-04-14,6726
21014,333,2,IN,385,2024-05-01,
21015,294,16,IN,226,2023-08-08,
21016,338,32,OUT,230,2023-03-23,3101
21017,281,30,OUT,112,2023-03-26,3620
21018,248,29,OUT,421,2023-09-26,4010
21019,47,8,IN,151,2024-02-25,
21020,182,24,IN,39,2024-02-01,
21021,210,16,IN,287,2024-05-01,
21022,253,27,OUT,248,2023-05-29,25967
21023,191,28,OUT,0,2024-09-16,19221
21024,232,34,IN,20,2023-08-18,
21025,246,10,OUT,119,2024-01-17,12256
21026,350,14,IN,45,2024-01-31,
21027,99,27,IN,247,2024-12-07,
21028,106,10,IN,217,2023-09-15,
21029,158,15,IN,15,2023-10-04,
21030,31,6,IN,159,2023-04-12,
21031,275,6,OUT,30,2024-03-28,15582
21032,236,14,OUT,22,2024-01-08,12525
21033,234,4,IN,71,2024-09-21,
21034,240,12,OUT,332,2024-07-24,24217
21035,123,22,OUT,143,2023-08-02,961
21036,86,32,OUT,426,2023-02-18,21988
21037,170,35,OUT,34,2023-03-07,4401
21038,116,12,IN,339,2023-12-11,
21039,260,28,IN,211,2023-11-30,
21040,270,19,IN,62,2024-10-07,
21041,72,30,IN,58,2023-09-27,
21042,213,17,OUT,0,2024-06-11,16085
21043,72,32,IN,90,2024-02-09,
21044,332,31,IN,135,2023-07-09,
21045,289,13,OUT,205,2023-09-23,17815
21046,212,11,OUT,281,2024-04-26,2148
21047,158,25,OUT,179,2023-12-30,19422
21048,217,21,IN,364,2023-04-04,
21049,24,10,IN,202,2024-07-17,
21050,251,14,OUT,147,2024-02-16,27671
21051,191,23,IN,160,2023-09-04,
21052,83,29,OUT,284,2024-06-21,110
21053,111,25,OUT,462,2023-06-30,15858
21054,244,32,OUT,28,2024-01-19,20452
21055,84,34,IN,10,2024-01-01,
21056,159,16,OUT,221,2023-03-29,24662
21057,174,16,OUT,200,2024-11-23,27558
21058,300,22,OUT,356,2024-07-17,25328
21059,195,31,OUT,446,2023-04-16,1141
21060,16,17,OUT,277,2024-05-10,26662
21061,126,24,IN,416,2024-12-18,
21062,249,10,IN,58,2023-04-27,
21063,78,27,OUT,408,2024-09-17,20350
21064,203,23,OUT,0,2023-06-24,11217
21065,172,26,OUT,185,2024-04-12,10037
21066,1,11,IN,350,2023-08-03,
21067,151,4,IN,34,2024-10-21,
21068,154,23,OUT,333,2023-01-31,2584
21069,249,25,IN,87,2024-01-24,
21070,154,20,IN,70,2023-07-18,
21071,128,2,OUT,479,2023-02-03,10446
21072,206,6,IN,273,2024-01-02,
21073,52,24,OUT,56,2024-10-31,3494
21074,330,13,OUT,208,2024-02-26,10510
21075,7,33,IN,496,2023-07-17,
21076,117,10,IN,205,2024-05-21,
21077,296,31,OUT,310,2024-08-18,12006
21078,289,11,IN,493,2024-03-31,
21079,196,17,IN,139,2024-07-04,
21080,176,20,OUT,184,2023-08-12,11673
21081,346,11,OUT,480,2024-07-16,11239
21082,78,1,OUT,337,2024-08-10,13330
21083,47,23,OUT,159,2024-04-09,19573
21084,24,18,OUT,468,2023-03-12,18087
21085,282,16,IN,338,2024-01-24,
21086,3,31,OUT,464,2024-10-04,18830
21087,114,27,IN,75,2024-11-23,
21088,302,28,IN,402,2023-09-30,
21089,21,10,IN,172,2024-02-05,
21090,328,7,IN,357,2023-05-10,
21091,252,32,IN,57,2024-01-16,
21092,309,25,IN,94,2023-04-08,
21093,63,2,OUT,196,2024-04-07,1989
21094,356,34,IN,348,2024-08-01,
21095,313,1,IN,265,2023-02-05,
21096,68,24,IN,435,2024-05-28,
21097,105,9,IN,406,2024-09-02,
21098,4,32,OUT,201,2023-11-15,19048
21099,216,33,IN,52,2023-05-26,
21100,346,25,IN,475,2024-01-28,
21101,237,28,IN,475,2023-10-16,
21102,275,7,IN,271,2024-05-15,
21103,2,5,IN,261,2024-10-24,
21104,151,25,IN,281,2023-03-07,
21105,199,12,OUT,204,2023-01-18,20570
21106,272,18,OUT,296,2023-03-02,9303
21107,15,24,IN,158,2023-08-23,
21108,39,30,OUT,259,2023-08-05,3659
21109,178,22,IN,312,2023-08-28,
21110,113,8,IN,129,2024-11-02,
21111,289,5,IN,84,2023-07-14,
21112,212,33,OUT,57,2023-10-02,26120
21113,333,31,OUT,310,2024-06-12,1147
21114,193,1,OUT,38,2023-02-07,3281
21115,211,2,OUT,42,2024-08-03,16792
21116,162,27,OUT,49,2024-02-19,10774
21117,323,21,OUT,63,2024-01-25,12850
21118,271,3,IN,14,2024-01-07,
21119,329,9,IN,215,2024-07-11,
21120,236,18,OUT,263,2023-01-08,7899
21121,220,28,OUT,43,2023-07-04,2982
21122,44,34,IN,426,2024-10-04,
21123,151,32,OUT,466,2024-04-19,15162
21124,271,17,IN,463,2024-12-27,
21125,288,22,IN,371,2024-11-18,
21126,330,1,OUT,61,2023-08-01,8739
21127,113,26,OUT,472,2024-10-19,29035
21128,113,13,IN,11,2024-05-19,
21129,76,34,OUT,248,2024-01-13,22691
21130,346,24,OUT,56,2023-08-19,9587
21131,304,28,OUT,231,2023-09-15,20500
21132,311,22,OUT,24,2023-03-19,7848
21133,222,12,IN,349,2023-08-20,
21134,310,27,IN,200,2024-03-30,
21135,330,20,IN,102,2024-04-21,
21136,186,32,IN,482,2024-05-27,
21137,265,25,IN,402,2024-12-01,
21138,35,25,OUT,236,2023-12-13,27246
21139,139,3,IN,81,2024-12-16,
21140,91,35,IN,447,2024-11-19,
21141,315,14,OUT,487,2023-04-27,20546
21142,319,4,OUT,490,2024-02-02,29597
21143,282,35,IN,228,2024-06-18,
21144,112,26,OUT,437,2024-12-23,112
21145,299,34,IN,38,2023-10-09,
21146,339,25,IN,277,2024-06-04,
21147,235,26,IN,138,2023-11-16,
21148,198,24,IN,404,2023-10-08,
21149,217,12,OUT,154,2024-08-25,27246
21150,140,19,IN,390,2023-09-16,
21151,346,24,IN,87,2024-02-19,
21152,183,5,OUT,488,2024-04-28,3280
21153,40,30,IN,309,2023-09-22,
21154,45,22,IN,304,2024-07-08,
21155,232,32,OUT,383,2024-01-01,11265
21156,74,13,IN,488,2024-02-18,
21157,273,12,OUT,72,2023-05-31,13234
21158,257,25,IN,248,2023-10-15,
21159,9,9,IN,141,2023-06-15,
21160,13,35,IN,315,2024-02-04,
21161,106,16,OUT,5,2024-05-09,18940
21162,306,20,OUT,358,2024-10-30,22056
21163,349,24,IN,149,2024-02-18,
21164,168,1,OUT,140,2023-05-30,5242
21165,306,32,IN,258,2024-04-19,
21166,313,15,IN,341,2023-04-05,
21167,271,30,OUT,98,2023-06-15,20280
21168,159,24,OUT,472,2023-06-02,29625
21169,145,15,OUT,239,2024-01-15,22535
21170,330,6,OUT,370,2024-01-30,26999
21171,25,12,IN,248,2023-05-14,
21172,9,17,IN,391,2024-11-05,
21173,206,29,OUT,265,2024-10-12,6500
21174,168,21,IN,132,2023-04-13,
21175,218,7,IN,50,2024-04-29,
21176,162,3,OUT,382,2024-10-27,29958
21177,73,25,IN,468,2024-04-21,
21178,340,25,IN,420,2024-10-17,
21179,83,7,OUT,68,2024-04-23,11331
21180,79,15,IN,133,2024-06-29,
21181,177,2,IN,125,2024-06-01,
21182,293,1,IN,274,2024-05-25,
21183,169,11,OUT,112,2024-04-29,12073
21184,8888,888,IN,0,2023-06-05,
21185,169,10,OUT,228,2023-05-25,18991
21186,34,27,OUT,371,2024-12-03,17587
21187,15,20,OUT,184,2024-12-14,16812
21188,228,26,IN,257,2023-12-05,
21189,339,24,OUT,207,2023-08-26,20698
21190,206,3,OUT,204,2024-10-14,11508
21191,79,12,OUT,304,2023-04-25,16138
21192,8888,888,OUT,0,2023-12-13,888888
21193,53,15,OUT,373,2023-12-27,22728
21194,316,29,OUT,267,2023-10-29,21680
21195,258,19,IN,328,2023-03-01,
21196,315,18,OUT,152,2024-11-01,10903
21197,339,34,IN,263,2024-02-25,
21198,245,1,OUT,347,2023-12-14,18799
21199,81,15,IN,278,2024-10-07,
21200,350,9,OUT,61,2024-01-30,4462
21201,110,6,IN,332,2024-12-10,
21202,151,30,IN,90,2023-04-12,
21203,108,35,IN,43,2024-12-31,
21204,174,20,OUT,283,2024-07-28,20884
21205,1,13,OUT,421,2024-11-11,4377
21206,144,13,IN,393,2024-04-13,
21207,131,27,OUT,285,2024-06-09,14999
21208,45,18,IN,80,2023-12-18,
21209,194,23,IN,258,2023-10-02,
21210,93,21,OUT,347,2023-02-25,4036
21211,349,25,IN,341,2024-06-04,
21212,241,14,OUT,248,2023-07-24,28738
21213,169,13,IN,188,2024-10-27,
21214,200,13,OUT,191,2023-05-22,2145
21215,37,3,IN,64,2023-03-22,
21216,32,32,IN,445,2024-10-16,
21217,298,7,OUT,90,2024-04-30,3240
21218,17,2,IN,168,2023-08-28,
21219,178,5,IN,422,2024-12-13,
21220,107,5,OUT,60,2023-12-12,26055
21221,360,4,OUT,61,2023-03-17,6427
21222,158,16,OUT,475,2023-12-19,18558
21223,268,29,OUT,423,2023-08-19,12878
21224,18,14,IN,291,2024-10-15,
21225,187,29,OUT,101,2024-09-09,752
21226,170,8,OUT,19,2023-10-08,23042
21227,49,16,OUT,481,2024-06-18,28399
21228,152,23,IN,17,2024-05-22,
21229,72,5,OUT,163,2023-03-08,9747
21230,308,19,OUT,319,2024-04-07,3600
21231,244,6,OUT,399,2024-03-08,14359
21232,312,8,IN,407,2024-03-09,
21233,328,5,OUT,346,2024-04-14,28148
21234,71,21,IN,396,2023-07-08,
21235,346,9,OUT,184,2023-12-07,18665
21236,360,14,IN,188,2024-04-20,
21237,270,4,IN,53,2023-07-13,
21238,210,35,OUT,143,2023-10-14,14695
21239,222,35,OUT,350,2023-02-12,5631
21240,318,4,IN,325,2024-05-19,
21241,115,23,IN,84,2023-07-31,
21242,211,16,IN,104,2024-04-24,
21243,211,14,OUT,361,2023-09-06,7284
21244,121,15,OUT,465,2023-09-18,25663
21245,108,21,OUT,494,2024-06-27,13948
21246,145,14,OUT,220,2024-12-28,14358
21247,203,22,OUT,223,2024-11-23,26154
21248,66,10,OUT,209,2024-10-09,744
21249,93,2,OUT,402,2024-05-10,7837
21250,136,4,OUT,104,2024-05-14,28028
21251,196,9,IN,468,2024-04-25,
21252,226,21,OUT,106,2023-07-11,17631
21253,8888,888,OUT,0,2023-01-04,888888
21254,20,29,IN,138,2023-04-30,
21255,149,7,IN,133,2023-08-31,
21256,114,15,OUT,69,2024-01-10,6481
21257,93,33,IN,408,2024-01-25,
21258,50,20,IN,49,2023-07-30,
21259,340,4,IN,41,2023-12-23,
21260,173,35,OUT,269,2023-05-05,18081
21261,331,19,OUT,238,2024-05-25,14825
21262,120,6,OUT,27,2023-06-20,11423
21263,187,8,OUT,421,2024-06-24,14209
21264,63,22,OUT,227,2023-04-30,28676
21265,264,10,OUT,125,2024-05-09,9836
21266,8888,888,IN,0,2023-04-23,
21267,140,14,OUT,205,2023-12-10,26761
21268,3,15,OUT,199,2023-04-26,12536
21269,94,33,OUT,391,2024-09-24,11860
21270,173,15,IN,169,2023-11-20,
21271,327,23,IN,368,2024-04-10,
21272,232,13,IN,150,2024-09-03,
21273,13,35,IN,129,2023-10-05,
21274,118,27,OUT,11,2024-05-09,18799
21275,191,1,OUT,473,2024-04-15,4908
21276,10,28,IN,467,2024-10-23,
21277,23,16,OUT,310,2023-09-05,12291
21278,22,9,IN,478,2024-02-19,
21279,3,10,IN,358,2024-05-02,
21280,285,34,IN,225,2023-11-11,
21281,332,5,IN,88,2024-04-02,
21282,152,30,OUT,0,2023-07-20,6351
21283,299,34,IN,437,2024-09-10,
21284,292,15,IN,15,2024-06-23,
21285,306,20,IN,82,2023-02-19,
21286,242,22,OUT,99,2023-03-31,23347
21287,36,29,IN,139,2023-02-05,
21288,144,28,OUT,411,2023-06-20,18639
21289,352,15,IN,189,2024-04-04,
21290,2,32,OUT,444,2024-06-05,26658
21291,58,11,OUT,0,2023-03-19,18895
21292,338,25,OUT,22,2023-08-30,9303
21293,282,24,IN,247,2023-03-26,
21294,243,35,IN,148,2024-05-06,
21295,233,22,IN,101,2024-03-20,
21296,338,11,OUT,50,2023-09-13,1280
21297,358,22,OUT,311,2023-04-10,5600
21298,353,7,OUT,92,2024-05-03,6102
21299,191,3,OUT,182,2024-02-21,11266
21300,94,20,IN,108,2024-01-13,
21301,82,19,OUT,100,2023-09-28,12657
21302,16,20,OUT,397,2023-06-02,4102
21303,347,1,IN,12,2024-11-10,
21304,8888,888,IN,0,2024-03-16,
21305,121,31,OUT,466,2024-03-23,7847
21306,307,12,IN,25,2023-07-24,
21307,337,22,IN,23,2023-08-31,
21308,337,13,OUT,219,2023-06-05,23847
21309,190,16,OUT,49,2024-09-03,19869
21310,163,11,OUT,229,2024-02-02,4771
21311,39,20,OUT,486,2024-01-28,18536
21312,254,19,OUT,127,2024-02-26,17366
21313,13,25,OUT,446,2024-06-17,28408
21314,185,20,IN,402,2023-04-06,
21315,338,35,IN,418,2023-01-26,
21316,136,29,IN,160,2024-01-04,
21317,342,10,IN,44,2024-10-07,
21318,261,12,OUT,439,2023-03-05,3385
21319,241,35,OUT,318,2024-04-15,10299
21320,41,12,IN,381,2024-06-12,
21321,166,32,OUT,246,2024-11-13,18655
21322,241,3,IN,216,2024-08-24,
21323,75,15,OUT,32,2024-07-25,22175
21324,8888,888,IN,0,2024-03-14,
21325,44,4,OUT,164,2023-07-23,9239
21326,214,34,OUT,429,2023-02-08,20414
21327,182,21,OUT,500,2024-07-20,29617
21328,55,10,IN,398,2023-07-13,
21329,174,6,IN,18,2023-08-24,
21330,337,1,IN,278,2024-05-10,
21331,314,30,IN,383,2023-06-13,
21332,174,30,OUT,114,2023-08-05,14937
21333,300,4,OUT,493,2023-08-28,28124
21334,268,25,IN,475,2024-04-12,
21335,146,11,OUT,434,2023-06-15,12847
21336,85,7,IN,332,2023-04-15,
21337,126,23,OUT,352,2024-04-15,12083
21338,283,33,OUT,203,2023-04-02,8432
21339,328,5,OUT,349,2023-08-06,18390
21340,34,20,OUT,78,2024-06-04,3775
21341,26,25,OUT,425,2023-11-11,1300
21342,231,10,OUT,199,2023-12-09,18060
21343,11,4,OUT,110,2024-02-10,16768
21344,133,27,IN,484,2024-05-30,
21345,115,25,OUT,313,2023-04-29,28231
21346,321,7,OUT,355,2024-05-23,16899
21347,49,25,IN,327,2023-07-17,
21348,351,23,IN,421,2023-09-19,
21349,345,20,OUT,462,2023-08-01,24551
21350,176,20,IN,449,2024-11-21,
21351,126,28,IN,375,2024-07-12,
21352,29,31,OUT,282,2024-10-26,4997
21353,237,19,OUT,454,2024-01-24,2993
21354,335,27,IN,0,2023-01-14,
21355,96,10,OUT,263,2024-03-16,28662
21356,4,19,IN,55,2023-03-03,
21357,330,4,OUT,139,2024-08-31,3897
21358,302,21,OUT,316,2023-01-31,22017
21359,58,17,OUT,155,2023-04-30,3029
21360,209,13,OUT,425,2024-12-31,17934
21361,202,12,OUT,40,2024-11-12,14933
21362,295,7,IN,354,2024-11-05,
21363,282,11,IN,184,2024-05-28,
21364,235,3,OUT,18,2024-06-11,4207
21365,109,30,IN,229,2024-12-16,
21366,92,29,OUT,172,2023-11-17,20154
21367,25,28,IN,104,2024-12-12,
21368,272,27,OUT,195,2023-08-08,21806
21369,155,5,OUT,282,2024-10-10,13522
21370,265,15,OUT,303,2023-09-07,26305
21371,120,10,IN,179,2023-10-11,
21372,20,35,IN,0,2024-11-06,
21373,56,3,OUT,411,2023-10-17,9365
21374,344,17,OUT,481,2024-03-18,9674
21375,18,5,OUT,206,2024-07-26,12925
21376,245,7,OUT,350,2024-12-08,5893
21377,153,22,IN,447,2024-08-24,
21378,232,2,IN,14,2023-06-28,
21379,10,19,OUT,189,2024-09-10,16171
21380,5,16,IN,368,2024-02-04,
21381,214,7,OUT,60,2023-06-21,23115
21382,82,22,OUT,159,2024-03-02,9413
21383,140,33,IN,182,2024-08-11,
21384,8888,888,IN,0,2024-04-16,
21385,183,5,OUT,379,2024-09-25,15667
21386,221,21,IN,448,2024-04-20,
21387,95,22,OUT,392,2024-11-22,19118
21388,154,17,IN,47,2024-02-29,
21389,144,31,OUT,10,2024-05-25,14853
21390,337,20,IN,200,2023-01-03,
21391,27,10,OUT,247,2023-02-20,27404
21392,316,14,OUT,290,2024-09-21,3545
21393,318,27,IN,260,2023-12-12,
21394,178,31,IN,298,2024-04-08,
21395,125,13,OUT,477,2024-01-12,12010
21396,14,16,OUT,370,2024-08-27,11012
21397,251,6,OUT,3,2024-11-21,10817
21398,40,19,IN,137,2023-11-14,
21399,354,22,OUT,69,2024-12-18,23352
21400,224,27,OUT,410,2023-09-12,16674
21401,42,19,OUT,374,2024-03-09,4985
21402,123,34,OUT,8,2024-05-07,29251
21403,263,8,OUT,192,2024-02-19,24465
21404,95,26,OUT,368,2024-01-15,6970
21405,330,20,OUT,186,2023-05-27,29890
21406,146,32,IN,438,2024-06-10,
21407,203,16,OUT,168,2024-12-10,20731
21408,121,27,IN,35,2023-01-16,
21409,305,7,IN,435,2023-10-25,
21410,28,27,IN,29,2024-09-20,
21411,333,13,IN,218,2024-09-04,
21412,286,23,OUT,335,2024-03-19,19955
21413,32,33,OUT,467,2023-07-25,28942
21414,176,32,IN,185,2024-07-03,
21415,344,29,OUT,133,2024-10-30,4230
21416,222,32,IN,35,2023-02-28,
21417,11,20,OUT,480,2023-05-14,18901
21418,272,11,IN,15,2024-06-29,
21419,137,13,IN,119,2024-09-08,
21420,27,5,IN,195,2024-05-05,
21421,23,5,OUT,418,2024-10-19,25621
21422,350,14,IN,195,2024-06-12,
21423,104,6,OUT,327,2023-12-09,25809
21424,224,24,OUT,344,2024-08-20,26291
21425,346,28,IN,34,2024-09-14,
21426,101,4,OUT,320,2024-01-05,4939
21427,94,14,OUT,487,2023-04-26,29150
21428,234,4,OUT,299,2023-06-12,16403
21429,13,15,OUT,264,2024-10-28,29004
21430,354,27,OUT,377,2023-07-15,15390
21431,119,17,OUT,420,2024-12-18,16001
21432,307,16,IN,387,2024-06-10,
21433,178,6,OUT,442,2024-04-04,20624
21434,330,30,OUT,354,2024-12-14,6793
21435,171,18,OUT,106,2023-06-14,29664
21436,134,35,IN,39,2024-03-19,
21437,325,27,IN,197,2023-08-17,
21438,216,3,OUT,289,2024-04-06,11511
21439,20,31,OUT,368,2023-09-01,20835
21440,10,16,IN,347,2024-05-04,
21441,203,35,IN,333,2024-06-11,
21442,234,13,OUT,350,2023-03-08,5286
21443,52,2,IN,246,2023-10-08,
21444,214,31,IN,142,2024-08-24,
21445,276,22,OUT,425,2023-04-10,18394
21446,171,1,OUT,43,2024-10-12,22577
21447,252,12,OUT,247,2024-01-08,1689
21448,65,5,IN,344,2024-03-08,
21449,18,2,OUT,226,2023-04-04,6116
21450,117,15,IN,211,2024-11-08,
21451,8,16,IN,63,2024-11-20,
21452,10,4,IN,14,2023-05-14,
21453,124,22,IN,100,2024-11-04,
21454,292,12,IN,53,2024-02-26,
21455,321,26,IN,357,2024-12-19,
21456,153,35,IN,326,2024-03-13,
21457,68,21,IN,326,2023-08-16,
21458,285,18,IN,380,2024-02-09,
21459,277,26,OUT,117,2024-04-20,27157
21460,272,33,OUT,134,2024-08-29,17815
21461,168,2,IN,445,2023-07-07,
21462,293,16,OUT,100,2023-01-23,23703
21463,197,10,IN,182,2024-06-02,
21464,344,16,OUT,457,2023-04-20,25286
21465,45,26,IN,15,2024-12-10,
21466,171,24,OUT,325,2023-03-11,29960
21467,47,8,IN,21,2024-06-30,
21468,298,6,OUT,401,2023-05-23,20623
21469,195,28,OUT,86,2023-07-19,15373
21470,1,1,IN,365,2024-07-13,
21471,179,21,IN,491,2023-02-24,
21472,246,16,OUT,149,2023-03-21,18709
21473,332,33,OUT,232,2024-12-03,15169
21474,127,29,IN,222,2024-07-11,
21475,112,28,OUT,80,2024-01-07,12244
21476,119,26,OUT,306,2023-06-01,25021
21477,231,6,IN,428,2024-11-21,
21478,9,20,IN,132,2024-03-12,
21479,108,2,OUT,222,2023-03-29,26160
21480,177,34,IN,489,2024-09-30,
21481,289,27,OUT,6,2024-04-21,11516
21482,177,27,IN,386,2024-10-29,
21483,253,23,OUT,23,2024-03-23,19826
21484,337,19,IN,203,2023-09-19,
21485,8888,888,IN,0,2024-10-15,
21486,55,19,OUT,42,2023-07-16,16715
21487,318,9,IN,345,2024-06-16,
21488,309,15,OUT,353,2023-03-10,14819
21489,308,27,OUT,426,2023-03-04,2175
21490,218,4,IN,226,2024-11-23,
21491,260,10,IN,276,2023-12-12,
21492,18,33,IN,256,2024-11-15,
21493,87,31,OUT,369,2024-06-26,19365
21494,126,27,IN,368,2023-01-25,
21495,256,15,IN,376,2023-05-25,
21496,267,33,OUT,17,2024-11-20,8321
21497,297,27,OUT,39,2024-07-10,8357
21498,124,30,OUT,5,2024-11-21,20128
21499,304,11,IN,300,2023-04-07,
21500,296,27,OUT,57,2024-02-03,13678
21501,360,19,IN,419,2023-10-02,
21502,175,17,IN,0,2024-09-12,
21503,138,30,OUT,88,2023-04-28,14519
21504,46,24,OUT,134,2023-03-12,18401
21505,107,16,IN,355,2024-11-30,
21506,71,2,IN,21,2024-12-11,
21507,318,14,OUT,222,2024-03-02,27931
21508,156,10,IN,291,2024-09-18,
21509,39,20,IN,402,2024-07-25,
21510,307,12,OUT,304,2024-01-16,14792
21511,95,1,OUT,493,2023-05-17,16952
21512,27,28,OUT,280,2024-05-06,9248
21513,88,33,IN,333,2024-05-07,
21514,80,15,IN,314,2023-04-04,
21515,201,23,IN,83,2024-02-06,
21516,112,35,IN,365,2024-07-18,
21517,231,14,IN,0,2024-04-01,
21518,269,4,OUT,500,2024-08-06,3795
21519,266,15,OUT,94,2023-09-06,8525
21520,230,3,OUT,353,2024-11-18,17570
21521,176,5,OUT,26,2024-01-14,6868
21522,71,4,OUT,380,2024-04-02,2211
21523,24,35,IN,351,2024-02-17,
21524,221,13,IN,267,2024-12-31,
21525,297,10,OUT,489,2023-07-19,22656
21526,320,1,OUT,168,2023-12-17,10871
21527,297,15,OUT,83,2023-07-10,22100
21528,114,31,OUT,78,2023-02-12,5227
21529,322,32,OUT,451,2024-09-13,20084
21530,17,23,OUT,104,2024-11-07,24159
21531,96,2,OUT,352,2023-05-03,26886
21532,167,20,OUT,76,2023-04-29,7986
21533,64,19,IN,280,2024-10-06,
21534,37,28,OUT,369,2023-01-22,19507
21535,33,31,OUT,389,2023-11-06,29296
21536,196,28,IN,334,2023-09-24,
21537,65,19,IN,30,2024-06-18,
21538,166,5,OUT,152,2023-12-15,29035
21539,213,25,OUT,104,2023-06-11,14327
21540,281,28,OUT,464,2023-02-22,8191
21541,243,15,IN,0,2023-11-11,
21542,106,16,IN,283,2023-05-15,
21543,25,17,IN,498,2023-10-01,
21544,52,33,OUT,496,2024-05-20,7567
21545,254,8,OUT,470,2023-08-24,2546
21546,57,34,IN,248,2023-12-08,
21547,17,34,OUT,294,2023-03-11,21607
21548,325,9,OUT,464,2024-01-17,22448
21549,4,29,OUT,111,2024-06-30,11568
21550,20,32,OUT,86,2023-12-14,8539
21551,234,13,OUT,222,2023-10-20,26666
21552,259,15,OUT,57,2023-11-28,19309
21553,75,32,IN,33,2023-07-21,
21554,160,27,IN,146,2024-02-07,
21555,157,7,IN,96,2024-05-22,
21556,261,14,IN,13,2023-05-04,
21557,85,26,IN,267,2024-11-05,
21558,22,17,IN,472,2024-09-23,
21559,269,17,IN,412,2024-05-17,
21560,53,22,IN,450,2024-06-28,
21561,182,23,OUT,123,2024-05-05,24092
21562,296,27,OUT,425,2023-05-18,11143
21563,299,25,OUT,23,2024-12-11,5734
21564,71,19,OUT,1,2023-03-12,8984
21565,217,31,OUT,265,2024-12-13,20851
21566,71,3,IN,71,2024-11-17,
21567,244,21,OUT,2,2024-12-17,2611
21568,309,22,IN,364,2023-10-11,
21569,294,6,OUT,170,2024-07-22,538
21570,171,13,IN,323,2024-09-25,
21571,132,7,IN,454,2024-01-13,
21572,342,29,IN,315,2023-10-31,
21573,99,12,IN,446,2024-06-14,
21574,99,14,IN,220,2024-12-28,
21575,293,35,OUT,220,2024-11-17,10872
21576,138,11,OUT,304,2024-05-07,28380
21577,142,31,OUT,91,2023-08-19,28820
21578,329,10,IN,473,2023-07-05,
21579,101,6,IN,389,2023-05-20,
21580,8888,888,IN,0,2023-08-09,
21581,87,33,IN,21,2023-05-07,
21582,329,6,IN,200,2023-12-26,
21583,308,34,OUT,314,2023-09-14,7825
21584,47,34,OUT,256,2023-06-18,4254
21585,31,13,OUT,179,2024-06-28,373
21586,291,12,OUT,101,2023-05-10,8142
21587,224,3,OUT,177,2023-06-22,9982
21588,15,13,IN,379,2024-07-12,
21589,289,7,OUT,128,2023-08-17,19293
21590,9,1,OUT,289,2024-03-30,10380
21591,100,2,IN,378,2023-05-22,
21592,5,14,OUT,288,2024-02-13,20999
21593,280,28,OUT,15,2023-10-19,13870
21594,202,29,IN,487,2023-07-02,
21595,302,11,IN,207,2023-02-01,
21596,265,19,OUT,143,2024-01-05,9938
21597,236,32,IN,193,2023-06-12,
21598,36,21,OUT,298,2024-07-04,4424
21599,234,35,IN,53,2024-09-09,
21600,206,12,IN,402,2023-08-29,
21601,217,10,OUT,237,2023-04-01,26850
21602,115,3,OUT,364,2024-04-28,11711
21603,231,30,OUT,299,2023-05-22,12465
21604,222,34,IN,278,2023-03-20,
21605,335,8,IN,309,2023-02-02,
21606,85,7,OUT,297,2024-11-16,5095
21607,268,35,OUT,8,2023-06-21,10610
21608,264,15,IN,300,2023-10-23,
21609,254,5,OUT,126,2024-11-03,10922
21610,278,21,IN,101,2023-08-04,
21611,120,30,IN,63,2024-05-07,
21612,42,4,IN,251,2024-11-09,
21613,114,34,OUT,114,2024-02-27,26492
21614,274,5,OUT,158,2024-03-18,2634
21615,209,15,OUT,222,2024-12-06,28195
21616,253,28,IN,19,2024-11-13,
21617,186,1,IN,197,2024-10-18,
21618,223,29,IN,65,2024-05-15,
21619,87,19,OUT,47,2024-10-09,4654
21620,124,29,OUT,40,2023-08-18,14813
21621,254,26,OUT,432,2024-12-17,16052
21622,336,29,IN,202,2023-03-08,
21623,300,33,OUT,494,2023-10-26,7796
21624,73,25,IN,103,2023-04-16,
21625,242,32,OUT,272,2023-01-01,18429
21626,195,31,IN,491,2024-06-15,
21627,184,19,OUT,192,2023-01-18,21550
21628,54,9,IN,319,2023-04-03,
21629,29,24,OUT,314,2024-02-28,12781
21630,242,12,OUT,72,2024-03-10,8767
21631,95,3,OUT,341,2023-09-19,17900
21632,331,10,IN,53,2023-03-29,
21633,88,7,IN,288,2024-03-21,
21634,89,24,IN,344,2023-11-14,
21635,351,33,OUT,158,2024-09-10,12770
21636,263,5,IN,69,2023-05-27,
21637,217,34,OUT,142,2023-12-03,7847
21638,99,20,OUT,253,2024-05-24,3731
21639,345,24,OUT,181,2023-05-27,1212
21640,249,33,OUT,46,2023-05-02,13107
21641,287,29,IN,46,2023-05-25,
21642,137,7,IN,106,2024-12-08,
21643,127,2,IN,417,2024-03-31,
21644,195,18,OUT,129,2024-06-29,15365
21645,18,23,OUT,96,2023-10-10,4186
21646,34,32,OUT,169,2023-09-04,4778
21647,169,16,OUT,418,2024-02-27,11719
21648,46,17,IN,155,2023-01-07,
21649,183,19,OUT,230,2023-10-11,13379
21650,334,7,OUT,221,2024-02-15,8147
21651,218,12,OUT,320,2023-03-17,13330
21652,8888,888,OUT,0,2024-12-06,888888
21653,145,2,OUT,285,2023-10-09,27446
21654,205,30,OUT,268,2023-11-30,25901
21655,12,6,OUT,97,2024-04-03,27350
21656,244,33,OUT,54,2023-10-26,18676
21657,165,22,OUT,370,2023-05-14,2072
21658,217,11,OUT,500,2023-01-21,8821
21659,1,25,OUT,68,2023-11-28,4676
21660,281,5,OUT,339,2024-04-28,23358
21661,285,35,IN,117,2024-05-16,
21662,10,4,IN,481,2024-03-18,
21663,29,19,OUT,0,2023-05-03,10080
21664,259,6,OUT,110,2023-07-21,18167
21665,123,24,OUT,72,2024-02-07,15760
21666,8888,888,OUT,0,2024-10-19,888888
21667,170,28,IN,151,2024-06-01,
21668,285,8,OUT,191,2023-12-28,2068
21669,170,18,IN,110,2023-09-21,
21670,134,30,IN,59,2023-07-21,
21671,119,35,IN,232,2024-03-15,
21672,61,29,IN,472,2023-06-23,
21673,164,6,OUT,161,2023-03-29,4396
21674,60,14,OUT,406,2023-11-23,17424
21675,360,13,IN,129,2024-02-08,
21676,136,8,IN,220,2023-03-18,
21677,198,18,IN,233,2023-07-21,
21678,228,20,OUT,460,2024-11-05,19567
21679,102,7,OUT,336,2024-03-06,12469
21680,106,8,OUT,84,2024-06-07,4466
21681,135,18,IN,415,2024-04-07,
21682,59,9,OUT,422,2023-05-18,5088
21683,149,20,IN,330,2024-09-06,
21684,258,3,OUT,195,2023-03-14,28506
21685,8888,888,OUT,0,2024-05-22,888888
21686,111,16,IN,244,2023-08-01,
21687,339,10,IN,447,2023-01-13,
21688,102,21,OUT,21,2024-03-29,9624
21689,294,20,IN,259,2023-04-14,
21690,65,26,IN,229,2023-05-26,
21691,116,13,OUT,101,2024-09-04,14449
21692,268,7,IN,63,2024-10-29,
21693,195,8,IN,275,2023-06-06,
21694,285,22,IN,103,2024-10-01,
21695,318,24,OUT,230,2023-06-17,28834
21696,231,9,OUT,456,2023-01-10,5761
21697,321,25,OUT,41,2024-10-18,394
21698,278,29,OUT,145,2023-12-22,17143
21699,114,26,OUT,371,2023-03-23,29418
21700,325,12,OUT,64,2023-06-12,16942
21701,287,25,IN,213,2024-01-30,
21702,305,22,IN,268,2023-02-17,
21703,246,8,IN,302,2024-12-31,
21704,215,31,OUT,408,2023-10-16,15086
21705,189,7,IN,462,2023-09-16,
21706,181,15,IN,106,2023-01-06,
21707,320,25,IN,321,2024-09-04,
21708,77,19,OUT,328,2024-09-29,17294
21709,76,4,OUT,54,2024-05-16,19813
21710,190,20,IN,235,2024-02-23,
21711,278,32,IN,46,2023-05-16,
21712,143,9,OUT,421,2024-02-20,11868
21713,282,7,IN,493,2023-12-16,
21714,311,30,IN,174,2024-02-17,
21715,2,13,OUT,216,2024-08-03,11721
21716,288,21,IN,354,2023-09-21,
21717,219,11,OUT,341,2023-10-03,7287
21718,160,4,IN,484,2024-07-04,
21719,124,25,OUT,108,2024-09-28,20914
21720,278,11,OUT,342,2024-09-14,9749
21721,104,10,IN,393,2023-03-27,
21722,19,7,IN,398,2023-01-02,
21723,206,21,IN,190,2024-04-06,
21724,302,20,IN,0,2023-06-14,
21725,198,17,IN,401,2024-01-31,
21726,3,23,OUT,449,2024-07-04,24762
21727,61,5,IN,185,2023-09-05,
21728,248,7,IN,331,2023-11-17,
21729,89,27,OUT,282,2023-08-05,15900
21730,124,13,OUT,80,2023-07-05,25899
21731,246,24,IN,430,2024-05-23,
21732,141,32,OUT,141,2024-08-24,16441
21733,266,12,OUT,448,2023-05-19,19278
21734,150,2,IN,303,2024-12-09,
21735,50,15,IN,401,2024-01-25,
21736,32,35,OUT,92,2024-09-09,1655
21737,264,22,IN,316,2023-02-02,
21738,309,13,OUT,131,2024-07-08,6431
21739,163,15,IN,407,2024-01-09,
21740,16,9,OUT,497,2024-01-14,2214
21741,227,35,OUT,111,2023-10-14,14123
21742,52,25,OUT,301,2023-05-29,5055
21743,139,27,IN,268,2024-01-11,
21744,127,9,IN,178,2024-02-03,
21745,7,8,OUT,245,2023-07-14,11573
21746,151,17,OUT,414,2023-05-23,13354
21747,21,7,OUT,113,2024-02-18,23000
21748,253,18,OUT,313,2023-03-10,11449
21749,61,21,IN,397,2023-05-27,
21750,295,11,IN,84,2024-10-01,
21751,248,11,IN,85,2023-06-16,
21752,268,9,OUT,423,2023-10-25,25625
21753,194,21,IN,184,2024-12-07,
21754,104,24,OUT,95,2024-05-07,14322
21755,358,24,IN,149,2023-11-26,
21756,295,16,IN,447,2024-06-21,
21757,195,35,IN,214,2023-04-08,
21758,313,16,OUT,50,2024-06-26,7925
21759,237,13,IN,341,2023-12-15,
21760,155,22,OUT,369,2024-03-18,19983
21761,108,18,OUT,488,2024-07-22,14657
21762,106,3,IN,323,2024-04-15,
21763,171,13,IN,496,2023-03-01,
21764,323,22,OUT,94,2024-05-25,23795
21765,300,29,IN,171,2023-01-01,
21766,134,32,IN,331,2023-12-15,
21767,218,28,IN,55,2023-01-21,
21768,303,15,IN,54,2024-08-20,
21769,119,31,IN,221,2024-06-16,
21770,343,18,IN,445,2024-11-06,
21771,79,29,OUT,140,2024-04-10,23356
21772,108,30,IN,12,2024-06-18,
21773,240,25,IN,224,2023-05-02,
21774,71,34,OUT,102,2023-04-16,24919
21775,76,22,IN,25,2024-03-20,
21776,8,28,OUT,372,2023-07-21,13108
21777,61,25,OUT,451,2023-03-31,15514
21778,179,6,IN,468,2023-12-01,
21779,263,25,OUT,277,2023-09-12,15922
21780,107,4,IN,229,2024-02-18,
21781,128,24,OUT,483,2023-05-19,26371
21782,134,34,IN,351,2023-12-08,
21783,239,18,IN,454,2024-04-24,
21784,6,32,OUT,280,2024-03-30,10754
21785,56,7,OUT,449,2024-05-26,20940
21786,344,13,IN,339,2024-07-05,
21787,355,24,IN,144,2024-11-18,
21788,347,24,OUT,446,2024-06-11,15869
21789,115,33,OUT,103,2024-10-13,13068
21790,226,27,OUT,322,2023-03-23,22403
21791,93,13,IN,260,2023-07-22,
21792,24,35,OUT,365,2023-01-26,8307
21793,271,24,OUT,64,2024-05-05,1346
21794,11,2,OUT,480,2024-05-16,20278
21795,279,30,OUT,457,2023-02-06,15284
21796,8888,888,IN,0,2023-01-13,
21797,27,12,OUT,493,2024-01-13,7495
21798,32,7,OUT,195,2023-12-24,10463
21799,81,4,IN,421,2024-01-21,
21800,212,21,IN,84,2024-07-24,
21801,76,25,IN,321,2024-07-21,
21802,152,17,IN,423,2023-05-25,
21803,334,1,IN,158,2024-11-10,
21804,225,24,OUT,197,2024-02-26,22421
21805,266,13,OUT,399,2023-06-04,27750
21806,164,14,OUT,35,2024-06-23,24288
21807,98,14,OUT,92,2024-05-18,7407
21808,200,14,IN,31,2023-04-30,
21809,147,35,IN,251,2023-07-04,
21810,18,18,OUT,169,2024-08-28,28322
21811,336,9,IN,241,2024-02-01,
21812,8888,888,OUT,0,2023-03-21,888888
21813,42,25,IN,358,2023-07-28,
21814,61,27,IN,43,2024-07-05,
21815,88,3,OUT,443,2023-01-31,26120
21816,286,20,IN,98,2023-06-18,
21817,58,26,OUT,395,2023-10-23,2363
21818,155,7,OUT,74,2024-07-07,23947
21819,286,6,OUT,181,2024-08-15,7451
21820,212,35,IN,185,2023-12-14,
21821,258,23,IN,451,2023-05-27,
21822,286,25,IN,91,2023-04-27,
21823,188,2,IN,482,2023-06-16,
21824,87,22,IN,74,2023-05-04,
21825,169,33,OUT,22,2023-10-14,24825
21826,279,27,OUT,497,2024-10-21,28431
21827,59,30,OUT,456,2023-05-26,16062
21828,334,2,IN,54,2023-03-28,
21829,336,15,OUT,457,2023-03-05,5846
21830,238,24,IN,264,2024-02-25,
21831,56,22,OUT,71,2024-12-25,10052
21832,305,13,OUT,264,2023-04-08,11780
21833,98,32,IN,246,2023-03-26,
21834,123,12,IN,310,2023-09-01,
21835,7,2,OUT,151,2024-12-28,28843
21836,319,27,OUT,25,2024-05-15,10001
21837,304,20,IN,442,2024-10-12,
21838,337,15,OUT,361,2024-06-21,10042
21839,150,1,OUT,293,2023-07-01,28432
21840,354,5,OUT,195,2023-03-25,7752
21841,8888,888,OUT,0,2023-02-01,888888
21842,219,16,OUT,439,2024-09-13,22731
21843,340,2,OUT,15,2023-03-28,20163
21844,242,10,IN,165,2024-12-24,
21845,73,8,IN,3,2024-06-15,
21846,4,32,OUT,32,2024-11-11,5048
21847,294,9,OUT,81,2024-04-10,22172
21848,306,25,OUT,391,2024-08-08,15346
21849,233,10,OUT,311,2024-11-13,29957
21850,295,30,IN,147,2023-11-22,
21851,123,18,OUT,457,2023-10-29,29286
21852,59,22,IN,229,2024-05-18,
21853,184,14,IN,69,2024-11-19,
21854,269,10,OUT,126,2024-06-06,20504
21855,3,19,IN,428,2023-12-27,
21856,253,29,IN,306,2023-09-27,
21857,167,31,IN,253,2023-11-03,
21858,282,34,IN,256,2023-07-22,
21859,70,23,OUT,301,2024-03-13,11622
21860,57,10,IN,149,2023-05-19,
21861,207,23,IN,4,2023-06-02,
21862,177,13,OUT,251,2023-12-25,10750
21863,35,28,IN,499,2024-05-31,
21864,24,26,OUT,158,2023-08-11,8008
21865,315,30,IN,372,2023-07-19,
21866,31,16,OUT,272,2023-09-19,26044
21867,301,23,IN,64,2023-11-03,
21868,308,25,OUT,416,2023-01-19,21572
21869,99,11,IN,281,2024-10-24,
21870,138,18,IN,278,2024-06-19,
21871,4,28,OUT,35,2023-04-13,25634
21872,224,7,OUT,271,2024-08-03,27008
21873,147,22,OUT,268,2023-01-23,17079
21874,131,12,OUT,458,2024-10-27,14260
21875,90,12,IN,266,2023-04-12,
21876,218,25,IN,422,2024-01-09,
21877,114,24,IN,264,2024-01-21,
21878,343,6,IN,382,2024-08-23,
21879,16,7,IN,388,2023-08-15,
21880,41,30,OUT,416,2024-10-24,23875
21881,115,28,IN,462,2023-06-12,
21882,26,14,OUT,214,2024-09-01,10660
21883,126,34,OUT,174,2024-01-19,13163
21884,72,13,OUT,237,2023-11-26,26505
21885,64,14,OUT,361,2024-02-04,25825
21886,226,3,OUT,17,2023-09-07,25350
21887,339,33,OUT,105,2023-02-12,25064
21888,9,35,OUT,223,2024-11-29,7288
21889,76,10,OUT,146,2024-08-23,28826
21890,251,12,IN,310,2024-08-12,
21891,271,6,IN,317,2023-04-22,
21892,272,34,IN,309,2024-07-25,
21893,3,34,OUT,460,2023-09-27,7810
21894,308,1,IN,497,2023-12-17,
21895,200,11,IN,97,2023-09-10,
21896,88,13,IN,441,2024-11-16,
21897,353,35,OUT,61,2024-02-25,21287
21898,179,24,OUT,54,2024-08-17,10647
21899,187,4,IN,480,2023-11-24,
21900,113,25,IN,500,2024-01-26,
21901,95,7,IN,488,2023-01-12,
21902,92,33,OUT,328,2024-09-16,13092
21903,53,30,OUT,451,2024-01-06,2002
21904,107,28,IN,458,2024-08-30,
21905,296,15,IN,59,2023-07-17,
21906,301,11,IN,288,2024-04-03,
21907,245,14,IN,203,2023-04-29,
21908,274,32,OUT,392,2023-11-02,13713
21909,324,23,OUT,337,2023-07-23,3998
21910,89,23,OUT,101,2024-02-17,23176
21911,301,3,IN,172,2023-12-06,
21912,196,10,IN,472,2024-07-15,
21913,130,10,OUT,275,2023-03-09,21384
21914,66,17,IN,9,2023-04-01,
21915,286,13,OUT,293,2023-01-21,25070
21916,11,18,OUT,178,2023-09-07,23514
21917,85,29,IN,202,2023-06-18,
21918,48,32,IN,156,2024-06-13,
21919,158,5,OUT,23,2024-03-12,25780
21920,84,13,OUT,228,2024-02-14,23450
21921,152,3,IN,442,2024-06-23,
21922,277,17,IN,474,2024-08-07,
21923,265,26,IN,405,2023-05-02,
21924,203,35,OUT,401,2023-02-08,6174
21925,324,33,OUT,386,2023-09-29,20726
21926,173,18,OUT,276,2024-06-12,20691
21927,232,27,OUT,84,2024-05-03,15714
21928,178,5,OUT,119,2023-10-10,8320
21929,37,28,OUT,27,2024-09-25,17323
21930,200,15,OUT,358,2024-11-15,26726
21931,345,30,OUT,333,2023-05-02,6132
21932,360,17,IN,435,2024-01-15,
21933,155,1,OUT,495,2024-02-18,12624
21934,358,13,OUT,166,2024-07-27,9554
21935,45,28,IN,77,2023-07-17,
21936,180,5,OUT,248,2024-11-30,4411
21937,135,11,OUT,245,2023-07-12,16368
21938,46,27,OUT,179,2024-08-21,2985
21939,124,27,OUT,330,2023-01-31,15872
21940,102,8,IN,80,2024-04-19,
21941,139,22,OUT,114,2023-04-11,12959
21942,20,10,IN,192,2023-05-18,
21943,144,19,IN,411,2023-10-15,
21944,233,4,OUT,277,2023-05-19,10950
21945,204,31,OUT,345,2024-10-25,25633
21946,134,12,IN,401,2024-04-15,
21947,130,5,IN,313,2024-01-29,
21948,302,26,IN,401,2023-09-27,
21949,156,6,IN,36,2023-11-08,
21950,109,32,OUT,38,2023-04-09,10690
21951,20,25,OUT,411,2023-03-12,29244
21952,118,33,IN,492,2023-06-07,
21953,115,26,IN,392,2024-08-17,
21954,150,15,OUT,464,2024-05-09,21153
21955,55,24,OUT,240,2023-02-13,3224
21956,36,27,OUT,105,2023-11-08,852
21957,269,22,OUT,141,2023-04-25,29921
21958,303,10,IN,261,2023-12-11,
21959,23,9,OUT,406,2024-04-01,26885
21960,243,11,IN,130,2023-01-13,
21961,321,33,IN,105,2024-09-14,
21962,230,2,OUT,54,2023-04-07,5886
21963,169,22,IN,392,2024-11-28,
21964,181,5,OUT,358,2023-03-27,3131
21965,8888,888,IN,0,2023-05-06,
21966,162,23,IN,477,2023-04-04,
21967,148,17,OUT,458,2024-10-21,7844
21968,6,31,OUT,277,2023-01-22,23417
21969,249,2,OUT,176,2024-10-20,29521
21970,357,6,OUT,88,2023-03-02,6200
21971,19,27,OUT,461,2024-09-11,1032
21972,94,9,OUT,216,2023-11-07,21318
21973,11,10,IN,318,2023-09-12,
21974,8888,888,OUT,0,2024-09-27,888888
21975,72,31,IN,193,2023-02-03,
21976,76,35,IN,298,2023-10-08,
21977,144,10,OUT,0,2024-11-06,11384
21978,322,24,IN,408,2024-08-29,
21979,159,7,OUT,198,2024-07-14,23379
21980,63,33,IN,469,2024-12-05,
21981,73,24,OUT,177,2024-03-16,26753
21982,276,23,IN,397,2024-08-09,
21983,270,33,IN,257,2023-05-20,
21984,48,19,IN,93,2023-03-31,
21985,313,12,IN,322,2023-12-13,
21986,16,11,OUT,321,2023-03-21,23227
21987,238,3,OUT,221,2024-10-19,9022
21988,256,4,IN,272,2023-02-12,
21989,32,4,IN,271,2024-11-14,
21990,60,14,IN,410,2023-01-13,
21991,59,7,OUT,219,2023-12-24,10141
21992,358,15,OUT,22,2023-04-21,28510
21993,56,12,IN,454,2023-04-30,
21994,55,20,OUT,33,2024-06-07,29747
21995,11,16,OUT,292,2024-09-27,23836
21996,322,17,IN,467,2024-03-01,
21997,237,28,OUT,198,2023-11-05,23078
21998,329,21,OUT,105,2024-02-02,11184
21999,35,16,OUT,488,2024-11-02,19703
22000,352,15,OUT,351,2024-01-10,22570
22001,120,7,OUT,430,2024-04-16,29619
22002,146,9,OUT,0,2024-08-18,11295
22003,261,17,IN,270,2024-01-19,
22004,1,30,OUT,101,2024-01-14,29741
22005,297,15,IN,167,2023-05-09,
22006,113,34,IN,30,2023-04-24,
22007,250,24,OUT,329,2024-06-01,1121
22008,4,27,OUT,233,2023-04-18,4232
22009,217,22,OUT,0,2023-11-03,342
22010,354,21,IN,332,2023-03-28,
22011,59,22,IN,294,2023-11-04,
22012,177,20,IN,312,2023-07-13,
22013,263,7,IN,449,2024-02-26,
22014,166,21,IN,23,2024-08-27,
22015,237,6,OUT,188,2024-02-27,5087
22016,237,25,IN,127,2024-12-29,
22017,236,19,IN,108,2024-10-05,
22018,233,9,IN,416,2023-03-20,
22019,39,21,OUT,455,2024-12-21,24678
22020,338,20,OUT,48,2024-04-04,8611
22021,276,19,OUT,243,2023-09-13,3923
22022,69,23,OUT,412,2023-10-15,653
22023,297,13,OUT,307,2024-10-01,22731
22024,110,30,OUT,354,2023-06-15,21482
22025,290,33,IN,458,2023-03-02,
22026,222,20,OUT,273,2024-08-25,9172
22027,99,8,OUT,195,2023-01-10,13277
22028,314,20,OUT,284,2024-08-02,3950
22029,248,28,OUT,417,2023-04-23,6487
22030,200,35,OUT,316,2023-05-10,2637
22031,159,9,IN,0,2023-12-16,
22032,311,8,OUT,276,2023-07-18,29620
22033,8888,888,OUT,0,2024-04-27,888888
22034,354,11,OUT,32,2023-05-07,27448
22035,93,22,OUT,161,2023-06-04,25048
22036,311,10,IN,93,2024-06-18,
22037,132,6,IN,57,2024-09-09,
22038,124,25,IN,251,2023-04-01,
22039,239,4,IN,142,2023-12-27,
22040,72,11,IN,262,2023-02-28,
22041,264,3,IN,132,2023-08-07,
22042,160,29,IN,136,2024-01-01,
22043,147,6,IN,106,2023-12-27,
22044,162,2,OUT,129,2024-01-23,27365
22045,296,25,OUT,281,2023-02-03,6128
22046,209,27,IN,10,2023-02-17,
22047,250,33,OUT,262,2023-06-17,620
22048,250,9,IN,406,2024-12-25,
22049,35,8,OUT,85,2023-04-16,10542
22050,109,26,IN,441,2024-02-24,
22051,176,10,IN,287,2024-12-15,
22052,84,15,OUT,490,2023-12-08,25120
22053,63,9,OUT,303,2023-05-27,25585
22054,132,9,OUT,347,2023-06-22,18438
22055,337,32,IN,296,2023-01-31,
22056,346,22,OUT,434,2024-10-23,8958
22057,161,16,IN,244,2024-05-10,
22058,356,16,OUT,368,2023-09-23,25823
22059,200,33,OUT,366,2023-10-13,18837
22060,336,13,OUT,397,2024-10-21,12610
22061,33,24,OUT,0,2023-08-08,28722
22062,263,22,IN,334,2023-01-08,
22063,333,21,IN,477,2023-10-06,
22064,178,13,OUT,283,2023-05-18,3065
22065,148,2,OUT,139,2023-12-04,1594
22066,37,9,OUT,308,2023-10-15,7433
22067,308,32,OUT,293,2024-08-26,6056
22068,200,34,OUT,457,2023-03-13,11866
22069,128,2,IN,210,2023-11-15,
22070,199,1,IN,405,2023-10-07,
22071,27,27,OUT,372,2024-07-12,24235
22072,292,6,OUT,346,2023-08-08,9285
22073,184,5,OUT,22,2023-03-14,22842
22074,324,4,IN,234,2023-12-23,
22075,304,31,OUT,288,2024-10-26,5469
22076,46,19,IN,490,2024-12-25,
22077,50,26,OUT,67,2024-04-28,28627
22078,118,24,OUT,219,2024-09-25,28280
22079,336,21,OUT,155,2023-01-12,9464
22080,125,31,IN,245,2024-10-28,
22081,87,4,OUT,382,2024-03-16,21587
22082,8,24,OUT,3,2024-05-08,13941
22083,104,31,IN,211,2023-05-26,
22084,338,2,IN,73,2024-12-05,
22085,351,22,OUT,187,2024-11-30,27402
22086,123,26,OUT,37,2024-09-25,459
22087,25,34,OUT,191,2023-01-17,23051
22088,178,7,OUT,195,2023-09-13,6558
22089,156,1,IN,479,2023-02-14,
22090,240,25,IN,11,2023-08-07,
22091,180,14,OUT,363,2024-08-31,25271
22092,200,10,IN,308,2024-12-02,
22093,329,27,IN,154,2024-12-04,
22094,230,7,IN,15,2024-09-08,
22095,110,30,IN,126,2024-04-10,
22096,103,32,OUT,128,2024-01-05,24045
22097,3,14,IN,429,2024-08-08,
22098,190,6,OUT,476,2024-07-05,7130
22099,263,2,IN,381,2023-06-10,
22100,352,33,OUT,482,2024-07-30,24671
22101,226,12,IN,69,2023-03-03,
22102,333,34,IN,311,2023-11-14,
22103,97,9,OUT,420,2024-09-11,18994
22104,13,31,OUT,250,2024-07-27,26109
22105,135,25,OUT,166,2023-10-04,19955
22106,70,19,IN,210,2024-04-12,
22107,91,30,OUT,192,2024-08-29,17763
22108,247,26,IN,402,2024-04-19,
22109,253,7,OUT,339,2024-05-06,415
22110,359,8,IN,112,2023-10-06,
22111,2,27,IN,325,2023-08-25,
22112,145,12,IN,431,2024-12-10,
22113,100,34,IN,177,2024-03-14,
22114,44,27,OUT,409,2024-09-23,28882
22115,304,15,OUT,376,2024-10-26,24595
22116,276,24,OUT,65,2023-10-20,18318
22117,93,25,IN,236,2023-04-20,
22118,255,6,OUT,458,2023-04-10,21067
22119,341,23,IN,389,2023-04-17,
22120,24,32,OUT,390,2023-11-16,23394
22121,351,16,OUT,296,2023-11-28,28876
22122,142,32,IN,320,2024-08-03,
22123,316,33,IN,250,2024-12-29,
22124,169,7,IN,300,2024-02-27,
22125,280,13,IN,69,2024-01-22,
22126,6,1,IN,278,2024-03-02,
22127,331,28,OUT,1,2023-10-29,25658
22128,254,5,IN,162,2024-09-02,
22129,267,20,IN,2,2024-10-24,
22130,26,35,IN,112,2024-10-12,
22131,17,35,IN,275,2023-07-08,
22132,302,18,OUT,153,2023-03-16,25165
22133,312,23,OUT,446,2023-03-25,11874
22134,59,25,OUT,433,2024-04-20,24676
22135,299,7,IN,218,2023-06-11,
22136,103,16,OUT,98,2023-02-24,2437
22137,142,22,IN,370,2024-09-18,
22138,167,6,OUT,142,2024-02-14,29074
22139,93,18,OUT,202,2024-12-03,10651
22140,232,35,OUT,194,2024-08-07,27114
22141,84,16,OUT,113,2023-05-17,7877
22142,345,27,OUT,293,2023-08-03,9234
22143,329,12,OUT,74,2024-08-31,7937
22144,241,14,OUT,85,2024-10-05,15726
22145,172,1,OUT,427,2023-10-15,12395
22146,48,17,OUT,223,2023-03-11,23770
22147,2,26,OUT,200,2024-10-11,17195
22148,115,4,OUT,241,2024-03-07,1962
22149,236,34,IN,454,2023-10-09,
22150,149,2,IN,347,2023-04-04,
22151,231,13,IN,110,2024-09-04,
22152,263,19,OUT,455,2024-11-22,5724
22153,360,24,IN,482,2023-12-05,
22154,228,14,OUT,346,2023-06-02,29082
22155,145,1,OUT,317,2024-08-17,10338
22156,125,22,OUT,477,2023-03-04,14611
22157,234,1,OUT,176,2023-11-22,27336
22158,304,24,OUT,214,2023-08-22,7762
22159,91,31,IN,482,2023-04-30,
22160,273,22,OUT,407,2024-02-17,4080
22161,123,35,IN,58,2024-04-15,
22162,225,20,OUT,340,2024-08-03,10800
22163,139,9,OUT,117,2024-08-10,21900
22164,39,7,OUT,467,2023-02-21,2225
22165,112,35,OUT,298,2024-07-27,23654
22166,84,7,OUT,267,2023-01-06,5094
22167,204,29,IN,169,2024-03-24,
22168,307,26,IN,103,2024-01-20,
22169,8,32,IN,466,2024-03-28,
22170,191,26,OUT,128,2023-01-16,14192
22171,185,35,IN,389,2024-12-06,
22172,342,18,IN,249,2023-03-31,
22173,321,25,IN,72,2024-02-18,
22174,104,34,OUT,342,2023-09-26,7848
22175,66,15,OUT,330,2024-09-04,22708
22176,94,28,OUT,120,2023-08-09,25791
22177,274,25,OUT,284,2024-04-13,9653
22178,277,29,OUT,219,2023-07-19,23355
22179,343,29,OUT,251,2024-04-04,9391
22180,283,6,OUT,388,2024-12-11,11075
22181,5,30,IN,57,2023-04-30,
22182,318,14,OUT,7,2023-08-17,29060
22183,222,26,IN,92,2024-01-27,
22184,66,1,OUT,231,2024-11-18,16346
22185,113,14,IN,432,2023-06-20,
22186,4,8,OUT,361,2024-03-05,12308
22187,149,3,OUT,493,2023-06-19,14407
22188,102,22,IN,284,2023-08-11,
22189,107,18,IN,89,2024-04-20,
22190,20,24,IN,444,2023-05-29,
22191,312,33,OUT,346,2024-03-24,2522
22192,234,5,IN,213,2024-09-25,
22193,308,9,IN,140,2023-11-27,
22194,62,4,IN,286,2023-05-16,
22195,202,24,IN,218,2024-01-16,
22196,13,15,IN,297,2024-08-02,
22197,221,3,IN,479,2024-11-28,
22198,155,35,OUT,288,2023-10-20,22705
22199,80,5,IN,277,2023-06-19,
22200,210,25,OUT,153,2024-11-23,9629
22201,1,24,IN,1,2024-08-24,
22202,301,8,IN,288,2023-12-04,
22203,269,16,IN,437,2023-12-20,
22204,8888,888,OUT,0,2024-08-27,888888
22205,72,4,IN,403,2024-08-23,
22206,228,17,OUT,272,2023-04-14,22439
22207,348,19,IN,327,2023-10-03,
22208,151,7,IN,486,2023-04-26,
22209,126,22,OUT,233,2024-02-03,12469
22210,78,29,OUT,315,2024-02-20,11167
22211,316,5,IN,110,2024-03-07,
22212,328,29,OUT,259,2023-06-25,3096
22213,68,23,IN,241,2023-01-14,
22214,241,8,IN,182,2023-09-09,
22215,255,13,IN,102,2024-02-23,
22216,14,30,OUT,458,2023-06-08,20013
22217,75,3,IN,267,2023-12-07,
22218,56,1,OUT,89,2023-11-21,21815
22219,183,23,OUT,495,2023-07-29,19794
22220,41,18,OUT,86,2023-12-14,2925
22221,356,19,IN,282,2024-11-21,
22222,136,8,OUT,141,2024-06-26,17430
22223,320,32,IN,320,2024-10-22,
22224,200,6,IN,0,2024-02-04,
22225,116,23,IN,193,2023-12-29,
22226,158,23,IN,123,2024-11-28,
22227,27,25,OUT,444,2024-11-02,2585
22228,311,12,OUT,71,2023-05-24,23525
22229,347,1,IN,78,2023-03-05,
22230,1,9,IN,37,2023-08-27,
22231,171,18,OUT,7,2024-11-16,10651
22232,107,5,IN,60,2024-02-10,
22233,106,9,IN,2,2023-12-26,
22234,111,2,OUT,472,2024-12-24,14488
22235,8888,888,IN,0,2023-12-08,
22236,70,5,OUT,142,2024-05-27,14818
22237,303,8,OUT,7,2024-01-23,15022
22238,113,8,OUT,96,2024-07-15,6296
22239,37,2,IN,413,2023-04-09,
22240,130,7,IN,474,2023-11-21,
22241,266,15,OUT,312,2024-02-09,23261
22242,11,23,IN,462,2024-03-24,
22243,45,32,OUT,246,2023-05-26,9651
22244,265,18,OUT,324,2024-10-10,20992
22245,116,13,IN,94,2024-08-30,
22246,211,21,OUT,163,2024-03-27,15260
22247,113,14,IN,421,2023-11-03,
22248,308,35,IN,302,2024-12-10,
22249,122,15,OUT,380,2023-12-13,7795
22250,52,27,IN,147,2023-12-05,
22251,249,6,IN,63,2024-07-18,
22252,123,30,OUT,287,2023-12-17,21544
22253,9,6,OUT,496,2024-04-08,29790
22254,176,21,OUT,316,2023-07-20,5904
22255,290,26,OUT,391,2023-09-21,28798
22256,104,14,OUT,148,2023-05-31,8997
22257,159,17,IN,221,2023-11-02,
22258,42,19,OUT,258,2024-10-15,877
22259,335,1,OUT,231,2023-07-06,6288
22260,45,31,IN,97,2023-02-13,
22261,115,33,OUT,152,2023-02-07,14680
22262,11,32,IN,89,2024-03-13,
22263,207,10,IN,262,2023-10-01,
22264,40,4,OUT,130,2024-04-23,27023
22265,109,28,IN,380,2023-11-02,
22266,65,23,IN,138,2024-01-01,
22267,216,17,IN,159,2023-05-21,
22268,237,29,OUT,76,2023-08-04,24862
22269,237,33,IN,250,2024-08-08,
22270,247,35,OUT,211,2023-12-28,103
22271,122,14,IN,133,2023-01-24,
22272,92,2,IN,288,2023-12-14,
22273,255,20,IN,463,2023-08-14,
22274,136,2,IN,24,2023-09-13,
22275,17,25,OUT,387,2024-05-20,10309
22276,58,16,IN,323,2024-10-25,
22277,306,20,IN,438,2023-04-20,
22278,252,6,IN,0,2023-06-12,
22279,332,29,IN,278,2023-03-15,
22280,357,14,OUT,133,2023-03-22,21134
22281,175,14,IN,348,2024-08-01,
22282,265,3,OUT,262,2023-03-27,27458
22283,47,24,IN,429,2024-06-22,
22284,63,5,OUT,82,2023-09-20,23079
22285,103,27,IN,356,2024-11-03,
22286,158,34,IN,48,2023-04-30,
22287,282,16,IN,1,2024-03-25,
22288,147,7,OUT,488,2024-12-19,12514
22289,198,17,OUT,131,2024-05-22,4307
22290,137,27,OUT,84,2024-09-24,10546
22291,72,28,OUT,472,2024-01-13,17533
22292,223,3,IN,0,2023-05-07,
22293,118,20,OUT,60,2024-01-22,1237
22294,8888,888,OUT,0,2023-04-17,888888
22295,28,15,OUT,276,2024-05-19,27039
22296,348,28,OUT,130,2024-03-20,3882
22297,110,11,IN,69,2024-09-28,
22298,215,10,IN,42,2024-02-14,
22299,315,1,IN,257,2024-09-09,
22300,176,17,IN,32,2023-10-13,
22301,5,14,OUT,278,2024-04-17,23569
22302,341,29,IN,222,2023-10-27,
22303,141,11,IN,298,2023-10-29,
22304,293,32,OUT,469,2024-06-18,1662
22305,288,12,IN,403,2024-04-05,
22306,336,33,OUT,143,2024-03-04,3737
22307,217,9,OUT,1,2024-05-18,6550
22308,101,1,OUT,240,2023-11-06,27976
22309,213,32,IN,389,2023-05-12,
22310,248,16,IN,2,2024-11-02,
22311,278,34,IN,302,2024-04-06,
22312,115,1,OUT,255,2023-08-30,7981
22313,212,27,OUT,238,2023-06-23,19058
22314,348,16,IN,326,2023-11-22,
22315,55,24,IN,114,2023-03-05,
22316,64,12,IN,324,2024-07-16,
22317,31,30,OUT,269,2024-11-03,9285
22318,351,7,IN,322,2024-02-19,
22319,330,1,OUT,350,2024-04-10,25986
22320,127,17,OUT,223,2023-01-11,5946
22321,331,2,OUT,71,2023-03-29,29234
22322,111,4,IN,283,2023-08-24,
22323,252,7,OUT,24,2024-07-04,20098
22324,93,27,OUT,177,2024-02-14,28851
22325,241,18,OUT,408,2023-03-25,19209
22326,89,3,IN,7,2023-04-24,
22327,344,29,OUT,271,2023-06-20,93
22328,277,6,IN,241,2023-01-15,
22329,56,3,OUT,108,2023-09-14,4430
22330,184,25,OUT,131,2023-06-07,9104
22331,72,29,IN,73,2023-01-06,
22332,347,16,OUT,128,2023-02-12,27860
22333,124,31,IN,240,2024-08-23,
22334,125,15,OUT,3,2023-09-02,24363
22335,235,22,IN,346,2023-07-30,
22336,300,27,OUT,140,2023-10-11,28984
22337,31,17,OUT,336,2024-02-17,1294
22338,211,6,IN,327,2023-11-09,
22339,85,27,IN,81,2023-10-23,
22340,144,14,IN,312,2023-05-23,
22341,266,30,OUT,192,2024-10-04,11788
22342,215,33,IN,74,2024-09-18,
22343,245,5,OUT,112,2024-09-30,19737
22344,322,15,IN,416,2024-09-01,
22345,118,21,IN,145,2024-08-09,
22346,103,29,IN,336,2023-02-09,
22347,115,16,OUT,34,2023-12-25,24921
22348,140,33,OUT,438,2023-03-11,3590
22349,199,10,IN,136,2024-11-10,
22350,69,1,OUT,287,2023-11-06,5421
22351,132,24,OUT,44,2023-08-18,21027
22352,247,4,OUT,375,2023-02-23,2402
22353,2,9,OUT,339,2023-03-19,4987
22354,167,18,IN,280,2023-12-11,
22355,82,21,OUT,221,2023-03-12,24575
22356,206,33,OUT,427,2024-11-10,29334
22357,320,14,IN,246,2024-08-28,
22358,231,25,OUT,239,2024-10-15,8703
22359,206,13,OUT,121,2024-01-09,1294
22360,346,19,IN,136,2023-08-11,
22361,2,32,OUT,0,2023-06-20,12757
22362,326,32,IN,41,2024-12-13,
22363,77,13,OUT,491,2023-07-28,28912
22364,31,28,OUT,490,2024-08-02,3121
22365,123,9,OUT,480,2023-01-05,23732
22366,161,10,IN,120,2023-10-28,
22367,52,30,OUT,443,2023-12-23,7615
22368,259,7,IN,198,2024-02-27,
22369,76,18,OUT,478,2024-05-10,118
22370,212,3,IN,66,2024-05-04,
22371,55,1,IN,484,2023-07-06,
22372,261,9,OUT,403,2023-10-11,27843
22373,214,8,OUT,496,2023-10-03,17623
22374,63,8,OUT,437,2024-10-30,19368
22375,321,30,OUT,217,2024-09-09,15678
22376,28,24,IN,111,2023-08-29,
22377,257,12,IN,350,2024-01-16,
22378,8888,888,IN,0,2023-11-22,
22379,244,6,IN,388,2023-07-02,
22380,107,6,IN,476,2023-09-03,
22381,319,18,IN,145,2024-06-04,
22382,151,12,IN,68,2024-09-12,
22383,90,24,OUT,422,2024-10-24,21966
22384,344,30,OUT,319,2024-10-16,4813
22385,8888,888,OUT,0,2024-04-05,888888
22386,247,1,OUT,459,2024-06-25,8467
22387,263,7,IN,104,2024-03-15,
22388,157,34,IN,340,2024-10-19,
22389,258,28,OUT,380,2023-08-25,6501
22390,95,8,OUT,0,2023-04-26,28631
22391,325,7,OUT,370,2023-06-28,2621
22392,21,31,OUT,257,2023-06-25,10870
22393,182,34,OUT,265,2024-01-17,23209
22394,171,15,IN,451,2024-05-12,
22395,221,27,OUT,435,2023-10-17,8590
22396,337,20,OUT,450,2023-09-19,9626
22397,357,5,OUT,265,2024-04-23,13084
22398,185,12,OUT,47,2024-10-15,4304
22399,346,3,OUT,298,2024-05-08,26003
22400,217,4,IN,23,2023-08-16,
22401,342,5,IN,212,2023-03-21,
22402,56,19,OUT,144,2024-04-24,7854
22403,38,29,IN,342,2024-02-27,
22404,49,25,OUT,100,2023-08-03,5229
22405,88,10,OUT,373,2023-08-12,21920
22406,256,9,IN,233,2024-01-30,
22407,343,17,OUT,1,2024-06-15,899
22408,53,19,IN,466,2024-05-18,
22409,8,14,OUT,386,2024-06-11,9453
22410,306,34,IN,433,2023-07-30,
22411,323,24,IN,500,2023-05-14,
22412,302,29,OUT,285,2023-05-02,26413
22413,325,1,OUT,235,2024-07-02,2368
22414,339,10,OUT,65,2024-03-27,18774
22415,197,12,OUT,175,2023-11-19,12615
22416,207,26,IN,374,2023-04-16,
22417,213,8,IN,59,2024-01-27,
22418,24,33,OUT,226,2023-08-11,17453
22419,101,20,IN,145,2023-11-03,
22420,353,12,IN,213,2024-11-05,
22421,83,33,IN,478,2024-06-21,
22422,210,17,IN,355,2023-08-09,
22423,38,7,OUT,183,2023-08-24,4028
22424,75,34,OUT,137,2023-06-28,14941
22425,274,15,OUT,103,2024-05-22,4638
22426,314,32,IN,321,2023-06-10,
22427,8888,888,OUT,0,2024-01-10,888888
22428,176,9,IN,454,2024-02-16,
22429,172,3,IN,9,2023-07-02,
22430,78,29,OUT,171,2024-11-05,19396
22431,358,29,OUT,494,2024-09-25,20897
22432,36,15,IN,132,2024-05-10,
22433,174,19,OUT,213,2024-06-02,24816
22434,331,31,IN,466,2024-07-17,
22435,259,13,OUT,112,2024-05-02,1540
22436,202,5,OUT,399,2023-09-03,7337
22437,144,32,IN,383,2024-02-09,
22438,147,25,IN,480,2023-06-03,
22439,359,27,OUT,6,2023-08-01,232
22440,78,11,OUT,371,2024-09-27,20083
22441,147,27,OUT,464,2023-01-17,3888
22442,118,1,IN,52,2023-11-16,
22443,281,24,IN,126,2023-07-26,
22444,119,4,IN,410,2023-10-11,
22445,95,1,OUT,328,2024-08-24,20867
22446,60,22,IN,433,2024-01-13,
22447,314,16,IN,37,2024-06-12,
22448,95,4,IN,205,2023-03-25,
22449,303,19,OUT,1,2024-09-06,7361
22450,190,27,OUT,287,2024-07-28,28224
22451,89,30,OUT,367,2023-07-31,23818
22452,210,15,OUT,236,2023-10-12,2049
22453,94,33,OUT,455,2024-04-26,17847
22454,360,16,OUT,226,2024-01-22,26181
22455,320,6,OUT,331,2024-07-26,14406
22456,142,29,IN,486,2023-07-24,
22457,242,6,OUT,190,2024-07-07,1968
22458,101,17,OUT,52,2024-03-07,15519
22459,347,34,OUT,119,2024-02-28,24570
22460,135,3,IN,227,2024-10-30,
22461,22,2,OUT,197,2023-02-13,25307
22462,337,28,OUT,108,2023-11-08,653
22463,169,14,IN,405,2024-11-20,
22464,45,25,IN,342,2024-11-04,
22465,184,24,OUT,118,2023-11-30,23533
22466,66,33,OUT,139,2023-05-20,9321
22467,155,1,OUT,302,2024-11-23,23184
22468,253,31,OUT,402,2024-06-21,6515
22469,69,11,IN,285,2023-06-12,
22470,132,26,OUT,1,2023-08-03,29141
22471,8888,888,OUT,0,2023-09-25,888888
22472,80,18,IN,482,2023-03-28,
22473,316,25,IN,333,2023-03-29,
22474,104,5,IN,482,2023-04-13,
22475,268,13,OUT,284,2024-12-06,4501
22476,313,18,OUT,149,2023-11-07,3476
22477,81,26,OUT,86,2024-05-18,13715
22478,252,14,IN,411,2024-04-30,
22479,238,20,OUT,86,2024-02-16,19763
22480,44,26,IN,452,2024-01-15,
22481,275,1,OUT,198,2023-10-29,15509
22482,252,15,IN,291,2024-02-24,
22483,162,9,IN,441,2023-03-17,
22484,270,34,OUT,464,2024-10-06,6912
22485,84,14,IN,95,2023-01-29,
22486,336,33,OUT,489,2024-11-19,13472
22487,357,2,IN,37,2024-06-07,
22488,333,18,IN,406,2024-07-16,
22489,167,14,OUT,101,2024-07-11,21777
22490,348,17,OUT,105,2024-07-29,23591
22491,98,27,OUT,92,2023-05-30,4225
22492,217,32,OUT,244,2023-04-07,11577
22493,290,5,OUT,127,2023-04-25,27466
22494,118,12,IN,109,2024-09-01,
22495,115,19,IN,426,2024-02-06,
22496,3,12,IN,404,2023-11-12,
22497,294,21,OUT,341,2023-01-19,1751
22498,137,8,OUT,399,2024-08-13,21138
22499,348,35,IN,259,2023-12-14,
22500,318,13,OUT,35,2024-03-18,2633
22501,204,21,OUT,421,2023-10-09,19531
22502,190,16,OUT,84,2024-12-06,17315
22503,233,27,IN,335,2024-12-22,
22504,273,18,IN,11,2023-09-08,
22505,71,13,OUT,165,2024-07-01,29635
22506,311,10,OUT,270,2024-03-18,22132
22507,134,6,OUT,131,2023-05-01,14217
22508,152,9,OUT,7,2024-02-28,18451
22509,83,27,OUT,451,2023-06-01,27364
22510,14,10,OUT,17,2023-05-21,15609
22511,349,18,OUT,272,2023-06-29,16587
22512,112,14,OUT,0,2023-02-07,2389
22513,31,11,IN,426,2024-05-08,
22514,1,27,OUT,418,2023-12-07,19981
22515,282,21,IN,27,2024-05-25,
22516,97,2,OUT,250,2024-01-06,10100
22517,248,14,IN,330,2024-10-28,
22518,89,20,OUT,83,2024-01-07,20873
22519,15,10,OUT,35,2023-01-01,14537
22520,87,7,IN,75,2024-02-25,
22521,336,7,OUT,462,2023-12-01,24006
22522,318,8,OUT,346,2023-12-30,29022
22523,43,3,OUT,379,2023-06-19,13456
22524,270,25,IN,454,2024-12-01,
22525,109,35,IN,55,2024-04-19,
22526,290,2,IN,70,2023-03-18,
22527,263,8,IN,430,2023-05-30,
22528,8888,888,IN,0,2024-06-05,
22529,318,23,IN,319,2024-07-11,
22530,252,22,OUT,429,2023-12-15,14913
22531,224,9,OUT,281,2024-12-15,9121
22532,269,22,OUT,214,2024-09-11,20565
22533,353,15,OUT,333,2024-06-30,11501
22534,211,6,IN,125,2023-07-12,
22535,297,15,OUT,375,2023-03-17,19305
22536,164,7,OUT,464,2023-12-28,24342
22537,84,31,IN,312,2024-06-17,
22538,282,23,OUT,103,2023-03-20,20138
22539,189,28,OUT,110,2024-12-10,3198
22540,359,31,IN,280,2023-04-16,
22541,131,27,OUT,48,2024-03-21,12872
22542,175,3,OUT,461,2024-06-06,19712
22543,168,18,OUT,211,2023-10-03,427
22544,177,17,IN,63,2023-11-08,
22545,210,2,OUT,16,2023-08-05,26240
22546,148,5,OUT,245,2024-03-14,25443
22547,238,12,OUT,108,2023-06-14,4401
22548,174,3,OUT,325,2023-12-04,27204
22549,105,30,OUT,65,2023-05-08,5179
22550,139,1,OUT,290,2023-06-09,16784
22551,225,12,IN,268,2023-10-14,
22552,305,34,OUT,27,2024-07-29,443
22553,331,28,IN,379,2024-07-30,
22554,187,35,OUT,50,2024-10-01,22173
22555,312,14,IN,493,2023-01-07,
22556,152,24,IN,453,2023-03-16,
22557,36,3,IN,391,2023-02-27,
22558,293,4,OUT,99,2024-05-03,15205
22559,327,13,OUT,357,2023-01-23,1058
22560,198,24,IN,403,2023-06-21,
22561,72,3,OUT,100,2023-03-06,13623
22562,66,30,OUT,122,2024-11-04,26230
22563,192,10,IN,86,2023-03-12,
22564,43,8,IN,2,2023-01-10,
22565,218,29,OUT,352,2024-01-07,11389
22566,22,5,OUT,195,2023-04-30,12547
22567,8,33,IN,404,2023-07-31,
22568,259,5,IN,424,2023-05-13,
22569,236,18,IN,226,2023-03-08,
22570,247,4,IN,169,2024-06-11,
22571,100,15,IN,392,2023-09-15,
22572,146,7,IN,217,2024-11-25,
22573,44,25,IN,329,2024-08-12,
22574,116,9,IN,325,2024-11-12,
22575,169,2,OUT,234,2023-07-02,15625
22576,259,33,OUT,3,2024-07-20,6835
22577,136,22,IN,201,2024-03-16,
22578,192,4,IN,146,2024-01-21,
22579,212,14,IN,361,2024-09-15,
22580,251,24,OUT,69,2023-09-16,14574
22581,55,23,OUT,394,2023-10-21,20021
22582,135,15,IN,137,2024-03-30,
22583,12,3,IN,282,2024-07-23,
22584,146,16,IN,4,2023-03-15,
22585,177,17,OUT,154,2023-05-30,1496
22586,62,6,OUT,267,2024-12-23,13857
22587,81,11,IN,249,2024-09-20,
22588,45,14,IN,220,2024-02-17,
22589,125,25,OUT,402,2023-07-19,9312
22590,199,2,IN,263,2023-09-16,
22591,219,5,OUT,145,2024-11-02,72
22592,222,30,IN,175,2024-03-25,
22593,104,18,IN,160,2024-06-08,
22594,310,31,OUT,494,2023-07-12,28105
22595,110,28,IN,1,2023-12-22,
22596,80,33,OUT,370,2023-07-05,26961
22597,165,10,OUT,244,2024-10-28,12238
22598,150,3,IN,21,2023-11-10,
22599,322,12,OUT,75,2024-02-08,26518
22600,215,8,IN,368,2024-04-15,
22601,36,17,OUT,383,2024-04-09,23016
22602,99,7,IN,273,2024-08-18,
22603,304,22,IN,271,2023-10-21,
22604,296,22,OUT,320,2023-02-05,12941
22605,36,5,OUT,0,2024-03-10,2398
22606,342,15,OUT,0,2024-08-10,4673
22607,333,2,IN,365,2023-05-24,
22608,206,28,IN,477,2023-04-14,
22609,133,28,OUT,194,2023-12-11,1468
22610,129,25,IN,339,2023-01-14,
22611,235,26,OUT,260,2024-03-05,1038
22612,314,21,OUT,182,2023-03-30,23141
22613,177,7,OUT,278,2024-01-24,9193
22614,257,4,OUT,436,2024-08-20,29301
22615,48,27,OUT,339,2023-07-17,27364
22616,80,27,IN,487,2023-01-02,
22617,110,22,IN,200,2024-09-18,
22618,274,5,OUT,159,2023-12-24,17668
22619,4,19,OUT,425,2023-06-27,24784
22620,8888,888,OUT,0,2023-06-26,888888
22621,190,26,OUT,132,2024-07-29,19970
22622,257,13,IN,249,2023-01-15,
22623,148,18,OUT,420,2024-09-04,9337
22624,183,16,OUT,116,2024-08-15,23703
22625,358,3,OUT,401,2024-07-05,26831
22626,207,22,IN,485,2024-07-27,
22627,201,1,IN,481,2023-12-30,
22628,146,29,IN,288,2024-08-13,
22629,359,26,OUT,477,2023-07-12,13535
22630,248,8,IN,142,2024-03-10,
22631,54,12,OUT,467,2024-03-10,27981
22632,119,30,IN,246,2023-12-26,
22633,99,25,IN,120,2023-08-06,
22634,357,14,OUT,379,2024-06-03,21320
22635,334,14,OUT,212,2023-01-23,6419
22636,249,35,OUT,477,2023-12-14,23479
22637,119,20,IN,8,2024-11-29,
22638,202,10,OUT,79,2023-12-01,29541
22639,170,9,OUT,382,2024-08-30,21094
22640,260,33,OUT,459,2024-06-16,18936
22641,56,34,IN,272,2023-01-18,
22642,33,20,IN,456,2024-08-05,
22643,94,1,OUT,124,2024-08-26,11995
22644,1,16,IN,377,2024-05-25,
22645,3,18,IN,466,2023-05-16,
22646,113,24,IN,102,2023-06-17,
22647,154,24,OUT,200,2024-01-23,28302
22648,8888,888,OUT,0,2024-09-05,888888
22649,163,24,OUT,455,2024-02-27,12161
22650,201,25,IN,237,2023-09-07,
22651,291,27,OUT,130,2023-05-14,15333
22652,266,12,OUT,236,2024-08-01,11968
22653,140,8,IN,207,2024-02-24,
22654,294,24,OUT,432,2024-06-06,22474
22655,206,2,IN,29,2024-08-29,
22656,10,23,OUT,244,2024-11-29,27373
22657,134,30,IN,202,2024-07-27,
22658,303,22,OUT,200,2024-02-29,2563
22659,329,34,OUT,490,2023-12-07,12206
22660,198,24,IN,91,2023-02-06,
22661,132,6,OUT,122,2023-07-20,17991
22662,357,25,IN,292,2023-11-18,
22663,86,14,OUT,396,2024-07-14,16406
22664,334,31,IN,236,2023-05-30,
22665,18,9,IN,146,2023-09-19,
22666,130,3,OUT,76,2023-06-27,29434
22667,204,4,OUT,5,2023-08-25,2582
22668,127,6,OUT,230,2024-12-13,20841
22669,240,34,OUT,480,2023-04-06,3509
22670,109,29,OUT,302,2023-06-29,22186
22671,241,34,IN,177,2023-10-27,
22672,283,28,OUT,82,2023-06-09,4515
22673,105,4,IN,399,2024-05-02,
22674,45,2,IN,95,2023-01-26,
22675,303,2,IN,129,2024-01-31,
22676,171,23,IN,315,2024-10-20,
22677,47,24,OUT,348,2023-01-01,7976
22678,209,34,OUT,256,2023-05-10,25697
22679,86,14,OUT,463,2024-05-27,389
22680,96,18,IN,215,2024-08-03,
22681,264,16,IN,342,2023-06-28,
22682,25,17,OUT,337,2024-09-12,12393
22683,216,28,OUT,305,2023-01-22,21661
22684,350,26,OUT,500,2023-06-29,27412
22685,130,35,IN,342,2023-06-06,
22686,322,33,OUT,328,2023-04-18,26392
22687,223,19,IN,232,2023-04-15,
22688,171,18,IN,36,2024-01-29,
22689,299,13,OUT,347,2024-07-04,28070
22690,351,20,OUT,315,2024-02-17,18759
22691,273,2,IN,340,2023-04-11,
22692,20,10,IN,134,2024-10-24,
22693,187,8,OUT,169,2024-01-24,22393
22694,24,32,OUT,337,2024-03-15,28458
22695,120,27,IN,423,2024-02-24,
22696,243,8,IN,39,2024-02-13,
22697,30,10,OUT,5,2023-08-10,6278
22698,46,30,IN,163,2024-06-18,
22699,115,20,OUT,115,2023-10-19,8978
22700,317,24,IN,287,2023-05-20,
22701,350,20,OUT,304,2023-02-20,29790
22702,273,34,IN,154,2023-06-04,
22703,338,8,IN,258,2024-11-24,
22704,1,15,IN,255,2023-06-18,
22705,85,24,OUT,0,2023-01-19,1517
22706,16,8,OUT,257,2024-08-11,24555
22707,67,31,IN,305,2023-02-07,
22708,46,21,IN,382,2023-05-06,
22709,14,19,IN,450,2024-07-11,
22710,263,28,IN,158,2023-03-05,
22711,358,10,IN,440,2023-08-01,
22712,204,13,IN,131,2023-09-11,
22713,64,27,OUT,50,2023-07-27,4642
22714,143,15,OUT,0,2024-12-18,21898
22715,267,23,OUT,33,2024-02-18,7220
22716,343,31,OUT,260,2023-09-03,18093
22717,180,12,IN,493,2023-05-24,
22718,111,24,OUT,316,2023-09-10,19668
22719,230,34,OUT,11,2023-12-09,13805
22720,224,32,OUT,337,2023-10-28,402
22721,308,1,IN,98,2024-07-01,
22722,317,13,IN,484,2024-09-13,
22723,301,11,OUT,367,2023-01-04,755
22724,121,4,IN,226,2024-09-30,
22725,121,33,OUT,363,2023-07-31,15080
22726,264,31,OUT,177,2023-05-21,22442
22727,253,2,IN,5,2024-03-22,
22728,114,28,IN,8,2023-03-04,
22729,173,17,OUT,275,2023-04-15,6297
22730,246,34,OUT,112,2023-06-29,11278
22731,315,26,OUT,224,2024-06-19,15290
22732,272,35,IN,188,2023-12-12,
22733,53,14,IN,225,2024-04-30,
22734,216,33,OUT,3,2023-09-16,15370
22735,355,30,OUT,288,2024-03-12,17850
22736,356,2,IN,261,2024-10-26,
22737,262,22,OUT,275,2023-12-25,1376
22738,226,27,IN,419,2024-06-22,
22739,320,2,OUT,498,2024-09-25,7680
22740,249,25,OUT,85,2024-02-23,28344
22741,140,27,OUT,72,2024-02-24,14896
22742,242,32,IN,132,2024-06-07,
22743,352,6,OUT,3,2024-05-10,29687
22744,131,29,IN,359,2023-01-12,
22745,113,1,OUT,180,2023-02-01,22628
22746,12,29,OUT,47,2023-11-06,198
22747,297,20,OUT,95,2024-03-30,24699
22748,266,23,IN,252,2024-11-14,
22749,307,34,IN,192,2024-05-14,
22750,302,31,OUT,145,2023-05-21,7897
22751,134,7,OUT,172,2023-07-12,3742
22752,274,3,IN,54,2024-04-17,
22753,299,3,IN,105,2023-05-01,
22754,52,23,IN,410,2023-07-23,
22755,137,26,IN,474,2023-01-07,
22756,56,10,IN,2,2024-09-10,
22757,120,29,IN,314,2024-09-11,
22758,307,15,IN,153,2024-09-28,
22759,195,33,OUT,386,2023-05-17,5329
22760,9,33,OUT,6,2024-10-01,26815
22761,347,31,IN,128,2023-10-17,
22762,167,7,IN,440,2024-02-08,
22763,29,22,IN,36,2023-09-18,
22764,342,13,IN,287,2023-08-15,
22765,236,25,IN,97,2024-09-23,
22766,191,34,IN,423,2024-08-01,
22767,244,31,OUT,159,2023-04-27,7643
22768,236,18,OUT,186,2023-06-10,26864
22769,355,4,OUT,189,2023-05-11,19741
22770,84,34,OUT,488,2023-09-22,19109
22771,8888,888,OUT,0,2024-12-04,888888
22772,182,25,OUT,454,2023-10-22,25339
22773,77,24,OUT,99,2024-12-08,11898
22774,45,27,OUT,244,2024-06-15,18
22775,164,30,OUT,205,2023-10-14,2356
22776,186,23,IN,85,2023-06-23,
22777,302,29,IN,476,2023-04-19,
22778,121,33,IN,217,2023-08-14,
22779,72,14,IN,206,2023-09-10,
22780,85,29,OUT,122,2023-01-28,13419
22781,6,3,IN,22,2023-12-24,
22782,304,15,IN,411,2024-05-17,
22783,201,19,IN,218,2024-04-07,
22784,283,16,OUT,421,2024-09-14,23057
22785,8888,888,IN,0,2024-12-02,
22786,229,9,OUT,152,2023-03-21,29298
22787,306,12,IN,262,2023-01-20,
22788,181,10,OUT,157,2023-09-08,29823
22789,41,17,IN,241,2023-08-14,
22790,197,24,IN,457,2024-07-13,
22791,51,21,OUT,157,2023-05-27,26469
22792,43,2,OUT,413,2023-06-15,6688
22793,317,29,OUT,62,2023-04-19,6547
22794,49,17,IN,217,2024-05-30,
22795,241,8,IN,80,2024-05-30,
22796,158,13,OUT,295,2023-08-03,18391
22797,133,12,OUT,187,2024-12-05,25202
22798,164,28,IN,363,2023-12-11,
22799,179,27,IN,10,2024-10-24,
22800,291,20,IN,107,2024-08-17,
22801,6,2,IN,52,2023-12-14,
22802,94,20,OUT,332,2024-02-25,25733
22803,8888,888,OUT,0,2023-09-21,888888
22804,54,3,OUT,430,2023-03-08,1502
22805,298,11,OUT,77,2024-12-03,2247
22806,222,15,OUT,269,2023-11-01,11345
22807,249,23,OUT,341,2024-07-04,8872
22808,127,33,OUT,36,2023-10-15,20227
22809,275,8,IN,298,2023-11-28,
22810,65,28,IN,494,2023-02-06,
22811,225,24,IN,261,2023-06-14,
22812,88,10,IN,412,2024-12-21,
22813,323,32,OUT,123,2023-05-26,27935
22814,23,29,OUT,231,2023-11-11,18349
22815,8888,888,OUT,0,2024-05-26,888888
22816,288,19,OUT,359,2023-04-16,18371
22817,33,17,OUT,162,2024-11-23,14790
22818,232,28,IN,257,2024-05-14,
22819,360,35,IN,394,2023-02-22,
22820,282,4,OUT,401,2024-01-14,8553
22821,135,24,OUT,172,2023-08-23,7487
22822,18,26,IN,212,2023-12-28,
22823,329,16,IN,364,2024-10-30,
22824,158,12,OUT,203,2023-06-18,1507
22825,11,2,IN,217,2023-08-28,
22826,55,16,IN,469,2024-04-02,
22827,6,4,OUT,32,2023-06-15,4789
22828,164,21,IN,19,2023-06-21,
22829,8888,888,OUT,0,2023-07-03,888888
22830,53,26,OUT,455,2024-10-25,2955
22831,29,29,OUT,81,2023-07-10,21722
22832,297,8,OUT,171,2024-09-28,12305
22833,216,14,OUT,258,2024-05-04,22402
22834,196,35,OUT,452,2024-08-23,5140
22835,114,5,OUT,46,2023-10-12,10316
22836,321,34,OUT,222,2023-07-08,15428
22837,40,20,OUT,410,2023-06-17,17071
22838,18,3,OUT,122,2023-02-23,12987
22839,199,19,OUT,0,2024-08-12,14910
22840,250,3,OUT,42,2023-06-18,9459
22841,193,14,IN,386,2024-06-04,
22842,221,11,OUT,57,2024-11-01,10016
22843,164,31,IN,112,2024-09-29,
22844,31,32,IN,353,2023-03-01,
22845,183,30,OUT,243,2023-09-28,14490
22846,252,27,OUT,433,2023-10-06,10375
22847,187,24,IN,125,2023-07-28,
22848,310,28,IN,58,2023-10-28,
22849,203,29,OUT,39,2023-01-28,4807
22850,107,9,OUT,99,2023-06-30,20986
22851,137,18,IN,345,2023-11-07,
22852,338,15,IN,445,2024-01-06,
22853,102,31,IN,145,2023-05-09,
22854,257,21,OUT,194,2023-12-12,20422
22855,8888,888,OUT,0,2024-10-06,888888
22856,81,15,OUT,355,2023-12-26,15842
22857,209,35,OUT,42,2024-02-04,2364
22858,37,3,OUT,60,2024-10-19,5036
22859,8888,888,OUT,0,2024-06-23,888888
22860,255,18,IN,240,2024-03-12,
22861,117,28,IN,133,2024-11-28,
22862,289,19,OUT,417,2024-08-16,24571
22863,48,32,OUT,377,2024-08-08,25486
22864,64,25,IN,420,2023-09-24,
22865,23,28,OUT,485,2024-12-25,13089
22866,161,18,IN,404,2023-09-09,
22867,8888,888,IN,0,2023-06-08,
22868,95,34,IN,138,2023-10-07,
22869,228,30,IN,372,2023-01-10,
22870,81,21,OUT,31,2024-08-17,26186
22871,153,32,IN,277,2024-05-29,
22872,199,11,IN,184,2023-08-02,
22873,57,28,OUT,457,2023-01-16,17841
22874,228,28,OUT,425,2024-12-13,20328
22875,249,25,OUT,26,2024-05-31,3815
22876,314,2,IN,79,2023-12-02,
22877,133,1,IN,305,2023-10-25,
22878,33,33,IN,322,2023-04-09,
22879,1,17,IN,198,2023-07-09,
22880,195,32,IN,215,2024-02-27,
22881,312,7,OUT,43,2024-01-05,18170
22882,216,28,OUT,14,2023-04-15,1505
22883,32,22,IN,428,2023-05-02,
22884,37,6,OUT,226,2023-12-28,28923
22885,218,26,OUT,399,2024-12-22,15591
22886,189,27,OUT,108,2023-10-16,7384
22887,218,3,OUT,64,2023-01-07,17920
22888,247,8,IN,383,2024-05-06,
22889,64,17,IN,429,2023-08-27,
22890,72,22,OUT,164,2023-09-20,515
22891,205,16,OUT,322,2023-10-23,10877
22892,314,18,OUT,366,2023-07-21,22741
22893,357,24,OUT,97,2023-03-22,12058
22894,59,15,OUT,231,2023-03-13,4470
22895,48,30,IN,284,2024-09-25,
22896,127,14,IN,462,2023-09-16,
22897,314,5,IN,209,2024-06-18,
22898,164,34,OUT,155,2023-02-22,27065
22899,360,30,IN,17,2024-09-18,
22900,231,18,OUT,152,2024-08-04,8340
22901,52,13,OUT,117,2023-11-17,22792
22902,160,30,IN,152,2024-11-29,
22903,35,9,IN,124,2024-06-06,
22904,353,18,OUT,226,2023-04-30,9953
22905,335,12,OUT,150,2024-02-08,6762
22906,132,17,OUT,250,2023-01-11,13174
22907,25,17,OUT,452,2023-03-31,12293
22908,260,14,IN,148,2024-04-23,
22909,64,3,IN,43,2023-01-18,
22910,285,31,OUT,333,2023-03-23,17401
22911,263,16,OUT,103,2024-07-07,4166
22912,244,27,IN,302,2024-11-14,
22913,158,12,IN,463,2024-05-26,
22914,2,27,IN,399,2024-10-30,
22915,32,21,OUT,53,2023-06-08,13077
22916,311,32,OUT,201,2024-04-09,24172
22917,279,35,OUT,31,2023-04-12,13448
22918,282,25,OUT,44,2023-01-20,23974
22919,189,11,OUT,237,2024-04-22,5028
22920,340,20,OUT,121,2024-08-18,11525
22921,152,19,OUT,0,2023-11-10,27422
22922,124,26,OUT,227,2024-02-29,6341
22923,269,16,IN,101,2023-10-06,
22924,236,15,OUT,5,2023-06-10,87
22925,176,34,OUT,170,2024-11-08,23291
22926,26,16,IN,363,2024-04-30,
22927,281,1,OUT,432,2024-07-15,21946
22928,123,1,IN,370,2023-06-19,
22929,38,1,OUT,270,2024-05-02,10650
22930,117,8,IN,363,2023-09-22,
22931,193,28,OUT,211,2023-05-14,22480
22932,303,8,IN,448,2024-01-30,
22933,349,4,OUT,410,2023-11-02,12375
22934,1,30,OUT,13,2023-10-09,26568
22935,192,5,OUT,491,2024-08-26,14966
22936,41,22,OUT,159,2023-12-26,16464
22937,11,15,OUT,130,2024-07-27,11507
22938,16,18,OUT,484,2024-02-21,24133
22939,122,22,OUT,59,2024-10-07,20702
22940,337,21,OUT,415,2024-08-11,7413
22941,50,11,OUT,122,2023-08-13,2450
22942,191,4,IN,182,2023-02-23,
22943,355,18,IN,267,2024-04-28,
22944,195,31,OUT,329,2024-03-05,5223
22945,296,23,IN,416,2024-05-13,
22946,124,5,OUT,436,2023-06-10,6785
22947,100,34,OUT,257,2023-02-20,5110
22948,272,25,IN,171,2024-06-18,
22949,220,29,IN,489,2024-11-07,
22950,266,3,OUT,207,2023-03-21,21309
22951,103,11,IN,293,2023-12-01,
22952,32,35,IN,420,2023-11-15,
22953,182,32,OUT,344,2023-01-12,23080
22954,198,27,IN,459,2024-01-04,
22955,312,13,OUT,325,2024-08-21,21765
22956,75,2,IN,150,2023-04-25,
22957,24,34,IN,461,2024-09-15,
22958,87,29,OUT,118,2024-12-16,3558
22959,130,35,IN,416,2023-10-02,
22960,305,4,OUT,293,2024-11-12,11214
22961,184,16,IN,179,2023-12-25,
22962,33,24,IN,261,2024-04-04,
22963,216,15,OUT,227,2023-09-12,747
22964,202,2,IN,74,2023-08-02,
22965,293,15,IN,376,2023-01-24,
22966,282,14,OUT,404,2024-05-26,20473
22967,68,25,OUT,344,2023-08-30,7099
22968,236,1,OUT,373,2024-01-18,3646
22969,156,24,OUT,117,2023-05-11,9081
22970,33,18,IN,453,2024-07-12,
22971,161,10,OUT,244,2023-04-24,17566
22972,112,27,OUT,104,2024-07-09,18112
22973,58,19,OUT,133,2024-08-31,25115
22974,227,35,OUT,16,2024-08-12,22061
22975,74,27,OUT,280,2024-04-24,2585
22976,194,26,OUT,115,2023-10-24,6007
22977,224,35,OUT,142,2024-02-09,28943
22978,239,9,IN,395,2024-08-31,
22979,54,18,IN,464,2024-12-31,
22980,2,31,IN,84,2024-06-22,
22981,147,28,OUT,237,2023-04-15,26578
22982,346,11,OUT,259,2023-05-03,12641
22983,33,33,OUT,420,2023-05-15,16307
22984,270,25,OUT,56,2023-09-24,15716
22985,119,27,IN,358,2023-08-03,
22986,294,30,IN,494,2024-07-24,
22987,142,5,OUT,197,2024-05-11,1082
22988,122,23,OUT,70,2024-08-06,29225
22989,238,8,OUT,470,2023-05-28,11796
22990,110,13,OUT,63,2023-04-01,4154
22991,80,7,IN,96,2024-12-09,
22992,216,31,IN,357,2023-09-17,
22993,269,26,IN,344,2023-12-19,
22994,46,4,IN,217,2023-12-06,
22995,208,19,OUT,471,2024-02-16,28442
22996,109,26,OUT,237,2024-08-30,18613
22997,268,17,OUT,368,2023-10-09,6461
22998,5,11,OUT,124,2023-09-02,941
22999,197,25,OUT,288,2023-06-13,29350
23000,348,33,IN,429,2023-09-06,
23001,193,5,IN,204,2023-08-13,
23002,322,30,IN,165,2024-05-15,
23003,83,6,OUT,282,2024-07-03,13583
23004,135,21,OUT,386,2023-12-24,22384
23005,281,33,OUT,147,2024-10-15,28108
23006,131,30,OUT,28,2024-03-28,5103
23007,255,10,OUT,161,2023-02-23,370
23008,350,35,IN,480,2023-08-04,
23009,278,6,OUT,150,2024-06-29,8701
23010,343,25,IN,163,2024-09-24,
23011,141,5,OUT,372,2023-09-08,8125
23012,70,29,IN,187,2024-07-12,
23013,209,14,OUT,394,2024-12-16,11929
23014,178,24,OUT,294,2024-03-11,5105
23015,232,34,OUT,1,2024-01-28,17313
23016,160,23,IN,123,2024-05-20,
23017,214,17,IN,155,2024-07-30,
23018,264,33,OUT,254,2024-02-07,5011
23019,122,5,IN,82,2023-12-29,
23020,289,14,OUT,17,2024-12-05,4643
23021,79,13,OUT,14,2023-04-29,11909
23022,158,17,OUT,498,2024-05-28,10374
23023,327,4,OUT,459,2023-01-07,2132
23024,241,17,IN,248,2024-01-03,
23025,43,34,IN,465,2024-11-23,
23026,176,15,OUT,58,2024-12-26,1387
23027,319,25,OUT,353,2023-06-20,29311
23028,5,10,IN,116,2024-06-05,
23029,340,33,IN,342,2024-10-23,
23030,21,3,IN,271,2023-09-13,
23031,90,25,OUT,47,2023-06-27,11443
23032,77,32,OUT,275,2024-06-03,19236
23033,240,24,OUT,494,2023-07-20,5708
23034,351,11,IN,337,2024-06-24,
23035,153,12,IN,465,2024-02-20,
23036,312,29,OUT,175,2023-12-29,19537
23037,46,23,IN,147,2023-07-06,
23038,134,20,IN,2,2023-05-26,
23039,299,20,IN,407,2024-05-26,
23040,171,33,OUT,19,2024-09-12,18954
23041,325,31,OUT,380,2024-02-04,3756
23042,295,9,IN,414,2023-01-31,
23043,212,8,OUT,149,2023-03-14,2945
23044,234,28,IN,435,2024-11-20,
23045,8888,888,IN,0,2023-08-18,
23046,94,30,OUT,93,2024-04-04,10131
23047,213,18,IN,355,2024-02-02,
23048,229,24,OUT,114,2024-07-27,12296
23049,223,5,OUT,383,2024-08-09,20533
23050,214,26,IN,99,2023-08-27,
23051,49,16,IN,370,2023-05-21,
23052,348,31,IN,45,2023-09-08,
23053,214,9,OUT,370,2023-03-22,28457
23054,289,7,IN,410,2024-08-21,
23055,92,1,IN,328,2023-11-03,
23056,168,11,OUT,153,2024-03-20,16533
23057,134,7,IN,48,2023-06-21,
23058,167,19,IN,108,2024-03-01,
23059,199,7,IN,401,2024-03-29,
23060,168,16,IN,121,2024-06-23,
23061,79,20,OUT,189,2024-01-20,11399
23062,64,5,OUT,57,2023-01-02,25218
23063,306,12,OUT,353,2023-06-27,20773
23064,8,14,IN,0,2024-03-23,
23065,36,26,IN,287,2023-05-16,
23066,74,4,IN,35,2024-01-04,
23067,11,11,IN,60,2023-09-26,
23068,31,25,OUT,223,2023-04-22,29406
23069,2,13,OUT,478,2023-11-24,14511
23070,100,19,OUT,382,2023-10-19,2838
23071,133,26,IN,397,2023-02-20,
23072,126,34,IN,250,2024-10-15,
23073,276,13,OUT,336,2024-09-13,28524
23074,250,18,IN,18,2023-03-12,
23075,194,11,OUT,132,2024-02-11,897
23076,83,15,OUT,61,2023-08-16,456
23077,60,22,IN,61,2023-03-16,
23078,277,10,OUT,25,2024-10-29,28686
23079,224,14,OUT,435,2023-06-07,21133
23080,215,20,IN,482,2023-11-20,
23081,55,30,IN,110,2023-09-24,
23082,47,34,OUT,425,2023-01-13,20772
23083,200,28,IN,154,2024-01-02,
23084,142,17,OUT,319,2023-04-15,25591
23085,34,17,IN,470,2024-06-06,
23086,188,7,IN,81,2024-03-28,
23087,8888,888,IN,0,2023-01-25,
23088,98,35,OUT,474,2023-08-21,22769
23089,276,22,IN,39,2023-07-05,
23090,187,28,IN,284,2023-11-01,
23091,242,16,IN,146,2024-12-03,
23092,128,20,OUT,181,2023-07-31,11986
23093,38,34,OUT,464,2024-11-09,5026
23094,194,35,OUT,74,2024-08-15,10232
23095,241,1,OUT,94,2024-12-10,3811
23096,1,14,OUT,468,2023-05-01,27980
23097,10,33,OUT,91,2024-09-11,6229
23098,350,11,OUT,390,2023-08-02,23013
23099,204,20,IN,220,2024-01-22,
23100,82,21,OUT,466,2023-07-15,23848
23101,145,16,OUT,347,2024-02-06,19506
23102,40,3,IN,320,2023-03-02,
23103,121,4,IN,14,2023-04-05,
23104,51,29,OUT,159,2023-06-25,10988
23105,301,16,OUT,109,2023-04-10,1173
23106,156,11,OUT,162,2023-10-03,16281
23107,85,8,OUT,333,2024-04-06,3248
23108,51,26,OUT,190,2024-02-20,17474
23109,215,14,IN,147,2023-06-14,
23110,335,14,OUT,150,2023-03-06,8911
23111,304,34,IN,474,2024-10-28,
23112,65,1,IN,18,2024-09-24,
23113,237,22,OUT,386,2023-03-06,27218
23114,230,27,IN,366,2023-06-28,
23115,206,33,OUT,170,2024-07-27,19766
23116,180,13,IN,195,2024-01-03,
23117,342,4,IN,66,2024-02-17,
23118,23,27,OUT,116,2023-05-21,29896
23119,214,19,IN,290,2023-04-03,
23120,10,34,OUT,438,2023-03-04,28404
23121,107,20,OUT,290,2024-04-09,7701
23122,8888,888,OUT,0,2024-11-08,888888
23123,30,12,OUT,23,2024-03-22,13361
23124,263,18,IN,442,2024-03-25,
23125,94,9,OUT,116,2024-01-15,27744
23126,82,29,OUT,175,2024-12-19,10723
23127,263,6,OUT,136,2023-08-24,8554
23128,150,12,OUT,322,2024-12-15,1087
23129,80,23,OUT,285,2023-11-14,16374
23130,19,7,OUT,162,2023-02-12,20910
23131,216,17,IN,234,2023-07-01,
23132,322,13,IN,425,2024-12-07,
23133,133,6,IN,138,2023-10-16,
23134,322,3,IN,41,2024-10-16,
23135,300,27,OUT,389,2023-10-21,12224
23136,157,25,OUT,88,2023-05-25,14387
23137,191,25,IN,338,2023-02-11,
23138,298,21,IN,438,2024-02-17,
23139,226,21,OUT,310,2023-09-21,7819
23140,317,31,OUT,167,2023-06-01,3759
23141,219,1,OUT,248,2024-07-12,12776
23142,88,3,OUT,59,2024-11-17,13151
23143,52,14,IN,418,2023-02-01,
23144,342,16,OUT,419,2024-10-16,415
23145,159,17,OUT,282,2024-08-08,24941
23146,235,35,OUT,437,2024-05-08,28816
23147,266,29,OUT,336,2024-11-24,26814
23148,100,12,IN,232,2023-12-23,
23149,228,25,OUT,165,2024-03-25,17058
23150,235,2,IN,345,2024-11-08,
23151,296,22,OUT,57,2024-08-29,9603
23152,152,2,OUT,7,2023-07-12,25819
23153,243,20,IN,438,2023-01-22,
23154,244,28,IN,173,2024-10-08,
23155,71,7,OUT,465,2023-05-14,25132
23156,182,5,OUT,111,2023-01-29,14260
23157,10,6,IN,202,2023-01-25,
23158,311,29,OUT,487,2023-10-02,28959
23159,200,11,IN,399,2023-07-14,
23160,32,25,OUT,262,2023-11-10,10685
23161,186,33,OUT,316,2023-05-02,29648
23162,259,10,IN,120,2023-01-06,
23163,4,17,IN,189,2023-08-05,
23164,32,19,OUT,491,2024-04-15,27417
23165,122,8,OUT,471,2023-01-16,8922
23166,217,5,OUT,276,2023-04-14,15555
23167,151,7,IN,306,2023-04-27,
23168,114,7,OUT,128,2024-01-27,4638
23169,79,29,IN,281,2023-12-10,
23170,31,17,OUT,249,2024-08-03,15450
23171,58,30,OUT,68,2024-06-22,15247
23172,223,10,IN,69,2024-07-16,
23173,87,13,OUT,189,2023-04-28,27608
23174,160,3,IN,33,2024-01-22,
23175,167,24,IN,314,2024-01-11,
23176,263,26,OUT,6,2024-07-12,25047
23177,246,12,IN,394,2024-03-16,
23178,211,15,OUT,275,2023-05-24,27228
23179,121,17,IN,180,2024-06-30,
23180,92,11,OUT,336,2023-03-21,8661
23181,317,21,OUT,91,2024-03-25,29394
23182,100,1,OUT,285,2024-08-18,10769
23183,323,30,IN,225,2023-09-16,
23184,96,1,OUT,47,2023-08-10,11427
23185,132,17,OUT,366,2024-07-15,11251
23186,15,11,OUT,136,2024-07-01,27545
23187,289,26,OUT,362,2024-07-03,10147
23188,288,4,IN,495,2024-06-04,
23189,108,19,OUT,258,2023-11-09,23745
23190,324,26,OUT,90,2023-09-25,12611
23191,57,3,IN,331,2023-12-28,
23192,225,17,OUT,51,2024-01-31,19957
23193,60,13,IN,407,2024-04-27,
23194,198,13,IN,293,2023-12-23,
23195,325,21,OUT,315,2023-09-05,5082
23196,321,17,OUT,409,2023-11-21,21181
23197,119,11,IN,109,2023-05-07,
23198,8888,888,OUT,0,2023-10-16,888888
23199,113,24,OUT,168,2023-01-20,7470
23200,8888,888,OUT,0,2023-08-31,888888
23201,189,30,IN,489,2023-06-19,
23202,13,29,OUT,307,2023-12-09,11632
23203,60,28,OUT,143,2024-06-27,16738
23204,8888,888,OUT,0,2023-05-31,888888
23205,287,6,IN,276,2023-04-02,
23206,211,6,OUT,113,2024-06-10,11077
23207,284,12,OUT,379,2023-01-13,7447
23208,213,11,OUT,97,2023-02-14,13779
23209,250,34,OUT,495,2024-04-05,19415
23210,282,9,IN,108,2023-12-03,
23211,154,5,OUT,247,2023-11-27,17045
23212,274,15,OUT,458,2023-08-02,28896
23213,74,26,IN,4,2023-10-22,
23214,253,29,IN,0,2023-07-29,
23215,90,20,IN,456,2023-09-14,
23216,266,8,IN,98,2024-08-19,
23217,296,31,OUT,91,2024-11-08,27931
23218,196,17,OUT,400,2023-05-06,24284
23219,181,20,OUT,118,2023-04-14,27374
23220,77,14,OUT,39,2023-07-30,1838
23221,138,13,IN,224,2023-08-23,
23222,4,11,IN,452,2024-09-08,
23223,59,15,OUT,123,2023-11-19,1494
23224,244,15,IN,0,2024-12-22,
23225,254,5,OUT,332,2024-07-27,13734
23226,67,32,IN,181,2024-04-30,
23227,121,20,OUT,116,2023-09-19,22523
23228,171,17,OUT,220,2024-06-08,8169
23229,238,26,IN,491,2023-01-10,
23230,321,7,OUT,466,2023-06-11,12670
23231,171,26,OUT,178,2023-06-21,23215
23232,74,20,IN,283,2023-07-28,
23233,117,30,OUT,404,2023-05-14,10384
23234,115,33,IN,0,2023-09-06,
23235,253,6,OUT,158,2023-06-30,22368
23236,4,8,OUT,408,2024-08-30,962
23237,267,29,IN,412,2023-10-30,
23238,111,15,OUT,170,2024-07-07,4125
23239,181,10,OUT,396,2024-12-22,2381
23240,297,1,IN,220,2023-12-08,
23241,262,34,IN,126,2024-12-17,
23242,217,31,OUT,19,2024-10-21,17071
23243,201,3,OUT,51,2023-05-26,11930
23244,240,6,OUT,453,2024-05-12,12577
23245,177,10,OUT,68,2023-09-08,28199
23246,167,20,OUT,0,2023-07-25,12877
23247,296,25,OUT,409,2024-07-27,12438
23248,2,35,IN,327,2023-12-13,
23249,347,33,OUT,39,2024-10-29,2879
23250,324,22,OUT,85,2023-10-22,9975
23251,157,35,OUT,224,2024-10-25,27924
23252,212,33,OUT,432,2024-09-04,8457
23253,179,16,OUT,449,2024-02-12,3700
23254,321,27,OUT,228,2024-09-29,10962
23255,240,32,OUT,274,2024-12-27,28659
23256,101,29,OUT,26,2023-01-16,11207
23257,55,6,IN,473,2023-03-19,
23258,209,34,IN,65,2024-02-09,
23259,125,18,IN,105,2024-01-24,
23260,357,35,OUT,284,2024-04-08,5628
23261,145,23,OUT,391,2023-09-21,20846
23262,23,31,OUT,308,2024-12-09,6792
23263,16,1,OUT,143,2023-06-10,281
23264,194,25,IN,11,2023-09-04,
23265,20,35,IN,410,2024-03-20,
23266,76,6,IN,490,2023-02-12,
23267,342,5,OUT,58,2024-06-12,17481
23268,148,2,OUT,133,2023-11-10,752
23269,20,2,OUT,162,2023-02-15,19603
23270,253,19,OUT,488,2023-07-17,11482
23271,65,13,OUT,406,2024-05-21,19427
23272,130,25,OUT,428,2024-04-03,14390
23273,121,1,OUT,186,2024-11-08,20218
23274,168,4,OUT,467,2024-07-26,16766
23275,249,3,OUT,430,2024-01-14,15374
23276,308,28,IN,263,2024-11-01,
23277,221,24,OUT,29,2023-12-03,3956
23278,187,26,IN,181,2024-10-25,
23279,220,18,IN,33,2023-03-14,
23280,137,20,IN,443,2024-06-29,
23281,179,12,OUT,59,2023-02-05,5531
23282,154,3,OUT,240,2023-10-06,15587
23283,204,13,OUT,240,2024-06-11,15523
23284,141,27,OUT,282,2024-01-17,14587
23285,76,22,OUT,122,2023-06-10,25816
23286,122,18,IN,154,2023-10-28,
23287,304,20,OUT,254,2023-01-23,8271
23288,249,27,OUT,47,2023-12-30,8878
23289,38,34,OUT,382,2024-02-26,13799
23290,92,29,IN,162,2024-10-07,
23291,286,32,OUT,238,2023-02-14,17741
23292,15,19,IN,216,2023-06-26,
23293,102,21,IN,8,2023-05-31,
23294,146,2,IN,349,2024-08-22,
23295,39,22,OUT,412,2023-09-10,20102
23296,186,20,IN,383,2024-08-27,
23297,310,1,OUT,90,2024-08-07,12094
23298,132,13,OUT,114,2024-01-23,28079
23299,332,34,OUT,209,2024-11-22,20402
23300,27,6,OUT,434,2023-10-31,428
23301,108,27,OUT,232,2024-05-03,12772
23302,229,15,OUT,146,2023-03-24,15702
23303,107,33,OUT,180,2023-09-24,12018
23304,261,12,IN,41,2024-03-21,
23305,261,32,OUT,113,2024-08-23,6620
23306,22,35,IN,64,2023-04-09,
23307,232,20,OUT,0,2024-01-04,21157
23308,359,17,IN,199,2024-03-26,
23309,25,21,OUT,436,2023-12-06,24660
23310,158,33,IN,278,2023-09-30,
23311,303,11,OUT,91,2023-10-15,20018
23312,227,18,OUT,480,2024-06-28,23446
23313,142,2,OUT,289,2024-10-04,25154
23314,69,35,OUT,300,2023-08-06,9844
23315,252,3,OUT,258,2024-10-08,11538
23316,47,21,IN,401,2024-12-29,
23317,351,12,OUT,349,2024-04-24,6741
23318,28,6,OUT,462,2024-12-01,12177
23319,54,33,OUT,207,2024-06-11,11499
23320,265,26,OUT,249,2023-08-23,15377
23321,77,18,IN,176,2023-05-27,
23322,208,31,IN,405,2024-09-26,
23323,163,17,OUT,221,2024-03-14,5944
23324,189,19,IN,112,2024-01-05,
23325,7,10,OUT,187,2024-11-23,6641
23326,274,1,IN,28,2023-01-12,
23327,85,13,IN,338,2023-10-08,
23328,22,9,OUT,449,2023-01-17,572
23329,348,5,OUT,113,2023-03-29,25485
23330,266,11,OUT,387,2023-01-05,19096
23331,17,29,OUT,180,2024-10-22,24850
23332,191,8,IN,448,2023-03-17,
23333,180,8,OUT,133,2024-07-12,23005
23334,70,34,OUT,241,2024-10-01,23904
23335,245,20,IN,431,2024-10-26,
23336,227,26,OUT,76,2023-01-28,21385
23337,25,5,OUT,55,2024-09-03,3218
23338,79,35,OUT,204,2024-11-16,23498
23339,61,26,OUT,177,2023-11-27,21641
23340,38,19,OUT,406,2023-03-14,11687
23341,36,32,IN,257,2023-09-19,
23342,181,33,OUT,361,2023-05-28,7227
23343,154,10,IN,366,2023-08-29,
23344,124,12,OUT,140,2024-09-26,15142
23345,297,19,IN,255,2024-07-28,
23346,272,15,OUT,116,2024-06-01,1851
23347,105,35,OUT,231,2023-02-03,13747
23348,100,28,OUT,188,2024-05-24,4407
23349,39,22,IN,205,2024-01-17,
23350,338,27,OUT,94,2024-05-19,21382
23351,95,7,OUT,259,2024-10-20,17251
23352,149,21,IN,155,2024-01-08,
23353,311,24,OUT,470,2024-10-28,9786
23354,310,6,IN,88,2024-01-15,
23355,127,23,IN,95,2024-11-12,
23356,65,2,OUT,277,2024-10-16,25749
23357,50,34,IN,302,2024-10-01,
23358,54,5,IN,476,2024-11-28,
23359,150,27,IN,386,2024-05-18,
23360,336,6,IN,474,2024-10-02,
23361,215,2,IN,363,2023-09-15,
23362,42,5,OUT,358,2024-02-23,12101
23363,204,7,OUT,167,2024-09-26,5491
23364,190,6,OUT,382,2023-05-01,8514
23365,212,17,OUT,420,2023-03-27,23606
23366,283,24,IN,16,2023-04-06,
23367,304,5,OUT,401,2023-05-16,14732
23368,101,7,OUT,285,2024-03-03,28837
23369,9,29,OUT,57,2023-11-29,15023
23370,96,15,IN,291,2024-05-05,
23371,99,15,IN,324,2023-02-21,
23372,188,25,OUT,23,2023-06-26,24547
23373,229,32,IN,41,2023-02-22,
23374,106,19,OUT,165,2024-04-13,22429
23375,175,27,IN,383,2024-04-06,
23376,107,17,OUT,134,2024-11-09,22197
23377,136,31,OUT,495,2023-10-14,26024
23378,141,31,IN,261,2023-03-13,
23379,116,14,OUT,360,2023-07-14,24480
23380,150,5,OUT,8,2024-08-22,7614
23381,333,19,IN,53,2024-10-12,
23382,107,19,IN,20,2023-03-19,
23383,135,5,IN,373,2024-12-27,
23384,230,18,IN,19,2024-09-12,
23385,286,24,OUT,467,2024-06-05,5796
23386,131,23,OUT,437,2023-01-09,8292
23387,51,31,IN,463,2024-11-28,
23388,118,34,OUT,218,2024-02-20,2983
23389,169,28,IN,340,2023-06-28,
23390,256,10,IN,250,2023-08-09,
23391,325,15,IN,485,2024-05-13,
23392,54,10,IN,267,2024-06-01,
23393,69,31,IN,427,2023-10-22,
23394,70,8,OUT,313,2023-02-09,22829
23395,186,29,OUT,103,2023-02-07,3759
23396,166,5,OUT,430,2024-06-05,21038
23397,241,14,OUT,341,2023-03-24,5289
23398,164,20,OUT,346,2023-03-24,1537
23399,175,25,OUT,498,2024-01-17,11733
23400,105,18,OUT,235,2024-07-16,24382
23401,70,33,OUT,407,2024-12-10,8276
23402,273,9,IN,150,2024-11-13,
23403,61,30,IN,179,2024-02-22,
23404,141,14,IN,202,2023-06-08,
23405,214,13,OUT,164,2023-08-20,26337
23406,189,20,IN,149,2023-12-08,
23407,253,8,OUT,263,2024-09-29,2241
23408,133,34,OUT,480,2023-08-02,25957
23409,358,20,OUT,319,2024-02-18,8541
23410,312,23,OUT,97,2024-06-14,24118
23411,100,18,OUT,346,2023-03-02,2877
23412,297,14,OUT,205,2024-09-22,15252
23413,323,7,OUT,496,2023-11-20,19796
23414,308,22,OUT,76,2024-09-09,18387
23415,23,3,OUT,438,2023-04-09,9675
23416,37,30,OUT,263,2023-07-03,17278
23417,145,32,OUT,432,2023-01-14,2184
23418,80,10,OUT,45,2024-01-10,6905
23419,234,10,IN,237,2024-05-20,
23420,23,4,IN,329,2023-04-14,
23421,43,12,OUT,301,2023-11-18,7680
23422,65,3,IN,439,2023-08-29,
23423,306,34,IN,237,2023-01-01,
23424,215,31,OUT,94,2024-10-08,13960
23425,179,13,IN,495,2023-08-14,
23426,208,35,OUT,0,2024-04-12,26762
23427,197,11,OUT,300,2023-11-08,18860
23428,204,1,OUT,94,2023-05-07,7153
23429,351,21,IN,0,2024-06-21,
23430,131,19,IN,29,2023-12-31,
23431,162,31,OUT,38,2024-11-16,24239
23432,55,32,OUT,163,2024-11-17,24216
23433,268,6,OUT,232,2023-04-09,16642
23434,185,3,IN,18,2023-05-17,
23435,78,3,OUT,472,2023-11-12,28316
23436,129,15,OUT,288,2023-12-11,21578
23437,141,34,IN,282,2023-10-08,
23438,334,29,IN,242,2023-01-09,
23439,202,25,OUT,409,2023-10-31,27435
23440,106,10,IN,202,2023-01-13,
23441,60,30,OUT,212,2024-04-20,24354
23442,86,4,IN,6,2024-02-02,
23443,330,32,OUT,156,2024-08-16,15786
23444,201,34,OUT,426,2024-09-25,29342
23445,317,34,OUT,368,2024-01-03,20136
23446,249,13,IN,499,2024-08-22,
23447,310,8,IN,299,2024-01-28,
23448,66,32,IN,192,2023-02-02,
23449,358,32,OUT,455,2024-06-22,21407
23450,158,11,IN,41,2023-07-06,
23451,145,33,IN,154,2023-07-20,
23452,110,18,OUT,299,2023-12-22,1127
23453,211,10,OUT,453,2023-08-14,2392
23454,265,15,OUT,461,2023-10-09,821
23455,127,18,IN,61,2023-06-12,
23456,350,22,IN,475,2023-05-02,
23457,260,22,IN,379,2023-03-29,
23458,324,5,OUT,449,2023-10-02,12677
23459,55,2,IN,468,2023-06-26,
23460,17,35,OUT,263,2024-10-04,14725
23461,162,15,OUT,35,2023-01-24,18820
23462,199,12,OUT,392,2024-05-19,509
23463,133,32,OUT,235,2023-07-08,26386
23464,267,15,IN,41,2024-11-27,
23465,324,34,IN,22,2024-10-18,
23466,187,2,IN,489,2024-02-27,
23467,8888,888,OUT,0,2023-08-11,888888
23468,142,27,OUT,155,2023-12-01,14446
23469,57,32,OUT,360,2024-04-17,11723
23470,288,14,OUT,96,2024-12-05,3570
23471,134,20,IN,488,2024-01-03,
23472,214,1,IN,475,2023-04-12,
23473,8888,888,IN,0,2024-04-28,
23474,31,18,IN,310,2024-12-14,
23475,198,23,OUT,234,2024-07-29,19709
23476,50,16,IN,458,2024-09-23,
23477,354,32,OUT,430,2024-02-10,26323
23478,134,5,IN,376,2024-10-09,
23479,183,12,IN,299,2023-12-03,
23480,160,15,IN,292,2023-10-17,
23481,346,28,IN,474,2023-04-22,
23482,331,31,OUT,365,2024-03-16,25338
23483,360,17,OUT,498,2024-09-03,9506
23484,151,20,OUT,246,2024-09-25,24504
23485,281,12,OUT,85,2024-11-28,10989
23486,15,30,IN,303,2023-09-01,
23487,278,29,IN,323,2023-11-04,
23488,15,7,OUT,440,2023-06-16,7586
23489,292,10,IN,130,2023-07-31,
23490,354,12,OUT,140,2023-02-22,6800
23491,233,6,OUT,184,2024-01-14,1420
23492,1,32,OUT,284,2023-09-04,22093
23493,10,22,OUT,156,2024-03-02,26691
23494,176,6,IN,82,2024-07-22,
23495,61,33,OUT,110,2024-08-14,14107
23496,285,16,IN,389,2024-01-26,
23497,23,13,IN,100,2023-04-13,
23498,198,32,OUT,386,2024-12-28,8060
23499,182,10,IN,89,2024-10-20,
23500,332,21,IN,438,2023-08-31,
23501,276,34,OUT,279,2024-11-06,11935
23502,24,34,OUT,388,2023-06-09,16531
23503,139,1,OUT,252,2023-11-06,27856
23504,3,4,IN,149,2023-02-16,
23505,23,10,IN,256,2023-06-10,
23506,120,8,OUT,338,2023-08-12,27775
23507,17,5,IN,308,2023-11-28,
23508,264,17,OUT,403,2023-06-07,18476
23509,284,27,IN,497,2024-12-18,
23510,288,19,IN,236,2023-04-21,
23511,232,8,OUT,277,2024-10-10,8532
23512,61,32,IN,414,2023-03-27,
23513,336,23,IN,165,2023-08-28,
23514,8888,888,OUT,0,2024-09-04,888888
23515,227,9,OUT,442,2023-02-17,8097
23516,263,5,IN,433,2024-06-13,
23517,176,7,OUT,89,2023-02-08,11277
23518,58,1,OUT,64,2024-03-27,4234
23519,223,2,OUT,418,2023-04-19,11925
23520,71,10,IN,427,2024-01-10,
23521,62,8,IN,471,2024-04-15,
23522,204,9,OUT,311,2023-02-19,1182
23523,2,9,OUT,191,2024-09-19,11084
23524,30,23,OUT,230,2023-01-24,15429
23525,56,13,OUT,101,2023-09-12,17490
23526,326,10,IN,109,2023-07-13,
23527,13,32,OUT,235,2024-02-29,17609
23528,241,3,OUT,345,2024-12-01,23620
23529,248,6,IN,446,2023-04-28,
23530,345,26,OUT,151,2024-02-07,10642
23531,207,5,OUT,344,2023-09-05,9294
23532,207,17,IN,272,2024-04-01,
23533,160,18,IN,280,2024-01-15,
23534,164,6,IN,210,2024-04-12,
23535,178,21,IN,421,2023-05-15,
23536,88,23,OUT,162,2023-12-31,6999
23537,64,31,IN,447,2024-05-09,
23538,338,17,IN,308,2024-11-22,
23539,331,17,IN,9,2024-08-22,
23540,240,32,OUT,417,2023-06-19,28854
23541,2,27,IN,372,2023-11-18,
23542,21,12,OUT,210,2023-01-22,17773
23543,255,25,OUT,428,2023-12-31,23714
23544,298,12,IN,182,2024-07-23,
23545,79,28,OUT,294,2024-09-29,24656
23546,48,24,OUT,418,2023-04-29,26383
23547,192,18,IN,80,2024-02-19,
23548,72,17,IN,249,2024-02-01,
23549,354,13,OUT,69,2024-04-20,21118
23550,36,35,IN,219,2024-05-03,
23551,331,33,OUT,405,2023-07-24,19146
23552,166,17,IN,88,2023-10-09,
23553,230,16,OUT,28,2023-06-07,11990
23554,167,23,IN,481,2024-05-16,
23555,143,24,IN,40,2024-05-10,
23556,5,33,IN,98,2024-06-03,
23557,256,3,IN,248,2024-12-10,
23558,187,13,OUT,140,2023-09-02,9796
23559,56,32,IN,58,2024-07-17,
23560,91,11,OUT,209,2023-06-12,8609
23561,221,32,OUT,321,2024-02-05,4621
23562,196,12,OUT,392,2024-07-18,24849
23563,36,24,IN,270,2024-12-11,
23564,113,27,IN,394,2023-12-26,
23565,151,21,IN,88,2023-03-18,
23566,205,27,OUT,291,2023-07-08,21181
23567,136,18,OUT,477,2024-09-15,6305
23568,8888,888,OUT,0,2024-08-02,888888
23569,139,28,IN,265,2024-03-31,
23570,284,6,IN,291,2024-03-23,
23571,341,17,IN,111,2023-10-02,
23572,278,9,OUT,382,2024-03-07,9570
23573,196,17,OUT,183,2024-06-19,19786
23574,123,1,IN,139,2023-08-25,
23575,146,12,OUT,391,2024-11-09,11742
23576,216,6,IN,434,2024-02-29,
23577,207,16,OUT,172,2024-10-29,21689
23578,66,6,IN,234,2024-02-07,
23579,100,30,IN,231,2023-10-23,
23580,160,19,IN,189,2023-12-22,
23581,189,4,OUT,182,2023-08-22,23540
23582,204,24,OUT,497,2023-10-01,13366
23583,46,24,IN,411,2024-07-24,
23584,217,33,OUT,207,2024-01-18,19711
23585,308,15,IN,204,2023-09-26,
23586,25,30,IN,227,2024-04-23,
23587,233,34,OUT,484,2023-09-08,29556
23588,255,32,OUT,95,2023-06-19,11742
23589,22,3,OUT,252,2024-10-24,4528
23590,333,12,IN,389,2024-05-06,
23591,337,25,IN,207,2023-03-02,
23592,235,25,IN,80,2023-08-29,
23593,115,24,OUT,406,2023-09-09,18386
23594,294,13,IN,482,2024-11-06,
23595,192,32,OUT,221,2023-03-24,5797
23596,53,22,OUT,200,2024-05-12,15619
23597,283,24,OUT,103,2024-04-04,21947
23598,30,29,OUT,125,2023-11-06,6552
23599,254,31,OUT,347,2023-12-03,6839
23600,193,33,OUT,479,2024-05-18,1873
23601,143,13,OUT,461,2023-07-27,17506
23602,240,9,OUT,53,2023-12-20,10889
23603,111,29,OUT,429,2023-02-22,25717
23604,238,5,IN,339,2023-05-17,
23605,255,14,OUT,316,2023-12-04,21006
23606,30,26,OUT,361,2023-08-06,11044
23607,31,35,IN,58,2024-07-23,
23608,126,22,IN,391,2024-07-28,
23609,148,23,OUT,79,2024-04-01,29111
23610,92,15,IN,472,2024-10-11,
23611,64,24,OUT,118,2024-06-28,9474
23612,176,11,OUT,224,2024-06-27,12237
23613,235,10,IN,239,2023-10-30,
23614,214,7,OUT,435,2024-02-22,6791
23615,66,6,OUT,367,2024-11-11,21605
23616,150,22,IN,326,2023-09-13,
23617,216,27,OUT,8,2024-12-05,4916
23618,2,35,OUT,395,2024-08-06,9362
23619,105,9,OUT,384,2024-06-10,4119
23620,311,9,IN,53,2023-07-16,
23621,157,10,OUT,54,2024-05-06,26362
23622,57,8,IN,202,2023-08-20,
23623,123,4,OUT,335,2024-12-02,8399
23624,4,7,OUT,415,2024-05-26,19464
23625,355,30,IN,289,2023-05-07,
23626,65,21,IN,173,2023-08-14,
23627,51,4,OUT,134,2023-11-18,10061
23628,162,27,IN,110,2023-07-17,
23629,166,35,IN,156,2024-07-28,
23630,137,3,OUT,471,2024-05-11,6158
23631,208,35,IN,416,2024-12-15,
23632,8888,888,OUT,0,2023-04-25,888888
23633,352,17,OUT,151,2023-04-27,6941
23634,74,1,IN,11,2023-05-07,
23635,39,17,OUT,230,2023-12-06,11861
23636,145,18,IN,324,2024-02-20,
23637,68,30,OUT,302,2024-06-14,12411
23638,37,11,IN,105,2024-10-23,
23639,100,23,IN,294,2023-02-22,
23640,110,24,OUT,403,2024-05-22,21922
23641,296,35,IN,40,2024-07-02,
23642,57,29,IN,453,2024-06-20,
23643,120,7,IN,186,2023-09-30,
23644,300,17,IN,6,2023-07-13,
23645,8888,888,OUT,0,2024-08-29,888888
23646,94,30,OUT,44,2024-05-15,2583
23647,118,8,OUT,188,2023-04-02,8973
23648,234,12,OUT,212,2024-06-18,19581
23649,26,6,IN,69,2024-06-03,
23650,336,13,IN,80,2023-10-24,
23651,231,7,IN,490,2024-07-05,
23652,191,19,OUT,89,2023-01-17,23395
23653,110,33,IN,370,2023-04-09,
23654,75,9,OUT,26,2024-11-22,27411
23655,104,35,IN,432,2024-03-14,
23656,317,32,IN,236,2024-07-03,
23657,275,26,OUT,264,2023-05-04,22603
23658,151,13,OUT,115,2024-02-11,26694
23659,204,6,IN,490,2024-07-25,
23660,111,5,IN,181,2023-05-27,
23661,95,17,IN,431,2024-10-06,
23662,340,27,OUT,91,2024-08-09,13145
23663,120,13,OUT,258,2024-09-12,9026
23664,134,23,OUT,73,2024-05-07,8511
23665,327,19,OUT,427,2024-07-16,26365
23666,239,19,OUT,337,2023-03-09,21334
23667,293,10,IN,18,2024-10-21,
23668,259,7,IN,149,2023-11-13,
23669,334,22,OUT,410,2024-10-30,7207
23670,341,27,IN,225,2024-12-12,
23671,196,3,IN,487,2023-04-27,
23672,239,18,IN,451,2024-11-26,
23673,356,22,OUT,228,2023-01-24,1165
23674,10,11,IN,189,2023-12-18,
23675,125,25,IN,462,2024-09-27,
23676,181,14,OUT,382,2024-09-12,7804
23677,212,20,OUT,281,2023-06-11,8008
23678,329,14,OUT,470,2024-04-12,4706
23679,67,20,IN,292,2023-07-21,
23680,219,26,OUT,388,2024-07-02,13949
23681,253,26,IN,88,2024-05-01,
23682,65,24,OUT,274,2023-07-20,1542
23683,104,25,IN,279,2023-12-31,
23684,348,34,OUT,446,2023-03-19,14098
23685,169,33,IN,454,2024-06-22,
23686,238,5,OUT,458,2023-06-06,23724
23687,53,9,IN,259,2024-09-27,
23688,49,10,IN,226,2024-10-23,
23689,98,27,IN,472,2024-04-08,
23690,251,31,IN,398,2023-08-20,
23691,25,2,OUT,54,2024-01-29,23705
23692,255,27,IN,378,2023-09-15,
23693,185,29,OUT,46,2024-05-26,10712
23694,154,32,OUT,298,2024-08-22,13701
23695,30,5,OUT,139,2024-09-10,24580
23696,51,5,OUT,313,2024-06-18,16030
23697,75,9,OUT,252,2023-04-02,14645
23698,7,12,OUT,478,2024-03-15,6640
23699,344,34,IN,145,2024-06-12,
23700,99,3,OUT,346,2023-09-05,802
23701,282,18,OUT,252,2023-01-24,9284
23702,216,8,IN,23,2024-03-25,
23703,40,24,OUT,128,2023-12-02,18117
23704,8888,888,IN,0,2023-05-29,
23705,57,32,OUT,127,2024-11-02,29042
23706,201,11,IN,500,2024-05-01,
23707,187,16,IN,373,2023-11-28,
23708,310,21,IN,421,2024-10-10,
23709,299,1,OUT,6,2023-01-19,27036
23710,194,31,OUT,50,2024-04-15,20314
23711,205,13,OUT,137,2023-06-24,5048
23712,61,3,IN,106,2023-08-19,
23713,94,19,IN,50,2023-11-23,
23714,350,35,OUT,346,2023-02-07,19643
23715,289,4,OUT,409,2024-08-28,27570
23716,187,29,IN,298,2024-09-13,
23717,8888,888,OUT,0,2023-05-23,888888
23718,281,32,IN,182,2023-03-30,
23719,217,31,OUT,119,2023-08-17,18661
23720,334,10,OUT,401,2023-06-08,6064
23721,145,29,IN,232,2024-11-11,
23722,358,9,OUT,262,2024-09-03,28066
23723,172,13,OUT,245,2024-05-12,12012
23724,169,35,OUT,28,2024-05-18,20272
23725,176,19,IN,479,2023-03-20,
23726,257,22,OUT,279,2023-11-18,4952
23727,345,28,IN,350,2024-01-11,
23728,239,3,IN,250,2023-12-11,
23729,236,35,IN,128,2023-07-29,
23730,65,1,IN,58,2023-01-24,
23731,301,13,IN,41,2023-12-28,
23732,239,11,IN,73,2023-12-04,
23733,351,13,IN,481,2024-12-19,
23734,62,24,OUT,144,2023-01-09,12626
23735,116,4,OUT,439,2024-12-19,12447
23736,216,7,IN,77,2024-01-01,
23737,355,9,IN,287,2023-02-15,
23738,5,20,OUT,147,2024-01-15,28969
23739,322,34,IN,103,2024-07-08,
23740,190,16,OUT,399,2024-06-27,27878
23741,329,32,OUT,58,2023-02-26,16674
23742,304,16,OUT,464,2023-12-05,9707
23743,188,3,OUT,375,2023-02-25,7211
23744,305,9,OUT,448,2024-01-01,15540
23745,265,28,OUT,55,2023-07-12,27607
23746,8888,888,IN,0,2024-11-04,
23747,262,8,IN,188,2023-04-30,
23748,25,21,OUT,198,2024-12-05,19593
23749,139,19,IN,314,2024-03-20,
23750,291,16,IN,420,2024-12-12,
23751,236,29,IN,225,2024-03-11,
23752,53,28,OUT,362,2024-04-03,18057
23753,207,23,OUT,173,2023-02-07,2715
23754,246,9,IN,437,2023-02-03,
23755,250,6,IN,418,2024-10-20,
23756,314,19,IN,327,2023-07-10,
23757,230,22,IN,21,2024-10-23,
23758,9,3,IN,248,2024-05-01,
23759,68,23,OUT,394,2024-02-14,20711
23760,221,34,IN,128,2023-11-18,
23761,185,35,IN,21,2024-04-15,
23762,256,30,IN,246,2023-12-01,
23763,169,34,IN,2,2023-06-01,
23764,34,10,OUT,23,2023-10-17,19788
23765,140,15,IN,51,2024-04-04,
23766,343,22,IN,142,2024-05-15,
23767,41,9,OUT,483,2024-07-20,6908
23768,148,4,OUT,420,2024-02-21,7234
23769,266,8,OUT,176,2024-04-20,22426
23770,78,6,IN,144,2023-08-16,
23771,354,2,OUT,253,2023-09-22,14459
23772,311,23,OUT,248,2023-01-12,25643
23773,281,33,OUT,157,2024-08-01,17062
23774,52,24,IN,421,2023-01-29,
23775,183,23,OUT,383,2024-12-10,13910
23776,99,26,OUT,435,2023-12-10,25242
23777,115,18,OUT,313,2024-04-08,24517
23778,121,2,OUT,214,2024-10-11,14106
23779,158,5,IN,401,2024-10-15,
23780,10,33,IN,198,2023-11-13,
23781,319,29,OUT,109,2023-09-09,17032
23782,315,10,OUT,268,2024-06-06,15312
23783,96,34,IN,193,2023-06-16,
23784,16,13,OUT,135,2024-10-14,23605
23785,255,24,IN,288,2023-08-02,
23786,12,21,OUT,88,2024-04-24,9040
23787,261,14,OUT,496,2023-08-29,28583
23788,197,35,OUT,274,2024-02-14,10208
23789,102,15,IN,247,2023-12-09,
23790,358,1,OUT,366,2024-12-08,9976
23791,61,15,OUT,462,2024-09-20,27075
23792,156,4,OUT,486,2024-07-11,107
23793,352,19,IN,31,2024-02-24,
23794,31,15,IN,220,2023-05-20,
23795,135,1,OUT,444,2024-07-18,17152
23796,106,6,IN,253,2024-01-22,
23797,356,5,IN,90,2024-11-01,
23798,97,35,IN,321,2023-02-27,
23799,8888,888,OUT,0,2023-07-23,888888
23800,346,33,IN,363,2023-01-20,
23801,268,1,OUT,186,2024-11-02,24122
23802,267,29,OUT,207,2023-04-06,18168
23803,340,12,OUT,282,2023-12-14,24226
23804,224,22,IN,293,2024-07-04,
23805,227,33,IN,486,2023-06-01,
23806,21,18,IN,433,2024-05-28,
23807,266,35,OUT,308,2023-10-30,27429
23808,135,19,OUT,478,2023-05-18,10623
23809,8888,888,OUT,0,2023-04-24,888888
23810,261,7,IN,420,2024-01-10,
23811,42,2,OUT,212,2024-12-23,23517
23812,115,29,OUT,449,2024-10-04,22557
23813,32,13,OUT,218,2024-05-13,4994
23814,267,3,OUT,37,2024-11-13,13985
23815,311,34,IN,353,2023-04-26,
23816,195,4,IN,0,2024-03-08,
23817,267,16,IN,330,2023-08-13,
23818,127,13,OUT,261,2024-06-27,8090
23819,272,5,IN,181,2024-03-31,
23820,124,28,OUT,270,2024-09-11,7827
23821,184,34,OUT,298,2023-05-02,8332
23822,353,5,OUT,49,2024-08-28,688
23823,310,14,OUT,369,2023-05-25,20547
23824,294,18,OUT,268,2023-12-24,3239
23825,232,10,OUT,390,2023-07-05,5555
23826,189,2,OUT,196,2023-05-04,22976
23827,201,35,OUT,431,2023-04-02,26188
23828,84,2,OUT,472,2023-09-22,9478
23829,347,12,IN,248,2024-03-18,
23830,215,21,OUT,470,2024-11-22,11672
23831,359,2,OUT,5,2023-09-14,24885
23832,309,2,OUT,86,2024-06-11,22983
23833,46,22,IN,372,2023-08-14,
23834,318,29,IN,117,2023-10-29,
23835,282,12,OUT,282,2024-04-11,5973
23836,128,8,OUT,476,2024-11-07,3867
23837,325,9,IN,250,2024-05-19,
23838,335,4,OUT,246,2023-09-08,14095
23839,31,11,OUT,469,2024-09-22,2300
23840,117,9,IN,454,2023-09-10,
23841,339,11,OUT,452,2024-01-20,21922
23842,245,5,OUT,220,2024-07-08,11946
23843,183,11,OUT,292,2024-06-15,1420
23844,232,10,IN,125,2023-02-07,
23845,188,18,IN,446,2024-10-17,
23846,23,22,IN,46,2023-05-15,
23847,204,21,IN,481,2023-10-16,
23848,250,7,IN,498,2024-01-23,
23849,84,6,IN,277,2024-04-15,
23850,334,27,IN,396,2024-05-31,
23851,338,21,IN,19,2024-05-11,
23852,232,20,IN,291,2023-09-11,
23853,301,10,OUT,383,2023-11-06,29391
23854,56,5,IN,158,2024-08-24,
23855,119,12,OUT,378,2024-08-14,23708
23856,147,22,OUT,331,2024-05-17,14361
23857,151,14,IN,296,2023-05-31,
23858,118,22,OUT,234,2023-07-04,7970
23859,169,31,OUT,186,2023-01-20,12151
23860,42,4,OUT,372,2023-01-14,11734
23861,95,18,IN,205,2023-05-14,
23862,312,20,IN,110,2023-04-01,
23863,254,11,OUT,223,2023-09-04,8669
23864,114,21,IN,462,2024-09-22,
23865,303,16,OUT,245,2024-05-30,27246
23866,186,30,IN,412,2024-03-09,
23867,119,23,OUT,328,2024-04-03,10590
23868,213,25,IN,244,2024-02-29,
23869,94,18,IN,17,2023-04-28,
23870,328,7,OUT,100,2024-11-23,29886
23871,63,25,OUT,300,2023-06-26,26789
23872,129,6,OUT,426,2023-07-31,10208
23873,43,33,OUT,474,2023-04-25,20214
23874,47,34,IN,319,2023-06-30,
23875,93,23,OUT,129,2023-09-19,12268
23876,21,33,IN,85,2023-08-15,
23877,331,32,OUT,91,2023-05-06,12101
23878,163,9,OUT,187,2024-06-07,8868
23879,267,35,OUT,56,2023-02-17,8400
23880,338,25,OUT,443,2024-09-21,5766
23881,257,25,OUT,71,2023-06-20,8374
23882,261,14,OUT,398,2024-09-02,4896
23883,285,29,OUT,435,2024-03-10,20177
23884,116,3,IN,237,2023-04-17,
23885,82,2,OUT,481,2023-03-21,4877
23886,302,28,OUT,440,2023-08-10,10225
23887,13,6,IN,14,2024-11-05,
23888,91,10,OUT,444,2024-03-12,11732
23889,317,10,OUT,375,2023-12-10,19703
23890,14,23,OUT,110,2024-08-30,2366
23891,281,11,IN,427,2023-09-19,
23892,313,6,OUT,416,2023-08-09,16643
23893,184,33,OUT,313,2023-06-03,10552
23894,138,31,OUT,408,2024-02-11,23370
23895,153,28,OUT,254,2024-09-11,4616
23896,52,15,IN,485,2024-03-27,
23897,59,25,OUT,14,2023-09-15,26869
23898,172,3,OUT,230,2024-12-21,22285
23899,92,26,IN,7,2024-05-17,
23900,351,20,OUT,112,2024-12-26,10986
23901,304,33,IN,436,2024-06-19,
23902,330,12,IN,186,2024-08-12,
23903,60,3,OUT,23,2024-06-08,5815
23904,322,19,IN,405,2023-12-24,
23905,277,14,IN,399,2024-12-07,
23906,50,14,OUT,95,2024-07-27,9970
23907,292,28,OUT,438,2024-05-18,6234
23908,107,8,IN,115,2023-04-19,
23909,325,1,OUT,360,2023-11-07,24049
23910,75,13,IN,234,2023-11-12,
23911,167,33,IN,395,2024-09-10,
23912,334,9,OUT,91,2023-10-22,18881
23913,300,8,IN,266,2023-01-07,
23914,65,3,IN,431,2023-06-30,
23915,275,11,OUT,75,2023-03-15,29342
23916,248,5,OUT,89,2024-05-18,13739
23917,5,7,OUT,364,2024-09-22,17046
23918,92,1,OUT,219,2024-11-16,16795
23919,68,2,IN,495,2024-09-11,
23920,100,28,IN,435,2023-02-25,
23921,146,14,OUT,380,2023-04-22,29109
23922,228,33,IN,94,2024-10-12,
23923,288,2,OUT,131,2023-09-08,7077
23924,93,20,IN,125,2023-05-09,
23925,196,23,OUT,346,2024-09-14,27365
23926,258,34,IN,482,2024-10-25,
23927,222,20,IN,205,2023-08-23,
23928,30,16,OUT,0,2024-07-17,27983
23929,39,9,OUT,319,2023-10-11,22841
23930,39,1,IN,303,2023-09-14,
23931,344,19,OUT,233,2024-08-11,2728
23932,91,6,OUT,107,2024-07-24,15649
23933,189,29,OUT,129,2024-10-29,8962
23934,163,13,IN,477,2023-04-03,
23935,67,9,IN,250,2024-08-13,
23936,256,8,IN,71,2023-02-20,
23937,11,30,OUT,135,2023-12-27,10170
23938,209,33,IN,244,2023-01-31,
23939,331,1,OUT,132,2024-03-06,11761
23940,272,14,IN,64,2024-03-03,
23941,77,21,OUT,78,2023-10-12,5352
23942,323,12,OUT,129,2023-10-23,24806
23943,276,6,OUT,52,2023-03-05,3091
23944,213,11,IN,327,2024-03-28,
23945,99,3,OUT,350,2024-09-17,16065
23946,307,7,IN,150,2023-09-03,
23947,248,34,IN,260,2023-07-19,
23948,193,12,IN,333,2024-05-11,
23949,12,21,IN,14,2024-05-31,
23950,87,12,IN,109,2024-01-23,
23951,192,9,OUT,250,2023-07-12,26180
23952,69,22,OUT,358,2024-02-12,16954
23953,186,5,OUT,168,2024-12-14,21351
23954,174,10,IN,187,2023-12-14,
23955,158,3,OUT,300,2023-11-26,22726
23956,14,33,IN,264,2024-08-07,
23957,286,20,IN,470,2024-11-26,
23958,51,18,OUT,407,2023-07-12,10172
23959,249,28,IN,225,2023-09-24,
23960,8888,888,OUT,0,2023-09-03,888888
23961,90,32,OUT,417,2024-06-19,17451
23962,27,21,IN,478,2023-01-01,
23963,267,17,OUT,125,2023-08-18,18358
23964,179,24,OUT,414,2023-06-12,26993
23965,121,5,OUT,133,2023-11-05,18929
23966,70,19,IN,114,2023-09-24,
23967,330,24,OUT,444,2024-10-24,20618
23968,78,24,IN,49,2024-01-22,
23969,177,12,IN,218,2024-06-03,
23970,3,25,IN,330,2023-12-23,
23971,104,17,OUT,218,2023-11-19,6554
23972,6,35,OUT,481,2023-01-30,13133
23973,205,8,IN,483,2024-08-12,
23974,306,2,IN,358,2023-03-09,
23975,138,13,IN,336,2024-01-08,
23976,48,11,OUT,168,2023-07-25,19856
23977,93,29,OUT,12,2023-03-17,14105
23978,349,8,OUT,123,2023-11-05,14124
23979,335,5,IN,171,2024-10-31,
23980,225,10,IN,276,2023-01-12,
23981,39,28,OUT,240,2023-03-19,7951
23982,264,1,IN,186,2023-03-29,
23983,35,7,OUT,96,2023-11-22,23977
23984,340,19,OUT,173,2024-07-17,553
23985,201,22,IN,19,2023-07-26,
23986,356,8,IN,367,2024-02-28,
23987,47,26,IN,252,2024-03-08,
23988,359,34,IN,44,2023-01-20,
23989,206,7,OUT,248,2024-11-01,11152
23990,80,5,IN,224,2023-06-13,
23991,318,32,IN,424,2024-06-15,
23992,182,4,IN,227,2024-04-13,
23993,215,35,IN,87,2023-06-13,
23994,305,17,OUT,279,2023-02-26,29109
23995,34,17,OUT,23,2024-05-13,25991
23996,76,12,IN,410,2024-03-16,
23997,119,21,IN,260,2024-03-27,
23998,129,20,OUT,123,2024-09-28,10383
23999,8888,888,OUT,0,2024-08-24,888888
24000,303,31,IN,17,2024-05-05,
24001,226,25,OUT,97,2024-11-05,13899
24002,220,29,OUT,297,2024-06-11,28427
24003,152,3,OUT,164,2023-01-11,25324
24004,205,24,OUT,457,2024-04-17,442
24005,191,35,IN,22,2024-04-13,
24006,205,21,OUT,331,2024-09-14,11376
24007,119,29,OUT,99,2024-05-01,11545
24008,101,34,IN,470,2024-08-06,
24009,200,13,OUT,60,2024-05-16,28749
24010,33,11,OUT,436,2023-08-16,10956
24011,72,2,OUT,358,2024-09-02,4692
24012,281,7,OUT,45,2023-06-15,7547
24013,119,28,IN,227,2024-10-03,
24014,154,9,OUT,58,2024-10-09,13384
24015,176,12,OUT,347,2024-12-27,27984
24016,20,22,OUT,140,2023-07-20,9708
24017,81,25,OUT,468,2023-02-12,2193
24018,110,26,IN,114,2024-05-10,
24019,251,13,IN,429,2024-07-18,
24020,80,2,IN,317,2024-10-28,
24021,45,29,OUT,470,2024-04-29,4245
24022,187,20,OUT,326,2023-02-06,23663
24023,347,32,IN,259,2023-04-20,
24024,164,32,IN,161,2023-04-02,
24025,84,30,OUT,319,2024-09-26,4466
24026,303,13,OUT,448,2023-12-28,10329
24027,281,2,OUT,448,2023-05-19,10882
24028,258,4,OUT,384,2024-02-26,20085
24029,95,8,IN,119,2023-02-21,
24030,349,9,OUT,147,2023-03-22,23799
24031,8888,888,OUT,0,2023-01-17,888888
24032,191,24,OUT,80,2024-07-06,15361
24033,175,15,OUT,476,2024-02-26,4565
24034,178,3,IN,275,2024-10-25,
24035,136,13,IN,361,2024-06-18,
24036,214,14,OUT,288,2024-02-07,10577
24037,190,22,IN,244,2024-02-16,
24038,27,28,IN,211,2023-10-24,
24039,286,5,OUT,25,2024-05-12,5290
24040,281,22,IN,346,2024-05-20,
24041,167,3,IN,294,2024-03-14,
24042,153,26,OUT,445,2023-06-21,12665
24043,248,18,OUT,291,2023-01-28,6549
24044,175,19,OUT,234,2023-01-28,16739
24045,31,22,OUT,459,2023-08-09,28565
24046,94,29,IN,373,2023-08-01,
24047,130,20,OUT,30,2024-04-28,1429
24048,107,25,IN,216,2023-12-20,
24049,108,7,IN,161,2024-01-10,
24050,89,16,IN,434,2024-09-03,
24051,237,11,IN,422,2024-06-14,
24052,95,27,IN,9,2024-02-22,
24053,23,34,IN,273,2023-02-12,
24054,100,3,OUT,424,2023-04-24,20939
24055,327,18,IN,260,2023-03-08,
24056,322,30,IN,47,2024-08-29,
24057,160,18,OUT,33,2023-11-11,3260
24058,25,3,IN,23,2023-05-23,
24059,275,5,IN,195,2023-06-17,
24060,33,19,OUT,346,2024-05-03,20085
24061,5,17,IN,394,2023-04-17,
24062,301,11,OUT,56,2023-02-25,14631
24063,11,11,OUT,368,2024-09-15,10304
24064,338,5,IN,179,2023-03-05,
24065,39,20,OUT,226,2024-04-29,1369
24066,125,33,OUT,421,2023-11-05,14796
24067,343,22,OUT,36,2024-06-14,25667
24068,121,5,IN,205,2024-10-21,
24069,274,34,OUT,51,2023-10-07,18317
24070,143,33,OUT,145,2023-10-27,18566
24071,275,34,IN,379,2024-08-02,
24072,320,16,OUT,101,2024-11-08,13765
24073,160,34,OUT,191,2023-09-17,26808
24074,314,26,IN,187,2023-05-03,
24075,104,16,OUT,2,2024-03-16,9
24076,27,16,IN,182,2023-08-19,
24077,182,26,OUT,205,2023-02-12,11724
24078,353,33,OUT,92,2023-10-26,5664
24079,262,24,IN,37,2024-07-10,
24080,221,16,IN,398,2024-09-24,
24081,321,4,IN,120,2023-09-09,
24082,266,6,OUT,307,2024-04-27,22590
24083,36,7,OUT,482,2024-02-05,27990
24084,185,5,OUT,401,2023-03-22,14864
24085,189,4,IN,294,2023-12-15,
24086,86,13,OUT,43,2024-04-10,28365
24087,99,3,OUT,402,2023-05-03,14612
24088,8888,888,OUT,0,2023-07-11,888888
24089,192,8,OUT,155,2023-01-20,6812
24090,71,30,OUT,412,2024-03-15,15651
24091,326,13,IN,40,2023-12-31,
24092,72,19,IN,394,2024-04-15,
24093,296,25,OUT,489,2023-04-17,24663
24094,25,15,OUT,108,2023-07-01,4694
24095,87,22,IN,164,2023-02-07,
24096,326,17,IN,36,2024-04-28,
24097,311,25,OUT,182,2023-08-03,13522
24098,43,29,OUT,496,2023-02-07,539
24099,222,10,IN,357,2024-07-02,
24100,358,10,OUT,391,2023-11-17,27116
24101,8888,888,OUT,0,2024-12-03,888888
24102,66,10,OUT,198,2024-08-30,24352
24103,109,23,OUT,278,2023-11-09,13493
24104,188,17,IN,36,2024-02-04,
24105,238,3,OUT,350,2023-04-08,21318
24106,118,18,IN,366,2024-11-30,
24107,135,13,OUT,493,2024-09-03,19344
24108,8,22,IN,280,2023-04-23,
24109,309,4,OUT,342,2023-01-21,7200
24110,228,32,IN,13,2023-03-14,
24111,287,30,OUT,164,2023-03-20,9528
24112,28,29,OUT,382,2024-10-18,21510
24113,166,35,IN,297,2024-01-23,
24114,9,19,IN,16,2024-05-17,
24115,288,20,IN,353,2024-05-22,
24116,50,3,IN,216,2024-12-07,
24117,127,22,OUT,415,2024-02-24,22420
24118,199,31,OUT,353,2023-02-02,23641
24119,200,17,OUT,279,2023-02-19,9727
24120,55,9,IN,195,2024-10-21,
24121,52,33,IN,255,2024-08-02,
24122,66,3,IN,210,2024-06-24,
24123,212,9,IN,135,2024-01-12,
24124,261,3,OUT,264,2024-04-23,23906
24125,235,2,OUT,179,2024-04-13,27094
24126,64,4,IN,40,2023-02-25,
24127,70,34,IN,415,2024-03-04,
24128,160,28,IN,454,2023-01-06,
24129,341,7,OUT,408,2024-02-29,2209
24130,329,8,IN,178,2024-08-24,
24131,325,14,OUT,5,2024-07-23,4225
24132,119,18,IN,8,2024-11-21,
24133,175,2,IN,54,2023-02-01,
24134,69,30,IN,149,2024-08-07,
24135,28,8,OUT,126,2024-04-11,15005
24136,336,22,OUT,94,2023-12-04,22468
24137,181,31,OUT,321,2024-12-23,24190
24138,29,19,OUT,47,2023-02-22,23785
24139,335,2,OUT,478,2023-04-14,13113
24140,172,3,IN,346,2024-03-15,
24141,275,27,OUT,361,2024-04-21,27151
24142,54,24,OUT,150,2023-11-06,12943
24143,185,13,IN,160,2024-05-01,
24144,61,35,OUT,53,2023-07-13,29734
24145,220,2,OUT,172,2024-05-19,21613
24146,296,33,OUT,135,2023-02-17,4051
24147,314,31,IN,406,2023-09-01,
24148,41,14,IN,26,2024-11-11,
24149,52,31,OUT,306,2023-01-05,23387
24150,8888,888,OUT,0,2023-11-03,888888
24151,230,19,IN,458,2024-05-28,
24152,94,34,IN,223,2024-03-30,
24153,336,8,OUT,68,2023-09-25,8621
24154,191,5,OUT,179,2024-04-17,12707
24155,152,35,IN,455,2023-12-23,
24156,316,12,IN,37,2024-08-16,
24157,134,31,OUT,430,2024-06-28,417
24158,330,34,IN,335,2023-11-23,
24159,44,6,IN,320,2024-03-01,
24160,103,15,IN,327,2023-07-18,
24161,324,11,OUT,426,2023-09-18,20907
24162,322,16,OUT,87,2023-01-15,17067
24163,213,29,OUT,267,2024-10-20,26649
24164,20,11,IN,205,2023-03-18,
24165,348,9,IN,159,2023-09-03,
24166,61,12,OUT,47,2023-10-31,12293
24167,135,10,OUT,453,2023-12-25,15125
24168,174,23,IN,342,2023-01-25,
24169,189,21,IN,485,2023-08-21,
24170,42,19,OUT,232,2023-09-29,20545
24171,164,11,OUT,154,2023-04-07,4888
24172,8888,888,IN,0,2023-05-23,
24173,17,12,IN,119,2024-01-18,
24174,292,5,OUT,344,2023-02-08,26937
24175,259,27,IN,49,2024-01-04,
24176,47,31,OUT,128,2024-07-22,29100
24177,221,14,OUT,24,2023-10-04,29234
24178,326,26,IN,322,2024-06-07,
24179,263,10,OUT,186,2024-01-01,14520
24180,194,12,IN,368,2023-07-24,
24181,258,32,IN,470,2024-10-17,
24182,8888,888,OUT,0,2023-09-25,888888
24183,63,27,IN,248,2023-11-04,
24184,91,33,OUT,112,2024-09-19,20440
24185,112,6,IN,350,2024-01-02,
24186,202,4,IN,21,2023-11-30,
24187,64,33,IN,364,2023-09-14,
24188,174,29,IN,398,2024-04-15,
24189,67,2,OUT,6,2024-05-17,1347
24190,235,8,IN,193,2024-09-26,
24191,318,7,IN,36,2023-09-21,
24192,21,1,OUT,22,2024-12-03,16693
24193,326,3,IN,150,2024-02-01,
24194,62,12,OUT,385,2024-07-07,20776
24195,60,4,IN,274,2023-12-09,
24196,292,1,IN,332,2024-06-13,
24197,202,31,IN,214,2023-02-23,
24198,13,26,IN,199,2023-08-20,
24199,135,10,OUT,321,2024-02-01,21350
24200,52,16,OUT,436,2024-08-28,11253
24201,173,20,OUT,429,2023-04-06,3494
24202,331,31,OUT,62,2023-04-05,4107
24203,149,8,OUT,149,2023-10-16,15393
24204,42,34,OUT,407,2023-07-18,7810
24205,48,33,OUT,117,2024-08-30,8635
24206,140,3,IN,39,2024-03-30,
24207,95,24,OUT,70,2024-09-27,28307
24208,263,34,IN,415,2024-03-28,
24209,233,32,OUT,427,2024-06-02,1024
24210,205,33,IN,98,2023-06-16,
24211,347,21,OUT,247,2024-08-26,18339
24212,315,30,IN,186,2024-08-22,
24213,16,15,OUT,444,2024-04-08,29021
24214,249,28,OUT,273,2023-10-16,19567
24215,207,23,OUT,294,2024-10-05,9354
24216,302,12,OUT,429,2024-01-08,22161
24217,148,11,IN,170,2023-03-13,
24218,186,28,OUT,188,2024-06-08,10679
24219,155,3,IN,443,2024-03-09,
24220,355,19,IN,84,2023-09-28,
24221,87,3,OUT,191,2024-02-04,10484
24222,349,12,IN,237,2023-10-13,
24223,122,5,IN,373,2023-06-06,
24224,229,6,IN,241,2023-07-06,
24225,93,32,OUT,47,2024-11-17,16499
24226,9,31,IN,146,2023-04-28,
24227,144,9,OUT,266,2023-06-28,22359
24228,347,11,IN,282,2024-10-10,
24229,295,25,OUT,248,2023-06-03,12728
24230,17,17,OUT,289,2024-09-02,23000
24231,310,18,IN,52,2023-03-27,
24232,301,32,OUT,90,2024-04-04,19415
24233,49,18,OUT,443,2024-10-05,16427
24234,29,28,IN,106,2024-12-31,
24235,126,29,IN,344,2024-05-10,
24236,249,11,IN,148,2023-06-23,
24237,61,10,IN,322,2024-04-17,
24238,42,23,OUT,279,2023-12-05,28748
24239,63,25,OUT,50,2023-08-29,18269
24240,329,2,IN,172,2024-11-09,
24241,74,20,OUT,290,2024-06-13,1008
24242,121,8,IN,334,2023-04-01,
24243,274,23,IN,353,2024-11-10,
24244,336,22,OUT,494,2024-06-01,15220
24245,199,14,OUT,454,2024-03-20,24224
24246,231,29,IN,342,2024-01-19,
24247,203,10,IN,156,2023-10-30,
24248,178,11,OUT,486,2024-05-06,3657
24249,156,29,IN,207,2023-07-27,
24250,158,6,IN,422,2024-11-14,
24251,76,3,IN,379,2023-01-05,
24252,105,24,IN,346,2024-02-05,
24253,23,1,OUT,311,2023-06-05,8040
24254,180,24,IN,292,2024-12-22,
24255,155,20,OUT,229,2023-11-10,3224
24256,274,10,OUT,388,2024-01-22,19801
24257,346,25,IN,481,2023-03-18,
24258,173,16,IN,45,2023-07-31,
24259,97,34,OUT,276,2024-12-31,21970
24260,255,20,IN,226,2023-07-07,
24261,322,33,OUT,239,2023-10-12,12226
24262,17,2,OUT,31,2024-07-13,1742
24263,327,13,IN,176,2024-12-10,
24264,213,7,IN,267,2023-10-03,
24265,203,9,OUT,162,2023-10-05,3774
24266,220,33,IN,38,2023-04-06,
24267,267,16,IN,442,2023-05-30,
24268,8888,888,IN,0,2024-08-23,
24269,141,17,OUT,170,2023-10-31,11633
24270,148,24,OUT,173,2024-12-22,22021
24271,219,10,IN,422,2024-09-02,
24272,356,34,OUT,320,2023-06-29,27753
24273,51,10,IN,223,2023-08-16,
24274,179,18,IN,463,2024-07-21,
24275,171,29,IN,269,2024-09-16,
24276,90,35,OUT,49,2024-01-12,21694
24277,272,12,OUT,208,2023-04-18,16511
24278,8888,888,OUT,0,2024-12-15,888888
24279,148,24,OUT,417,2024-06-20,21346
24280,104,9,IN,46,2023-07-28,
24281,62,18,OUT,235,2024-07-09,25245
24282,102,28,OUT,472,2024-03-22,21832
24283,203,15,IN,382,2023-07-31,
24284,183,2,OUT,343,2024-04-25,12660
24285,321,21,OUT,120,2024-03-07,16446
24286,8888,888,IN,0,2024-07-02,
24287,55,34,IN,441,2023-03-08,
24288,24,25,OUT,117,2024-10-29,12892
24289,35,23,OUT,448,2023-01-11,13472
24290,108,27,IN,43,2023-03-30,
24291,11,11,IN,260,2024-09-06,
24292,169,3,OUT,205,2023-08-22,29635
24293,78,12,IN,407,2023-05-27,
24294,90,4,IN,293,2023-05-11,
24295,207,25,IN,79,2023-04-13,
24296,324,19,IN,323,2024-03-23,
24297,323,30,OUT,196,2023-11-09,15818
24298,263,10,OUT,129,2023-08-11,15953
24299,25,5,OUT,7,2023-06-26,19099
24300,344,23,IN,95,2024-08-21,
24301,201,18,IN,195,2024-08-14,
24302,95,8,IN,57,2023-07-08,
24303,318,31,IN,473,2024-10-06,
24304,52,19,IN,350,2023-06-24,
24305,58,32,OUT,88,2024-03-22,611
24306,43,35,OUT,348,2023-10-23,12851
24307,23,14,IN,184,2023-05-12,
24308,218,21,IN,134,2024-08-01,
24309,285,13,OUT,410,2024-02-15,861
24310,279,11,IN,482,2024-05-19,
24311,294,29,IN,383,2024-07-27,
24312,354,13,OUT,191,2023-09-20,16895
24313,351,23,OUT,6,2023-06-15,7930
24314,297,19,IN,271,2024-04-07,
24315,127,7,OUT,189,2023-09-28,3425
24316,49,30,IN,169,2023-09-27,
24317,162,11,IN,111,2023-04-04,
24318,169,22,IN,301,2024-07-04,
24319,228,27,OUT,406,2023-11-21,9900
24320,294,35,OUT,475,2023-10-02,28128
24321,257,20,IN,105,2024-05-17,
24322,48,8,OUT,314,2023-06-22,3397
24323,9,35,OUT,51,2024-10-22,21362
24324,34,15,IN,265,2023-10-10,
24325,52,32,OUT,416,2023-07-12,21649
24326,137,13,OUT,63,2024-03-01,11109
24327,48,15,IN,48,2023-04-15,
24328,232,3,OUT,362,2024-09-01,7582
24329,68,2,OUT,249,2024-04-17,18321
24330,296,30,OUT,58,2023-08-27,19418
24331,266,3,OUT,237,2023-03-15,4651
24332,125,24,IN,466,2024-06-20,
24333,48,27,OUT,419,2023-08-08,11741
24334,158,15,OUT,284,2023-01-21,2487
24335,228,20,OUT,167,2024-06-03,16639
24336,13,33,IN,358,2024-05-16,
24337,212,11,OUT,428,2024-02-09,17938
24338,54,28,IN,481,2023-12-27,
24339,146,23,OUT,339,2023-07-09,5910
24340,297,3,IN,1,2023-08-20,
24341,156,24,IN,336,2024-04-27,
24342,314,28,IN,444,2023-10-20,
24343,80,30,OUT,222,2023-08-01,28125
24344,101,5,IN,168,2023-06-27,
24345,350,32,OUT,367,2023-02-28,9071
24346,358,3,IN,355,2023-07-06,
24347,134,21,IN,335,2023-07-23,
24348,242,32,OUT,117,2024-10-28,28318
24349,341,2,IN,147,2024-02-21,
24350,266,19,OUT,146,2023-10-24,9889
24351,313,15,IN,145,2024-10-14,
24352,356,12,IN,374,2024-10-02,
24353,188,31,IN,453,2023-09-14,
24354,24,7,OUT,89,2023-06-07,22467
24355,26,9,IN,160,2024-05-06,
24356,33,24,IN,180,2024-02-26,
24357,45,28,OUT,279,2024-12-04,9777
24358,146,24,OUT,273,2024-10-02,17517
24359,302,15,IN,198,2023-11-15,
24360,171,26,IN,175,2024-09-17,
24361,52,10,OUT,246,2023-07-27,21554
24362,244,6,OUT,149,2023-11-15,7188
24363,179,6,OUT,52,2024-08-29,29021
24364,225,29,OUT,85,2024-04-26,22684
24365,299,31,IN,284,2024-11-26,
24366,282,6,IN,188,2023-03-06,
24367,105,17,IN,61,2023-04-02,
24368,352,4,IN,496,2024-08-03,
24369,159,28,OUT,269,2023-07-12,15052
24370,122,16,OUT,12,2024-02-10,21884
24371,53,30,IN,172,2024-08-26,
24372,55,10,OUT,91,2023-03-01,26874
24373,213,3,OUT,83,2023-02-15,21732
24374,127,32,IN,496,2024-06-13,
24375,201,1,OUT,224,2023-08-05,2793
24376,90,12,OUT,256,2023-08-07,15508
24377,8888,888,OUT,0,2023-06-16,888888
24378,353,24,OUT,132,2023-10-09,8968
24379,319,12,OUT,34,2024-04-05,23782
24380,273,6,OUT,177,2024-07-02,2130
24381,145,14,IN,126,2023-12-29,
24382,76,6,OUT,351,2024-01-31,6259
24383,96,11,IN,390,2024-04-04,
24384,143,18,OUT,163,2024-04-21,28916
24385,243,11,OUT,422,2023-03-26,15078
24386,360,26,IN,118,2023-06-22,
24387,296,15,OUT,187,2023-07-18,23400
24388,163,19,IN,40,2023-05-26,
24389,154,2,OUT,189,2023-03-10,20695
24390,296,14,OUT,268,2023-06-08,24949
24391,106,26,OUT,411,2023-05-07,565
24392,204,6,OUT,112,2023-08-21,1801
24393,347,33,IN,36,2024-02-15,
24394,355,31,OUT,472,2023-10-19,15598
24395,344,33,OUT,477,2024-09-07,8054
24396,8888,888,IN,0,2024-08-02,
24397,202,15,IN,186,2023-05-28,
24398,205,14,IN,226,2024-07-02,
24399,117,13,OUT,108,2023-10-28,28963
24400,230,21,OUT,175,2024-01-16,17031
24401,111,31,IN,230,2024-03-31,
24402,117,1,OUT,413,2024-05-17,26836
24403,319,23,IN,222,2024-06-03,
24404,170,28,OUT,41,2024-09-30,24245
24405,117,27,OUT,328,2023-05-13,13413
24406,54,22,OUT,222,2024-11-19,5576
24407,8,28,IN,291,2024-06-15,
24408,278,12,OUT,69,2023-01-01,15771
24409,355,6,IN,500,2024-10-31,
24410,282,9,IN,86,2024-07-02,
24411,157,22,OUT,107,2023-10-16,13650
24412,46,1,OUT,278,2023-01-23,27604
24413,139,14,IN,243,2023-09-16,
24414,62,16,OUT,88,2024-09-16,29624
24415,323,12,OUT,93,2024-08-09,26777
24416,303,14,IN,131,2024-06-03,
24417,46,22,OUT,251,2024-08-28,15472
24418,138,5,OUT,496,2024-01-07,6085
24419,276,14,OUT,414,2023-09-28,5732
24420,44,8,OUT,481,2023-03-10,12067
24421,331,25,OUT,23,2023-08-27,16358
24422,236,18,IN,375,2023-07-27,
24423,309,10,OUT,139,2024-08-26,12852
24424,310,7,OUT,160,2024-08-30,18163
24425,52,7,OUT,75,2024-05-04,23472
24426,36,14,OUT,450,2023-07-21,16402
24427,186,13,IN,261,2023-06-26,
24428,187,24,OUT,152,2023-10-18,21415
24429,345,6,IN,121,2024-07-26,
24430,10,4,OUT,227,2023-08-22,14571
24431,28,32,IN,347,2024-01-12,
24432,134,3,OUT,493,2024-05-26,9118
24433,201,4,OUT,72,2024-10-25,15228
24434,227,21,OUT,275,2024-11-15,3757
24435,159,12,OUT,336,2024-08-16,3096
24436,122,5,OUT,443,2024-04-16,3924
24437,36,24,IN,57,2024-05-30,
24438,86,6,IN,0,2023-10-20,
24439,332,10,OUT,283,2024-01-12,16917
24440,218,26,IN,160,2024-05-04,
24441,302,19,OUT,440,2023-04-11,27899
24442,35,30,OUT,252,2023-10-18,13104
24443,271,22,OUT,350,2023-07-11,2244
24444,166,5,OUT,416,2024-05-27,5017
24445,39,3,OUT,341,2024-12-11,3714
24446,250,1,OUT,105,2024-04-03,3475
24447,253,8,OUT,238,2023-09-30,14659
24448,190,1,IN,449,2023-06-15,
24449,315,34,IN,21,2023-09-28,
24450,15,8,IN,492,2023-10-06,
24451,70,28,IN,394,2023-11-08,
24452,245,18,OUT,217,2024-06-13,13491
24453,336,21,OUT,266,2024-10-12,22344
24454,333,30,IN,332,2024-07-26,
24455,37,9,OUT,378,2024-01-26,12368
24456,226,21,OUT,278,2023-05-02,16703
24457,223,32,OUT,318,2024-08-09,10330
24458,246,17,OUT,357,2023-09-17,6850
24459,305,16,OUT,398,2023-05-17,28584
24460,346,26,OUT,338,2024-08-14,23823
24461,63,33,IN,199,2023-02-14,
24462,119,26,IN,494,2023-08-26,
24463,303,8,OUT,97,2024-03-31,28550
24464,81,30,OUT,270,2024-12-09,20553
24465,123,11,IN,224,2023-09-02,
24466,196,14,OUT,452,2024-12-30,26816
24467,264,25,IN,324,2023-10-27,
24468,142,28,OUT,479,2024-02-26,16106
24469,167,20,IN,83,2023-04-30,
24470,66,11,OUT,271,2023-09-08,13894
24471,58,13,OUT,169,2023-11-26,29974
24472,92,20,OUT,148,2024-04-06,1288
24473,62,8,IN,113,2023-07-17,
24474,36,29,OUT,345,2023-10-19,6181
24475,344,30,IN,468,2023-02-20,
24476,45,8,IN,233,2024-01-22,
24477,227,30,IN,286,2024-07-21,
24478,16,24,IN,35,2024-10-12,
24479,270,6,OUT,436,2023-05-20,19553
24480,119,16,OUT,242,2023-03-26,11611
24481,250,21,OUT,94,2024-01-23,12840
24482,24,11,IN,230,2023-03-03,
24483,200,7,IN,235,2024-12-13,
24484,314,16,OUT,406,2024-12-29,915
24485,294,21,OUT,439,2023-06-17,14085
24486,359,16,OUT,386,2024-04-23,11035
24487,320,28,OUT,394,2023-12-06,22131
24488,28,20,IN,36,2023-08-08,
24489,276,33,OUT,406,2024-10-23,1517
24490,39,21,IN,13,2023-08-21,
24491,102,1,IN,0,2023-05-28,
24492,204,9,IN,47,2023-10-22,
24493,171,6,OUT,362,2024-09-03,19291
24494,190,20,IN,423,2024-07-21,
24495,181,23,IN,365,2023-10-22,
24496,105,33,IN,275,2024-06-14,
24497,3,7,IN,182,2023-09-08,
24498,267,29,IN,448,2023-10-12,
24499,222,9,OUT,78,2023-06-17,26266
24500,130,31,OUT,228,2024-08-10,13435
24501,16,29,OUT,450,2023-09-16,18712
24502,206,35,OUT,165,2024-08-19,18639
24503,359,10,IN,376,2024-10-01,
24504,330,24,IN,181,2024-06-24,
24505,206,6,IN,413,2024-04-28,
24506,331,23,OUT,272,2023-04-14,3257
24507,177,7,IN,433,2023-04-27,
24508,165,25,IN,436,2024-08-17,
24509,200,24,OUT,150,2023-04-01,26541
24510,222,1,IN,96,2023-04-03,
24511,199,25,IN,472,2024-10-10,
24512,31,14,OUT,267,2024-04-04,15002
24513,42,20,OUT,383,2024-06-08,10355
24514,265,33,IN,384,2023-02-20,
24515,260,18,OUT,60,2023-12-15,8289
24516,209,7,IN,289,2023-02-05,
24517,90,4,IN,296,2023-07-22,
24518,232,12,OUT,53,2024-01-17,21355
24519,188,33,OUT,356,2023-07-22,29837
24520,280,32,OUT,493,2024-08-11,15039
24521,292,25,OUT,232,2023-07-01,19758
24522,300,15,OUT,5,2024-05-25,8550
24523,273,2,OUT,323,2023-03-25,27149
24524,48,30,OUT,185,2024-12-23,6718
24525,139,31,OUT,336,2023-01-09,509
24526,345,6,OUT,386,2023-07-07,1739
24527,83,31,OUT,168,2024-07-25,4361
24528,129,7,OUT,134,2024-06-18,20423
24529,95,29,IN,319,2023-04-10,
24530,322,24,IN,424,2024-05-12,
24531,143,6,IN,418,2023-11-21,
24532,153,23,OUT,438,2024-03-24,9450
24533,248,18,OUT,155,2023-05-23,24462
24534,197,17,OUT,170,2023-12-11,14969
24535,255,15,IN,100,2024-07-09,
24536,130,18,OUT,96,2023-08-25,16423
24537,151,28,OUT,43,2024-09-28,26632
24538,195,15,IN,238,2023-11-18,
24539,293,12,OUT,498,2023-01-13,22255
24540,285,23,IN,411,2023-08-23,
24541,71,8,OUT,345,2023-06-06,22663
24542,359,32,OUT,337,2024-03-11,16730
24543,297,3,IN,5,2023-07-07,
24544,282,14,OUT,432,2024-02-01,20075
24545,212,33,OUT,194,2023-05-03,29800
24546,118,23,IN,105,2024-01-27,
24547,76,8,IN,337,2024-09-02,
24548,76,10,OUT,240,2023-09-25,5079
24549,277,1,OUT,267,2024-10-18,25398
24550,264,19,IN,46,2023-06-25,
24551,154,20,OUT,34,2023-07-18,19635
24552,66,10,OUT,13,2024-12-02,17445
24553,297,29,OUT,24,2023-03-07,9148
24554,266,6,OUT,134,2023-06-23,9463
24555,336,21,IN,214,2023-02-26,
24556,175,7,IN,331,2024-10-13,
24557,257,1,OUT,344,2024-10-17,323
24558,343,8,IN,369,2023-11-24,
24559,168,3,IN,159,2024-02-17,
24560,63,35,IN,392,2023-05-21,
24561,103,22,OUT,231,2023-08-01,15450
24562,60,21,IN,189,2023-05-22,
24563,292,8,IN,273,2024-03-15,
24564,211,26,IN,341,2024-09-06,
24565,14,14,OUT,452,2024-01-05,15010
24566,148,2,IN,407,2023-03-12,
24567,122,35,IN,21,2023-11-09,
24568,283,25,IN,292,2023-01-29,
24569,8888,888,OUT,0,2024-03-14,888888
24570,170,31,OUT,94,2024-01-04,29497
24571,236,19,IN,173,2023-02-21,
24572,286,12,OUT,279,2023-04-25,21800
24573,282,14,IN,265,2023-04-21,
24574,8888,888,OUT,0,2023-02-07,888888
24575,160,21,IN,299,2023-01-17,
24576,249,15,IN,187,2023-10-04,
24577,339,11,OUT,170,2024-08-04,14122
24578,257,34,IN,403,2024-11-25,
24579,49,3,IN,83,2024-08-13,
24580,27,30,OUT,197,2024-03-15,23815
24581,197,20,OUT,72,2024-08-11,12293
24582,241,14,IN,439,2024-05-02,
24583,106,5,IN,497,2023-10-31,
24584,218,17,OUT,134,2023-01-21,2656
24585,212,25,IN,341,2024-04-03,
24586,269,8,IN,66,2024-05-14,
24587,129,23,OUT,258,2024-09-14,23318
24588,265,2,IN,172,2024-11-17,
24589,42,15,OUT,132,2024-07-19,23665
24590,61,15,IN,372,2024-01-21,
24591,168,20,OUT,78,2024-06-05,4597
24592,275,9,OUT,132,2023-04-23,21764
24593,145,20,IN,155,2024-12-18,
24594,284,3,IN,29,2023-11-16,
24595,350,20,OUT,317,2024-08-26,19383
24596,28,7,OUT,316,2023-10-13,6431
24597,158,34,IN,172,2024-01-08,
24598,19,19,IN,413,2024-04-16,
24599,75,31,OUT,107,2024-09-21,24356
24600,8,7,OUT,190,2023-10-28,24747
24601,180,29,OUT,242,2023-03-25,1776
24602,304,31,OUT,479,2023-07-03,13031
24603,305,2,IN,258,2023-01-15,
24604,87,15,OUT,396,2023-12-07,18397
24605,260,13,OUT,128,2024-09-27,6323
24606,167,31,IN,278,2023-02-18,
24607,96,5,OUT,202,2024-08-19,13397
24608,198,17,OUT,447,2023-01-23,7334
24609,116,33,IN,388,2024-12-08,
24610,84,8,IN,312,2024-06-25,
24611,300,24,IN,294,2024-06-05,
24612,217,24,OUT,100,2024-09-11,4183
24613,37,16,IN,138,2023-05-13,
24614,98,7,OUT,411,2023-08-31,17954
24615,158,6,OUT,429,2024-12-04,28164
24616,282,26,IN,144,2023-11-20,
24617,107,8,IN,159,2024-09-24,
24618,91,25,OUT,199,2024-12-25,15659
24619,8888,888,IN,0,2023-06-01,
24620,348,3,OUT,443,2023-01-29,16801
24621,262,5,OUT,283,2023-06-11,14817
24622,228,30,IN,373,2024-08-11,
24623,85,31,IN,408,2023-02-06,
24624,144,29,OUT,477,2023-10-24,14769
24625,244,25,IN,475,2024-03-10,
24626,118,4,IN,67,2023-08-31,
24627,264,29,IN,287,2024-03-16,
24628,63,21,IN,253,2023-09-27,
24629,8888,888,OUT,0,2023-08-15,888888
24630,247,7,IN,190,2024-06-02,
24631,238,32,IN,385,2023-07-18,
24632,293,34,IN,474,2023-02-22,
24633,64,18,IN,440,2024-10-05,
24634,87,2,OUT,340,2024-12-27,14786
24635,167,33,IN,363,2024-09-20,
24636,336,15,IN,284,2023-03-27,
24637,242,12,IN,416,2024-11-16,
24638,147,2,OUT,240,2023-11-09,2792
24639,281,2,IN,199,2024-04-03,
24640,191,11,OUT,433,2023-08-21,20370
24641,301,16,OUT,386,2024-05-07,4426
24642,300,15,OUT,93,2023-02-05,12895
24643,37,7,OUT,11,2024-11-10,22537
24644,117,30,IN,158,2023-06-16,
24645,15,33,OUT,72,2023-06-14,9314
24646,204,6,OUT,84,2023-10-19,29248
24647,117,14,OUT,21,2024-08-03,18465
24648,347,11,IN,77,2023-04-17,
24649,160,23,IN,155,2024-07-05,
24650,213,4,OUT,277,2023-08-26,26191
24651,357,34,IN,247,2024-05-29,
24652,148,22,IN,265,2023-04-10,
24653,173,11,OUT,43,2023-06-23,29720
24654,83,25,OUT,301,2024-01-27,7520
24655,330,34,IN,208,2024-05-27,
24656,159,10,OUT,335,2023-05-29,16534
24657,353,25,OUT,486,2023-10-18,22372
24658,84,26,IN,309,2023-02-23,
24659,8888,888,IN,0,2024-02-18,
24660,243,31,OUT,494,2024-11-28,263
24661,306,26,IN,173,2024-02-06,
24662,29,18,OUT,113,2024-03-02,15425
24663,245,18,OUT,304,2024-05-16,26263
24664,89,29,IN,403,2024-02-16,
24665,83,17,OUT,235,2023-01-01,12140
24666,123,23,OUT,333,2024-01-16,21510
24667,56,29,OUT,358,2024-04-16,27140
24668,206,35,IN,37,2023-08-06,
24669,90,12,IN,79,2023-01-03,
24670,144,11,OUT,353,2023-11-25,17646
24671,148,9,OUT,186,2024-05-01,4622
24672,189,24,OUT,487,2024-02-20,28731
24673,351,3,IN,440,2023-04-27,
24674,174,17,IN,392,2023-07-02,
24675,8888,888,IN,0,2023-11-29,
24676,329,22,OUT,272,2024-10-04,12855
24677,8888,888,IN,0,2024-05-24,
24678,142,29,IN,44,2023-02-27,
24679,285,34,IN,49,2023-06-10,
24680,262,20,OUT,262,2024-05-28,14772
24681,235,34,IN,349,2023-03-28,
24682,284,14,IN,444,2024-07-07,
24683,320,1,IN,0,2024-11-19,
24684,209,7,IN,364,2023-01-06,
24685,36,17,OUT,27,2024-07-22,14769
24686,45,33,OUT,492,2023-06-08,19534
24687,277,15,IN,339,2023-02-23,
24688,162,5,IN,410,2023-01-03,
24689,308,3,IN,301,2024-08-15,
24690,316,20,IN,437,2023-08-01,
24691,346,32,OUT,69,2023-07-11,11422
24692,272,12,IN,26,2023-10-09,
24693,126,6,IN,189,2024-01-29,
24694,51,11,IN,162,2024-09-11,
24695,356,22,OUT,95,2024-07-08,720
24696,214,26,OUT,490,2023-06-10,2658
24697,267,8,OUT,342,2023-10-03,26255
24698,23,3,IN,17,2023-09-24,
24699,90,22,OUT,345,2023-05-11,26287
24700,296,2,IN,82,2024-06-05,
24701,100,8,OUT,376,2024-07-24,14066
24702,95,34,IN,385,2024-07-14,
24703,217,8,OUT,47,2023-09-11,7035
24704,354,29,OUT,370,2023-07-25,13260
24705,24,29,IN,17,2024-07-25,
24706,221,6,OUT,472,2023-01-07,13178
24707,309,14,OUT,409,2023-06-11,13553
24708,78,11,OUT,163,2024-02-18,17025
24709,98,22,IN,236,2024-08-03,
24710,185,24,IN,499,2023-10-11,
24711,219,22,OUT,32,2024-05-03,26509
24712,33,33,OUT,453,2023-10-02,14690
24713,18,17,OUT,380,2024-11-26,2200
24714,95,14,OUT,180,2023-03-07,14636
24715,269,34,OUT,14,2023-10-06,10547
24716,315,25,IN,167,2023-06-01,
24717,300,33,OUT,129,2024-05-27,16006
24718,247,13,OUT,305,2024-11-20,27363
24719,191,4,OUT,67,2024-06-03,19370
24720,206,15,IN,66,2024-04-25,
24721,262,29,OUT,82,2023-01-05,380
24722,294,30,IN,355,2023-07-17,
24723,169,15,IN,199,2023-11-07,
24724,248,16,IN,191,2024-02-16,
24725,31,4,OUT,69,2023-11-19,16458
24726,194,18,OUT,7,2023-04-16,2242
24727,197,9,IN,460,2024-07-23,
24728,123,28,IN,424,2024-02-03,
24729,24,28,IN,400,2024-05-29,
24730,95,25,IN,198,2024-04-24,
24731,29,26,IN,163,2024-06-16,
24732,331,4,OUT,465,2024-04-13,15735
24733,79,5,OUT,473,2023-08-24,19352
24734,8888,888,OUT,0,2023-01-29,888888
24735,15,7,OUT,114,2023-01-15,5034
24736,157,21,OUT,211,2023-11-13,16891
24737,20,34,IN,376,2023-03-01,
24738,36,18,IN,123,2024-10-10,
24739,348,28,OUT,353,2024-03-21,11492
24740,163,12,IN,4,2023-05-31,
24741,295,7,IN,357,2023-09-16,
24742,217,32,OUT,480,2023-10-01,12230
24743,280,28,OUT,403,2023-05-28,17361
24744,178,5,OUT,326,2024-06-05,1249
24745,244,21,OUT,380,2024-09-15,5466
24746,347,12,IN,212,2023-12-24,
24747,291,5,IN,88,2024-03-11,
24748,359,28,IN,125,2023-08-20,
24749,6,11,OUT,170,2024-02-19,4497
24750,93,11,OUT,45,2024-03-18,25846
24751,233,26,IN,495,2024-03-25,
24752,28,16,OUT,435,2023-02-08,21259
24753,28,21,OUT,282,2023-03-30,23491
24754,224,22,OUT,421,2023-09-29,7081
24755,167,13,OUT,29,2023-12-09,21124
24756,147,1,OUT,269,2024-10-09,16942
24757,73,30,IN,160,2023-02-20,
24758,109,3,OUT,241,2024-12-02,16790
24759,213,31,IN,162,2023-12-21,
24760,217,25,IN,137,2024-09-14,
24761,154,31,IN,327,2024-04-13,
24762,53,28,IN,174,2023-09-20,
24763,177,35,OUT,376,2024-04-10,16025
24764,102,33,OUT,195,2023-08-19,25642
24765,286,3,OUT,105,2024-06-26,27219
24766,185,32,OUT,14,2024-10-01,12949
24767,31,31,OUT,424,2023-11-26,11501
24768,283,10,OUT,127,2023-04-11,14651
24769,6,31,OUT,55,2023-12-23,7259
24770,34,26,IN,62,2023-01-24,
24771,315,27,OUT,297,2023-04-23,20180
24772,179,7,OUT,432,2023-03-10,14556
24773,143,5,OUT,374,2023-03-22,1519
24774,5,34,OUT,120,2024-11-12,3865
24775,294,19,IN,336,2023-09-14,
24776,23,11,IN,37,2023-05-09,
24777,13,9,OUT,107,2024-05-16,5304
24778,300,31,IN,370,2024-06-24,
24779,254,12,IN,384,2024-05-10,
24780,193,1,OUT,45,2023-07-03,20695
24781,175,1,OUT,451,2024-12-26,5759
24782,284,33,OUT,296,2024-11-10,7387
24783,330,6,OUT,115,2023-03-28,22055
24784,109,15,IN,445,2023-08-29,
24785,228,5,OUT,122,2024-09-02,20277
24786,263,21,OUT,58,2024-03-25,17969
24787,152,13,IN,227,2023-01-24,
24788,86,32,IN,438,2024-06-14,
24789,248,10,IN,431,2024-07-01,
24790,84,21,IN,147,2024-06-22,
24791,358,17,IN,222,2024-09-07,
24792,23,10,OUT,258,2024-09-21,13598
24793,62,6,IN,26,2024-08-12,
24794,110,31,OUT,220,2024-04-09,17549
24795,107,26,OUT,300,2023-11-24,9740
24796,42,26,OUT,96,2024-10-05,28437
24797,24,26,IN,218,2023-08-18,
24798,272,3,OUT,168,2023-12-16,27164
24799,162,26,IN,156,2023-02-12,
24800,243,3,IN,74,2023-05-29,
24801,234,19,IN,86,2024-12-11,
24802,156,31,OUT,334,2024-04-08,21473
24803,290,23,OUT,44,2024-05-12,8985
24804,339,27,OUT,81,2024-12-06,25403
24805,352,24,OUT,58,2023-01-17,440
24806,140,30,IN,140,2023-11-10,
24807,138,22,OUT,237,2023-02-16,18010
24808,343,30,IN,293,2024-03-15,
24809,301,16,OUT,400,2024-09-28,973
24810,337,18,OUT,309,2024-10-23,14590
24811,312,26,IN,314,2023-09-14,
24812,162,18,OUT,399,2024-03-11,23973
24813,264,17,IN,319,2024-04-24,
24814,335,30,OUT,336,2023-01-09,25614
24815,73,2,OUT,152,2023-12-01,28531
24816,254,25,OUT,133,2023-10-02,23757
24817,27,4,OUT,178,2024-03-13,29065
24818,157,12,IN,190,2024-01-23,
24819,61,10,OUT,433,2023-11-30,14567
24820,165,10,OUT,319,2024-08-23,25601
24821,333,26,OUT,309,2023-07-22,15318
24822,197,35,IN,243,2024-01-31,
24823,223,32,IN,127,2023-04-26,
24824,352,35,OUT,14,2023-07-24,16902
24825,257,29,OUT,44,2023-01-02,4787
24826,81,26,IN,52,2024-05-19,
24827,207,4,OUT,407,2023-03-08,3325
24828,66,16,OUT,112,2023-02-15,14198
24829,32,4,IN,137,2023-03-26,
24830,123,18,OUT,472,2023-12-16,28677
24831,314,10,OUT,411,2023-04-17,14294
24832,198,28,IN,391,2023-04-15,
24833,144,12,OUT,315,2024-03-14,13105
24834,171,31,OUT,338,2024-09-25,16817
24835,348,33,OUT,177,2024-04-09,27271
24836,6,17,IN,473,2023-10-08,
24837,143,30,IN,329,2024-06-08,
24838,305,13,IN,14,2024-01-12,
24839,5,15,OUT,402,2024-12-31,27585
24840,312,28,OUT,424,2024-05-05,22551
24841,338,17,OUT,272,2024-05-13,18095
24842,213,11,IN,131,2023-09-08,
24843,310,15,IN,303,2024-05-17,
24844,249,26,OUT,104,2024-03-28,22178
24845,107,13,OUT,394,2024-10-12,4963
24846,141,33,OUT,425,2023-04-18,14690
24847,32,29,IN,415,2023-04-27,
24848,306,23,OUT,130,2024-02-06,29287
24849,107,12,IN,0,2024-07-31,
24850,239,33,OUT,153,2023-07-12,3493
24851,78,7,IN,329,2023-04-10,
24852,231,2,IN,460,2023-01-25,
24853,150,21,IN,172,2023-11-17,
24854,20,27,OUT,374,2024-08-08,11150
24855,152,26,OUT,296,2023-12-26,23696
24856,191,14,IN,227,2024-10-31,
24857,318,9,IN,9,2024-09-01,
24858,63,26,OUT,286,2024-04-16,500
24859,87,1,IN,158,2024-12-19,
24860,321,8,IN,236,2024-02-05,
24861,264,6,IN,180,2023-04-11,
24862,101,26,OUT,244,2023-02-06,20541
24863,102,9,IN,366,2024-06-25,
24864,136,31,IN,136,2023-02-07,
24865,176,6,IN,254,2023-10-19,
24866,122,17,IN,357,2024-11-06,
24867,27,7,IN,275,2024-08-22,
24868,49,23,OUT,161,2024-04-23,9014
24869,8,4,IN,452,2024-10-29,
24870,337,19,OUT,271,2024-06-23,27510
24871,144,32,OUT,446,2023-08-17,15113
24872,307,21,IN,144,2024-02-08,
24873,287,27,OUT,226,2024-12-07,25996
24874,353,1,IN,410,2023-05-17,
24875,20,15,OUT,46,2023-07-13,23479
24876,210,18,OUT,459,2024-10-25,106
24877,269,16,IN,41,2023-04-11,
24878,140,25,OUT,205,2023-08-27,9563
24879,105,34,OUT,323,2024-05-25,10689
24880,146,15,OUT,483,2024-12-21,21011
24881,264,12,IN,124,2023-09-05,
24882,206,19,OUT,433,2024-02-11,19064
24883,348,2,OUT,487,2023-02-21,24027
24884,250,31,OUT,20,2023-12-01,19025
24885,307,11,OUT,66,2024-09-09,3718
24886,150,34,OUT,319,2024-06-07,26162
24887,25,9,OUT,470,2024-03-28,21369
24888,77,25,OUT,10,2023-09-01,23437
24889,228,2,OUT,364,2023-06-30,8627
24890,323,9,OUT,8,2024-12-21,13429
24891,241,32,IN,30,2023-12-19,
24892,27,24,IN,241,2023-12-28,
24893,125,24,IN,372,2023-03-30,
24894,121,7,IN,169,2024-02-07,
24895,77,28,IN,89,2023-03-13,
24896,225,9,OUT,159,2024-11-15,8588
24897,72,6,IN,0,2024-10-17,
24898,251,25,IN,394,2023-07-29,
24899,43,20,OUT,237,2023-09-21,21881
24900,201,4,IN,445,2023-04-30,
24901,116,21,OUT,150,2024-11-27,11135
24902,153,16,IN,167,2023-04-12,
24903,95,15,OUT,307,2023-12-01,29356
24904,102,35,OUT,123,2024-09-27,1117
24905,18,3,IN,413,2024-06-12,
24906,138,33,OUT,97,2023-09-14,18126
24907,153,21,OUT,197,2023-04-24,1289
24908,41,17,OUT,155,2023-03-19,18163
24909,211,3,OUT,107,2024-06-05,11551
24910,36,29,OUT,181,2023-12-23,28193
24911,316,8,IN,421,2023-03-11,
24912,33,28,OUT,253,2023-08-25,17065
24913,161,5,IN,451,2023-07-09,
24914,330,26,IN,256,2024-08-08,
24915,224,18,OUT,15,2023-11-24,28649
24916,114,18,OUT,91,2024-03-16,7609
24917,62,18,IN,231,2024-07-12,
24918,337,19,IN,371,2023-05-17,
24919,253,8,OUT,20,2024-02-02,23176
24920,331,33,OUT,491,2023-01-23,29792
24921,180,20,IN,64,2023-11-16,
24922,283,25,OUT,80,2024-07-16,18176
24923,58,29,OUT,227,2023-09-23,17115
24924,247,14,OUT,230,2023-04-27,12627
24925,170,8,OUT,0,2024-07-05,28168
24926,16,18,IN,62,2023-05-08,
24927,144,8,OUT,209,2023-02-28,19418
24928,8888,888,OUT,0,2023-12-24,888888
24929,128,7,IN,66,2024-06-20,
24930,35,8,IN,3,2023-01-21,
24931,276,33,OUT,190,2024-07-31,24533
24932,223,18,OUT,490,2023-09-13,26371
24933,207,28,IN,277,2023-05-09,
24934,319,18,OUT,126,2023-04-27,6780
24935,242,1,IN,130,2023-05-31,
24936,278,5,IN,107,2023-05-18,
24937,150,32,OUT,60,2023-09-26,21059
24938,250,25,OUT,76,2023-06-21,27659
24939,29,28,OUT,24,2023-11-04,27773
24940,249,17,IN,182,2024-02-23,
24941,273,5,OUT,16,2024-07-27,9758
24942,281,2,IN,220,2023-12-09,
24943,88,35,IN,60,2024-02-12,
24944,315,19,IN,112,2023-10-14,
24945,202,3,OUT,78,2024-08-09,7643
24946,175,22,IN,144,2024-10-04,
24947,96,8,IN,361,2023-03-05,
24948,11,14,OUT,179,2023-02-02,22595
24949,156,11,IN,209,2023-03-23,
24950,75,24,OUT,200,2024-05-11,10625
24951,97,18,OUT,457,2024-04-08,19459
24952,237,31,OUT,500,2023-07-11,17917
24953,241,4,IN,224,2023-03-12,
24954,109,12,OUT,452,2024-06-07,19972
24955,129,4,OUT,157,2023-10-07,20591
24956,239,15,IN,59,2023-05-09,
24957,350,8,IN,100,2023-11-24,
24958,245,4,IN,299,2023-11-29,
24959,327,5,OUT,50,2023-03-25,17176
24960,301,24,IN,109,2024-07-02,
24961,352,3,IN,316,2024-11-29,
24962,30,9,IN,332,2023-09-22,
24963,97,14,OUT,54,2024-09-15,6083
24964,8888,888,IN,0,2024-08-05,
24965,197,31,OUT,10,2024-04-02,8350
24966,252,4,OUT,258,2024-09-12,23110
24967,280,9,IN,474,2024-02-07,
24968,52,19,IN,149,2023-09-13,
24969,119,35,OUT,359,2023-10-20,11370
24970,24,11,IN,40,2023-10-06,
24971,79,33,IN,204,2023-06-27,
24972,177,22,OUT,165,2024-01-28,11383
24973,270,22,IN,101,2023-08-27,
24974,56,19,OUT,339,2024-10-30,12725
24975,183,9,OUT,299,2024-12-16,8060
24976,345,5,IN,112,2024-07-11,
24977,127,5,OUT,50,2023-06-21,16590
24978,15,20,IN,202,2024-09-23,
24979,7,34,IN,197,2024-04-10,
24980,172,22,OUT,253,2023-04-15,21520
24981,232,3,OUT,272,2023-02-25,9748
24982,6,31,OUT,332,2023-07-05,3145
24983,44,33,OUT,310,2023-09-16,4555
24984,347,18,OUT,99,2023-12-10,20690
24985,158,23,OUT,317,2023-02-06,4727
24986,151,33,IN,216,2024-11-04,
24987,39,6,IN,126,2023-03-26,
24988,96,20,OUT,66,2023-07-23,5161
24989,256,2,IN,342,2023-08-10,
24990,152,31,OUT,106,2023-05-05,10903
24991,211,24,OUT,205,2024-01-27,7264
24992,264,8,IN,424,2024-12-28,
24993,345,33,IN,221,2024-08-19,
24994,311,18,IN,100,2024-03-10,
24995,316,27,IN,219,2024-10-09,
24996,8888,888,OUT,0,2023-10-29,888888
24997,279,34,IN,152,2023-12-04,
24998,75,18,IN,457,2024-08-24,
24999,219,11,OUT,381,2024-04-14,12744
25000,8888,888,OUT,0,2023-02-16,888888
25001,204,31,OUT,206,2024-01-24,16497
25002,205,3,OUT,393,2023-08-25,2358
25003,349,13,IN,11,2023-08-08,
25004,260,6,OUT,367,2024-02-14,6330
25005,67,18,IN,492,2024-12-23,
25006,117,15,OUT,61,2024-07-03,5238
25007,275,4,IN,332,2024-11-21,
25008,250,9,IN,176,2024-08-22,
25009,256,14,OUT,79,2024-05-27,14465
25010,204,30,IN,497,2023-10-07,
25011,190,21,IN,317,2024-04-23,
25012,89,6,OUT,447,2024-01-22,10316
25013,63,3,IN,11,2023-01-18,
25014,159,19,OUT,107,2024-01-13,26337
25015,197,14,IN,230,2023-01-01,
25016,124,16,OUT,475,2024-01-29,18206
25017,8888,888,OUT,0,2024-01-25,888888
25018,69,33,OUT,80,2023-10-20,25075
25019,247,8,OUT,352,2024-06-29,6899
25020,272,33,IN,487,2023-07-31,
25021,151,1,OUT,468,2023-11-26,14514
25022,23,5,IN,236,2023-03-04,
25023,325,12,OUT,409,2023-03-31,4683
25024,63,6,OUT,250,2023-08-11,23929
25025,335,6,OUT,146,2024-06-26,29108
25026,239,10,OUT,434,2024-11-24,4580
25027,307,17,IN,348,2024-12-27,
25028,294,4,IN,9,2024-08-11,
25029,51,14,IN,439,2023-01-07,
25030,130,5,OUT,407,2023-02-05,17402
25031,12,17,IN,378,2024-05-07,
25032,340,20,OUT,260,2024-11-06,988
25033,78,15,IN,270,2023-10-27,
25034,314,1,OUT,373,2023-09-21,1298
25035,86,26,IN,422,2023-04-15,
25036,257,34,IN,449,2023-10-12,
25037,327,21,OUT,117,2023-06-20,1792
25038,6,19,OUT,474,2023-09-07,2805
25039,205,18,OUT,170,2023-10-08,23562
25040,51,2,OUT,345,2023-08-24,23630
25041,238,3,IN,435,2024-03-09,
25042,86,3,IN,391,2024-09-17,
25043,116,27,OUT,248,2024-10-15,27180
25044,13,22,OUT,92,2024-01-28,29439
25045,54,27,IN,229,2023-05-01,
25046,140,33,OUT,374,2023-05-05,1333
25047,222,8,OUT,414,2024-11-22,9936
25048,341,6,OUT,247,2023-11-20,5272
25049,311,20,OUT,35,2024-02-19,2731
25050,341,2,OUT,235,2023-10-18,19032
25051,255,12,IN,334,2023-07-01,
25052,215,20,OUT,45,2023-06-04,5119
25053,244,9,OUT,42,2024-03-04,26348
25054,329,29,OUT,70,2023-03-29,21605
25055,275,16,OUT,13,2024-07-31,1137
25056,277,18,IN,334,2023-10-11,
25057,66,31,IN,121,2024-02-27,
25058,204,22,OUT,391,2023-05-18,12790
25059,148,6,IN,86,2023-12-06,
25060,201,35,OUT,91,2023-05-30,28990
25061,246,30,OUT,198,2024-09-01,7130
25062,62,13,IN,280,2023-06-16,
25063,97,9,IN,498,2023-09-30,
25064,107,1,IN,420,2024-09-10,
25065,56,2,IN,313,2024-12-01,
25066,253,34,IN,21,2024-02-23,
25067,287,24,OUT,53,2024-12-01,1560
25068,125,6,IN,0,2024-09-14,
25069,245,10,IN,395,2024-12-04,
25070,132,4,IN,385,2023-06-07,
25071,295,4,IN,465,2024-04-19,
25072,325,27,OUT,30,2024-10-18,920
25073,143,26,OUT,168,2023-11-08,29818
25074,174,27,IN,221,2023-01-26,
25075,295,27,IN,403,2023-08-21,
25076,89,3,IN,37,2023-06-04,
25077,3,24,IN,469,2023-11-23,
25078,161,19,IN,112,2024-02-18,
25079,73,24,OUT,74,2024-02-20,22108
25080,36,32,IN,255,2023-09-29,
25081,286,35,IN,398,2024-06-05,
25082,210,27,IN,230,2023-12-03,
25083,351,15,OUT,413,2023-04-23,16384
25084,173,27,OUT,439,2023-12-20,23369
25085,37,18,IN,355,2024-09-26,
25086,210,34,OUT,144,2024-09-15,29278
25087,128,21,OUT,386,2024-08-16,6761
25088,309,7,OUT,9,2024-01-27,8508
25089,131,28,IN,494,2024-03-22,
25090,129,20,OUT,401,2024-04-20,19380
25091,2,9,OUT,33,2024-09-19,28760
25092,66,34,OUT,395,2024-03-01,21474
25093,149,26,OUT,489,2023-04-03,19955
25094,221,31,OUT,68,2023-07-18,4799
25095,354,2,OUT,349,2024-07-01,23411
25096,123,14,OUT,300,2023-04-18,3239
25097,159,2,OUT,115,2024-04-04,11835
25098,127,10,IN,62,2024-06-18,
25099,9,35,OUT,65,2024-12-17,17547
25100,333,7,IN,335,2023-12-11,
25101,125,15,OUT,319,2023-07-06,3972
25102,303,1,IN,112,2024-01-31,
25103,344,20,OUT,67,2024-09-30,14661
25104,174,4,OUT,67,2023-11-30,20966
25105,261,2,OUT,207,2023-11-28,7919
25106,314,20,IN,63,2023-02-09,
25107,351,33,IN,465,2023-11-28,
25108,153,13,OUT,0,2023-12-27,132
25109,134,5,OUT,500,2024-07-13,4693
25110,82,13,OUT,444,2024-03-01,25819
25111,75,26,OUT,218,2024-07-07,8771
25112,163,18,IN,488,2023-10-03,
25113,75,26,OUT,149,2024-05-17,14911
25114,340,30,IN,463,2024-11-23,
25115,53,29,IN,220,2024-11-20,
25116,209,23,IN,152,2024-10-23,
25117,211,25,OUT,447,2024-11-30,12507
25118,295,29,OUT,284,2024-11-11,20036
25119,76,3,OUT,26,2023-04-02,154
25120,96,27,OUT,270,2024-08-30,8083
25121,350,26,OUT,123,2023-02-24,9471
25122,59,8,IN,162,2023-08-30,
25123,290,16,IN,70,2024-11-13,
25124,320,28,OUT,51,2024-05-15,10549
25125,101,27,OUT,463,2023-05-05,20314
25126,331,11,OUT,384,2024-06-06,8383
25127,67,12,IN,33,2024-05-03,
25128,313,10,OUT,162,2023-12-14,7141
25129,114,15,OUT,323,2023-05-12,16447
25130,174,27,OUT,232,2023-08-16,28217
25131,137,17,IN,45,2024-03-26,
25132,268,12,OUT,223,2024-05-24,6270
25133,2,22,IN,470,2024-11-24,
25134,177,9,IN,367,2023-11-21,
25135,23,18,IN,62,2024-01-13,
25136,288,18,IN,403,2024-10-03,
25137,303,23,OUT,471,2023-05-10,17948
25138,81,25,IN,295,2023-12-17,
25139,192,15,OUT,399,2023-08-24,6588
25140,119,32,IN,247,2023-03-15,
25141,214,6,OUT,489,2024-01-29,26021
25142,217,19,OUT,359,2024-11-14,1676
25143,78,12,IN,420,2023-07-31,
25144,250,23,OUT,321,2023-11-12,20123
25145,1,27,IN,232,2024-06-17,
25146,218,14,IN,204,2023-02-12,
25147,317,34,OUT,25,2023-09-13,29787
25148,43,2,OUT,414,2024-01-15,12469
25149,282,4,OUT,172,2023-11-28,21810
25150,249,29,IN,201,2024-08-07,
25151,351,2,IN,488,2024-01-06,
25152,220,31,IN,115,2023-02-25,
25153,90,5,IN,378,2023-04-27,
25154,12,28,OUT,75,2023-10-11,24071
25155,273,4,OUT,46,2023-11-17,1104
25156,61,6,OUT,148,2024-06-20,24993
25157,216,5,OUT,460,2023-08-02,12656
25158,35,1,IN,412,2024-04-02,
25159,108,9,IN,135,2023-03-28,
25160,337,22,OUT,477,2024-09-01,6890
25161,75,19,IN,430,2023-11-15,
25162,270,5,OUT,182,2023-05-25,24901
25163,300,35,OUT,394,2024-04-05,7795
25164,304,28,OUT,97,2023-05-10,28573
25165,211,11,OUT,392,2024-07-06,21071
25166,128,4,IN,335,2023-09-08,
25167,29,20,OUT,230,2023-03-03,9326
25168,95,18,IN,327,2023-03-08,
25169,276,24,OUT,385,2023-10-17,6174
25170,111,19,IN,175,2023-03-06,
25171,194,22,OUT,34,2023-06-07,17573
25172,327,17,OUT,260,2024-07-18,13813
25173,41,22,OUT,190,2024-06-10,16805
25174,65,2,IN,387,2023-01-23,
25175,112,23,IN,260,2024-08-29,
25176,263,13,IN,350,2024-10-03,
25177,342,26,OUT,440,2024-01-11,21334
25178,173,10,OUT,50,2024-03-25,26000
25179,224,19,IN,456,2024-01-07,
25180,316,27,IN,73,2024-05-13,
25181,290,8,OUT,196,2024-04-30,17230
25182,182,22,IN,358,2024-01-19,
25183,158,25,OUT,102,2024-12-28,7283
25184,73,4,OUT,217,2024-02-10,22434
25185,183,7,OUT,491,2024-02-29,4088
25186,163,35,OUT,186,2024-05-22,28113
25187,108,30,OUT,267,2023-10-27,1763
25188,88,35,IN,100,2023-04-22,
25189,146,31,OUT,49,2023-12-11,20139
25190,169,22,OUT,259,2023-12-05,11249
25191,20,30,IN,157,2023-10-30,
25192,330,25,IN,262,2023-12-15,
25193,116,31,IN,280,2023-02-19,
25194,118,11,OUT,30,2024-02-16,4027
25195,211,2,OUT,105,2023-12-25,21908
25196,139,1,OUT,105,2023-05-23,10000
25197,150,14,OUT,12,2023-12-21,20876
25198,288,16,OUT,205,2024-11-06,26040
25199,67,12,OUT,389,2023-09-05,22597
25200,61,4,IN,474,2023-06-12,
25201,56,13,OUT,153,2024-01-24,963
25202,2,24,IN,75,2023-11-28,
25203,73,23,OUT,176,2024-03-20,6739
25204,311,12,OUT,353,2023-06-06,3399
25205,263,11,OUT,16,2023-08-08,23556
25206,117,15,OUT,338,2024-11-17,6129
25207,182,12,OUT,427,2023-09-10,6366
25208,193,21,OUT,259,2023-11-20,1891
25209,61,19,OUT,89,2023-01-19,26782
25210,113,31,OUT,122,2023-05-13,24265
25211,170,15,OUT,379,2023-11-05,9290
25212,126,32,IN,456,2024-08-29,
25213,224,17,IN,409,2024-02-05,
25214,70,26,OUT,356,2023-11-27,4977
25215,225,2,OUT,150,2023-12-02,3004
25216,71,32,IN,396,2024-06-11,
25217,166,14,OUT,284,2023-09-09,23973
25218,92,10,OUT,38,2023-12-21,18917
25219,63,31,IN,294,2024-12-15,
25220,241,23,IN,275,2023-01-31,
25221,63,29,OUT,453,2024-07-23,4855
25222,195,16,OUT,272,2024-04-24,24489
25223,155,32,OUT,424,2023-09-29,20982
25224,24,29,OUT,387,2023-06-26,11901
25225,303,8,OUT,145,2023-07-07,24733
25226,298,15,IN,261,2024-02-06,
25227,310,32,OUT,265,2024-06-17,17797
25228,311,17,IN,141,2024-02-28,
25229,274,31,IN,51,2024-01-08,
25230,268,17,OUT,497,2023-07-01,18273
25231,322,29,IN,39,2023-05-15,
25232,91,33,OUT,98,2024-10-21,13465
25233,112,11,OUT,313,2024-10-17,17494
25234,208,34,IN,458,2023-12-20,
25235,188,26,IN,38,2024-09-24,
25236,215,1,OUT,18,2023-06-23,18610
25237,93,29,OUT,469,2023-07-18,26276
25238,133,28,OUT,347,2023-02-24,21549
25239,41,19,IN,88,2024-08-25,
25240,96,12,OUT,421,2024-03-11,8743
25241,141,30,OUT,314,2023-05-06,2124
25242,239,22,IN,373,2024-12-17,
25243,162,18,OUT,217,2023-09-14,9594
25244,149,7,OUT,349,2023-03-16,8595
25245,84,17,IN,468,2023-10-29,
25246,25,29,OUT,449,2023-05-26,6792
25247,360,20,OUT,493,2023-02-07,16941
25248,3,5,OUT,180,2023-01-19,6414
25249,28,16,IN,78,2024-08-26,
25250,196,18,OUT,105,2024-07-24,28158
25251,118,33,OUT,196,2023-08-23,19280
25252,62,26,OUT,487,2023-06-09,21134
25253,111,16,OUT,321,2023-04-27,14006
25254,351,26,OUT,58,2024-03-22,2574
25255,168,5,OUT,234,2024-06-17,3215
25256,275,21,IN,301,2023-07-10,
25257,303,31,IN,146,2023-10-18,
25258,341,31,IN,485,2024-11-09,
25259,254,15,OUT,416,2023-06-11,14077
25260,90,30,OUT,182,2024-03-10,12248
25261,79,21,IN,12,2024-07-19,
25262,95,8,IN,0,2024-10-03,
25263,118,21,OUT,162,2023-10-02,5834
25264,51,2,OUT,86,2023-11-30,16304
25265,139,18,IN,224,2024-06-20,
25266,14,13,IN,430,2023-01-23,
25267,261,22,OUT,117,2024-03-20,4047
25268,156,29,IN,455,2024-04-30,
25269,92,22,OUT,191,2024-08-16,20918
25270,216,10,IN,0,2024-06-12,
25271,8,4,IN,95,2024-08-17,
25272,338,25,IN,377,2024-03-12,
25273,346,23,IN,268,2024-08-11,
25274,215,12,OUT,60,2024-01-08,18451
25275,15,26,OUT,421,2023-10-21,22211
25276,17,9,OUT,92,2023-02-12,25149
25277,93,22,OUT,216,2023-07-23,14098
25278,335,34,IN,482,2024-03-09,
25279,208,35,IN,229,2024-07-09,
25280,25,18,IN,304,2024-05-29,
25281,166,13,IN,111,2023-01-24,
25282,185,6,OUT,467,2024-08-12,22951
25283,335,25,IN,22,2023-01-05,
25284,70,17,IN,484,2024-07-02,
25285,98,8,IN,373,2023-08-02,
25286,321,18,OUT,300,2024-03-20,10031
25287,222,35,IN,309,2024-04-03,
25288,15,17,OUT,442,2023-06-21,9509
25289,243,33,OUT,87,2024-05-03,13165
25290,57,14,IN,391,2023-12-01,
25291,40,1,OUT,250,2024-08-05,8052
25292,237,2,IN,175,2023-09-20,
25293,144,1,OUT,209,2023-03-20,11498
25294,321,18,OUT,188,2024-12-14,29390
25295,344,13,IN,213,2024-03-04,
25296,343,24,IN,440,2023-11-09,
25297,97,19,OUT,31,2023-08-31,20875
25298,328,21,IN,468,2023-06-12,
25299,94,35,IN,371,2024-01-14,
25300,281,24,OUT,401,2023-07-12,27768
25301,102,25,IN,365,2023-03-28,
25302,306,27,IN,298,2023-03-19,
25303,288,30,OUT,174,2023-07-22,19068
25304,237,15,OUT,72,2024-07-12,16096
25305,185,1,IN,16,2023-02-27,
25306,6,1,IN,479,2024-05-06,
25307,185,11,IN,190,2024-02-27,
25308,77,3,OUT,23,2024-12-24,665
25309,193,32,OUT,410,2024-03-26,24226
25310,319,24,OUT,162,2023-08-09,27844
25311,229,16,OUT,471,2024-07-14,2835
25312,244,22,OUT,223,2023-11-12,3918
25313,154,17,IN,380,2024-08-21,
25314,252,16,IN,385,2024-05-23,
25315,128,13,IN,12,2023-10-15,
25316,346,31,IN,262,2023-05-02,
25317,325,15,IN,74,2023-08-24,
25318,23,10,OUT,489,2024-11-02,22739
25319,45,26,OUT,303,2024-02-08,27352
25320,126,11,IN,284,2023-09-30,
25321,188,22,IN,427,2024-10-03,
25322,213,15,OUT,117,2024-04-18,466
25323,187,26,OUT,69,2024-08-30,27347
25324,356,34,OUT,338,2023-07-09,9768
25325,302,27,OUT,488,2023-10-30,19072
25326,75,3,IN,164,2023-01-31,
25327,337,22,IN,141,2023-01-25,
25328,263,3,IN,468,2023-10-28,
25329,291,31,OUT,355,2024-08-02,23894
25330,72,33,IN,77,2024-05-10,
25331,326,32,IN,71,2024-02-12,
25332,356,24,IN,12,2023-09-18,
25333,169,34,OUT,271,2023-05-08,7111
25334,260,14,OUT,159,2024-09-19,2693
25335,154,14,IN,376,2024-05-06,
25336,143,14,IN,367,2024-08-09,
25337,241,8,OUT,154,2024-02-07,24421
25338,52,9,IN,288,2023-09-01,
25339,261,29,OUT,84,2024-09-05,7935
25340,117,25,IN,215,2023-01-25,
25341,175,34,OUT,53,2023-06-23,15023
25342,57,27,OUT,82,2024-08-12,23362
25343,63,8,IN,362,2023-04-10,
25344,343,33,OUT,107,2024-02-25,23530
25345,262,1,IN,191,2023-04-09,
25346,291,33,OUT,441,2023-03-14,25914
25347,28,29,OUT,96,2024-01-15,18158
25348,46,33,OUT,269,2024-06-05,523
25349,336,19,OUT,6,2023-03-21,5675
25350,29,4,OUT,444,2023-07-01,29655
25351,75,23,IN,273,2024-07-09,
25352,323,1,OUT,320,2023-11-12,29515
25353,55,12,OUT,414,2023-09-03,18808
25354,81,16,OUT,97,2024-07-07,23155
25355,311,14,OUT,369,2024-03-24,7904
25356,53,19,IN,277,2023-09-14,
25357,131,19,IN,283,2024-03-19,
25358,30,31,IN,341,2023-09-18,
25359,68,4,IN,95,2023-04-17,
25360,285,8,OUT,351,2023-11-19,9576
25361,326,9,IN,235,2023-02-02,
25362,309,5,IN,439,2023-10-29,
25363,183,32,OUT,92,2024-12-18,11912
25364,271,22,OUT,217,2023-10-16,9599
25365,29,11,OUT,411,2024-09-11,14706
25366,278,11,OUT,103,2023-06-27,3642
25367,27,24,OUT,319,2023-05-02,20062
25368,271,3,OUT,489,2024-05-04,7068
25369,21,12,IN,313,2023-05-05,
25370,330,22,OUT,185,2024-01-06,3357
25371,211,25,IN,414,2023-01-10,
25372,31,7,OUT,91,2024-06-07,7392
25373,250,14,IN,357,2024-01-28,
25374,188,2,OUT,84,2024-11-16,3441
25375,255,12,OUT,452,2024-02-24,2877
25376,179,21,OUT,4,2024-12-20,22477
25377,8888,888,OUT,0,2024-11-03,888888
25378,344,27,IN,251,2024-04-10,
25379,102,24,OUT,329,2023-08-31,16856
25380,6,4,OUT,486,2023-06-22,13071
25381,216,14,OUT,164,2023-03-23,29893
25382,317,31,IN,416,2024-09-14,
25383,215,30,OUT,64,2024-04-12,140
25384,266,24,OUT,485,2023-01-27,18350
25385,184,26,IN,349,2024-07-15,
25386,8,15,OUT,232,2024-07-04,16634
25387,320,1,IN,412,2024-08-08,
25388,83,4,IN,261,2024-11-21,
25389,186,23,OUT,33,2024-04-21,11219
25390,6,10,OUT,399,2024-06-24,12753
25391,294,10,IN,36,2023-04-08,
25392,128,1,IN,154,2023-08-22,
25393,1,14,OUT,255,2023-03-17,13113
25394,105,11,IN,71,2023-07-03,
25395,8888,888,IN,0,2023-03-29,
25396,139,19,IN,120,2024-10-18,
25397,125,27,IN,391,2024-11-28,
25398,342,8,IN,9,2024-09-10,
25399,186,20,OUT,383,2023-01-03,5768
25400,248,13,OUT,448,2024-02-23,20624
25401,125,18,OUT,464,2024-01-02,23986
25402,212,31,IN,56,2024-04-18,
25403,13,19,OUT,295,2023-10-11,22886
25404,219,9,OUT,318,2024-06-15,22945
25405,360,12,OUT,477,2023-04-02,6617
25406,166,7,OUT,353,2024-10-06,11941
25407,85,11,OUT,291,2024-07-05,4884
25408,306,28,OUT,231,2023-05-25,24572
25409,355,35,OUT,135,2024-01-06,28088
25410,295,2,IN,327,2024-06-10,
25411,99,3,IN,203,2024-11-24,
25412,12,12,OUT,353,2024-11-28,515
25413,177,30,OUT,330,2023-05-17,3942
25414,264,26,OUT,315,2023-11-20,10259
25415,143,8,OUT,292,2023-11-27,5902
25416,58,12,IN,335,2023-12-12,
25417,78,12,OUT,359,2023-08-27,21406
25418,136,27,IN,199,2023-03-15,
25419,339,1,IN,206,2023-12-02,
25420,152,21,OUT,491,2024-12-31,12050
25421,311,29,IN,464,2023-08-17,
25422,150,15,OUT,302,2023-06-09,12140
25423,142,30,IN,388,2024-10-24,
25424,219,33,OUT,383,2024-10-04,19701
25425,85,27,OUT,401,2024-03-26,4093
25426,91,3,IN,122,2023-12-24,
25427,151,20,OUT,22,2023-09-15,19267
25428,345,1,OUT,42,2024-05-20,26536
25429,224,29,IN,339,2024-05-11,
25430,320,34,OUT,205,2023-05-10,24243
25431,36,25,OUT,18,2023-10-23,7918
25432,117,15,IN,257,2024-11-12,
25433,20,20,IN,325,2023-05-04,
25434,199,35,IN,214,2024-11-28,
25435,107,17,IN,460,2023-05-31,
25436,211,23,OUT,406,2024-06-03,15653
25437,71,34,OUT,408,2024-01-11,8142
25438,349,8,OUT,189,2024-04-06,21746
25439,65,10,OUT,122,2023-10-26,10228
25440,244,3,IN,379,2023-06-28,
25441,88,34,OUT,253,2023-03-02,26376
25442,267,29,OUT,196,2024-11-06,11367
25443,6,34,OUT,284,2024-05-09,4599
25444,356,26,OUT,348,2024-09-09,13829
25445,73,31,OUT,486,2024-06-28,10410
25446,78,31,OUT,22,2023-05-20,14124
25447,331,6,IN,373,2023-05-19,
25448,322,4,OUT,392,2024-07-26,865
25449,166,12,IN,109,2024-02-27,
25450,13,14,OUT,99,2024-02-13,15093
25451,268,25,IN,12,2024-07-15,
25452,44,17,OUT,499,2023-02-20,17762
25453,288,1,IN,17,2023-02-09,
25454,332,3,OUT,283,2023-07-04,29957
25455,11,15,OUT,266,2024-02-10,29877
25456,86,32,IN,412,2023-09-16,
25457,272,9,OUT,203,2023-11-28,479
25458,73,5,OUT,251,2023-12-19,19574
25459,353,16,OUT,232,2024-05-14,18836
25460,50,1,IN,309,2024-02-19,
25461,88,22,OUT,175,2023-08-16,22121
25462,54,18,IN,445,2024-11-14,
25463,266,33,IN,238,2023-09-26,
25464,105,3,IN,7,2023-12-30,
25465,347,9,IN,392,2023-08-11,
25466,260,26,IN,455,2024-06-24,
25467,349,23,IN,159,2024-07-29,
25468,358,12,IN,111,2023-11-14,
25469,64,10,OUT,473,2023-07-25,26585
25470,181,32,IN,51,2023-07-25,
25471,233,19,OUT,163,2023-12-12,20233
25472,350,33,IN,184,2023-04-30,
25473,165,21,OUT,303,2024-09-10,5343
25474,208,10,IN,113,2023-10-24,
25475,48,13,OUT,378,2024-03-30,18719
25476,156,35,IN,476,2024-12-22,
25477,278,5,IN,193,2024-11-01,
25478,30,32,IN,206,2023-09-04,
25479,271,30,IN,473,2023-10-21,
25480,158,19,OUT,169,2024-09-15,12948
25481,66,27,OUT,346,2023-12-29,23250
25482,291,2,IN,385,2024-10-28,
25483,105,33,IN,368,2023-11-09,
25484,193,32,IN,393,2024-01-23,
25485,249,24,IN,340,2024-03-05,
25486,239,20,OUT,206,2024-06-22,16842
25487,205,25,OUT,291,2023-04-16,4256
25488,153,8,IN,456,2023-07-31,
25489,32,14,OUT,96,2023-11-23,8289
25490,77,26,IN,466,2023-05-15,
25491,74,32,OUT,187,2023-12-19,9104
25492,317,8,OUT,291,2023-08-07,14033
25493,162,10,IN,124,2024-10-04,
25494,106,11,IN,171,2023-07-07,
25495,118,9,OUT,353,2023-10-04,14517
25496,286,28,OUT,249,2024-02-07,26032
25497,37,17,OUT,187,2024-11-14,9915
25498,213,30,IN,110,2023-09-20,
25499,249,29,OUT,472,2023-07-27,7862
25500,24,23,IN,162,2024-11-20,
25501,92,18,IN,14,2023-10-19,
25502,94,10,IN,348,2023-01-28,
25503,204,23,IN,240,2023-12-04,
25504,309,4,OUT,431,2023-03-19,4396
25505,20,11,IN,278,2024-06-20,
25506,107,30,OUT,214,2023-12-10,27421
25507,229,8,IN,226,2024-04-01,
25508,46,16,IN,243,2024-02-24,
25509,305,32,IN,367,2023-10-29,
25510,31,7,IN,422,2024-07-24,
25511,332,30,OUT,331,2023-06-17,7112
25512,131,27,IN,422,2023-12-07,
25513,47,30,IN,323,2023-08-21,
25514,307,6,IN,179,2023-08-30,
25515,194,29,OUT,294,2024-12-08,2350
25516,9,19,OUT,496,2023-04-09,25790
25517,255,11,OUT,74,2024-03-25,18568
25518,95,16,IN,48,2023-10-16,
25519,272,19,OUT,84,2023-09-06,19336
25520,243,6,OUT,177,2024-07-31,27238
25521,261,6,IN,0,2024-07-30,
25522,327,24,OUT,398,2023-08-27,24940
25523,54,14,OUT,427,2024-09-23,4709
25524,247,25,IN,74,2023-09-11,
25525,285,31,OUT,243,2023-12-07,10800
25526,183,11,IN,115,2024-05-27,
25527,33,3,OUT,287,2024-02-27,20735
25528,221,11,OUT,447,2024-03-23,810
25529,265,23,OUT,238,2023-11-01,12922
25530,350,34,OUT,21,2024-12-01,5083
25531,6,31,OUT,108,2024-09-07,24530
25532,102,16,OUT,372,2023-07-08,9410
25533,220,9,IN,61,2024-06-02,
25534,331,31,IN,93,2024-01-15,
25535,262,27,OUT,15,2024-08-09,4832
25536,125,24,OUT,241,2024-05-14,8113
25537,31,23,OUT,222,2024-10-07,16024
25538,94,1,IN,166,2024-01-24,
25539,168,27,IN,312,2024-09-13,
25540,82,5,IN,367,2024-07-18,
25541,7,18,OUT,120,2024-12-25,13316
25542,45,26,OUT,315,2023-05-15,15474
25543,9,22,OUT,93,2024-08-13,2852
25544,149,32,IN,290,2024-04-24,
25545,96,3,IN,344,2024-06-18,
25546,279,14,OUT,35,2024-07-30,7774
25547,169,6,IN,352,2023-09-14,
25548,177,18,IN,169,2023-12-18,
25549,311,3,OUT,388,2023-06-18,4854
25550,8888,888,OUT,0,2023-08-21,888888
25551,150,12,IN,404,2024-12-02,
25552,81,18,IN,350,2023-06-18,
25553,168,3,OUT,278,2023-02-13,24863
25554,134,35,OUT,91,2024-07-31,4626
25555,100,33,IN,342,2024-11-25,
25556,321,28,OUT,181,2023-07-19,3350
25557,153,16,OUT,1,2024-09-05,15087
25558,261,25,IN,26,2023-07-02,
25559,184,15,OUT,148,2024-03-14,3614
25560,219,16,OUT,403,2024-01-10,10058
25561,335,9,IN,160,2023-01-27,
25562,315,31,IN,107,2023-04-24,
25563,29,30,IN,286,2024-10-28,
25564,236,28,IN,67,2023-05-28,
25565,32,4,OUT,164,2024-10-09,20524
25566,56,16,IN,47,2024-11-20,
25567,58,1,OUT,140,2024-12-31,8109
25568,208,25,OUT,43,2024-02-04,18261
25569,66,18,OUT,468,2024-03-12,7483
25570,208,32,IN,56,2023-11-27,
25571,214,2,OUT,476,2023-08-30,18840
25572,86,16,OUT,449,2024-03-25,27689
25573,169,18,IN,118,2024-02-05,
25574,121,17,IN,53,2024-12-08,
25575,48,3,OUT,170,2023-09-21,9393
25576,202,16,OUT,406,2024-09-18,6973
25577,199,11,IN,79,2023-04-02,
25578,262,26,OUT,339,2023-05-10,6395
25579,51,11,IN,249,2024-04-15,
25580,306,11,OUT,334,2023-05-12,17266
25581,311,21,IN,331,2023-05-27,
25582,292,5,IN,93,2024-06-11,
25583,66,23,OUT,223,2023-12-13,13996
25584,12,20,OUT,273,2023-03-17,12574
25585,260,30,IN,455,2023-07-23,
25586,203,11,OUT,83,2024-12-24,16529
25587,288,22,IN,455,2023-01-13,
25588,261,10,OUT,0,2024-10-05,5527
25589,8888,888,OUT,0,2023-06-16,888888
25590,203,21,OUT,2,2024-07-14,28609
25591,91,2,OUT,110,2024-04-03,6053
25592,304,23,OUT,95,2023-02-27,13055
25593,134,25,IN,182,2024-04-09,
25594,153,14,OUT,320,2023-09-20,4955
25595,8,5,OUT,384,2024-12-12,15048
25596,38,15,OUT,65,2023-10-15,9724
25597,332,13,IN,231,2023-10-01,
25598,164,12,IN,212,2024-10-02,
25599,323,24,OUT,400,2023-02-17,12268
25600,242,10,IN,196,2023-01-28,
25601,348,22,IN,71,2023-08-04,
25602,178,26,IN,198,2023-11-22,
25603,303,15,IN,223,2024-06-09,
25604,203,29,IN,12,2023-09-23,
25605,325,11,OUT,379,2023-11-10,7314
25606,300,29,IN,69,2023-05-22,
25607,330,13,OUT,143,2023-07-04,23145
25608,300,14,OUT,317,2024-09-28,10566
25609,77,2,IN,65,2024-05-27,
25610,348,20,IN,355,2024-07-19,
25611,294,17,OUT,284,2024-10-03,25126
25612,172,25,IN,206,2024-08-16,
25613,350,11,OUT,18,2023-08-31,8926
25614,1,20,OUT,173,2024-05-27,17279
25615,289,8,IN,74,2024-09-08,
25616,330,1,IN,376,2024-04-04,
25617,37,31,IN,445,2023-01-31,
25618,326,18,OUT,115,2023-09-28,21497
25619,329,7,IN,262,2023-04-10,
25620,106,34,IN,163,2024-06-21,
25621,11,14,OUT,178,2024-02-02,610
25622,69,21,IN,124,2024-04-04,
25623,251,15,IN,408,2024-12-03,
25624,306,22,OUT,46,2024-04-16,3136
25625,181,24,OUT,406,2024-12-09,16733
25626,113,20,OUT,483,2024-01-08,4698
25627,4,8,OUT,390,2024-01-05,22053
25628,301,32,OUT,264,2023-05-03,7639
25629,273,9,OUT,348,2024-06-30,21140
25630,226,12,IN,419,2024-06-15,
25631,261,4,OUT,11,2024-01-28,26372
25632,162,1,OUT,460,2024-08-12,27488
25633,30,22,OUT,35,2024-06-28,7208
25634,202,4,IN,120,2024-05-10,
25635,158,15,IN,310,2023-05-29,
25636,314,32,OUT,100,2024-02-05,3437
25637,177,21,IN,437,2023-05-13,
25638,166,27,OUT,232,2023-06-10,13013
25639,44,14,OUT,57,2024-11-02,25641
25640,77,13,IN,386,2023-09-11,
25641,106,27,OUT,304,2024-06-05,16008
25642,132,28,IN,477,2023-07-19,
25643,218,6,OUT,404,2023-02-27,19428
25644,325,11,OUT,198,2023-07-07,24985
25645,325,35,IN,198,2024-12-26,
25646,162,8,IN,207,2024-11-12,
25647,250,10,OUT,253,2024-08-17,13755
25648,253,15,OUT,236,2024-12-14,21910
25649,162,18,OUT,470,2024-01-17,29463
25650,248,17,OUT,322,2024-10-20,23713
25651,139,8,IN,111,2024-06-23,
25652,169,32,IN,266,2023-02-19,
25653,264,4,OUT,196,2023-06-24,14927
25654,113,21,OUT,251,2024-09-08,8600
25655,277,30,OUT,325,2023-11-18,12362
25656,248,34,IN,389,2024-08-04,
25657,240,35,OUT,144,2023-06-26,18257
25658,237,30,OUT,61,2024-06-08,18908
25659,63,18,IN,377,2024-08-08,
25660,130,22,IN,179,2024-10-05,
25661,60,21,OUT,471,2023-10-13,23215
25662,231,28,OUT,486,2023-03-27,22268
25663,357,8,IN,89,2023-02-08,
25664,88,14,IN,326,2023-09-03,
25665,92,21,OUT,262,2024-08-22,10229
25666,195,5,OUT,0,2024-02-18,13504
25667,356,1,OUT,42,2024-05-19,26703
25668,188,12,OUT,30,2024-11-03,27378
25669,43,27,OUT,362,2024-02-27,9448
25670,54,28,IN,167,2023-10-19,
25671,125,13,OUT,109,2023-03-09,11108
25672,182,21,OUT,265,2023-10-26,25985
25673,330,8,IN,196,2024-12-17,
25674,58,23,OUT,269,2023-01-07,3834
25675,107,30,IN,451,2024-03-20,
25676,72,29,OUT,133,2024-06-21,7465
25677,159,4,IN,223,2024-10-26,
25678,22,5,OUT,162,2024-07-01,25178
25679,356,26,OUT,169,2024-06-28,15129
25680,84,8,OUT,289,2023-05-07,23811
25681,359,25,OUT,345,2024-07-13,27162
25682,323,22,OUT,50,2024-08-14,19410
25683,80,25,OUT,269,2023-08-04,29694
25684,213,1,OUT,244,2024-05-03,26481
25685,67,26,IN,249,2023-06-14,
25686,66,10,OUT,127,2024-01-23,25068
25687,225,33,OUT,342,2024-05-08,28755
25688,20,3,IN,493,2023-01-17,
25689,93,24,OUT,21,2023-07-28,356
25690,204,27,OUT,184,2023-10-25,27888
25691,8888,888,IN,0,2023-05-29,
25692,5,34,IN,258,2023-05-28,
25693,136,10,OUT,489,2024-09-04,12406
25694,284,20,OUT,403,2024-04-03,17980
25695,152,19,OUT,334,2023-02-26,3354
25696,30,11,IN,364,2024-10-18,
25697,236,11,OUT,374,2023-01-27,17217
25698,260,29,OUT,115,2024-08-31,10136
25699,212,15,OUT,433,2023-04-04,10966
25700,242,4,OUT,280,2024-12-09,20063
25701,121,9,IN,328,2023-11-04,
25702,123,6,OUT,366,2024-11-10,27056
25703,140,16,OUT,280,2023-03-29,29706
25704,145,29,OUT,367,2024-01-19,25081
25705,349,27,OUT,149,2023-08-12,1958
25706,255,26,IN,0,2024-11-03,
25707,268,35,IN,225,2024-12-03,
25708,201,18,IN,208,2024-03-14,
25709,128,22,OUT,341,2024-06-12,1911
25710,8888,888,OUT,0,2023-09-03,888888
25711,142,16,OUT,365,2023-01-10,264
25712,129,33,IN,295,2023-01-31,
25713,53,7,IN,130,2024-06-02,
25714,202,16,IN,259,2023-03-19,
25715,97,30,IN,345,2024-11-01,
25716,49,24,OUT,479,2024-08-01,9696
25717,322,19,OUT,350,2024-12-15,10410
25718,66,11,IN,374,2024-10-21,
25719,294,31,OUT,234,2024-07-06,16622
25720,150,28,OUT,193,2024-05-18,20945
25721,76,26,IN,35,2023-05-24,
25722,28,4,IN,75,2024-02-13,
25723,48,10,OUT,10,2024-04-18,24007
25724,38,30,IN,62,2023-07-20,
25725,248,11,OUT,149,2023-09-24,26868
25726,356,14,OUT,213,2024-04-16,2572
25727,31,14,IN,7,2023-12-27,
25728,94,8,IN,387,2024-10-29,
25729,325,5,IN,467,2024-01-03,
25730,206,21,OUT,40,2024-06-08,6800
25731,336,6,OUT,57,2024-11-11,5141
25732,331,11,IN,386,2024-11-26,
25733,264,21,OUT,346,2023-08-03,14987
25734,124,29,OUT,2,2024-08-08,23322
25735,267,20,IN,156,2024-07-02,
25736,314,24,OUT,111,2023-12-15,10441
25737,316,9,IN,234,2024-06-14,
25738,8888,888,OUT,0,2023-12-30,888888
25739,334,9,IN,255,2023-11-09,
25740,287,2,OUT,72,2024-06-12,6471
25741,222,16,OUT,390,2023-02-07,6004
25742,344,31,IN,192,2023-10-06,
25743,61,13,OUT,352,2024-12-15,26623
25744,57,30,OUT,98,2024-02-04,15003
25745,96,15,OUT,208,2024-02-26,18026
25746,251,19,OUT,4,2023-06-07,18718
25747,297,8,OUT,145,2023-09-19,29728
25748,310,4,OUT,166,2024-02-21,16910
25749,102,19,IN,404,2023-08-27,
25750,287,28,IN,5,2024-02-01,
25751,77,30,OUT,293,2023-07-04,19664
25752,252,4,OUT,288,2024-04-07,22127
25753,8888,888,IN,0,2023-02-03,
25754,155,5,OUT,102,2024-06-23,4024
25755,199,22,IN,0,2024-07-10,
25756,267,31,IN,5,2024-08-05,
25757,157,24,OUT,369,2024-05-22,21873
25758,200,13,IN,427,2024-05-19,
25759,27,5,OUT,171,2024-12-25,5361
25760,122,33,OUT,437,2024-12-23,21561
25761,209,22,IN,80,2024-12-23,
25762,116,11,IN,26,2024-03-01,
25763,16,29,OUT,227,2024-12-11,21994
25764,199,18,OUT,365,2024-01-01,9605
25765,37,15,OUT,70,2024-09-09,15939
25766,182,15,IN,331,2024-01-12,
25767,49,1,OUT,267,2024-10-31,6757
25768,6,25,IN,243,2024-01-22,
25769,56,33,OUT,368,2024-01-20,28495
25770,349,25,IN,413,2023-04-24,
25771,119,8,IN,481,2023-04-03,
25772,288,22,OUT,350,2024-10-08,20931
25773,352,35,OUT,66,2024-01-23,17480
25774,251,27,IN,486,2023-12-22,
25775,8888,888,IN,0,2024-01-16,
25776,36,19,IN,414,2024-05-07,
25777,29,11,OUT,186,2024-06-12,21914
25778,7,22,IN,472,2024-01-12,
25779,234,13,IN,220,2024-09-15,
25780,348,31,IN,105,2023-10-16,
25781,185,19,OUT,211,2023-05-07,17756
25782,174,33,OUT,182,2024-05-25,12829
25783,146,2,OUT,461,2023-08-11,8173
25784,300,24,OUT,299,2023-01-27,9242
25785,129,28,OUT,191,2023-03-01,24008
25786,215,23,IN,199,2023-01-22,
25787,198,28,OUT,188,2023-06-29,13148
25788,8888,888,OUT,0,2023-07-04,888888
25789,38,26,IN,214,2023-01-25,
25790,242,4,IN,86,2023-08-28,
25791,35,31,IN,446,2024-05-17,
25792,169,31,IN,360,2023-01-26,
25793,36,19,IN,178,2023-12-23,
25794,107,7,IN,21,2023-07-14,
25795,273,16,IN,487,2024-01-01,
25796,25,24,OUT,286,2024-04-18,21481
25797,4,6,IN,369,2023-06-01,
25798,199,28,OUT,56,2024-10-09,26302
25799,296,13,OUT,80,2023-02-24,21650
25800,162,16,IN,207,2023-04-01,
25801,286,20,OUT,404,2024-06-15,6216
25802,360,12,IN,197,2023-02-01,
25803,198,29,OUT,87,2023-11-25,13080
25804,162,30,OUT,253,2023-09-01,1695
25805,1,6,IN,251,2023-12-21,
25806,220,10,IN,459,2024-05-05,
25807,222,8,OUT,316,2023-10-05,26673
25808,27,13,OUT,26,2023-11-22,2792
25809,350,20,IN,420,2024-08-10,
25810,323,12,OUT,386,2024-11-18,15519
25811,266,32,OUT,242,2023-08-25,28785
25812,292,29,OUT,264,2023-03-23,13430
25813,315,19,IN,77,2023-05-25,
25814,180,4,IN,150,2023-08-03,
25815,327,13,OUT,157,2024-03-23,23666
25816,140,11,IN,313,2024-02-16,
25817,134,3,OUT,326,2024-05-23,29236
25818,39,18,OUT,44,2023-04-15,25351
25819,150,4,IN,373,2024-04-27,
25820,201,35,OUT,126,2023-04-12,7766
25821,146,32,IN,422,2024-12-04,
25822,71,31,OUT,296,2024-03-24,28850
25823,308,28,OUT,481,2023-10-29,25367
25824,58,31,OUT,465,2023-04-30,2360
25825,155,8,IN,284,2024-09-19,
25826,123,5,OUT,463,2024-09-21,17288
25827,312,32,IN,233,2023-10-08,
25828,95,28,IN,305,2023-04-12,
25829,194,5,OUT,61,2024-12-30,10429
25830,115,11,OUT,269,2024-07-18,14498
25831,288,17,OUT,17,2023-09-18,4520
25832,156,13,OUT,222,2024-10-15,13629
25833,71,16,IN,118,2024-10-01,
25834,114,15,IN,264,2023-06-15,
25835,326,6,IN,4,2023-05-03,
25836,177,34,IN,172,2023-06-01,
25837,148,20,IN,493,2023-08-27,
25838,89,18,IN,121,2024-10-12,
25839,279,28,IN,23,2023-07-05,
25840,245,31,OUT,269,2024-12-27,27034
25841,157,3,OUT,231,2024-09-29,4963
25842,119,5,IN,212,2024-04-30,
25843,253,19,IN,397,2023-05-03,
25844,155,3,OUT,70,2024-10-03,4827
25845,166,8,IN,491,2023-04-08,
25846,339,27,OUT,127,2024-06-14,21081
25847,92,31,OUT,320,2023-11-30,16076
25848,125,17,OUT,124,2023-09-19,27786
25849,351,14,OUT,380,2024-09-13,11428
25850,352,5,OUT,42,2023-02-18,21411
25851,176,31,OUT,379,2024-03-12,8284
25852,224,35,IN,472,2024-01-11,
25853,122,32,OUT,489,2023-12-24,25301
25854,12,21,IN,116,2024-08-18,
25855,55,5,IN,98,2024-04-25,
25856,2,31,IN,232,2024-03-10,
25857,55,12,OUT,11,2023-08-02,6661
25858,155,15,OUT,240,2024-03-29,23533
25859,291,1,OUT,49,2023-01-25,23448
25860,201,31,IN,221,2024-10-06,
25861,37,15,IN,21,2023-11-16,
25862,67,8,IN,192,2023-06-18,
25863,203,5,OUT,71,2024-09-23,12223
25864,290,27,OUT,238,2024-07-28,24938
25865,99,10,IN,330,2023-05-07,
25866,301,26,IN,311,2024-05-31,
25867,28,8,IN,123,2024-10-08,
25868,56,19,IN,329,2023-06-01,
25869,42,17,IN,11,2024-12-20,
25870,25,15,OUT,168,2024-06-01,8539
25871,68,26,IN,197,2023-03-25,
25872,150,17,OUT,22,2024-09-22,226
25873,241,26,IN,447,2023-05-20,
25874,213,24,OUT,408,2023-03-31,20423
25875,205,23,OUT,333,2023-05-07,18496
25876,116,27,OUT,30,2024-12-08,11398
25877,203,12,OUT,284,2024-12-20,26010
25878,38,2,IN,161,2024-01-14,
25879,282,30,IN,276,2024-11-27,
25880,97,10,OUT,475,2024-12-16,23522
25881,314,4,IN,472,2024-12-09,
25882,288,16,IN,267,2023-11-21,
25883,115,34,OUT,276,2023-05-27,2921
25884,70,22,OUT,452,2024-03-12,14391
25885,276,23,OUT,465,2024-03-03,23329
25886,335,3,IN,157,2024-07-28,
25887,73,15,OUT,406,2023-04-26,19726
25888,284,23,OUT,190,2024-12-29,23429
25889,221,17,OUT,455,2024-04-17,23513
25890,71,7,OUT,355,2023-05-26,20435
25891,309,32,OUT,192,2023-01-27,14967
25892,266,7,OUT,0,2023-09-01,11547
25893,323,35,OUT,299,2024-06-25,21104
25894,107,8,IN,138,2023-12-23,
25895,113,17,IN,166,2024-12-11,
25896,249,15,OUT,89,2023-10-24,28998
25897,286,32,IN,93,2023-06-30,
25898,183,10,IN,79,2024-06-09,
25899,312,17,IN,137,2023-10-08,
25900,206,15,OUT,67,2023-04-29,11936
25901,176,8,OUT,78,2024-01-03,14465
25902,284,10,IN,208,2023-04-16,
25903,240,35,IN,421,2024-07-16,
25904,88,31,OUT,315,2023-09-01,14511
25905,14,24,OUT,500,2024-09-13,11071
25906,25,14,OUT,426,2024-01-06,17505
25907,257,4,OUT,491,2023-03-17,29935
25908,142,25,OUT,240,2024-12-03,15470
25909,215,23,OUT,18,2024-11-22,25941
25910,126,32,IN,418,2024-10-29,
25911,53,10,IN,279,2023-06-08,
25912,274,14,IN,20,2023-07-24,
25913,54,17,IN,336,2023-07-11,
25914,8888,888,OUT,0,2023-04-07,888888
25915,320,3,IN,371,2023-12-08,
25916,250,28,IN,269,2024-11-28,
25917,98,7,OUT,474,2024-12-27,5588
25918,111,25,OUT,209,2024-07-23,28884
25919,218,4,OUT,297,2023-01-12,18078
25920,358,17,OUT,213,2023-10-12,15462
25921,154,33,IN,134,2024-12-08,
25922,116,15,OUT,160,2024-04-24,25497
25923,292,16,IN,468,2024-07-11,
25924,13,20,OUT,204,2023-02-05,28492
25925,255,19,OUT,67,2024-05-28,15518
25926,159,15,IN,376,2024-01-08,
25927,87,3,OUT,267,2023-04-16,18182
25928,207,23,IN,134,2023-08-08,
25929,294,16,IN,8,2024-07-26,
25930,300,25,IN,315,2023-06-11,
25931,52,12,IN,446,2024-06-09,
25932,126,6,OUT,164,2024-09-16,14229
25933,342,4,OUT,457,2024-06-24,6959
25934,8888,888,IN,0,2023-09-04,
25935,231,24,IN,281,2024-06-13,
25936,356,25,OUT,294,2023-03-01,19735
25937,24,10,IN,173,2024-03-29,
25938,127,21,OUT,355,2023-11-20,2441
25939,130,7,IN,232,2023-06-21,
25940,149,17,OUT,95,2024-09-27,12520
25941,234,19,IN,236,2024-04-27,
25942,151,27,OUT,363,2023-01-10,3039
25943,130,32,IN,222,2024-07-10,
25944,122,17,IN,412,2024-10-21,
25945,128,6,IN,206,2024-11-13,
25946,274,24,OUT,282,2023-04-06,18978
25947,276,21,OUT,114,2024-02-26,19894
25948,352,18,OUT,304,2023-04-13,9036
25949,275,2,OUT,319,2024-05-02,8080
25950,51,16,IN,345,2024-04-10,
25951,103,16,OUT,217,2024-07-10,19705
25952,182,10,IN,305,2023-04-10,
25953,21,20,IN,212,2023-03-30,
25954,239,4,OUT,310,2023-02-28,13604
25955,30,21,IN,125,2023-12-02,
25956,226,21,OUT,303,2023-11-04,19796
25957,279,21,IN,244,2024-01-02,
25958,183,13,IN,346,2023-11-03,
25959,342,28,OUT,349,2024-11-08,22449
25960,196,23,IN,313,2024-03-16,
25961,3,31,OUT,65,2024-08-20,8104
25962,353,15,OUT,176,2023-01-23,27695
25963,111,14,OUT,270,2024-10-03,16408
25964,152,5,OUT,60,2023-06-14,2834
25965,324,19,OUT,0,2024-02-07,43
25966,35,33,IN,478,2024-11-08,
25967,334,30,OUT,242,2024-05-28,27540
25968,243,2,OUT,330,2024-10-15,23691
25969,110,2,IN,479,2024-09-22,
25970,1,28,IN,418,2023-05-08,
25971,173,3,OUT,334,2023-03-19,23316
25972,64,14,IN,7,2023-05-31,
25973,334,34,IN,211,2024-08-16,
25974,242,7,OUT,297,2023-12-31,22262
25975,173,5,OUT,58,2023-09-11,15444
25976,63,27,IN,451,2023-12-30,
25977,10,20,OUT,303,2024-09-04,9176
25978,307,1,OUT,230,2024-12-30,632
25979,239,31,OUT,337,2024-03-01,26567
25980,223,4,OUT,431,2023-12-29,15910
25981,59,7,IN,308,2023-07-20,
25982,30,25,IN,352,2023-12-23,
25983,77,13,OUT,393,2024-03-13,7074
25984,125,33,IN,145,2023-04-30,
25985,292,30,OUT,321,2023-07-09,4418
25986,141,31,OUT,195,2023-12-20,18721
25987,222,26,IN,84,2024-04-05,
25988,50,11,OUT,466,2023-08-27,8437
25989,36,33,OUT,189,2024-02-14,5104
25990,219,31,IN,24,2024-04-16,
25991,30,9,IN,310,2024-01-14,
25992,20,31,IN,264,2023-10-06,
25993,341,17,OUT,57,2024-10-23,18649
25994,293,26,IN,465,2023-08-28,
25995,120,9,OUT,196,2024-10-13,13516
25996,326,11,IN,166,2023-12-01,
25997,201,1,OUT,478,2023-03-04,16390
25998,269,8,IN,300,2023-01-29,
25999,107,17,IN,360,2024-01-24,
26000,10,23,IN,409,2023-02-16,
